molecule_chembl_id,median_ki_nm,mean_ki_nm,min_ki_nm,max_ki_nm,n_measurements,original_smiles,canonical_smiles,molecular_weight,logp,tpsa,hbd,hba,rotatable_bonds,ring_count,fraction_csp3,benchmark_label
CHEMBL289330,0.003,0.003,0.003,0.003,1,CCN1CCC[C@H]1CNC(=O)c1cc(Br)cc(OC)c1OC,CCN1CCC[C@H]1CNC(=O)c1cc(Br)cc(OC)c1OC,371.27500000000015,2.680400000000001,50.80000000000001,1,4,6,2,0.5625,1
CHEMBL4441060,87.0,87.0,87.0,87.0,1,Cl.Nc1ncc(-c2cn(S(=O)(=O)c3ccccc3)c3ccccc23)[nH]1,Nc1ncc(-c2cn(S(=O)(=O)c3ccccc3)c3ccccc23)[nH]1,338.39200000000005,2.850600000000001,93.76999999999998,2,4,3,4,0.0,1
CHEMBL3613880,15.15,15.15,7.3,23.0,2,Clc1cccc(N2CCN(CCCCc3cn(-c4ccn5nccc5c4)nn3)CC2)c1Cl,Clc1cccc(N2CCN(CCCCc3cn(-c4ccn5nccc5c4)nn3)CC2)c1Cl,470.4080000000002,4.366700000000003,54.49,0,5,7,5,0.3478260869565217,1
CHEMBL5283457,38.9,38.9,38.9,38.9,1,CN(C)CCc1cc(O)c(O)c2c1CCc1ccccc1-2,CN(C)CCc1cc(O)c(O)c2c1CCc1ccccc1-2,283.371,2.967500000000002,43.7,2,3,3,3,0.3333333333333333,1
CHEMBL296512,28.0,28.0,28.0,28.0,1,Fc1ccc(-c2[nH]c3cc(F)ccc3c2C2CCCNC2)cc1,Fc1ccc(-c2[nH]c3cc(F)ccc3c2C2CCCNC2)cc1,312.363,4.580100000000003,27.82,2,1,2,4,0.2631578947368421,1
CHEMBL102490,9.0,9.0,9.0,9.0,1,CS(=O)(=O)Nc1cc(OCCNCc2cccs2)ccc1Cl,CS(=O)(=O)Nc1cc(OCCNCc2cccs2)ccc1Cl,360.888,2.941600000000001,67.43,2,5,8,2,0.2857142857142857,1
CHEMBL2112882,3.162,3.162,3.162,3.162,1,CC(C)C[C@H]1C(=O)N[C@@H](Cc2ccccc2)[C@]2(O)O[C@@](C)(NC(=O)[C@@H]3C=C4c5cccc6[nH]cc(c56)C[C@H]4N(C)C3)C(=O)N12,CC(C)C[C@H]1C(=O)N[C@@H](Cc2ccccc2)[C@]2(O)O[C@@](C)(NC(=O)[C@@H]3C=C4c5cccc6[nH]cc(c56)C[C@H]4N(C)C3)C(=O)N12,597.7160000000001,2.5307000000000004,127.0,4,6,6,7,0.4411764705882353,1
CHEMBL3182733,3.9,3.9,3.9,3.9,1,CCCN[C@H]1CCc2nc(N)sc2C1.Cl.Cl.O,CCCN[C@H]1CCc2nc(N)sc2C1,211.33399999999995,1.5822,50.94,2,4,3,2,0.7,1
CHEMBL5191141,4.1,4.1,4.1,4.1,1,[2H]c1c([2H])c([2H])c([C@@H]2C[C@@H](N3CCN(C([2H])([2H])[2H])C(C)(C)C3)c3cc(Cl)ccc32)c([2H])c1[2H],[2H]c1c([2H])c([2H])c([C@@H]2C[C@@H](N3CCN(C([2H])([2H])[2H])C(C)(C)C3)c3cc(Cl)ccc32)c([2H])c1[2H],362.973814224,4.942700000000005,6.48,0,2,2,4,0.4545454545454545,1
CHEMBL156164,84.061,101.536,0.031,246.0,8,NC(=O)C1CCS[C@@H]2C[C@]3(CCCN3C(=O)[C@@H]3CCCN3)C(=O)N12,NC(=O)C1CCS[C@@H]2C[C@]3(CCCN3C(=O)[C@@H]3CCCN3)C(=O)N12,352.4600000000001,-0.3511999999999985,95.74,2,5,2,4,0.8125,1
CHEMBL147159,6.25,6.25,2.2,10.3,2,Oc1ccc(C2=CCN(C[C@@H]3CCC=C(c4ccc(O)cc4)C3)CC2)cc1,Oc1ccc(C2=CCN(C[C@@H]3CCC=C(c4ccc(O)cc4)C3)CC2)cc1,361.4850000000001,5.070600000000004,43.7,2,3,4,4,0.3333333333333333,1
CHEMBL101535,1.5,1.5,1.5,1.5,1,N#Cc1cc2c3c(ccc2[nH]1)OCC(CN1CCC2(CC1)C(=O)NCN2c1ccccc1)O3,N#Cc1cc2c3c(ccc2[nH]1)OCC(CN1CCC2(CC1)C(=O)NCN2c1ccccc1)O3,443.5070000000002,2.6078800000000006,93.62,2,6,3,6,0.36,1
CHEMBL407641,5.4,5.4,5.4,5.4,1,CNc1nc(Cl)c(SC)c(N2CCN(C)CC2)n1,CNc1nc(Cl)c(SC)c(N2CCN(C)CC2)n1,287.82000000000005,1.6454,44.290000000000006,1,6,3,2,0.6363636363636364,1
CHEMBL433376,28.0,28.0,28.0,28.0,1,Cc1oc(C)c2c1CCCc1cnn(C)c1-2,Cc1oc(C)c2c1CCCc1cnn(C)c1-2,216.284,2.785640000000001,30.96,0,2,0,3,0.4615384615384615,1
CHEMBL6025845,68.0,68.0,68.0,68.0,1,Cc1ncc(CC(=O)N[C@H]2CC[C@H](CCN3CCN(c4nocc4C(C)(F)F)C(C)C3)CC2)s1,Cc1ncc(CC(=O)N[C@H]2CC[C@H](CCN3CCN(c4nocc4C(C)(F)F)C(C)C3)CC2)s1,495.6400000000002,4.369520000000004,74.5,1,7,8,4,0.7083333333333334,1
CHEMBL3321792,4.8,4.8,4.8,4.8,1,OC1(c2ccc(Cl)cc2)CC2CCC(C1)N2CCCSc1ccccc1F,OC1(c2ccc(Cl)cc2)CC2CCC(C1)N2CCCSc1ccccc1F,405.96600000000007,5.4759000000000055,23.47,1,3,6,4,0.4545454545454545,1
CHEMBL1125,9.0,9.0,9.0,9.0,1,Cc1cc2c(s1)Nc1ccccc1N=C2N1CCNCC1,Cc1cc2c(s1)Nc1ccccc1N=C2N1CCNCC1,298.4150000000001,3.0970200000000023,39.66,2,5,0,4,0.3125,1
CHEMBL1221512,52.0,52.0,52.0,52.0,1,CC[C@H](C)[C@@H](CO[C@@H](Cc1ccccc1)C(=O)N[C@@H](CCS(C)(=O)=O)C(=O)OC(C)C)NC[C@@H](N)CS,CC[C@H](C)[C@@H](CO[C@@H](Cc1ccccc1)C(=O)N[C@@H](CCS(C)(=O)=O)C(=O)OC(C)C)NC[C@@H](N)CS,559.7950000000003,1.746800000000003,136.82,4,9,18,1,0.6923076923076923,1
CHEMBL231334,31.62,31.62,31.62,31.62,1,CCCCc1ccc(S(=O)(=O)Nc2ccc3c(c2)CCN(C)CC3)cc1,CCCCc1ccc(S(=O)(=O)Nc2ccc3c(c2)CCN(C)CC3)cc1,372.53400000000016,3.860400000000003,49.41,1,3,6,3,0.4285714285714285,1
CHEMBL5187578,5.5,5.5,5.5,5.5,1,O=Cc1ccc(-c2ccccc2OCF)cc1,O=Cc1ccc(-c2ccccc2OCF)cc1,230.23799999999997,3.4719000000000015,26.3,0,2,4,2,0.0714285714285714,1
CHEMBL5285185,15.85,15.85,15.85,15.85,1,C=CCN1CCC2C=C(O)C(O)=C3C(c4ccccc4)CC1C32,C=CCN1CCC2C=C(O)C(O)=C3C(c4ccccc4)CC1C32,309.40900000000005,3.9342000000000024,43.7,2,3,3,4,0.4,1
CHEMBL232592,51.0,51.0,51.0,51.0,1,CC(C)Oc1ccccc1N1CCN([C@H]2CC[C@@H](NS(=O)(=O)c3ccccc3[N+](=O)[O-])CC2)CC1,CC(C)Oc1ccccc1N1CCN([C@H]2CC[C@@H](NS(=O)(=O)c3ccccc3[N+](=O)[O-])CC2)CC1,502.6370000000003,3.793700000000003,105.02,1,7,8,4,0.52,1
CHEMBL558058,19.95,19.95,19.95,19.95,1,CN(CCN1CCN(c2cccc(C(F)(F)F)c2)C1=O)C[C@]12CC[C@H](CC1)C2(C)C,CN(CCN1CCN(c2cccc(C(F)(F)F)c2)C1=O)C[C@]12CC[C@H](CC1)C2(C)C,423.5230000000004,5.0956000000000055,26.79,0,2,6,4,0.6956521739130435,1
CHEMBL444342,5.9,5.9,5.9,5.9,1,Nc1ccccc1C(=O)CCCN1CC[C@@H]2[C@H](C1)c1cccc3c1N2CCCS3,Nc1ccccc1C(=O)CCCN1CC[C@@H]2[C@H](C1)c1cccc3c1N2CCCS3,407.58300000000014,4.405600000000004,49.57000000000001,1,5,5,5,0.4583333333333333,1
CHEMBL1259023,0.62,0.62,0.62,0.62,1,CN1CCN(C2Cc3ccccc3Sc3ccc(-c4cccnc4)cc32)CC1,CN1CCN(C2Cc3ccccc3Sc3ccc(-c4cccnc4)cc32)CC1,387.5520000000002,4.744400000000004,19.37,0,4,2,5,0.2916666666666667,1
CHEMBL112268,7.943,7.943,7.943,7.943,1,CCN(Cc1cccc(C)c1)Cc1ccc(-c2cc(S(=O)(=O)CC)ccc2OC)[nH]1,CCN(Cc1cccc(C)c1)Cc1ccc(-c2cc(S(=O)(=O)CC)ccc2OC)[nH]1,426.58200000000016,4.814420000000004,62.4,1,4,9,3,0.3333333333333333,1
CHEMBL2396663,9.4,9.9,1.2,21.0,5,C#CC1=CC[C@@H](N(CCC)CCCCNC(=O)c2ccc(-c3ccccc3)cc2)CC1,C#CC1=CC[C@@H](N(CCC)CCCCNC(=O)c2ccc(-c3ccccc3)cc2)CC1,414.5930000000002,5.687700000000006,32.34,1,2,10,3,0.3928571428571428,1
CHEMBL111054,52.5,52.5,38.0,67.0,2,COC(=O)c1ccc(/C=C/c2nc3ccccc3n2Cc2ccc(Cl)cc2)cc1,COC(=O)c1ccc(/C=C/c2nc3ccccc3n2Cc2ccc(Cl)cc2)cc1,402.8810000000001,5.695000000000005,44.12,0,3,5,4,0.0833333333333333,1
CHEMBL1173366,13.8,13.8,13.8,13.8,1,O=C(O)C(=O)O.OC1(c2ccc(Br)cc2)CCN(Cc2c[nH]c3ccc(OCCF)cc23)CC1,OC1(c2ccc(Br)cc2)CCN(Cc2c[nH]c3ccc(OCCF)cc23)CC1,447.3480000000002,4.762300000000003,48.489999999999995,2,3,6,4,0.3636363636363636,1
CHEMBL3798748,97.5,97.5,65.0,130.0,2,COc1cc(CCNC[C@H](O)c2ccc(O)c3c2OCC(=O)N3)ccc1OCCCc1ccccc1,COc1cc(CCNC[C@H](O)c2ccc(O)c3c2OCC(=O)N3)ccc1OCCCc1ccccc1,492.57200000000034,3.609000000000002,109.28000000000002,4,7,12,4,0.3214285714285714,1
CHEMBL3290013,27.0,27.0,27.0,27.0,1,O=S(=O)(NCCCN1CCC(c2noc3cc(F)ccc23)CC1)c1cc2ccc(Cl)cc2s1,O=S(=O)(NCCCN1CCC(c2noc3cc(F)ccc23)CC1)c1cc2ccc(Cl)cc2s1,508.04000000000025,5.3830000000000044,75.44,1,6,7,5,0.3478260869565217,1
CHEMBL5812507,55.0,55.0,55.0,55.0,1,COc1cccc(C(c2ccccn2)N(C)CC2CCN(CCOc3ccccc3F)CC2)c1,COc1cccc(C(c2ccccn2)N(C)CC2CCN(CCOc3ccccc3F)CC2)c1,463.59700000000026,5.0415000000000045,37.83,0,5,10,4,0.3928571428571428,1
CHEMBL93570,72.5,72.5,11.0,134.0,2,CCc1sccc1N1CCC[C@@H](c2cccc(C#N)c2)C1,CCc1sccc1N1CCC[C@@H](c2cccc(C#N)c2)C1,296.43899999999996,4.566180000000004,27.03,0,3,3,3,0.3888888888888889,1
CHEMBL3115575,29.82,28.2505,1.023,72.9,6,O=C(O)C(=O)O.Oc1ccc2c(c1)O[C@@H](CNCc1cccc(I)c1)CC2,Oc1ccc2c(c1)O[C@@H](CNCc1cccc(I)c1)CC2,395.24000000000007,3.4802000000000017,41.49,2,3,4,3,0.2941176470588235,1
CHEMBL193435,66.0,66.0,66.0,66.0,1,CN(C)C[C@H]1CC2c3ccccc3Oc3ccc(Br)cc3[C@H]2O1,CN(C)C[C@H]1CC2c3ccccc3Oc3ccc(Br)cc3[C@H]2O1,374.2780000000001,4.730200000000004,21.700000000000003,0,3,2,4,0.3684210526315789,1
CHEMBL514747,62.0,62.0,62.0,62.0,1,Clc1ccc(N2CC3CC2CN3Cc2c[nH]c3ncccc23)cc1,Clc1ccc(N2CC3CC2CN3Cc2c[nH]c3ncccc23)cc1,338.84200000000004,3.679400000000002,35.16,1,3,3,5,0.3157894736842105,1
CHEMBL4250274,3.0,3.0,3.0,3.0,1,O=S(=O)(c1ccnc2ccccc12)N1CCCCC[C@H]1CCN1CCN(c2nsc3ccccc23)CC1,O=S(=O)(c1ccnc2ccccc12)N1CCCCC[C@H]1CCN1CCN(c2nsc3ccccc23)CC1,535.7390000000003,4.990100000000005,69.64000000000001,0,7,6,6,0.4285714285714285,1
CHEMBL419792,63.45,5458.833333333333,9.0,16300.0,6,CN[C@@H]1Cc2cccc3[nH]c(=O)n(c23)C1,CN[C@@H]1Cc2cccc3[nH]c(=O)n(c23)C1,203.24499999999995,0.4736999999999994,49.82,2,2,1,3,0.3636363636363636,1
CHEMBL90005,7.8,7.8,7.8,7.8,1,Cc1c(-c2cccs2)nc(O)n1C1CCN(Cc2ccccc2)CC1,Cc1c(-c2cccs2)nc(O)n1C1CCN(Cc2ccccc2)CC1,353.4910000000001,4.462720000000004,41.290000000000006,1,4,4,4,0.35,1
CHEMBL90837,39.0,39.0,39.0,39.0,1,CCN(C)CCc1c(-c2cccc([N+](=O)[O-])c2)[nH]c2ccccc12,CCN(C)CCc1c(-c2cccc([N+](=O)[O-])c2)[nH]c2ccccc12,323.3960000000001,4.237300000000003,62.169999999999995,1,3,6,3,0.2631578947368421,1
CHEMBL3344469,16.49,16.49,16.49,16.49,1,COc1cc2c(cc1O)[C@@H]1Cc3sc(CC(C)Cl)cc3CN1CC2,COc1cc2c(cc1O)[C@@H]1Cc3sc(CC(C)Cl)cc3CN1CC2,363.91000000000014,4.287600000000004,32.7,1,4,3,4,0.4736842105263157,1
CHEMBL300647,3.58,3.58,0.66,6.5,2,CN(C)C1C=CC2(CC1)c1ccccc1C=Cc1ccc(Cl)cc12,CN(C)C1C=CC2(CC1)c1ccccc1C=Cc1ccc(Cl)cc12,335.8780000000001,5.390100000000005,3.24,0,1,1,4,0.2727272727272727,1
CHEMBL3797651,22.0,22.0,22.0,22.0,1,COc1ccc(-c2cc(N3CCN(C)CC3)nc3c2ccn3S(=O)(=O)CC(C)C)cc1,COc1ccc(-c2cc(N3CCN(C)CC3)nc3c2ccn3S(=O)(=O)CC(C)C)cc1,442.5850000000001,3.297600000000002,67.67,0,6,6,4,0.4347826086956521,1
CHEMBL3234536,90.0,90.0,90.0,90.0,1,CCN1C(=O)c2ccccc2[S@+]([O-])c2ccc(C(=O)NCc3ccc(F)cc3)cc21,CCN1C(=O)c2ccccc2[S@+]([O-])c2ccc(C(=O)NCc3ccc(F)cc3)cc21,422.4810000000001,3.9025000000000025,72.47,1,3,4,4,0.1304347826086956,1
CHEMBL5910493,5.5,5.5,5.5,5.5,1,Cc1ncoc1-c1nnc(SCCCN2CCC[C@]3(C[C@H]3c3ccc(C(F)(F)F)cc3)C2)n1C,Cc1ncoc1-c1nnc(SCCCN2CCC[C@]3(C[C@H]3c3ccc(C(F)(F)F)cc3)C2)n1C,491.5830000000002,5.549220000000005,59.98,0,6,7,5,0.5416666666666666,1
CHEMBL202858,17.3,17.3,17.3,17.3,1,CCN(CC)C(=O)NCCCCN1CCN(c2cc(C(F)(F)F)nc(C(C)(C)C)n2)CC1,CCN(CC)C(=O)NCCCCN1CCN(c2cc(C(F)(F)F)nc(C(C)(C)C)n2)CC1,458.57300000000015,3.746500000000003,64.60000000000001,1,5,8,2,0.7727272727272727,1
CHEMBL3918282,78.6,78.6,78.6,78.6,2,[O-][S+](CCN1CCN(CC(O)Cc2ccccc2)CC1)C(c1ccc(F)cc1)c1ccc(F)cc1,[O-][S+](CCN1CCN(CC(O)Cc2ccccc2)CC1)C(c1ccc(F)cc1)c1ccc(F)cc1,498.63900000000024,4.024100000000003,49.77,1,4,10,4,0.3571428571428571,1
CHEMBL4068843,14.4,14.4,14.4,14.4,1,N#Cc1ccc2c(c1)CN(C[C@@H]1C[C@H]1CCNC(=O)c1cc3cccnc3[nH]1)CC2,N#Cc1ccc2c(c1)CN(C[C@@H]1C[C@H]1CCNC(=O)c1cc3cccnc3[nH]1)CC2,399.4980000000001,3.2488800000000015,84.81,2,4,6,5,0.375,1
CHEMBL605405,34.67,34.67,34.67,34.67,1,Cc1ccc2c(c1)c1c(n2/C=C\c2ccccc2)CCN(C)C1,Cc1ccc2c(c1)c1c(n2/C=C\c2ccccc2)CCN(C)C1,302.4210000000001,4.565520000000005,8.17,0,1,2,4,0.238095238095238,1
CHEMBL292187,0.42,0.42,0.42,0.42,1,Fc1ccc(-c2ccc(CN3CCN(c4cccc5ccoc45)CC3)[nH]2)cc1,Fc1ccc(-c2ccc(CN3CCN(c4cccc5ccoc45)CC3)[nH]2)cc1,375.4470000000001,4.889200000000003,35.41,1,3,4,5,0.217391304347826,1
CHEMBL335844,12.0,12.0,12.0,12.0,1,O=C1c2cccc(F)c2C(=O)N1CCCCCN1CC=C(c2c[nH]c3ccc(F)cc23)CC1,O=C1c2cccc(F)c2C(=O)N1CCCCCN1CC=C(c2c[nH]c3ccc(F)cc23)CC1,449.50100000000015,5.001700000000004,56.41,1,3,7,5,0.3076923076923077,1
CHEMBL4758966,47.0,47.0,47.0,47.0,1,CCOc1ccc2c(c1)C(C1=C[C@H](C)N(C)CC1)=Nc1cc(Cl)ccc1N2,CCOc1ccc2c(c1)C(C1=C[C@H](C)N(C)CC1)=Nc1cc(Cl)ccc1N2,381.907,5.566900000000004,36.86,1,4,3,4,0.3181818181818182,1
CHEMBL164979,39.0,39.0,39.0,39.0,1,CN(CCc1ccccc1)CC[C@H]1CC[C@H](Nc2ncccn2)CC1,CN(CCc1ccccc1)CC[C@H]1CC[C@H](Nc2ncccn2)CC1,338.499,4.0119000000000025,41.05,1,4,8,3,0.5238095238095238,1
CHEMBL87192,1.75,1.75,1.75,1.75,1,FC(F)(F)c1nc2c(OCCNCc3ccccc3)cccc2[nH]1,FC(F)(F)c1nc2c(OCCNCc3ccccc3)cccc2[nH]1,335.329,3.750300000000001,49.94,2,3,6,3,0.2352941176470588,1
CHEMBL91310,57.0,57.0,57.0,57.0,1,C=C1c2ccccc2C=C(N2CCN(C)CC2)c2ccccc21,C=C1c2ccccc2C=C(N2CCN(C)CC2)c2ccccc21,302.42099999999994,3.807000000000003,6.48,0,2,1,4,0.238095238095238,1
CHEMBL5898142,60.0,60.0,60.0,60.0,1,Cc1ccc2c(c1)N=C(C1CCN(CC(C)(C)C(=O)O)CC1)c1cc(C)ccc1O2,Cc1ccc2c(c1)N=C(C1CCN(CC(C)(C)C(=O)O)CC1)c1cc(C)ccc1O2,406.5260000000002,5.352740000000004,62.13000000000001,1,4,4,4,0.44,1
CHEMBL5202417,81.1,81.1,81.1,81.1,1,COc1ccccc1N1CCN(CCCCNC2=CC=CC3=[N+]4[N+](=Cc5c(C)cc(C)n5[B-]4(F)F)[B-](F)(F)N23)CC1,COc1ccccc1N1CCN(CCCCNC2=CC=CC3=[N+]4[N+](=Cc5c(C)cc(C)n5[B-]4(F)F)[B-](F)(F)N23)CC1,571.2409999999999,3.400640000000002,41.93,1,5,8,6,0.4074074074074074,1
CHEMBL495075,100.0,100.0,100.0,100.0,1,O=C(N[C@H]1CCN(Cc2ccc(OC3CCNCC3)c(Br)c2)C1)c1ccc(Cl)c(Cl)c1,O=C(N[C@H]1CCN(Cc2ccc(OC3CCNCC3)c(Br)c2)C1)c1ccc(Cl)c(Cl)c1,527.2900000000002,4.891000000000004,53.60000000000001,2,4,6,4,0.4347826086956521,1
CHEMBL105172,95.0,95.0,95.0,95.0,1,C[C@@H]1Cc2ccccc2N1C(=O)CN1CCN(Cc2cc(Cl)ccc2Cl)CC1,C[C@@H]1Cc2ccccc2N1C(=O)CN1CCN(Cc2cc(Cl)ccc2Cl)CC1,418.36800000000005,4.0888000000000035,26.790000000000006,0,3,4,4,0.4090909090909091,1
CHEMBL2397380,54.0,54.0,54.0,54.0,1,Cc1ccc2c3c1-c1c(ccc(O)c1O)C[C@H]3N(C)CC2.Cl,Cc1ccc2c3c1-c1c(ccc(O)c1O)C[C@H]3N(C)CC2,281.3550000000001,3.1583200000000016,43.7,2,3,0,4,0.3333333333333333,1
CHEMBL163009,68.0,68.0,68.0,68.0,1,Fc1ccc(OC[C@H]2CC[C@H]3CN(c4ncc(F)cn4)CCN3C2)cc1,Fc1ccc(OC[C@H]2CC[C@H]3CN(c4ncc(F)cn4)CCN3C2)cc1,360.4080000000002,2.734400000000001,41.49,0,5,4,4,0.4736842105263157,1
CHEMBL4102628,1.205,1.205,0.81,1.6,2,O=C1CCc2ccc(OCCCCN3CCCN(c4ccc(O)c5[nH]c(=O)ccc45)CC3)cc2N1,O=C1CCc2ccc(OCCCCN3CCCN(c4ccc(O)c5[nH]c(=O)ccc45)CC3)cc2N1,476.57700000000017,3.489700000000002,97.9,3,6,7,5,0.4074074074074074,1
CHEMBL370110,1.2,1.2,1.2,1.2,1,CN1CCc2c(sc3ncn(CCN4CCN(c5cncc6ccccc56)CC4)c(=O)c23)C1,CN1CCc2c(sc3ncn(CCN4CCN(c5cncc6ccccc56)CC4)c(=O)c23)C1,460.60700000000026,2.816300000000001,57.50000000000001,0,7,4,6,0.4,1
CHEMBL589,7.2,234.24333333333337,3.7,691.83,3,CCCN(CCC)CCc1cccc2c1CC(=O)N2,CCCN(CCC)CCc1cccc2c1CC(=O)N2,260.3809999999999,2.845700000000001,32.34,1,2,7,2,0.5625,1
CHEMBL8514,0.155,0.315,0.04,0.91,4,CC(C)(C)[C@]1(O)CCN2C[C@H]3c4ccccc4CCc4cccc(c43)[C@@H]2C1,CC(C)(C)[C@]1(O)CCN2C[C@H]3c4ccccc4CCc4cccc(c43)[C@@H]2C1,361.52900000000017,4.844800000000005,23.47,1,2,0,5,0.52,1
CHEMBL1259188,2.7,2.7,2.7,2.7,1,Cn1nnc(Cc2ccc3c(c2)c(C2CCN(CCN4CCNC4=O)CC2)cn3-c2ccc(F)cc2)n1,Cn1nnc(Cc2ccc3c(c2)c(C2CCN(CCN4CCNC4=O)CC2)cn3-c2ccc(F)cc2)n1,502.5980000000002,3.0885000000000007,84.11,1,5,7,6,0.4074074074074074,1
CHEMBL5412359,62.95,62.95,62.8,63.1,2,CCOc1cccc2cc(CNCC[C@H]3CC[C@H](NC(=O)C4CC4)CC3)oc12,CCOc1cccc2cc(CNCC[C@H]3CC[C@H](NC(=O)C4CC4)CC3)oc12,384.52000000000015,4.396200000000003,63.5,2,4,9,4,0.6086956521739131,1
CHEMBL1689012,70.5,70.5,70.5,70.5,1,O=C(NC/C=C/CN1CCN(c2ccccc2OCCF)CC1)c1ccc(-c2ccsc2)cc1.O=C(O)C(=O)O,O=C(NC/C=C/CN1CCN(c2ccccc2OCCF)CC1)c1ccc(-c2ccsc2)cc1,479.62100000000027,4.871600000000004,44.81,1,5,10,4,0.2962962962962963,1
CHEMBL434403,19.95,19.95,19.95,19.95,1,CC(=O)c1ccc(C(=O)Nc2ccc(CCN3CC4COc5ccc(C#N)cc5C4C3)cc2)cc1,CC(=O)c1ccc(C(=O)Nc2ccc(CCN3CC4COc5ccc(C#N)cc5C4C3)cc2)cc1,465.55300000000017,4.663680000000005,82.43,1,5,6,5,0.2758620689655172,1
CHEMBL1201087,0.36,0.36,0.36,0.36,2,C=CCN1C[C@H](C(=O)N(CCCN(C)C)C(=O)NCC)C[C@@H]2c3cccc4[nH]cc(c34)C[C@H]21,C=CCN1C[C@H](C(=O)N(CCCN(C)C)C(=O)NCC)C[C@@H]2c3cccc4[nH]cc(c34)C[C@H]21,451.61500000000024,3.193900000000001,71.68,2,4,8,4,0.5384615384615384,1
CHEMBL2037522,30.8,30.8,30.8,30.8,1,c1ccc2c(c1)CCN(CCCCc1nc3ccccc3s1)C2,c1ccc2c(c1)CCN(CCCCc1nc3ccccc3s1)C2,322.47700000000003,4.677300000000004,16.130000000000003,0,3,5,4,0.35,1
CHEMBL1237149,12.0,12.0,12.0,12.0,1,Br.O=c1[nH]c2cccc(N3C[C@H]4C[C@@H]3CN4CC3CCc4[nH]c5ccc(F)cc5c4C3)c2o1,O=c1[nH]c2cccc(N3C[C@H]4C[C@@H]3CN4CC3CCc4[nH]c5ccc(F)cc5c4C3)c2o1,432.49900000000014,3.8095000000000026,68.27000000000001,2,4,3,7,0.4,1
CHEMBL98305,1.14,1.14,1.14,1.14,1,CCCN1CCO[C@@H]2c3cc(O)ccc3SC[C@H]21,CCCN1CCO[C@@H]2c3cc(O)ccc3SC[C@H]21,265.378,2.649800000000001,32.7,1,4,2,3,0.5714285714285714,1
CHEMBL4790600,25.0,25.0,25.0,25.0,1,CC1(C)Cc2cccc(OCCNCC3(F)CCN(C(=O)c4ccc(F)c(Cl)c4)CC3)c2O1,CC1(C)Cc2cccc(OCCNCC3(F)CCN(C(=O)c4ccc(F)c(Cl)c4)CC3)c2O1,478.96700000000016,4.805500000000004,50.8,1,4,7,4,0.48,1
CHEMBL599135,69.0,69.0,69.0,69.0,1,CN1CCc2cc(Cl)c(O)cc2[C@H]2c3cccc(/C=N/OCc4ccccc4)c3CC[C@@H]21,CN1CCc2cc(Cl)c(O)cc2[C@H]2c3cccc(/C=N/OCc4ccccc4)c3CC[C@@H]21,446.97800000000024,5.530900000000005,45.06,1,4,4,5,0.2962962962962963,1
CHEMBL290446,33.9,33.9,33.9,33.9,1,CCCN(CCC)[C@@H]1CCc2cccc(OC)c2[C@@H]1C,CCCN(CCC)[C@@H]1CCc2cccc(OC)c2[C@@H]1C,275.436,4.235500000000004,12.47,0,2,6,2,0.6666666666666666,1
CHEMBL4753808,12.1,12.1,12.1,12.1,1,C[C@H]1CN(CC[C@H]2CC[C@H](N3C(=O)CC4(CCCC4)CC3=O)CC2)CCc2ccc(Cl)cc21,C[C@H]1CN(CC[C@H]2CC[C@H](N3C(=O)CC4(CCCC4)CC3=O)CC2)CCc2ccc(Cl)cc21,471.0850000000003,5.959900000000007,40.620000000000005,0,3,4,5,0.7142857142857143,1
CHEMBL726,1.44,1.1396666666666666,0.539,1.44,3,OCCN1CCN(CCCN2c3ccccc3Sc3ccc(C(F)(F)F)cc32)CC1,OCCN1CCN(CCCN2c3ccccc3Sc3ccc(C(F)(F)F)cc32)CC1,437.5310000000002,4.308100000000003,29.950000000000003,1,5,6,4,0.4545454545454545,1
CHEMBL4517296,56.114999999999995,56.114999999999995,56.0,56.23,2,Cn1c(C(N)=O)ccc1-c1cccc(OC(=O)NCCN2CCN(c3ccccc3)CC2)c1,Cn1c(C(N)=O)ccc1-c1cccc(OC(=O)NCCN2CCN(c3ccccc3)CC2)c1,447.5390000000003,2.7016,92.82999999999998,2,5,7,4,0.28,1
CHEMBL3664882,63.45,63.45,63.45,63.45,1,O=S(=O)(N[C@H]1CC[C@H](CCN2CCC(c3cccc4c3OCO4)CC2)CC1)c1ccccc1,O=S(=O)(N[C@H]1CC[C@H](CCN2CCC(c3cccc4c3OCO4)CC2)CC1)c1ccccc1,470.63500000000033,4.5221000000000044,67.87,1,5,7,5,0.5384615384615384,1
CHEMBL1088000,16.0,16.0,16.0,16.0,1,O=C1CCc2ccc(CC3CC4CCC(C3)N4C[C@@H]3COc4c(ccc5c4CC(=O)N5)O3)cc2N1,O=C1CCc2ccc(CC3CC4CCC(C3)N4C[C@@H]3COc4c(ccc5c4CC(=O)N5)O3)cc2N1,473.5730000000002,3.6914000000000016,79.9,2,5,4,7,0.5,1
CHEMBL3102875,32.36,32.36,32.36,32.36,1,CC(=O)c1ccc2c(c1)CC(CN1CCC(C(=O)c3ccc(F)cc3)CC1)CC2=O,CC(=O)c1ccc2c(c1)CC(CN1CCC(C(=O)c3ccc(F)cc3)CC1)CC2=O,407.4850000000001,4.368300000000004,54.45,0,4,5,4,0.4,1
CHEMBL1626,45.0,45.0,45.0,45.0,1,CN1CCC[C@@H]1CCO[C@](C)(c1ccccc1)c1ccc(Cl)cc1,CN1CCC[C@@H]1CCO[C@](C)(c1ccccc1)c1ccc(Cl)cc1,343.898,5.104400000000005,12.47,0,2,6,3,0.4285714285714285,1
CHEMBL4877827,95.35,95.35,95.2,95.5,2,CSc1ccccc1C1CC1CNCCCCOc1ccc2ccc(=O)[nH]c2c1,CSc1ccccc1C1CC1CNCCCCOc1ccc2ccc(=O)[nH]c2c1,408.56700000000006,4.802300000000003,54.12,2,4,10,4,0.375,1
CHEMBL40650,19.7,19.7,19.7,19.7,1,COc1cccc2c1CC[C@H]1CN(CCn3c(=O)[nH]c4c(sc5cccnc54)c3=O)C[C@@H]21,COc1cccc2c1CC[C@H]1CN(CCn3c(=O)[nH]c4c(sc5cccnc54)c3=O)C[C@@H]21,448.5480000000001,2.969900000000001,80.22,1,6,4,6,0.375,1
CHEMBL370659,29.0,29.0,29.0,29.0,1,CC(=O)N1CCC(C)c2cc(F)cc(CCN3CCN(c4noc5ccccc45)CC3)c21,CC(=O)N1CCC(C)c2cc(F)cc(CCN3CCN(c4noc5ccccc45)CC3)c21,436.53100000000023,4.1917000000000035,52.82000000000001,0,5,4,5,0.44,1
CHEMBL377756,92.0,92.0,92.0,92.0,1,CN1CCN(C2=Nc3cc(Cl)ccc3N(NC(=O)c3c(N)cccc3C(F)(F)F)c3ccccc32)CC1,CN1CCN(C2=Nc3cc(Cl)ccc3N(NC(=O)c3c(N)cccc3C(F)(F)F)c3ccccc32)CC1,528.9660000000001,5.063200000000004,77.2,2,6,2,5,0.2307692307692307,1
CHEMBL1628275,28.0,28.0,28.0,28.0,1,Cl.O=C1[C@@H]2[C@H]3CC[C@H](C3)[C@@H]2C(=O)N1CCCCN1CCN(c2ncccn2)CC1,O=C1[C@@H]2[C@H]3CC[C@H](C3)[C@@H]2C(=O)N1CCCCN1CCN(c2ncccn2)CC1,383.4960000000001,1.4098999999999997,69.64000000000001,0,6,6,5,0.7142857142857143,1
CHEMBL317488,30.065,33.9525,0.04,78.0,8,CC(C)C[C@H](NC(=O)[C@@H]1CCCN1)C(=O)NCC(N)=O,CC(C)C[C@H](NC(=O)[C@@H]1CCCN1)C(=O)NCC(N)=O,284.35999999999996,-1.1291999999999969,113.32,4,4,7,1,0.7692307692307693,1
CHEMBL1171630,2.0,2.0,2.0,2.0,1,O=C(O)C(=O)O.O=C1N(Cc2cn(CCF)nn2)CN(c2ccccc2)C12CCN(Cc1coc3ccccc13)CC2,O=C1N(Cc2cn(CCF)nn2)CN(c2ccccc2)C12CCN(Cc1coc3ccccc13)CC2,488.56700000000035,3.834900000000003,70.64000000000001,0,6,7,6,0.3703703703703703,1
CHEMBL4850300,2.29,2.29,2.29,2.29,1,CCc1cc(Cl)c(OC)c(C(=O)NC[C@@H]2C[C@@H](OCCCCNC(=O)c3cc4ccccc4o3)CN2)c1O,CCc1cc(Cl)c(OC)c(C(=O)NC[C@@H]2C[C@@H](OCCCCNC(=O)c3cc4ccccc4o3)CN2)c1O,544.0480000000005,4.049900000000003,122.06,4,7,12,4,0.4285714285714285,1
CHEMBL5968576,41.0,41.0,41.0,41.0,1,Cc1ncc(/C=C/C(=O)N[C@H]2CC[C@](F)(CCN3CCc4ccc(OCC(C)(F)F)nc4CC3)CC2)cn1,Cc1ncc(/C=C/C(=O)N[C@H]2CC[C@](F)(CCN3CCc4ccc(OCC(C)(F)F)nc4CC3)CC2)cn1,531.6230000000004,4.485220000000004,80.24000000000001,1,6,9,4,0.5714285714285714,1
CHEMBL3318848,1.85,1.85,1.8,1.9,2,CN(C)CCC(=O)OC1(c2ccc(Cl)cc2)CCN(CCCC(=O)c2ccc(F)cc2)CC1,CN(C)CCC(=O)OC1(c2ccc(Cl)cc2)CCN(CCCC(=O)c2ccc(F)cc2)CC1,475.0040000000003,4.928200000000005,49.85,0,5,10,3,0.4615384615384615,1
CHEMBL285802,12.0,12.0,11.0,13.0,2,CN(C)CCOC1=Cc2ccccc2Sc2ccc(Cl)cc21,CN(C)CCOC1=Cc2ccccc2Sc2ccc(Cl)cc21,331.8680000000001,4.880900000000004,12.47,0,3,4,3,0.2222222222222222,1
CHEMBL3286575,53.85,53.85,53.7,54.0,2,c1cc2c3c(c[nH]c3c1)CC1CN(CC3CCCCC3)CCN21,c1cc2c3c(c[nH]c3c1)CC1CN(CC3CCCCC3)CCN21,309.457,3.794900000000003,22.270000000000003,1,2,2,5,0.6,1
CHEMBL3423378,68.0,68.0,68.0,68.0,1,Cn1c(=O)c2c(nc3n(CCCCN4CCN(c5ccc(Cl)cc5)CC4)c(=O)ccn23)n(C)c1=O,Cn1c(=O)c2c(nc3n(CCCCN4CCN(c5ccc(Cl)cc5)CC4)c(=O)ccn23)n(C)c1=O,497.98700000000025,1.302399999999999,89.78,0,6,6,5,0.4166666666666667,1
CHEMBL113196,0.3,0.3,0.3,0.3,1,CCCN(CCc1ccc(Nc2ccc([N+](=O)[O-])c3nonc23)cc1)[C@H]1CCc2c(O)cccc2C1,CCCN(CCc1ccc(Nc2ccc([N+](=O)[O-])c3nonc23)cc1)[C@H]1CCc2c(O)cccc2C1,487.5600000000003,5.392200000000005,117.56,2,8,9,5,0.3333333333333333,1
CHEMBL5878087,26.0,26.0,26.0,26.0,1,COCC(C)(C)C(=O)NCCN1CC=C(c2cccc(C)n2)CC1,COCC(C)(C)C(=O)NCCN1CC=C(c2cccc(C)n2)CC1,331.4600000000001,2.2679199999999993,54.46,1,4,7,2,0.5789473684210527,1
CHEMBL2336893,33.5,33.5,28.0,39.0,2,c1ccc(-n2cc(CN3CCN(c4cc5ccc4CCc4ccc(cc4)CC5)CC3)cn2)cc1,c1ccc(-n2cc(CN3CCN(c4cc5ccc4CCc4ccc(cc4)CC5)CC3)cn2)cc1,448.61400000000026,5.078300000000005,24.3,0,3,4,9,0.3,1
CHEMBL77744,61.0,61.0,61.0,61.0,1,c1ccc(CCN2CCC(c3cc(C4CCCCC4)n[nH]3)CC2)cc1,c1ccc(CCN2CCC(c3cc(C4CCCCC4)n[nH]3)CC2)cc1,337.511,4.879500000000004,31.92,1,2,5,4,0.5909090909090909,1
CHEMBL126429,93.0,93.0,93.0,93.0,1,Clc1ccc(N2CCN(C[C@H]3C[C@@H]3c3ccccc3)CC2)cc1Cl,Clc1ccc(N2CCN(C[C@H]3C[C@@H]3c3ccccc3)CC2)cc1Cl,361.31600000000014,4.919100000000005,6.48,0,2,4,4,0.4,1
CHEMBL2059311,16.0,16.0,16.0,16.0,1,O=C1COc2ccccc2N1CCCN1CCC(n2c(=O)[nH]c3ccccc32)CC1,O=C1COc2ccccc2N1CCCN1CCC(n2c(=O)[nH]c3ccccc32)CC1,406.4860000000001,2.7822000000000005,70.57,1,4,5,5,0.391304347826087,1
CHEMBL1949725,85.3,85.3,85.3,85.3,1,C[C@H]1Cc2c([nH]c3ccccc23)Cc2ccccc2CCN1C,C[C@H]1Cc2c([nH]c3ccccc23)Cc2ccccc2CCN1C,304.43700000000007,4.1776000000000035,19.03,1,1,0,4,0.3333333333333333,1
CHEMBL11493,68.1,68.1,68.1,68.1,1,CCCCN1C2CCC1CC(OC(c1ccc(F)cc1)c1ccc(F)cc1)C2,CCCCN1C2CCC1CC(OC(c1ccc(F)cc1)c1ccc(F)cc1)C2,385.4980000000001,5.866300000000006,12.47,0,2,7,4,0.5,1
CHEMBL225284,7.3,7.3,7.3,7.3,1,CSc1ccccc1N1CCN(CCCCCC(=O)NC2CCCc3ccccc32)CC1,CSc1ccccc1N1CCN(CCCCCC(=O)NC2CCCc3ccccc32)CC1,451.6800000000002,5.284700000000005,35.58,1,4,9,4,0.5185185185185185,1
CHEMBL520821,29.0,29.0,29.0,29.0,1,Br.Cc1cccc(C2CN(C)CCc3c2cc(O)c(O)c3-c2ccc3ccccc3c2)c1,Cc1cccc(C2CN(C)CCc3c2cc(O)c(O)c3-c2ccc3ccccc3c2)c1,409.5290000000001,5.846220000000007,43.7,2,3,2,5,0.2142857142857142,1
CHEMBL2298821,33.0,33.0,33.0,33.0,1,COc1ccc(N2CCN(CCCc3ccc4[nH]c(=S)[nH]c4c3)CC2)cc1,COc1ccc(N2CCN(CCCc3ccc4[nH]c(=S)[nH]c4c3)CC2)cc1,382.5330000000002,3.9888900000000023,47.29,2,4,6,4,0.3809523809523809,1
CHEMBL2326481,42.0,42.0,42.0,42.0,1,CN(C)C(=O)c1ccc(CN2CCc3cc4nc(N)sc4cc3CC2)cc1,CN(C)C(=O)c1ccc(CN2CCc3cc4nc(N)sc4cc3CC2)cc1,380.5170000000001,3.1811000000000016,62.46000000000001,1,5,3,4,0.3333333333333333,1
CHEMBL215450,60.9,60.9,60.9,60.9,1,CO/N=C(/CCN1CCN(c2ccccn2)CC1)c1ccc(Cl)c(C)c1,CO/N=C(/CCN1CCN(c2ccccn2)CC1)c1ccc(Cl)c(C)c1,372.9000000000001,3.606220000000002,40.96,0,5,6,3,0.4,1
CHEMBL2159472,72.0,72.0,72.0,72.0,1,O=S(=O)(NC1CCN(CCOc2cccc3c2CCCC3)C1)c1cccs1,O=S(=O)(NC1CCN(CCOc2cccc3c2CCCC3)C1)c1cccs1,406.5730000000002,3.0585000000000013,58.64,1,5,7,4,0.5,1
CHEMBL196893,10.6,10.6,10.6,10.6,1,Fc1cccc2c(CCCN3CCN(c4cccc5c4OCCO5)CC3)c[nH]c12,Fc1cccc2c(CCCN3CCN(c4cccc5c4OCCO5)CC3)c[nH]c12,395.47800000000024,3.833000000000003,40.73,1,4,5,5,0.391304347826087,1
CHEMBL254199,24.6,24.6,24.6,24.6,1,Oc1ccc2c(c1)CC(N(CCc1cccs1)CCN1CCN(c3ccccc3)CC1)CC2,Oc1ccc2c(c1)CC(N(CCc1cccs1)CCN1CCN(c3ccccc3)CC1)CC2,461.6750000000003,4.677900000000005,29.950000000000003,1,5,8,5,0.4285714285714285,1
CHEMBL360457,3.6,3.6,3.6,3.6,1,CCN1CCN(c2cc(-c3ccc(F)cc3)c3c(n2)CC[C@H](O)CCC3)CC1,CCN1CCN(c2cc(-c3ccc(F)cc3)c3c(n2)CC[C@H](O)CCC3)CC1,383.5110000000003,3.6594000000000024,39.6,1,4,3,4,0.5217391304347826,1
CHEMBL4876260,56.0,56.0,56.0,56.0,1,O=C(NCc1ccccc1CN1CCc2cc(O)c(O)cc2C1)c1cccc(Br)c1,O=C(NCc1ccccc1CN1CCc2cc(O)c(O)cc2C1)c1cccc(Br)c1,467.36300000000006,4.348600000000005,72.80000000000001,3,4,5,4,0.2083333333333333,1
CHEMBL3409245,29.0,29.0,29.0,29.0,1,NC(=O)c1ccccc1OCCCN1CCC(c2cn(Cc3ccccc3)c3ccccc23)CC1,NC(=O)c1ccccc1OCCCN1CCC(c2cn(Cc3ccccc3)c3ccccc23)CC1,467.61300000000017,5.437000000000006,60.49000000000001,1,3,9,5,0.3,1
CHEMBL131926,1.259,1.259,1.259,1.259,1,COc1nc(N)c(Cl)cc1C(=O)NC1CC2CCCC(C1)N2Cc1ccccc1,COc1nc(N)c(Cl)cc1C(=O)NC1CC2CCCC(C1)N2Cc1ccccc1,414.93700000000024,3.641300000000003,80.48,2,5,5,4,0.4545454545454545,1
CHEMBL1744037,38.0,38.0,38.0,38.0,1,CCCN(CCCCN1C(=O)CC(C)(C)CC1=O)[C@@H]1CCc2ccc3[nH]c(C(N)=O)cc3c2C1,CCCN(CCCCN1C(=O)CC(C)(C)CC1=O)[C@@H]1CCc2ccc3[nH]c(C(N)=O)cc3c2C1,466.62600000000026,3.791500000000002,99.5,2,4,9,4,0.5925925925925926,1
CHEMBL543344,47.0,47.0,47.0,47.0,2,Cl.O=C1C(c2ccc(F)cc2)COC12CCN(Cc1ccccc1)CC2,O=C1C(c2ccc(F)cc2)COC12CCN(Cc1ccccc1)CC2,339.41,3.5434000000000028,29.54,0,3,3,4,0.3809523809523809,1
CHEMBL418854,13.2,13.2,13.2,13.2,1,COc1ccccc1N1CCC(CNCC2COc3ccc(Cl)cc3O2)CC1,COc1ccccc1N1CCC(CNCC2COc3ccc(Cl)cc3O2)CC1,402.9220000000001,3.994600000000003,42.96000000000001,1,5,6,4,0.4545454545454545,1
CHEMBL4204059,37.0,37.0,37.0,37.0,1,CCCCc1cc(-c2ccoc2)nc(N2CCN(C)CC2)n1,CCCCc1cc(-c2ccoc2)nc(N2CCN(C)CC2)n1,300.40600000000006,2.8310000000000004,45.400000000000006,0,5,5,3,0.5294117647058824,1
CHEMBL4566992,84.0,84.0,84.0,84.0,1,CCN1CCN(c2cccc3c2CCN3S(=O)(=O)c2ccccc2)CC1,CCN1CCN(c2cccc3c2CCN3S(=O)(=O)c2ccccc2)CC1,371.50600000000014,2.579900000000001,43.86,0,4,4,4,0.4,1
CHEMBL5409134,4.12,4.12,4.12,4.12,1,CCc1cc(Cl)c(OC)c(N2CCN(CC[C@H]3CC[C@H](NC(=O)N(C)C)CC3)CC2)c1,CCc1cc(Cl)c(OC)c(N2CCN(CC[C@H]3CC[C@H](NC(=O)N(C)C)CC3)CC2)c1,451.0550000000003,4.253100000000003,48.05,1,4,7,3,0.7083333333333334,1
CHEMBL243012,80.0,80.0,80.0,80.0,1,COc1ccc(C2=NO[C@H](CCCN3CCN(C(c4ccc(F)cc4)c4ccc(F)cc4)CC3)C2)cc1OC,COc1ccc(C2=NO[C@H](CCCN3CCN(C(c4ccc(F)cc4)c4ccc(F)cc4)CC3)C2)cc1OC,535.6350000000002,5.662400000000006,46.53,0,6,10,5,0.3870967741935484,1
CHEMBL19215,21.0,21.0,21.0,21.0,1,CN1C[C@H](CNC(=O)OCc2ccccc2)C[C@@H]2c3cccc4c3c(cn4C)C[C@H]21,CN1C[C@H](CNC(=O)OCc2ccccc2)C[C@@H]2c3cccc4c3c(cn4C)C[C@H]21,403.5260000000002,4.064700000000003,46.50000000000001,1,3,4,5,0.4,1
CHEMBL5947240,15.0,15.0,15.0,15.0,1,O=C(NCCN1CCC(c2cccc(C(F)(F)F)n2)CC1)[C@H]1C[C@@H]2CC[C@H]1O2,O=C(NCCN1CCC(c2cccc(C(F)(F)F)n2)CC1)[C@H]1C[C@@H]2CC[C@H]1O2,397.44100000000026,2.9635000000000007,54.46000000000001,1,4,5,4,0.7,1
CHEMBL87187,11.0,11.0,11.0,11.0,1,Nc1cccc(-c2ccc(CCN3CCN(c4cccc5cccnc45)CC3)cc2)n1,Nc1cccc(-c2ccc(CCN3CCN(c4cccc5cccnc45)CC3)cc2)n1,409.5370000000001,4.243700000000003,58.28,1,5,5,5,0.2307692307692307,1
CHEMBL6026417,100.0,100.0,100.0,100.0,1,FC(F)(F)c1ccccc1OCCN1CCC2(CCCN2c2ccc(Cl)cc2)CC1,FC(F)(F)c1ccccc1OCCN1CCC2(CCCN2c2ccc(Cl)cc2)CC1,438.92100000000016,5.872600000000006,15.71,0,3,5,4,0.4782608695652174,1
CHEMBL555362,83.0,83.0,83.0,83.0,1,C=CCN1CC=C(C2=Cc3ccccc3Cc3ccccc32)CC1.Cl,C=CCN1CC=C(C2=Cc3ccccc3Cc3ccccc32)CC1,313.4440000000001,4.949500000000005,3.24,0,1,3,4,0.217391304347826,1
CHEMBL4552939,6.83,6.83,6.83,6.83,1,CCc1cccc(N2CCN(CCC(O)CNC(=O)c3cc4ccccc4[nH]3)CC2)c1Cl,CCc1cccc(N2CCN(CCC(O)CNC(=O)c3cc4ccccc4[nH]3)CC2)c1Cl,455.0020000000002,3.686700000000002,71.6,3,4,8,4,0.4,1
CHEMBL139089,52.6,52.6,37.0,68.2,2,O=C1CC2(CCCC2)CC(=O)N1CCCCN[C@@H]1CCc2c(F)cccc2C1,O=C1CC2(CCCC2)CC(=O)N1CCCCN[C@@H]1CCc2c(F)cccc2C1,386.5110000000002,3.762200000000002,49.41,1,3,6,4,0.6521739130434783,1
CHEMBL6062980,46.0,46.0,46.0,46.0,1,CCN(CCN1CCC(c2c[nH]c3cc(F)ccc23)CC1)C(=O)[C@H](C)O,CCN(CCN1CCC(c2c[nH]c3cc(F)ccc23)CC1)C(=O)[C@H](C)O,361.4610000000002,2.7157000000000013,59.57000000000001,2,3,6,3,0.55,1
CHEMBL5396600,83.4,83.4,83.4,83.4,1,CN1CCN(c2cc(-c3ccsc3)cc(CC3CCCCC3)n2)CC1,CN1CCN(c2cc(-c3ccsc3)cc(CC3CCCCC3)n2)CC1,355.5510000000003,4.684700000000004,19.37,0,4,4,4,0.5714285714285714,1
CHEMBL86,53.0,53.0,42.0,64.0,2,CCN(CC)CCNC(=O)c1cc(Cl)c(N)cc1OC,CCN(CC)CCNC(=O)c1cc(Cl)c(N)cc1OC,299.8020000000001,2.0023999999999997,67.59,2,4,7,1,0.5,1
CHEMBL3622099,54.5,54.5,51.0,58.0,2,CCCN(CCN1CCN(CCc2c[nH]c3ccccc23)CC1)c1ccc(Br)cc1,CCCN(CCN1CCN(CCc2c[nH]c3ccccc23)CC1)c1ccc(Br)cc1,469.4710000000002,5.007100000000005,25.51,1,3,9,4,0.44,1
CHEMBL3775667,47.9,65.26666666666667,47.9,100.0,3,Cn1c(SCCCN2CC3CCN(c4cccc(C#N)c4)C3C2)nnc1-c1cnccn1,Cn1c(SCCCN2CC3CCN(c4cccc(C#N)c4)C3C2)nnc1-c1cnccn1,446.5840000000002,2.836680000000001,86.76,0,8,7,5,0.4347826086956521,1
CHEMBL555744,79.43,79.43,79.43,79.43,1,COC[C@@H]1CCCN1N1CCN(c2cccc(Cl)c2)C1=O,COC[C@@H]1CCCN1N1CCN(c2cccc(Cl)c2)C1=O,309.7970000000001,2.607800000000001,36.02,0,3,4,3,0.5333333333333333,1
CHEMBL4764692,16.3,16.3,16.3,16.3,1,CC(=O)Nc1ccc(OCCCN2CCN(c3cccc4ccsc34)CC2)cc1,CC(=O)Nc1ccc(OCCCN2CCN(c3cccc4ccsc34)CC2)cc1,409.55500000000006,4.450800000000004,44.81,1,5,7,4,0.3478260869565217,1
CHEMBL422344,12.0,12.0,12.0,12.0,1,CN(C)[C@@H]1Cc2cccc3nc(O)n(c23)C1,CN(C)[C@@H]1Cc2cccc3nc(O)n(c23)C1,217.27199999999996,1.2281999999999995,41.29,1,3,1,3,0.4166666666666667,1
CHEMBL4540404,48.0,48.0,48.0,48.0,1,O=C1c2ccccc2S(=O)(=O)N1CCCCCCN1CCN(c2ccccc2)CC1,O=C1c2ccccc2S(=O)(=O)N1CCCCCCN1CCN(c2ccccc2)CC1,427.57000000000016,3.213700000000002,60.93000000000001,0,5,8,4,0.4347826086956521,1
CHEMBL379125,72.5,72.5,72.0,73.0,2,COc1ccccc1N1CCN(Cc2cn3cc(I)ccc3n2)CC1,COc1ccccc1N1CCN(Cc2cn3cc(I)ccc3n2)CC1,448.3080000000001,3.269700000000002,33.010000000000005,0,4,4,4,0.3157894736842105,1
CHEMBL3759819,94.0,94.0,94.0,94.0,1,O=S(=O)(NC1CC2CCC(C1)N2CCOc1cccc(-c2ccccc2)c1)c1cccc(Cl)c1,O=S(=O)(NC1CC2CCC(C1)N2CCOc1cccc(-c2ccccc2)c1)c1cccc(Cl)c1,497.06000000000006,5.3597000000000055,58.64,1,4,8,5,0.3333333333333333,1
CHEMBL537975,95.0,95.0,95.0,95.0,1,CCOc1ccccc1N1CCN(CCCCc2cc(-c3cccc([N+](=O)[O-])c3)no2)CC1.Cl,CCOc1ccccc1N1CCN(CCCCc2cc(-c3cccc([N+](=O)[O-])c3)no2)CC1,450.53900000000016,4.7934000000000045,84.88,0,7,10,4,0.4,1
CHEMBL836,45.5,45.5,13.0,78.0,2,CCOc1ccccc1OCCN[C@H](C)Cc1ccc(OC)c(S(N)(=O)=O)c1,CCOc1ccccc1OCCN[C@H](C)Cc1ccc(OC)c(S(N)(=O)=O)c1,408.5200000000001,2.3409000000000004,99.88,2,6,11,2,0.4,1
CHEMBL124234,37.0,37.0,37.0,37.0,1,Cc1ccc(CN2CCC(C3CCc4ccccc4C3=O)CC2)cc1.O,Cc1ccc(CN2CCC(C3CCc4ccccc4C3=O)CC2)cc1,333.47500000000014,4.652320000000004,20.31,0,2,3,4,0.4347826086956521,1
CHEMBL5075726,51.6,51.6,51.6,51.6,1,CCOC(=O)/C=C1\[C@@H]2CCC[C@@]1(c1cccc(O)c1)CCN2CCN1CCN(c2cccc(Cl)c2Cl)CC1,CCOC(=O)/C=C1\[C@@H]2CCC[C@@]1(c1cccc(O)c1)CCN2CCN1CCN(c2cccc(Cl)c2Cl)CC1,558.5500000000002,5.506700000000007,56.25000000000001,1,6,7,5,0.5,1
CHEMBL4744811,95.1,95.1,86.2,104.0,2,C[C@H]1CO[C@@H](c2ccc(N)nc2)CN1CC[C@H]1CC[C@H](NC(=O)c2cc3ccccc3[nH]2)CC1,C[C@H]1CO[C@@H](c2ccc(N)nc2)CN1CC[C@H]1CC[C@H](NC(=O)c2cc3ccccc3[nH]2)CC1,461.6100000000002,4.285800000000003,96.27,3,5,6,5,0.4814814814814814,1
CHEMBL38580,47.5,47.5,47.5,47.5,1,CCCN(CCC)C1COc2c(cccc2-c2ccoc2)C1,CCCN(CCC)C1COc2c(cccc2-c2ccoc2)C1,299.41400000000004,4.372100000000004,25.61,0,3,6,3,0.4736842105263157,1
CHEMBL4759492,0.9333,0.9333,0.9333,0.9333,1,Cn1ccc2cc(S(=O)(=O)N[C@@H]3CCN(CCCc4noc5ccccc45)C3)ccc21,Cn1ccc2cc(S(=O)(=O)N[C@@H]3CCN(CCCc4noc5ccccc45)C3)ccc21,438.55300000000017,3.3049000000000017,80.37,1,5,7,5,0.3478260869565217,1
CHEMBL54777,100.0,100.0,100.0,100.0,1,CNC(=O)c1ccc(-c2ccc(C(=O)NCCCCN3CCc4ccc(OS(=O)(=O)C(F)(F)F)cc4C3)cc2)cc1,CNC(=O)c1ccc(-c2ccc(C(=O)NCCCCN3CCc4ccc(OS(=O)(=O)C(F)(F)F)cc4C3)cc2)cc1,589.6360000000001,4.5099000000000045,104.81,2,6,10,4,0.3103448275862069,1
CHEMBL376092,27.0,27.0,27.0,27.0,1,COc1ccccc1C1CCN(CNC(=O)c2cccc(C)c2)CC1,COc1ccccc1C1CCN(CNC(=O)c2cccc(C)c2)CC1,338.4510000000001,3.570520000000002,41.57,1,3,5,3,0.3809523809523809,1
CHEMBL294951,2.4,2.4,2.4,2.4,1,CN1CCC(=C2c3ccccc3CCc3sccc32)CC1,CN1CCC(=C2c3ccccc3CCc3sccc32)CC1,295.4510000000001,4.374200000000004,3.24,0,2,0,4,0.3684210526315789,1
CHEMBL2207487,73.5,73.5,26.0,121.0,2,CCCN1CCC(c2csc3ccccc23)CC1,CCCN1CCC(c2csc3ccccc23)CC1,259.418,4.490700000000004,3.24,0,2,3,3,0.5,1
CHEMBL4083903,19.9,19.9,19.9,19.9,1,O=C(NC[C@@H]1C[C@H]1CN1CCN(c2cccc(Cl)c2Cl)CC1)c1ccnc2ccccc12,O=C(NC[C@@H]1C[C@H]1CN1CCN(c2cccc(Cl)c2Cl)CC1)c1ccnc2ccccc12,469.4160000000003,4.729700000000005,48.470000000000006,1,4,6,5,0.36,1
CHEMBL310867,60.0,60.0,35.0,85.0,2,CCCN(CCC)[C@H]1CCc2nn3ccccc3c2C1,CCCN(CCC)[C@H]1CCc2nn3ccccc3c2C1,271.4080000000001,3.313600000000002,20.540000000000003,0,2,5,3,0.5882352941176471,1
CHEMBL305920,1.0,1.0,1.0,1.0,1,O=C1COc2c(cccc2N2CCN(Cc3cccc(-c4ccccc4)c3)CC2)N1,O=C1COc2c(cccc2N2CCN(Cc3cccc(-c4ccccc4)c3)CC2)N1,399.4940000000001,4.006700000000002,44.81,1,4,4,5,0.24,1
CHEMBL282927,100.0,100.0,100.0,100.0,1,NC(=O)C1CCC(CN2CCC(=C(c3ccccc3)c3ccc(F)cc3)CC2)O1,NC(=O)C1CCC(CN2CCC(=C(c3ccccc3)c3ccc(F)cc3)CC2)O1,394.4900000000002,3.756300000000002,55.56,1,3,5,4,0.375,1
CHEMBL497963,63.1,63.1,63.1,63.1,1,Cc1ccc2c(OCCN3CCC(Cc4cccc(NS(C)(=O)=O)c4)CC3)cccc2n1,Cc1ccc2c(OCCN3CCC(Cc4cccc(NS(C)(=O)=O)c4)CC3)cccc2n1,453.6080000000002,4.248220000000003,71.53,1,5,8,4,0.4,1
CHEMBL5779117,76.0,76.0,76.0,76.0,2,Cc1cncc2c1CCN(CCN1CCC(c3noc4ccccc34)CC1)C2=O,Cc1cncc2c1CCN(CCN1CCC(c3noc4ccccc34)CC1)C2=O,390.48700000000014,3.4091200000000024,62.470000000000006,0,5,4,5,0.4347826086956521,1
CHEMBL131299,64.285,64.285,64.0,64.57,2,Cc1ccc(OCCCNCCOc2ccccc2)cc1,Cc1ccc(OCCCNCCOc2ccccc2)cc1,285.387,3.432520000000002,30.49,1,3,9,2,0.3333333333333333,1
CHEMBL1223858,9.6,9.6,9.6,9.6,1,FC(F)(F)c1cccc(N2CCN(CCCCNc3ncc(-c4ccccc4)o3)CC2)c1,FC(F)(F)c1cccc(N2CCN(CCCCNc3ncc(-c4ccccc4)o3)CC2)c1,444.5010000000001,5.374700000000004,44.54,1,5,8,4,0.375,1
CHEMBL2335737,12.3,12.3,12.3,12.3,1,Cc1cc2c(cc1O)[C@H]1C[C@@](O)(c3ccc(Cl)cc3)CCN1CC2,Cc1cc2c(cc1O)[C@H]1C[C@@](O)(c3ccc(Cl)cc3)CCN1CC2,343.85400000000016,3.934820000000003,43.7,2,3,1,4,0.4,1
CHEMBL389357,24.775,24.775,24.55,25.0,2,COc1ccc2c(c1)CCCN(C)CCc1ccccc1C2,COc1ccc2c(c1)CCCN(C)CCc1ccccc1C2,295.426,3.706500000000003,12.47,0,2,1,3,0.4,1
CHEMBL1172212,46.8,46.8,46.8,46.8,1,O=C(O)C(=O)O.OC1(c2ccccc2)CCN(Cc2cc3ccccc3s2)CC1,OC1(c2ccccc2)CCN(Cc2cc3ccccc3s2)CC1,323.46100000000007,4.384900000000004,23.47,1,3,3,4,0.3,1
CHEMBL4088925,100.0,100.0,100.0,100.0,1,Cc1[nH]c2ccc(Cl)cc2c1C1=CCN(CCCNS(=O)(=O)c2ccc3ccccc3c2)CC1,Cc1[nH]c2ccc(Cl)cc2c1C1=CCN(CCCNS(=O)(=O)c2ccc3ccccc3c2)CC1,494.06000000000023,5.740620000000006,65.2,2,3,7,5,0.2592592592592592,1
CHEMBL4093223,54.8,54.8,54.8,54.8,1,CCCN[C@@H]1Cc2cccc3c2n(c(=O)n3CCCCCCOCCCCc2ccccc2)C1,CCCN[C@@H]1Cc2cccc3c2n(c(=O)n3CCCCCCOCCCCc2ccccc2)C1,463.6660000000004,5.327200000000006,48.19,1,3,15,4,0.5517241379310345,1
CHEMBL2165115,10.95,10.95,10.9,11.0,2,O=c1[nH]c2ccc(OCCCCN3CCC(c4cccc(Cl)c4Cl)CC3)cc2[nH]1,O=c1[nH]c2ccc(OCCCCN3CCC(c4cccc(Cl)c4Cl)CC3)cc2[nH]1,434.36700000000013,5.201600000000004,61.120000000000005,2,3,7,4,0.4090909090909091,1
CHEMBL4096866,37.0,37.0,37.0,37.0,1,O=S(=O)(c1cncc2ccccc12)N1CCC(CCN2CCN(c3cccc(Cl)c3)CC2)CC1,O=S(=O)(c1cncc2ccccc12)N1CCC(CCN2CCN(c3cccc(Cl)c3)CC2)CC1,499.0800000000004,4.501200000000004,56.75000000000001,0,5,6,5,0.4230769230769231,1
CHEMBL3335472,37.0,37.0,37.0,37.0,1,N#Cc1cc(N2CCN(CC[C@H]3CC[C@H](NS(N)(=O)=O)CC3)CC2)cc(C(F)(F)F)c1,N#Cc1cc(N2CCN(CC[C@H]3CC[C@H](NS(N)(=O)=O)CC3)CC2)cc(C(F)(F)F)c1,459.53800000000024,2.4410800000000004,102.46,2,5,6,3,0.65,1
CHEMBL311539,81.3,81.3,81.3,81.3,1,Clc1ccc2[nH]ccc2c1N1CCN(Cc2ccccc2)CC1,Clc1ccc2[nH]ccc2c1N1CCN(Cc2ccccc2)CC1,325.843,4.143500000000003,22.270000000000003,1,2,3,4,0.2631578947368421,1
CHEMBL3084517,40.1,40.1,40.1,40.1,1,O[C@@]1(c2cccc(Cl)c2Cl)C[C@H]2CC[C@@H](C1)N2Cc1coc2ccccc12,O[C@@]1(c2cccc(Cl)c2Cl)C[C@H]2CC[C@@H](C1)N2Cc1coc2ccccc12,402.32100000000014,5.754200000000004,36.61,1,3,3,5,0.3636363636363636,1
CHEMBL5870352,86.0,86.0,86.0,86.0,1,CN1Cc2c(C(=O)N[C@H]3CC[C@H](CCN4C[C@@H]5C[C@]5(c5cc(C(C)(F)F)on5)C4)CC3)cccc2C1=O,CN1Cc2c(C(=O)N[C@H]3CC[C@H](CCN4C[C@@H]5C[C@]5(c5cc(C(C)(F)F)on5)C4)CC3)cccc2C1=O,512.6010000000002,4.324100000000003,78.68,1,5,7,6,0.6071428571428571,1
CHEMBL309106,24.0,24.0,23.0,25.0,2,CC(C)Oc1ccccc1N1CCN(C[C@@H](O)CNC(=O)c2ccc3c(c2)C(=O)N(c2ccc(N(C)C)cc2)C3=O)CC1,CC(C)Oc1ccccc1N1CCN(C[C@@H](O)CNC(=O)c2ccc3c(c2)C(=O)N(c2ccc(N(C)C)cc2)C3=O)CC1,585.7050000000002,3.253300000000002,105.65999999999995,2,8,10,5,0.3636363636363636,1
CHEMBL1834258,89.0,89.0,89.0,89.0,1,c1ccc(CCCCN2CCN(Cc3cc4ccccc4o3)CC2)cc1,c1ccc(CCCCN2CCN(Cc3cc4ccccc4o3)CC2)cc1,348.4900000000001,4.573300000000004,19.62,0,3,7,4,0.391304347826087,1
CHEMBL1257927,50.5,50.5,46.0,55.0,2,Cc1ccc(C)c(C(=O)CCCN2CCC(O)(c3cc(C)ccc3C)CC2)c1,Cc1ccc(C)c(C(=O)CCCN2CCC(O)(c3cc(C)ccc3C)CC2)c1,379.54400000000015,4.866780000000005,40.540000000000006,1,3,6,3,0.48,1
CHEMBL3932186,2.1,2.1,2.1,2.1,1,O=C(NC[C@H]1CC[C@H](CN2CCN(c3nsc4cc(Cl)ccc34)CC2)CC1)c1ccco1,O=C(NC[C@H]1CC[C@H](CN2CCN(c3nsc4cc(Cl)ccc34)CC2)CC1)c1ccco1,473.04200000000026,4.901100000000005,61.61000000000001,1,6,6,5,0.5,1
CHEMBL255229,72.3,72.3,72.3,72.3,1,CCCN1CCc2cccc3c2[C@H]1Cc1cccc(OC(C)=O)c1-3,CCCN1CCc2cccc3c2[C@H]1Cc1cccc(OC(C)=O)c1-3,321.4200000000001,4.144200000000003,29.54,0,3,3,4,0.3809523809523809,1
CHEMBL1928135,49.5,49.5,32.0,67.0,2,CCOCCOCc1ccn2ncc(C(=O)NCCCN3CCN(c4ccccc4OC)CC3)c2c1,CCOCCOCc1ccn2ncc(C(=O)NCCCN3CCN(c4ccccc4OC)CC3)c2c1,495.6240000000004,2.8381000000000007,80.57,1,7,13,4,0.4814814814814814,1
CHEMBL1258762,11.2,11.2,11.2,11.2,1,O=C1NCc2cc(F)c(OCCCCN3CCN(c4cccc5ccc(F)cc45)CC3)cc21,O=C1NCc2cc(F)c(OCCCCN3CCN(c4cccc5ccc(F)cc45)CC3)cc21,451.51700000000017,4.342600000000004,44.81,1,4,7,5,0.3461538461538461,1
CHEMBL3589577,91.5,91.5,73.0,110.0,2,CCCN(CCNC(=O)/N=N/c1cc(F)c(F)c(F)c1)C1Cc2ccccc2C1,CCCN(CCNC(=O)/N=N/c1cc(F)c(F)c(F)c1)C1Cc2ccccc2C1,404.43600000000015,4.776600000000004,57.06,1,3,7,3,0.3809523809523809,1
CHEMBL6000555,100.0,100.0,100.0,100.0,1,CC(=O)NC1(C)CCN(C[C@H]2COc3ccc(Br)cc3O2)CC1,CC(=O)NC1(C)CCN(C[C@H]2COc3ccc(Br)cc3O2)CC1,383.2860000000001,2.5795000000000012,50.80000000000001,1,4,3,3,0.5882352941176471,1
CHEMBL2029917,69.6,69.6,69.6,69.6,1,O=C(Cc1cccnc1)Nc1ccc(CCN2CCN(c3ccccc3)CC2)cc1,O=C(Cc1cccnc1)Nc1ccc(CCN2CCN(c3ccccc3)CC2)cc1,400.52600000000007,3.627500000000002,48.470000000000006,1,4,7,4,0.28,1
CHEMBL211915,80.0,80.0,80.0,80.0,1,Clc1ccc2c(c1)N=C(N1CCN(Cc3cccc4c3OCO4)CC1)c1ccccc1N2,Clc1ccc2c(c1)N=C(N1CCN(Cc3cccc4c3OCO4)CC1)c1ccccc1N2,446.9380000000002,5.021800000000005,49.33,1,6,2,6,0.24,1
CHEMBL5779786,55.0,55.0,55.0,55.0,1,O=C(NC(c1ccc(F)cc1)c1ccc(Cl)cc1)C1CCN(CCOc2ccccc2)CC1,O=C(NC(c1ccc(F)cc1)c1ccc(Cl)cc1)C1CCN(CCOc2ccccc2)CC1,466.9840000000004,5.475700000000005,41.57000000000001,1,3,8,4,0.2962962962962963,1
CHEMBL133830,40.65,40.65,3.3,78.0,2,NC1CCc2ccc(O)cc2C1,NC1CCc2ccc(O)cc2C1,163.21999999999997,1.2082,46.25,2,2,0,2,0.4,1
CHEMBL3798017,26.0,26.0,26.0,26.0,1,COc1ccccc1OCCNC[C@@H](O)COc1cccc2[nH]c3ccccc3c12,COc1ccccc1OCCNC[C@@H](O)COc1cccc2[nH]c3ccccc3c12,406.482,3.738000000000002,75.74000000000001,3,5,10,4,0.25,1
CHEMBL91446,92.0,92.0,92.0,92.0,1,COC[C@@H]1CCCN1CCc1c(-c2ccccc2)[nH]c2ccccc12,COC[C@@H]1CCCN1CCc1c(-c2ccccc2)[nH]c2ccccc12,334.4630000000001,4.4882000000000035,28.26,1,2,6,4,0.3636363636363636,1
CHEMBL1771111,3.5999999999999996,3.5999999999999996,2.1,5.1,2,COc1ccccc1N1CCN(CCCCN2CCCc3cc(-c4cccs4)ccc3C2=O)CC1,COc1ccccc1N1CCN(CCCCN2CCCc3cc(-c4cccs4)ccc3C2=O)CC1,489.68500000000023,5.414500000000006,36.02,0,5,8,5,0.4137931034482758,1
CHEMBL1087585,7.0,7.0,7.0,7.0,1,CS(=O)(=O)Nc1cc(OCCN2CC3CCC(C2)C3Cc2ccc3c(c2)NC(=O)CC3)ccc1F,CS(=O)(=O)Nc1cc(OCCN2CC3CCC(C2)C3Cc2ccc3c(c2)NC(=O)CC3)ccc1F,501.62400000000025,3.6614000000000018,87.74000000000001,2,5,8,5,0.5,1
CHEMBL3747459,46.0,46.0,46.0,46.0,1,CC(C)c1ccccc1OCCN1CCC(N(C)S(=O)(=O)c2cnn(C)c2)CC1,CC(C)c1ccccc1OCCN1CCC(N(C)S(=O)(=O)c2cnn(C)c2)CC1,420.5790000000001,2.7074000000000007,67.67,0,5,8,3,0.5714285714285714,1
CHEMBL5558071,15.0,15.0,15.0,15.0,1,O=C1CN2c3c(cccc3[C@@H]3CN(CCCc4n[nH]c5cc(F)ccc45)CC[C@@H]32)N1,O=C1CN2c3c(cccc3[C@@H]3CN(CCCc4n[nH]c5cc(F)ccc45)CC[C@@H]32)N1,405.4770000000001,3.264800000000001,64.26,2,4,4,6,0.391304347826087,1
CHEMBL351300,100.0,100.0,100.0,100.0,1,O=C(/C=C/c1ccc(F)cc1)N[C@H]1CC[C@H](CCN2Cc3ccc(Br)cc3C2)CC1,O=C(/C=C/c1ccc(F)cc1)N[C@H]1CC[C@H](CCN2Cc3ccc(Br)cc3C2)CC1,471.4140000000002,5.682300000000005,32.34,1,2,6,4,0.4,1
CHEMBL5639121,22.4,22.4,22.4,22.4,1,C=CCN1C[C@H](OC(=O)Nc2ccc(-c3ccccn3)cc2)C[C@H]1CNC(=O)c1cc(CCCF)cc(OC)c1OC,C=CCN1C[C@H](OC(=O)Nc2ccc(-c3ccccn3)cc2)C[C@H]1CNC(=O)c1cc(CCCF)cc(OC)c1OC,576.6690000000002,5.275300000000005,102.02,2,7,13,4,0.34375,1
CHEMBL4225278,62.0,67.33333333333333,42.0,98.0,3,CCCCCCCCCN1CCC(c2cccc(O)c2)C1,CCCCCCCCCN1CCC(c2cccc(O)c2)C1,289.463,4.932100000000006,23.47,1,2,9,2,0.6842105263157895,1
CHEMBL1204203,22.0,22.0,22.0,22.0,1,CCS(=O)(=O)Nc1cccc(N2CCN(CCCCN3C(=O)C4CCCN4C3=O)CC2)c1.Cl,CCS(=O)(=O)Nc1cccc(N2CCN(CCCCN3C(=O)C4CCCN4C3=O)CC2)c1,463.6040000000004,1.7770000000000008,93.27,1,6,9,4,0.6363636363636364,1
CHEMBL4085752,8.85,11.95,1.1,29.0,4,O/N=C/c1cnn2ccc(OCCCCN3CCN(c4ccc(O)c5c4OCCO5)CC3)cc12,O/N=C/c1cnn2ccc(OCCCCN3CCN(c4ccc(O)c5c4OCCO5)CC3)cc12,467.5260000000003,2.6004000000000005,104.29000000000002,2,9,8,5,0.4166666666666667,1
CHEMBL26120,15.0,15.0,15.0,15.0,1,Cc1nn(C2CCN(Cc3cccc(C#N)c3)CC2)cc1-c1ccccc1,Cc1nn(C2CCN(Cc3cccc(C#N)c3)CC2)cc1-c1ccccc1,356.47300000000007,4.567300000000004,44.85,0,3,4,4,0.3043478260869565,1
CHEMBL3298830,15.495,15.495,15.49,15.5,2,COc1nc2sc(C(=O)NCCCCCN3CCN(c4cccc(Cl)c4Cl)CC3)c(N)c2c(C)c1Cl,COc1nc2sc(C(=O)NCCCCCN3CCN(c4cccc(Cl)c4Cl)CC3)c(N)c2c(C)c1Cl,570.9740000000003,5.878020000000006,83.72,2,7,9,4,0.44,1
CHEMBL1108,0.802,0.802,0.802,0.802,1,O=C(CCCN1CC=C(n2c(=O)[nH]c3ccccc32)CC1)c1ccc(F)cc1,O=C(CCCN1CC=C(n2c(=O)[nH]c3ccccc32)CC1)c1ccc(F)cc1,379.4350000000002,3.6784000000000026,58.1,1,3,6,4,0.2727272727272727,1
CHEMBL78058,4.6,4.6,4.6,4.6,1,O=C(NCCN1CCN(c2cccc3nc(O)oc23)CC1)c1ccc(F)cc1,O=C(NCCN1CCN(c2cccc3nc(O)oc23)CC1)c1ccc(F)cc1,384.4110000000002,2.2245,81.84,2,6,5,4,0.3,1
CHEMBL280955,18.0,84.33333333333333,18.0,217.0,3,C=CCN1CC[C@H]2c3cccc(OC)c3CC[C@H]21,C=CCN1CC[C@H]2c3cccc(OC)c3CC[C@H]21,243.34999999999997,2.9853000000000014,12.47,0,2,3,3,0.5,1
CHEMBL78933,35.0,35.0,35.0,35.0,1,CCc1c(C2CCN(Cc3ccccc3)CC2)n[nH]c1-c1ccc(Cl)cc1,CCc1c(C2CCN(Cc3ccccc3)CC2)n[nH]c1-c1ccc(Cl)cc1,379.93500000000006,5.672100000000006,31.92,1,2,5,4,0.3478260869565217,1
CHEMBL4163265,37.0,37.0,37.0,37.0,1,Fc1ccccc1N1CCN(CCCNc2cncc(Cl)n2)CC1,Fc1ccccc1N1CCN(CCCNc2cncc(Cl)n2)CC1,349.84100000000007,2.893300000000001,44.29,1,5,6,3,0.4117647058823529,1
CHEMBL3676910,51.8,51.8,51.8,51.8,1,O=C(N[C@H]1CC[C@H](CCN2CCC(c3coc4ccccc34)CC2)CC1)c1ccc(N2CCOCC2)nc1,O=C(N[C@H]1CC[C@H](CCN2CCC(c3coc4ccccc34)CC2)CC1)c1ccc(N2CCOCC2)nc1,516.6860000000005,5.222700000000005,70.84,1,6,7,6,0.5483870967741935,1
CHEMBL609151,2.0,2.0,2.0,2.0,1,CN1C[C@H](C(N)=O)C=C2c3cccc4[nH]c(Br)c(c34)C[C@H]21,CN1C[C@H](C(N)=O)C=C2c3cccc4[nH]c(Br)c(c34)C[C@H]21,346.2280000000001,2.2854,62.12,2,2,1,4,0.3125,1
CHEMBL318374,15.9,15.9,15.9,15.9,1,COC(=O)c1cc2c3c(ccc2[nH]1)OCC(CNCCCc1ccccc1)O3,COC(=O)c1cc2c3c(ccc2[nH]1)OCC(CNCCCc1ccccc1)O3,380.4440000000002,3.3167000000000018,72.58000000000001,2,5,7,4,0.3181818181818182,1
CHEMBL354180,19.0,19.0,10.0,28.0,2,CNc1cc(OC)c(C(=O)NC[C@@H]2CN(Cc3ccccc3)C[C@H]2C)cc1Cl,CNc1cc(OC)c(C(=O)NC[C@@H]2CN(Cc3ccccc3)C[C@H]2C)cc1Cl,401.9380000000001,3.888200000000003,53.6,2,4,7,3,0.4090909090909091,1
CHEMBL2159469,24.0,24.0,24.0,24.0,1,O=C(NC1CCN(CCOc2ccccc2-c2ccccc2)C1)c1ccc2ccccc2n1,O=C(NC1CCN(CCOc2ccccc2-c2ccccc2)C1)c1ccc2ccccc2n1,437.5430000000002,4.784900000000004,54.46000000000001,1,4,7,5,0.2142857142857142,1
CHEMBL299879,63.0,63.0,63.0,63.0,1,O=[N+]([O-])c1ccccc1S(=O)(=O)NC[C@H]1CC[C@H](CNCC2CCc3ccccc3C2)CC1,O=[N+]([O-])c1ccccc1S(=O)(=O)NC[C@H]1CC[C@H](CNCC2CCc3ccccc3C2)CC1,471.62300000000033,4.074200000000003,101.34,2,5,9,4,0.52,1
CHEMBL80318,90.0,90.0,90.0,90.0,1,Cc1c(-c2ccccc2)n[nH]c1C1=CCN(CCc2ccccc2)CC1,Cc1c(-c2ccccc2)n[nH]c1C1=CCN(CCc2ccccc2)CC1,343.47400000000005,4.7169200000000036,31.92,1,2,5,4,0.2608695652173913,1
CHEMBL3646151,1.1,1.1,1.1,1.1,1,CN1CCN(C2=Nc3ccccc3Sc3ccc(F)cc32)CC1,CN1CCN(C2=Nc3ccccc3Sc3ccc(F)cc32)CC1,327.4280000000001,3.6160000000000023,18.84,0,4,0,4,0.2777777777777778,1
CHEMBL11066,1.45,1.45,0.5,2.4,2,CCCN1CC[C@@H]2Cc3c(O)cccc3C[C@H]21,CCCN1CC[C@@H]2Cc3c(O)cccc3C[C@H]21,231.339,2.5913000000000004,23.47,1,2,2,3,0.6,1
CHEMBL1188090,64.4,64.4,64.4,64.4,1,CCCN(CCc1ccccc1)CCc1cccc(O)c1,CCCN(CCc1ccccc1)CCc1cccc(O)c1,283.41499999999996,3.889400000000003,23.47,1,2,8,2,0.3684210526315789,1
CHEMBL2037526,25.0,25.233333333333334,25.0,25.7,3,O=C(CCCCN1CCC2(CC1)C(=O)NCN2c1ccccc1)c1nc2ccccc2s1,O=C(CCCCN1CCC2(CC1)C(=O)NCN2c1ccccc1)c1nc2ccccc2s1,448.5920000000001,4.0778000000000025,65.54,1,6,7,5,0.4,1
CHEMBL314983,70.0,70.0,70.0,70.0,2,c1ccc(N2CCN(CCCOc3ccc(-c4nc5ccccc5[nH]4)cc3)CC2)nc1,c1ccc(N2CCN(CCCOc3ccc(-c4nc5ccccc5[nH]4)cc3)CC2)nc1,413.5250000000001,4.216000000000003,57.28,1,5,7,5,0.28,1
CHEMBL569107,57.7,57.7,57.7,57.7,1,CCCN(CCN1CCN(c2cccc3ncccc23)CC1)[C@H]1CCc2nc(N)sc2C1,CCCN(CCN1CCN(c2cccc3ncccc23)CC1)[C@H]1CCc2nc(N)sc2C1,450.65600000000035,3.665000000000002,61.52,1,7,7,5,0.52,1
CHEMBL423198,100.0,100.0,100.0,100.0,1,COc1ccc(S(=O)(=O)N2CCOCC2)cc1-c1ccc(CN2CCCCCC2c2ccccc2)[nH]1,COc1ccc(S(=O)(=O)N2CCOCC2)cc1-c1ccc(CN2CCCCCC2c2ccccc2)[nH]1,509.6720000000003,4.8285000000000045,74.87,1,5,7,5,0.4285714285714285,1
CHEMBL442290,6.0,6.0,6.0,6.0,1,O=C(NC1CCc2ccc(CCN3CCN(c4nsc5ccccc45)CC3)cc21)c1ccc(F)cc1,O=C(NC1CCc2ccc(CCN3CCN(c4nsc5ccccc45)CC3)cc21)c1ccc(F)cc1,500.6430000000002,5.217400000000006,48.470000000000006,1,5,6,6,0.3103448275862069,1
CHEMBL551927,15.85,15.85,15.85,15.85,1,C[C@@]12CC(c3ccccc3)C[C@@H](C1)N(CCN1CCN(c3cccc(Cl)c3)C1=O)C2,C[C@@]12CC(c3ccccc3)C[C@@H](C1)N(CCN1CCN(c3cccc(Cl)c3)C1=O)C2,423.9880000000001,5.240200000000006,26.79,0,2,5,5,0.48,1
CHEMBL3289987,100.0,100.0,100.0,100.0,1,O=S(=O)(NCCCCN1CCN(c2noc3ccccc23)CC1)c1cnc2ccccn12,O=S(=O)(NCCCCN1CCN(c2noc3ccccc23)CC1)c1cnc2ccccn12,454.55600000000015,2.3562000000000003,95.98,1,7,8,5,0.3636363636363636,1
CHEMBL305392,10.0,10.0,10.0,10.0,1,N#Cc1ccc2c(c1)C1CN(Cc3ccccc3)CC1CC2,N#Cc1ccc2c(c1)C1CN(Cc3ccccc3)CC1CC2,288.39400000000006,3.720080000000003,27.03,0,2,2,4,0.35,1
CHEMBL5201984,18.0,18.0,18.0,18.0,1,O=c1n(CCCCCCN2CCN(c3cccc(Cl)c3)CC2)c2cccc3c2n1CCC3,O=c1n(CCCCCCN2CCN(c3cccc(Cl)c3)CC2)c2cccc3c2n1CCC3,453.0300000000003,4.785200000000004,33.410000000000004,0,3,8,5,0.5,1
CHEMBL479,19.5,19.5,12.0,27.0,2,CSc1ccc2c(c1)N(CCC1CCCCN1C)c1ccccc1S2,CSc1ccc2c(c1)N(CCC1CCCCN1C)c1ccccc1S2,370.587,5.885600000000005,6.48,0,4,4,4,0.4285714285714285,1
CHEMBL228389,83.0,83.0,83.0,83.0,2,COc1ccc(S(=O)(=O)N[C@H]2CC[C@H](N3CCC(c4ccccc4OCC(F)(F)F)CC3)CC2)cc1OC,COc1ccc(S(=O)(=O)N[C@H]2CC[C@H](N3CCC(c4ccccc4OCC(F)(F)F)CC3)CC2)cc1OC,556.6470000000003,5.114000000000005,77.10000000000001,1,6,9,4,0.5555555555555556,1
CHEMBL149723,6.7,6.7,6.7,6.7,1,CSc1cc2c(c(C(=O)NC[C@H]3CCCN3CCc3ccccc3)c1)OCC2,CSc1cc2c(c(C(=O)NC[C@H]3CCCN3CCc3ccccc3)c1)OCC2,396.55600000000015,3.780300000000003,41.57000000000001,1,4,7,4,0.4347826086956521,1
CHEMBL6162815,75.86,75.86,75.86,75.86,1,O=C1CCc2ccccc2N1CCCN1CCN(c2ccccc2-c2ccccc2)CC1,O=C1CCc2ccccc2N1CCCN1CCN(c2ccccc2-c2ccccc2)CC1,425.57600000000014,4.845100000000005,26.790000000000006,0,3,6,5,0.3214285714285714,1
CHEMBL246021,83.1,83.1,83.1,83.1,1,CC(=O)NC1(c2ccc(Cl)cc2)CCN(Cc2c[nH]c3ccccc23)CC1,CC(=O)NC1(c2ccc(Cl)cc2)CCN(Cc2c[nH]c3ccccc23)CC1,381.9070000000001,4.448700000000003,48.13,2,2,4,4,0.3181818181818182,1
CHEMBL4472382,1.514,1.514,1.514,1.514,1,OC1(c2ccc(Cl)cc2)CCN(CC[C@H]2C[C@@H]2c2ccc(F)cc2)CC1,OC1(c2ccc(Cl)cc2)CCN(CC[C@H]2C[C@@H]2c2ccc(F)cc2)CC1,373.89900000000006,4.956300000000005,23.47,1,2,5,4,0.4545454545454545,1
CHEMBL3187365,8.9,8.9,8.9,8.9,1,CN1CC2c3ccccc3Oc3ccc(Cl)cc3C2C1,CN1CC2c3ccccc3Oc3ccc(Cl)cc3C2C1,285.77400000000006,4.258500000000003,12.47,0,2,0,4,0.2941176470588235,1
CHEMBL5790341,5.6,5.6,5.6,5.6,1,O=C1CCc2cc(OCCCN3CCC(C4=NOC5C=C(F)C=CC45)CC3)ccc2N1,O=C1CCc2cc(OCCCN3CCC(C4=NOC5C=C(F)C=CC45)CC3)ccc2N1,425.5040000000001,3.8464000000000023,63.16,1,5,6,5,0.5,1
CHEMBL3409235,70.0,70.0,70.0,70.0,1,O=C1CCc2ccc(OCCCCNCCc3cn(Cc4ccccc4)c4ccccc34)cc2N1,O=C1CCc2ccc(OCCCCNCCc3cn(Cc4ccccc4)c4ccccc34)cc2N1,467.6130000000001,5.565600000000005,55.29,2,3,11,5,0.3,1
CHEMBL5424052,8.57,8.57,8.57,8.57,1,O=C(NCCCCN1CCN(c2ccccc2C(F)(F)F)CC1)c1n[nH]c2ccccc12,O=C(NCCCCN1CCN(c2ccccc2C(F)(F)F)CC1)c1n[nH]c2ccccc12,445.4890000000002,3.9139000000000026,64.26,2,4,7,4,0.391304347826087,1
CHEMBL5990865,79.0,79.0,79.0,79.0,2,CC(F)(F)COc1nc2c(s1)CCN(CC[C@H]1CC[C@H](NS(=O)(=O)c3cccc(F)c3)CC1)C2,CC(F)(F)COc1nc2c(s1)CCN(CC[C@H]1CC[C@H](NS(=O)(=O)c3cccc(F)c3)CC1)C2,517.6390000000002,4.601700000000004,71.53,1,6,9,4,0.6086956521739131,1
CHEMBL5189648,52.0,52.0,52.0,52.0,1,Nc1nc(NCCCCN2CCN(c3ccccc3)CC2)nc(NCCc2c[nH]c3ccccc23)n1,Nc1nc(NCCCCN2CCN(c3ccccc3)CC2)nc(NCCc2c[nH]c3ccccc23)n1,485.6400000000002,3.604000000000001,111.02,4,8,11,5,0.3703703703703703,1
CHEMBL2165673,45.9,45.9,45.9,45.9,1,CN1CCN(c2cccc(Cl)c2Cl)CC1,CN1CCN(c2cccc(Cl)c2Cl)CC1,245.1529999999999,2.7452000000000014,6.48,0,2,1,2,0.4545454545454545,1
CHEMBL91621,86.0,86.0,86.0,86.0,1,O=C(Nc1ccccc1)NC1CCN(Cc2ccccc2)CC1,O=C(Nc1ccccc1)NC1CCN(Cc2ccccc2)CC1,309.413,3.4727000000000023,44.370000000000005,2,2,4,3,0.3157894736842105,1
CHEMBL99198,25.06,25.06,25.0,25.12,2,O=C(NCCCCN1CCC[C@H]2c3cccc(O)c3CC[C@@H]21)c1ccc(-c2ccccc2)cc1,O=C(NCCCCN1CCC[C@H]2c3cccc(O)c3CC[C@@H]21)c1ccc(-c2ccccc2)cc1,454.61400000000026,5.7636000000000065,52.57000000000001,2,3,7,5,0.3666666666666666,1
CHEMBL184770,51.29,51.29,51.29,51.29,2,Cc1cccc(N2CCN(CCc3ccc4[nH]nnc4c3)CC2)c1C,Cc1cccc(N2CCN(CCc3ccc4[nH]nnc4c3)CC2)c1C,335.45500000000015,2.939440000000001,48.05,1,4,4,4,0.4,1
CHEMBL5821806,68.3,68.3,68.3,68.3,1,COc1cc(CCCCCNCCC[C@@H]2CCc3nc(N)sc3C2)ccc1O,COc1cc(CCCCCNCCC[C@@H]2CCc3nc(N)sc3C2)ccc1O,403.5920000000001,4.327200000000003,80.4,3,6,11,3,0.5909090909090909,1
CHEMBL3577346,0.505,0.505,0.47,0.54,2,CCCCn1cc(CCCOc2ccc(C(=O)NCCCCN(CCC)[C@H]3CCc4c(O)cccc4C3)cc2OC)nn1,CCCCn1cc(CCCOc2ccc(C(=O)NCCCCN(CCC)[C@H]3CCc4c(O)cccc4C3)cc2OC)nn1,591.7970000000004,5.583500000000006,101.74,2,7,18,4,0.5588235294117647,1
CHEMBL422788,10.8,10.8,10.8,10.8,1,Cc1cc2ccc(OCCCN3CCN(c4ccccc4)CC3)cc2oc1=O,Cc1cc2ccc(OCCCN3CCN(c4ccccc4)CC3)cc2oc1=O,378.47200000000015,3.6925200000000022,45.92,0,5,6,4,0.3478260869565217,1
CHEMBL5185787,32.0,32.0,32.0,32.0,1,O=c1n(CCCCCCN2CCN(c3cccc4ccccc34)CC2)nc2ccccn12,O=c1n(CCCCCCN2CCN(c3cccc4ccccc34)CC2)nc2ccccn12,429.56800000000015,4.031800000000003,45.78,0,4,8,5,0.3846153846153846,1
CHEMBL5918398,33.0,33.0,33.0,33.0,1,CCC(F)(F)c1conc1C1CCN(CC[C@H]2CC[C@H](NC(=O)c3cccc4nn(C)cc34)CC2)CC1,CCC(F)(F)c1conc1C1CCN(CC[C@H]2CC[C@H](NC(=O)c3cccc4nn(C)cc34)CC2)CC1,513.6330000000003,5.621400000000005,76.19,1,5,8,5,0.6071428571428571,1
CHEMBL328119,73.0,73.0,73.0,73.0,1,O=S(=O)(Oc1cccc([C@@H]2CCCN(CCc3ccccc3)C2)c1)C(F)(F)F,O=S(=O)(Oc1cccc([C@@H]2CCCN(CCc3ccccc3)C2)c1)C(F)(F)F,413.461,4.337100000000004,46.61000000000001,0,4,6,3,0.4,1
CHEMBL5789483,78.0,78.0,78.0,78.0,1,CCN(CCCN1CCN(c2noc3cc(F)ccc23)CC1)S(=O)(=O)C(C)CO,CCN(CCCN1CCN(c2noc3cc(F)ccc23)CC1)S(=O)(=O)C(C)CO,428.53000000000026,1.5114999999999998,90.12,1,7,9,3,0.631578947368421,1
CHEMBL4565126,87.3,87.3,87.3,87.3,1,COc1ccc(CN2CC=C(c3c[nH]c4ccccc34)CC2)cc1,COc1ccc(CN2CC=C(c3c[nH]c4ccccc34)CC2)cc1,318.42000000000013,4.465800000000003,28.26,1,2,4,4,0.238095238095238,1
CHEMBL5435325,88.965,88.965,88.8,89.13,2,CC(C)Oc1cccc2c3c(oc12)CN(CCCCOc1ccc2ccc(=O)[nH]c2c1)CC3,CC(C)Oc1cccc2c3c(oc12)CN(CCCCOc1ccc2ccc(=O)[nH]c2c1)CC3,446.5470000000002,5.278800000000005,67.7,1,5,8,5,0.3703703703703703,1
CHEMBL4483554,16.0,16.0,16.0,16.0,1,COc1ccc2[nH]cc(C3CC(=O)N(CCCCN4CCC(c5c[nH]c6ccccc56)CC4)C3=O)c2c1,COc1ccc2[nH]cc(C3CC(=O)N(CCCCN4CCC(c5c[nH]c6ccccc56)CC4)C3=O)c2c1,498.62700000000024,5.160100000000005,81.43,2,4,8,6,0.4,1
CHEMBL458759,100.0,100.0,100.0,100.0,1,O=C(NCCCCN1CCN(c2cccc(OCCF)c2)CC1)c1ccc2nonc2c1,O=C(NCCCCN1CCN(c2cccc(OCCF)c2)CC1)c1ccc2nonc2c1,441.50700000000023,2.9033000000000007,83.73,1,7,10,4,0.4347826086956521,1
CHEMBL2021538,61.85,61.85,8.7,115.0,2,CCCN[C@H]1CCc2c(cccc2CS(=O)(=O)C(F)(F)F)C1.Cl,CCCN[C@H]1CCc2c(cccc2CS(=O)(=O)C(F)(F)F)C1,335.391,2.9781000000000013,46.17,1,3,5,2,0.6,1
CHEMBL490533,99.6,99.6,80.2,119.0,2,COc1ccc2c(c1OC)CN1CCc3cc4c(cc3[C@@H]1C2)OCO4,COc1ccc2c(c1OC)CN1CCc3cc4c(cc3[C@@H]1C2)OCO4,339.3910000000001,3.088000000000002,40.16,0,5,2,5,0.4,1
CHEMBL311575,16.5,16.5,16.5,16.5,1,Cc1ccc(N2CCN(CC[C@H]3CC[C@H](NC(=O)c4cccs4)CC3)CC2)cc1,Cc1ccc(N2CCN(CC[C@H]3CC[C@H](NC(=O)c4cccs4)CC3)CC2)cc1,411.61500000000024,4.557420000000004,35.58,1,4,6,4,0.5416666666666666,1
CHEMBL539057,82.0,82.0,82.0,82.0,1,CN1CCC(C2=Cc3ccccc3Oc3ccccc32)CC1.Cl,CN1CCC(C2=Cc3ccccc3Oc3ccccc32)CC1,291.3940000000001,4.674700000000004,12.47,0,2,1,4,0.3,1
CHEMBL405260,62.5,62.5,46.0,79.0,2,FCCOc1ccccc1N1CCN(Cc2cc3ccccn3n2)CC1,FCCOc1ccccc1N1CCN(Cc2cc3ccccn3n2)CC1,354.42900000000003,3.0048000000000012,33.010000000000005,0,4,6,4,0.35,1
CHEMBL1774074,1.0,1.0,1.0,1.0,1,O=C1CCc2ccc(OCCCCN3CCN(c4cccc(C(F)(F)F)c4Cl)CC3)nc2N1,O=C1CCc2ccc(OCCCCN3CCN(c4cccc(C(F)(F)F)c4Cl)CC3)nc2N1,482.9340000000001,4.619700000000004,57.7,1,5,7,4,0.4782608695652174,1
CHEMBL4876353,74.4,74.4,74.4,74.4,1,CCc1cc(Cl)c(OC)c(C(=O)NC[C@@H]2CCCN2CCc2c(C)nc3n(c2=O)CCCC3)c1O,CCc1cc(Cl)c(OC)c(C(=O)NC[C@@H]2CCCN2CCc2c(C)nc3n(c2=O)CCCC3)c1O,503.04300000000046,3.2549200000000016,96.69,2,6,8,4,0.5769230769230769,1
CHEMBL494661,7.8,7.8,7.8,7.8,1,CC(C)c1ccccc1N1CCN(CCCCCC(=O)NCc2ccc(OS(C)(=O)=O)cc2)CC1,CC(C)c1ccccc1N1CCN(CCCCCC(=O)NCc2ccc(OS(C)(=O)=O)cc2)CC1,501.6930000000002,4.147200000000003,78.95,1,6,12,3,0.5185185185185185,1
CHEMBL317535,59.0,59.0,59.0,59.0,1,CCOC(=O)c1[nH]c2ccccc2c1CCN(C)C,CCOC(=O)c1[nH]c2ccccc2c1CCN(C)C,260.337,2.4487000000000005,45.330000000000005,1,3,5,2,0.4,1
CHEMBL4795213,15.1,15.1,15.1,15.1,1,CN1CCc2ccc(OCC(O)CN3CCC(c4noc5cc(F)ccc45)CC3)cc2C1=O,CN1CCc2ccc(OCC(O)CN3CCC(c4noc5cc(F)ccc45)CC3)cc2C1=O,453.5140000000002,3.2143000000000015,79.04,1,6,6,5,0.44,1
CHEMBL4093477,8.43,8.43,8.43,8.43,1,CCCN(CCCCNC(=O)c1cc2ccccc2[nH]1)[C@@H]1Cc2cccc3c2n(c(=O)n3CCC)C1,CCCN(CCCCNC(=O)c1cc2ccccc2[nH]1)[C@@H]1Cc2cccc3c2n(c(=O)n3CCC)C1,487.6480000000004,4.541200000000004,75.06,2,3,11,5,0.4482758620689655,1
CHEMBL253319,54.6,54.6,54.6,54.6,1,CN1CCc2ccc3c(=O)[nH]c4cccc5c4c3c2[C@H]1C5,CN1CCc2ccc3c(=O)[nH]c4cccc5c4c3c2[C@H]1C5,276.339,2.766400000000001,36.1,1,2,0,5,0.2777777777777778,1
CHEMBL208018,70.79,61.59666666666667,43.0,71.0,3,Cc1nn(-c2ccccc2)cc1CN1CCN(c2ccccc2)CC1,Cc1nn(-c2ccccc2)cc1CN1CCN(c2ccccc2)CC1,332.451,3.5029200000000023,24.300000000000004,0,3,4,4,0.2857142857142857,1
CHEMBL51433,82.0,82.0,32.0,132.0,2,COc1ccccc1N1CCN(CCn2c(=O)[nH]c3ccccc3c2=O)CC1,COc1ccccc1N1CCN(CCn2c(=O)[nH]c3ccccc3c2=O)CC1,380.44800000000015,1.5205999999999995,70.57,1,5,5,4,0.3333333333333333,1
CHEMBL3220220,54.95,54.95,54.95,54.95,1,O=C1CC(CN2CC=C(c3c[nH]c4cc(F)ccc34)CC2)Cc2nc(N3CCCC3)sc21,O=C1CC(CN2CC=C(c3c[nH]c4cc(F)ccc34)CC2)Cc2nc(N3CCCC3)sc21,450.5830000000004,4.898100000000005,52.23,1,5,4,6,0.44,1
CHEMBL346398,52.5,52.5,52.5,52.5,1,Cc1ccc(C2CCN(Cc3ccc4c(c3)NC(=O)CO4)CC2)cc1,Cc1ccc(C2CCN(Cc3ccc4c(c3)NC(=O)CO4)CC2)cc1,336.4350000000002,3.7055200000000017,41.57000000000001,1,3,3,4,0.3809523809523809,1
CHEMBL15242,31.0,31.0,31.0,31.0,1,CN1CCN(c2nc3ccccc3c(Cl)c2Sc2ccccc2)CC1,CN1CCN(c2nc3ccccc3c(Cl)c2Sc2ccccc2)CC1,369.9210000000001,4.791200000000004,19.37,0,4,3,4,0.25,1
CHEMBL2312934,16.0,16.0,16.0,16.0,1,O=S(=O)(NCCCN1CCN(c2cccc(Cl)c2Cl)CC1)c1ccc2cccnc2c1,O=S(=O)(NCCCN1CCN(c2cccc(Cl)c2Cl)CC1)c1ccc2cccnc2c1,479.4330000000002,4.032200000000004,65.54,1,5,7,4,0.3181818181818182,1
CHEMBL3409262,67.0,67.0,67.0,67.0,1,O=S(=O)(c1ccccc1)n1ccc2c(N3CCN(CCCOc4ccc(F)cc4)CC3)cccc21,O=S(=O)(c1ccccc1)n1ccc2c(N3CCN(CCCOc4ccc(F)cc4)CC3)cccc21,493.6040000000002,4.608500000000005,54.78,0,5,8,5,0.2592592592592592,1
CHEMBL3104520,19.05,19.05,19.05,19.05,1,COc1ccccc1N1CCN(CCC2CCc3ccc([N+](=O)[O-])cc3C2O)CC1,COc1ccccc1N1CCN(CCC2CCc3ccc([N+](=O)[O-])cc3C2O)CC1,411.5020000000001,3.411500000000002,79.08,1,6,6,4,0.4782608695652174,1
CHEMBL194312,59.0,59.0,59.0,59.0,1,CC1(C)CCNc2c(CCN3CCN(c4nsc5ccccc45)CC3)cccc21,CC1(C)CCNc2c(CCN3CCN(c4nsc5ccccc45)CC3)cccc21,406.59900000000016,4.754200000000004,31.4,1,5,4,5,0.4583333333333333,1
CHEMBL3753266,1.5,1.5,1.5,1.5,2,CN1CCc2ccccc2Cc2sc3ccccc3c2CC1,CN1CCc2ccccc2Cc2sc3ccccc3c2CC1,307.4620000000001,4.522500000000004,3.24,0,2,0,4,0.3,1
CHEMBL3589652,54.7,54.7,54.7,54.7,1,O=C(NCCC(O)CN1CCN(c2cccc(Cl)c2Cl)CC1)c1ccc2c(c1)-c1ccccc1C2,O=C(NCCC(O)CN1CCN(c2cccc(Cl)c2Cl)CC1)c1ccc2c(c1)-c1ccccc1C2,510.4650000000003,4.867600000000005,55.81,2,4,7,5,0.3214285714285714,1
CHEMBL10085,3.1,3.1,2.2,4.0,2,CC(C)Oc1ccccc1N1CCN(Cc2cccc(C(=O)N3CCCCC3)c2)CC1,CC(C)Oc1ccccc1N1CCN(Cc2cccc(C(=O)N3CCCCC3)c2)CC1,421.5850000000003,4.422100000000004,36.02,0,4,6,4,0.5,1
CHEMBL5758623,16.1,16.1,16.1,16.1,1,CCc1cccc(N2CCN(C/C=C/CCNC(=O)C3N=CC(C)=N3)CC2)c1Cl,CCc1cccc(N2CCN(C/C=C/CCNC(=O)C3N=CC(C)=N3)CC2)c1Cl,415.96900000000016,2.9583000000000013,60.3,1,5,8,3,0.5,1
CHEMBL3588982,42.5,42.5,42.5,42.5,1,COc1ccccc1N1CCN(CCCCn2cc(-c3ccc4ncccc4c3)nn2)CC1,COc1ccccc1N1CCN(CCCCn2cc(-c3ccc4ncccc4c3)nn2)CC1,442.5670000000001,4.104300000000003,59.31,0,6,8,5,0.3461538461538461,1
CHEMBL5079536,53.7,53.7,53.7,53.7,1,Cc1c(S(=O)(=O)N[C@H]2C[C@H](C)N(CCCc3noc4cc(F)ccc34)C2)sc2ccc(Cl)cc12,Cc1c(S(=O)(=O)N[C@H]2C[C@H](C)N(CCCc3noc4cc(F)ccc34)C2)sc2ccc(Cl)cc12,522.0670000000001,5.517320000000005,75.44,1,6,7,5,0.375,1
CHEMBL231349,6.31,6.31,6.31,6.31,1,CC(C)Oc1cc2c(cc1NS(=O)(=O)c1ccc(-c3ccc(Cl)cc3)cc1)CCN(C)CC2,CC(C)Oc1cc2c(cc1NS(=O)(=O)c1ccc(-c3ccc(Cl)cc3)cc1)CCN(C)CC2,485.0490000000003,5.625400000000006,58.64,1,4,6,4,0.3076923076923077,1
CHEMBL91669,11.0,11.0,11.0,11.0,1,Cn1c(-c2ccccc2)cn(C2CCN(Cc3ccccc3)CC2)c1=O,Cn1c(-c2ccccc2)cn(C2CCN(Cc3ccccc3)CC2)c1=O,347.4620000000001,3.690900000000002,30.17,0,2,4,4,0.3181818181818182,1
CHEMBL3265329,0.63,0.63,0.63,0.63,1,C=CCN1CCC[C@H]1CNC(=O)c1cccc(CCCF)c1,C=CCN1CCC[C@H]1CNC(=O)c1cccc(CCCF)c1,304.40900000000005,2.9689000000000014,32.34,1,2,8,2,0.5,1
CHEMBL567286,81.0,81.0,42.0,120.0,2,N#[11C]c1cccc(N2CCN(CCN3CCC(C(F)(F)F)CC3)C2=O)c1,N#[11C]c1cccc(N2CCN(CCN3CCC(C(F)(F)F)CC3)C2=O)c1,365.38743360000007,3.074580000000002,50.580000000000005,0,3,4,3,0.5555555555555556,1
CHEMBL325710,27.0,27.0,27.0,27.0,1,CCCN(CCC)C1Cc2cc3nc(N)sc3cc2C1,CCCN(CCC)C1Cc2cc3nc(N)sc3cc2C1,289.44800000000004,3.4677000000000016,42.150000000000006,1,4,5,3,0.5625,1
CHEMBL230971,44.0,44.0,44.0,44.0,1,Clc1cccc(N2CCN(CCCOc3ccc(-c4cn5ccccc5n4)cc3)CC2)c1Cl,Clc1cccc(N2CCN(CCCOc3ccc(-c4cn5ccccc5n4)cc3)CC2)c1Cl,481.42700000000013,5.899200000000005,33.010000000000005,0,4,7,5,0.2692307692307692,1
CHEMBL5827336,93.0,93.0,93.0,93.0,2,CCc1cc2c(cn1)C(=O)N(CCN1CCN(c3nsc4ccccc34)CC1)CC2,CCc1cc2c(cn1)C(=O)N(CCN1CCN(c3nsc4ccccc34)CC1)CC2,421.57000000000016,3.074200000000002,52.57000000000001,0,6,5,5,0.4347826086956521,1
CHEMBL202713,56.6,56.6,56.6,56.6,1,COc1cccc2cc(C(=O)NCCCCN3CCN(c4[nH]nc5ccccc45)CC3)oc12,COc1cccc2cc(C(=O)NCCCCN3CCN(c4[nH]nc5ccccc45)CC3)oc12,447.53900000000016,3.6499000000000024,86.63000000000001,2,6,8,5,0.36,1
CHEMBL4635603,33.0,33.0,33.0,33.0,1,c1ccc2oc(SCCCCCCN3CCN(c4nsc5ccccc45)CC3)nc2c1,c1ccc2oc(SCCCCCCN3CCN(c4nsc5ccccc45)CC3)nc2c1,452.6490000000001,5.912200000000006,45.400000000000006,0,7,9,5,0.4166666666666667,1
CHEMBL127234,18.0,18.0,18.0,18.0,1,COc1ccccc1N1CCN(Cc2ccccc2CNC(=O)/C=C/c2ccccc2)CC1,COc1ccccc1N1CCN(Cc2ccccc2CNC(=O)/C=C/c2ccccc2)CC1,441.57500000000016,4.347000000000003,44.81,1,4,8,4,0.25,1
CHEMBL2159461,50.0,50.0,50.0,50.0,1,CSc1ccccc1OCCN1CCC(CNS(=O)(=O)c2cccc(Cl)c2)CC1,CSc1ccccc1OCCN1CCC(CNS(=O)(=O)c2cccc(Cl)c2)CC1,455.0450000000001,4.131200000000003,58.64,1,5,9,3,0.4285714285714285,1
CHEMBL367045,13.0,13.0,13.0,13.0,1,CN1CCN(C2=Cn3cccc3Sc3ccccc32)CC1,CN1CCN(C2=Cn3cccc3Sc3ccccc32)CC1,297.42700000000013,3.155700000000002,11.41,0,3,1,4,0.2941176470588235,1
CHEMBL165047,4.8,4.8,4.8,4.8,1,CN(c1ncccn1)[C@H]1CC[C@H](CCN2CCN(c3ccccc3)CC2)CC1,CN(c1ncccn1)[C@H]1CC[C@H](CCN2CCN(c3ccccc3)CC2)CC1,379.55200000000013,3.683900000000003,35.50000000000001,0,5,6,4,0.5652173913043478,1
CHEMBL303556,9.3,9.3,9.3,9.3,1,O=C1Cc2c(ccc3c2O[C@@H](CNCc2ccccc2)CC3)N1,O=C1Cc2c(ccc3c2O[C@@H](CNCc2ccccc2)CC3)N1,308.38100000000003,2.6646,50.36,2,3,4,4,0.3157894736842105,1
CHEMBL3084505,41.4,41.4,41.4,41.4,1,O[C@@]1(c2ccc(F)cc2)C[C@H]2CC[C@@H](C1)N2Cc1c[nH]c2ccccc12,O[C@@]1(c2ccc(F)cc2)C[C@H]2CC[C@@H](C1)N2Cc1c[nH]c2ccccc12,350.43699999999995,4.321600000000003,39.26,2,2,3,5,0.3636363636363636,1
CHEMBL246854,54.0,54.0,54.0,54.0,1,CSc1ccc(C2(O)CCN(Cc3coc4ccccc34)CC2)cc1,CSc1ccc(C2(O)CCN(Cc3coc4ccccc34)CC2)cc1,353.4870000000001,4.638300000000004,36.61,1,4,4,4,0.3333333333333333,1
CHEMBL5754351,100.0,100.0,100.0,100.0,1,CC1(Oc2ccccc2)CCN(CCOc2ccccc2OC(F)(F)F)CC1,CC1(Oc2ccccc2)CCN(CCOc2ccccc2OC(F)(F)F)CC1,395.4210000000001,4.897500000000004,30.930000000000003,0,4,7,3,0.4285714285714285,1
CHEMBL5398100,1.86,1.86,1.86,1.86,1,O=C(N[C@H]1CC[C@H](CCN2CCN(c3cccc(Cl)c3Cl)CC2)CC1)N1CCc2ncccc2C1,O=C(N[C@H]1CC[C@H](CCN2CCN(c3cccc(Cl)c3Cl)CC2)CC1)N1CCc2ncccc2C1,516.5170000000003,5.227200000000006,51.71000000000001,1,4,5,5,0.5555555555555556,1
CHEMBL315864,87.3,87.3,87.3,87.3,1,Oc1nc2c(N3CCN(Cc4ccccc4)CC3)cccc2[nH]1,Oc1nc2c(N3CCN(Cc4ccccc4)CC3)cccc2[nH]1,308.385,2.5907,55.39000000000001,2,4,3,4,0.2777777777777778,1
CHEMBL282083,71.0,71.0,71.0,71.0,1,COc1c(C(=O)NCCN2CCN(c3ccccc3)CC2)cc(C#N)c2ccccc12,COc1c(C(=O)NCCN2CCN(c3ccccc3)CC2)cc(C#N)c2ccccc12,414.5090000000002,3.2720800000000017,68.6,1,5,6,4,0.28,1
CHEMBL4864436,27.47,27.47,27.4,27.54,2,COc1ccc(F)cc1C1CC1CNCCCOc1ccc2c(c1)NC(=O)CC2,COc1ccc(F)cc1C1CC1CNCCCOc1ccc2c(c1)NC(=O)CC2,398.4780000000001,3.8812000000000024,59.59,2,4,9,4,0.4347826086956521,1
CHEMBL5854151,6.49,6.49,6.49,6.49,2,O=[N+]([O-])c1ccc2sc(S(=O)(=O)N[C@H]3CC[C@H](CCN4CCN(c5nsc6ccccc56)CC4)CC3)cc2c1,O=[N+]([O-])c1ccc2sc(S(=O)(=O)N[C@H]3CC[C@H](CCN4CCN(c5nsc6ccccc56)CC4)CC3)cc2c1,585.7770000000002,5.468600000000007,108.68,1,9,8,6,0.4444444444444444,1
CHEMBL4096422,40.1,40.1,40.1,40.1,1,CN(CCCCOc1ccc2c(c1)NC(=O)CC2)[C@@H]1Cc2cccc3[nH]c(=O)n(c23)C1,CN(CCCCOc1ccc2c(c1)NC(=O)CC2)[C@@H]1Cc2cccc3[nH]c(=O)n(c23)C1,420.5130000000002,2.9300000000000006,79.36000000000001,2,4,7,5,0.4166666666666667,1
CHEMBL5399833,66.0,66.0,46.0,86.0,2,C#CCOc1ccc(NC(=O)NCCCN2CCN(c3ccccc3OC)CC2)c(-c2ccccc2)c1,C#CCOc1ccc(NC(=O)NCCCN2CCN(c3ccccc3OC)CC2)c(-c2ccccc2)c1,498.6270000000002,4.708000000000005,66.07000000000001,2,5,10,4,0.3,1
CHEMBL3797758,66.5,66.5,48.0,85.0,2,COc1ccccc1OCCNCCc1ccc(O)c(O)c1,COc1ccccc1OCCNCCc1ccc(O)c(O)c1,303.35799999999995,2.317500000000001,70.95,3,5,8,2,0.2941176470588235,1
CHEMBL366904,76.5,94.66666666666669,76.5,131.0,3,O=C(NC/C=C/CN1CCN(c2cccc(Cl)c2Cl)CC1)c1cc2ccccc2o1,O=C(NC/C=C/CN1CCN(c2cccc(Cl)c2Cl)CC1)c1cc2ccccc2o1,444.36200000000025,4.847800000000004,48.720000000000006,1,4,6,4,0.2608695652173913,1
CHEMBL4087217,77.5,77.5,35.0,120.0,2,CCCN1CCN(c2ccc(O)c3c2OCC(=O)N3)CC1,CCCN1CCN(c2ccc(O)c3c2OCC(=O)N3)CC1,291.351,1.2551,65.03999999999999,2,5,3,3,0.5333333333333333,1
CHEMBL1258383,74.5,74.5,65.0,84.0,2,Cc1ccc(C)c(N2CCN(CCCCNC(=O)c3cc4ccccc4s3)CC2)c1,Cc1ccc(C)c(N2CCN(CCCCNC(=O)c3cc4ccccc4s3)CC2)c1,421.6100000000001,4.8503400000000045,35.58,1,4,7,4,0.4,1
CHEMBL426863,77.5,77.5,35.0,120.0,2,O=C(NCCCCN1CCN(c2cccc(F)c2F)CC1)c1cc2ccc1CCc1ccc(cc1)CC2,O=C(NCCCCN1CCN(c2cccc(F)c2F)CC1)c1cc2ccc1CCc1ccc(cc1)CC2,503.63700000000046,5.180800000000005,35.580000000000005,1,3,7,8,0.3870967741935484,1
CHEMBL554693,100.0,100.0,100.0,100.0,1,COc1ccc(CCN(C)CCN2CCN(c3cccc(Cl)c3)C2=O)cc1OC,COc1ccc(CCN(C)CCN2CCN(c3cccc(Cl)c3)C2=O)cc1OC,417.93700000000007,3.7737000000000025,45.25,0,4,9,3,0.4090909090909091,1
CHEMBL1774543,69.9,69.9,69.9,69.9,1,CCCN(CCCCN1CCN(c2ccccc2OC)CC1)Cc1csc2ccccc12,CCCN(CCCCN1CCN(c2ccccc2OC)CC1)Cc1csc2ccccc12,451.6800000000003,5.724300000000007,18.950000000000003,0,5,11,4,0.4814814814814814,1
CHEMBL103622,20.0,20.0,20.0,20.0,1,CCCN(CCC)C1CCc2sccc2C1,CCCN(CCC)C1CCc2sccc2C1,237.412,3.727400000000003,3.24,0,2,5,2,0.7142857142857143,1
CHEMBL4060403,0.355,0.355,0.3,0.41,2,O=Cc1cnn2ccc(NC(=O)CCCN3CCN(c4cccc(Cl)c4Cl)CC3)cc12,O=Cc1cnn2ccc(NC(=O)CCCN3CCN(c4cccc(Cl)c4Cl)CC3)cc12,460.3650000000002,3.994500000000003,69.95,1,5,7,4,0.3181818181818182,1
CHEMBL531,25.7,21.045714285714286,0.62,50.0,7,CCCN1C[C@H](CSC)C[C@@H]2c3cccc4[nH]cc(c34)C[C@H]21,CCCN1C[C@H](CSC)C[C@@H]2c3cccc4[nH]cc(c34)C[C@H]21,314.4980000000001,4.271100000000003,19.03,1,2,4,4,0.5789473684210527,1
CHEMBL5074399,53.150000000000006,53.150000000000006,44.2,62.1,2,CCc1cccc(N2CCN(CCCCNCCC(C(=O)N(C)C)(c3ccccc3)c3ccccc3)CC2)c1Cl,CCc1cccc(N2CCN(CCCCNCCC(C(=O)N(C)C)(c3ccccc3)c3ccccc3)CC2)c1Cl,561.2140000000002,5.858800000000006,38.82,1,4,13,4,0.4411764705882353,1
CHEMBL6030374,100.0,100.0,100.0,100.0,1,Clc1ccc(C(c2ccccn2)N2CCC3(CCN(CCOc4ccccc4)CC3)C2)cc1,Clc1ccc(C(c2ccccn2)N2CCC3(CCN(CCOc4ccccc4)CC3)C2)cc1,462.0370000000003,5.691300000000005,28.600000000000005,0,4,7,5,0.3928571428571428,1
CHEMBL4761213,11.9,11.9,11.9,11.9,1,CN1CCc2ccc(OCCCN3CCN(c4ncccn4)CC3)cc2C1=O,CN1CCc2ccc(OCCCN3CCN(c4ncccn4)CC3)cc2C1=O,381.4800000000001,1.6957999999999995,61.8,0,6,6,4,0.4761904761904761,1
CHEMBL181898,28.18,28.18,28.18,28.18,1,Oc1nc2cc(CCN3CCN(c4cccc(C(F)(F)F)c4)CC3)ccc2[nH]1,Oc1nc2cc(CCN3CCN(c4cccc(C(F)(F)F)c4)CC3)ccc2[nH]1,390.4090000000001,3.652000000000002,55.39000000000001,2,4,4,4,0.35,1
CHEMBL62919,62.0,62.0,62.0,62.0,1,O=C(c1ccc(F)cc1)C1CCN(CCn2c(=S)[nH]c3ccccc3c2=O)CC1,O=C(c1ccc(F)cc1)C1CCN(CCn2c(=S)[nH]c3ccccc3c2=O)CC1,411.5020000000001,3.793090000000002,58.1,1,4,5,4,0.3181818181818182,1
CHEMBL3085819,23.44,23.44,23.44,23.44,1,CC(=O)N[C@H]1CC[C@H](CCN2CCc3ccc(C#N)cc3C2)CC1,CC(=O)N[C@H]1CC[C@H](CCN2CCc3ccc(C#N)cc3C2)CC1,325.45600000000013,3.001380000000002,56.13,1,3,4,3,0.6,1
CHEMBL381019,60.0,60.0,60.0,60.0,1,Cc1ccc(CN2CC[C@H](NC(=O)c3cccc(-c4cccs4)c3)C2)cc1,Cc1ccc(CN2CC[C@H](NC(=O)c3cccc(-c4cccs4)c3)C2)cc1,376.5250000000001,4.727820000000004,32.34,1,3,5,4,0.2608695652173913,1
CHEMBL1632223,79.43,79.43,79.43,79.43,1,Cc1ccc2c(N3CCN(CCc4cccc(NC(=O)Nc5ccccc5)c4)CC3)cccc2n1,Cc1ccc2c(N3CCN(CCc4cccc(NC(=O)Nc5ccccc5)c4)CC3)cccc2n1,465.60100000000017,5.551920000000004,60.5,2,4,6,5,0.2413793103448276,1
CHEMBL3745853,37.0,37.0,37.0,37.0,1,O=S(=O)(c1ccc(F)cc1)N(CC1CC1)C1CCN(CCOc2ccccc2-c2ccccc2)CC1,O=S(=O)(c1ccc(F)cc1)N(CC1CC1)C1CCN(CCOc2ccccc2-c2ccccc2)CC1,508.6590000000003,5.436800000000006,49.85000000000001,0,4,10,5,0.3793103448275862,1
CHEMBL157138,0.66,0.6019571428571429,0.3,0.953,7,CCN(CC)C(=O)N[C@H]1C=C2c3cccc4[nH]cc(c34)C[C@H]2N(C)C1,CCN(CC)C(=O)N[C@H]1C=C2c3cccc4[nH]cc(c34)C[C@H]2N(C)C1,338.45500000000015,2.841400000000001,51.370000000000005,2,2,3,4,0.45,1
CHEMBL1201343,3.9,3.9,3.9,3.9,1,CCCN[C@H]1CCC2N=C(N)SC2C1,CCCN[C@H]1CCC2N=C(N)SC2C1,213.35,1.3371999999999995,50.41,2,4,3,2,0.9,1
CHEMBL575788,33.88,33.88,33.88,33.88,1,O=C1CC(CN2CCC(c3noc4cc(F)ccc34)CC2)Cc2nc(-c3ccccc3)ncc21,O=C1CC(CN2CCC(c3noc4cc(F)ccc34)CC2)Cc2nc(-c3ccccc3)ncc21,456.5210000000003,5.048600000000005,72.12,0,6,4,6,0.3333333333333333,1
CHEMBL3289962,44.0,44.0,44.0,44.0,1,Cc1c(S(=O)(=O)NCCCCN2CCN(c3nsc4ccccc34)CC2)sc2ccc(F)cc12,Cc1c(S(=O)(=O)NCCCCN2CCN(c3nsc4ccccc34)CC2)sc2ccc(F)cc12,518.7050000000002,4.839220000000005,65.54,1,7,8,5,0.375,1
CHEMBL83617,4.7,4.7,4.7,4.7,1,NC(=O)c1ccc2c(c1)CCOC2CCN1CC=C(c2c[nH]c3cc(F)ccc23)CC1,NC(=O)c1ccc2c(c1)CCOC2CCN1CC=C(c2c[nH]c3cc(F)ccc23)CC1,419.5000000000001,4.199100000000003,71.35000000000001,2,3,5,5,0.32,1
CHEMBL68191,21.0,21.0,21.0,21.0,2,CCN1C(=O)C(N2CCN(Cc3ccc(Cl)cc3)CC2)Cc2ccccc21,CCN1C(=O)C(N2CCN(Cc3ccc(Cl)cc3)CC2)Cc2ccccc21,383.9230000000002,3.4354000000000022,26.790000000000006,0,3,4,4,0.4090909090909091,1
CHEMBL4071868,1.67,1.67,0.84,2.5,2,CCCN(CCCCOc1ccc2c(/C=N/O)cnn2c1)[C@H]1CCc2c(O)cccc2C1,CCCN(CCCCOc1ccc2c(/C=N/O)cnn2c1)[C@H]1CCc2c(O)cccc2C1,436.55600000000027,4.276500000000003,82.59,2,6,10,4,0.44,1
CHEMBL3896746,15.0,15.0,15.0,15.0,1,O=C1CCc2ccc(OC/C=C/CN3CCN(c4cccc(Cl)c4Cl)CC3)cc2N1,O=C1CCc2ccc(OC/C=C/CN3CCN(c4cccc(Cl)c4Cl)CC3)cc2N1,446.3780000000001,4.6353000000000035,44.81,1,4,6,4,0.3478260869565217,1
CHEMBL70866,100.0,100.0,100.0,100.0,1,COc1ccc(OC)c(N2CCN(CCCCNC(=O)c3ccc(Br)cc3)CC2)c1,COc1ccc(OC)c(N2CCN(CCCCNC(=O)c3ccc(Br)cc3)CC2)c1,476.41500000000013,3.7985000000000024,54.040000000000006,1,5,9,3,0.4347826086956521,1
CHEMBL1237021,1.7,1.7,1.7,1.7,1,O=C1[C@@H]2[C@H]3CC[C@H](C3)[C@@H]2C(=O)N1C[C@@H]1CCCC[C@H]1CN1CCN(c2nsc3ccccc23)CC1,O=C1[C@@H]2[C@H]3CC[C@H](C3)[C@@H]2C(=O)N1C[C@@H]1CCCC[C@H]1CN1CCN(c2nsc3ccccc23)CC1,492.68900000000025,4.255800000000003,56.75000000000001,0,6,5,7,0.6785714285714286,1
CHEMBL2159463,76.0,76.0,76.0,76.0,1,CCOc1ccccc1C(=O)NC1CCN(CCOc2cccc(F)c2)CC1,CCOc1ccccc1C(=O)NC1CCN(CCOc2cccc(F)c2)CC1,386.4670000000001,3.497600000000002,50.8,1,4,8,3,0.4090909090909091,1
CHEMBL303979,25.12,25.12,25.12,25.12,1,Fc1ccc2c(c1)C1CN(Cc3ccccc3)CC1CO2,Fc1ccc2c(c1)C1CN(Cc3ccccc3)CC1CO2,283.34600000000006,3.4337000000000018,12.47,0,2,2,4,0.3333333333333333,1
CHEMBL4249426,11.0,11.0,11.0,11.0,1,O=S(=O)(c1cccc2ncccc12)N1CCC[C@H]1CCN1CC=C(c2c[nH]c3ccc(Cl)cc23)CC1,O=S(=O)(c1cccc2ncccc12)N1CCC[C@H]1CCN1CC=C(c2c[nH]c3ccc(Cl)cc23)CC1,521.0860000000002,5.702000000000005,69.30000000000001,1,4,6,6,0.3214285714285714,1
CHEMBL6004129,0.3,0.3,0.3,0.3,2,COc1ccccc1N1CCN(CCCCOc2ccc3c(c2)NC(=O)CO3)CC1,COc1ccccc1N1CCN(CCCCOc2ccc3c(c2)NC(=O)CO3)CC1,411.5020000000001,3.0073000000000008,63.27,1,6,8,4,0.4347826086956521,1
CHEMBL4751170,3.981,3.981,3.981,3.981,1,Cl.Fc1ccc(-c2cncc(CN3CCN(c4cccc5c4OCCO5)CC3)c2)cc1,Fc1ccc(-c2cncc(CN3CCN(c4cccc5c4OCCO5)CC3)c2)cc1,405.47300000000024,3.9811000000000023,37.830000000000005,0,5,4,5,0.2916666666666667,1
CHEMBL166252,46.0,46.0,46.0,46.0,1,c1cnc(N[C@H]2CC[C@H](CCN3CCN(c4nccs4)CC3)CC2)nc1,c1cnc(N[C@H]2CC[C@H](CCN3CCN(c4nccs4)CC3)CC2)nc1,372.54200000000014,3.116100000000002,57.18000000000001,1,7,6,4,0.631578947368421,1
CHEMBL508399,77.62,77.62,77.62,77.62,1,CCN1CCc2ccccc2Cc2ccc(O)cc2CC1,CCN1CCc2ccccc2Cc2ccc(O)cc2CC1,281.39900000000006,3.403500000000002,23.47,1,2,1,3,0.3684210526315789,1
CHEMBL2368633,100.0,100.0,100.0,100.0,1,COc1ccccc1/C=C/C(=O)N[C@H]1CC[C@H](CCN2CCc3ccc(OS(C)(=O)=O)cc3CC2)CC1.Cl,COc1ccccc1/C=C/C(=O)N[C@H]1CC[C@H](CCN2CCc3ccc(OS(C)(=O)=O)cc3CC2)CC1,526.6990000000003,4.212700000000003,84.94,1,6,9,4,0.4827586206896552,1
CHEMBL4873319,2.6,2.6,2.6,2.6,1,COc1cc(CN2CCOCC2)ccc1OCCCN1CCC(c2noc3cc(F)ccc23)CC1,COc1cc(CN2CCOCC2)ccc1OCCCN1CCC(c2noc3cc(F)ccc23)CC1,483.5840000000003,4.456200000000004,60.2,0,7,9,5,0.5185185185185185,1
CHEMBL93868,62.0,62.0,62.0,62.0,1,CN(C)CCc1cn(S(=O)(=O)c2ccccc2)c2ccccc12,CN(C)CCc1cn(S(=O)(=O)c2ccccc2)c2ccccc12,328.43700000000007,2.982400000000002,42.31,0,3,5,3,0.2222222222222222,1
CHEMBL5420316,89.8,89.8,89.8,89.8,1,CN(C)C(=O)N1CCC(O)(CCCN2CCN(c3cccc(Cl)c3Cl)CC2)C1,CN(C)C(=O)N1CCC(O)(CCCN2CCN(c3cccc(Cl)c3Cl)CC2)C1,429.39200000000017,3.014000000000002,50.260000000000005,1,4,5,3,0.65,1
CHEMBL5077755,50.12,50.12,50.12,50.12,1,O=S(=O)(CC1CCN(CCCc2noc3cc(F)ccc23)C1)c1ccc(Cl)c(Cl)c1,O=S(=O)(CC1CCN(CCCc2noc3cc(F)ccc23)C1)c1ccc(Cl)c(Cl)c1,471.3810000000002,5.002100000000005,63.41,0,5,7,4,0.3809523809523809,1
CHEMBL64508,75.8,75.8,75.8,75.8,2,Oc1cccc(OCCNCc2ccccc2)c1,Oc1cccc(OCCNCc2ccccc2)c1,243.306,2.5608000000000004,41.49,2,3,6,2,0.2,1
CHEMBL566379,47.5,47.5,45.0,50.0,2,O=C1Cc2c(ccc3c2OC[C@H](CNCCCC2CCc4c([nH]c5ccc(F)cc45)C2)O3)N1,O=C1Cc2c(ccc3c2OC[C@H](CNCCCC2CCc4c([nH]c5ccc(F)cc45)C2)O3)N1,449.5260000000001,4.1163000000000025,75.38,3,4,6,6,0.4230769230769231,1
CHEMBL2298799,51.3,51.3,51.3,51.3,1,O=[N+]([O-])c1ccc(CCN2CCN(c3ccccc3)CC2)cc1[N+](=O)[O-],O=[N+]([O-])c1ccc(CCN2CCN(c3ccccc3)CC2)cc1[N+](=O)[O-],356.3820000000001,2.867700000000001,92.76,0,6,6,3,0.3333333333333333,1
CHEMBL325772,65.0,85.75,23.0,190.0,4,COc1c(C(=O)N[C@@H]2CCN(Cc3ccccc3)C2)cc(I)c2ccccc12,COc1c(C(=O)N[C@@H]2CCN(Cc3ccccc3)C2)cc(I)c2ccccc12,486.3530000000001,4.457300000000004,41.57,1,3,5,4,0.2608695652173913,1
CHEMBL63321,20.0,20.0,20.0,20.0,1,CN1CCc2cc(Cl)c(O)cc2[C@H](c2ccccc2)C1,CN1CCc2cc(Cl)c(O)cc2[C@H](c2ccccc2)C1,287.79,3.665400000000002,23.47,1,2,1,3,0.2941176470588235,1
CHEMBL559873,3.162,3.162,3.162,3.162,1,O=C1N(CCN2CCCc3sccc3C2)CCN1c1cccc(Cl)c1,O=C1N(CCN2CCCc3sccc3C2)CCN1c1cccc(Cl)c1,375.92500000000007,4.091900000000003,26.790000000000006,0,3,4,4,0.4210526315789473,1
CHEMBL65274,17.0,17.0,17.0,17.0,1,CCCN(CCC)[C@@H]1CCc2ccc3[nH]cc(C(C)=O)c3c2C1,CCCN(CCC)[C@@H]1CCc2ccc3[nH]cc(C(C)=O)c3c2C1,312.4570000000001,4.349800000000004,36.1,1,2,6,3,0.55,1
CHEMBL3819153,95.25,95.25,95.0,95.5,2,O=c1[nH]c2cc(Cl)ccc2n1C1CCN(CCCCc2nc3ccccc3o2)CC1,O=c1[nH]c2cc(Cl)ccc2n1C1CCN(CCCCc2nc3ccccc3o2)CC1,424.93200000000024,4.784000000000004,67.06,1,4,6,5,0.391304347826087,1
CHEMBL383396,11.4,11.4,11.4,11.4,1,O=C1CCc2c(cccc2N2CCN(CCCc3c[nH]c4ccccc34)CC2)N1,O=C1CCc2c(cccc2N2CCN(CCCc3c[nH]c4ccccc34)CC2)N1,388.515,3.807400000000002,51.370000000000005,2,3,5,5,0.375,1
CHEMBL1173436,23.3,23.3,23.3,23.3,1,COc1cccc2[nH]cc(CN3CCC(n4c(=O)[nH]c5ccccc54)CC3)c12.O=C(O)C(=O)O,COc1cccc2[nH]cc(CN3CCC(n4c(=O)[nH]c5ccccc54)CC3)c12,376.4600000000001,3.656600000000002,66.05,2,3,4,5,0.3181818181818182,1
CHEMBL540799,70.0,70.0,70.0,70.0,1,Cl.O=C(CCCN1CCC2(CC1)OC=C(c1ccccc1)C2=O)c1ccc(F)cc1,O=C(CCCN1CCC2(CC1)OC=C(c1ccccc1)C2=O)c1ccc(F)cc1,393.4580000000001,4.263600000000004,46.61,0,4,6,4,0.3333333333333333,1
CHEMBL3698002,58.95,58.95,58.95,58.95,1,O=C(N[C@H]1CC[C@H](CCN2CCN(c3cccc4c3OCO4)CC2)CC1)C1CCS(=O)(=O)C1,O=C(N[C@H]1CC[C@H](CCN2CCN(c3cccc4c3OCO4)CC2)CC1)C1CCS(=O)(=O)C1,477.62700000000046,2.037099999999999,88.18,1,7,6,5,0.7083333333333334,1
CHEMBL425208,92.0,92.0,92.0,92.0,1,CC1CC(=O)Nc2c(CCN3CCN(c4n[s+]([O-])c5ccccc45)CC3)cc(F)cc21,CC1CC(=O)Nc2c(CCN3CCN(c4n[s+]([O-])c5ccccc45)CC3)cc(F)cc21,440.5440000000002,3.911900000000003,71.53,1,5,4,5,0.391304347826087,1
CHEMBL1087300,4.0,4.0,4.0,4.0,1,CN1CCc2ccccc2Cc2c[nH]c3cccc(c23)CC1,CN1CCc2ccccc2Cc2c[nH]c3cccc(c23)CC1,290.4100000000001,3.789100000000002,19.03,1,1,0,4,0.3,1
CHEMBL4567345,58.0,58.0,58.0,58.0,1,Cl.O=C1c2cccc3cccc(c23)N1CCCCCCN1CCN(c2ccccc2Cl)CC1,O=C1c2cccc3cccc(c23)N1CCCCCCN1CCN(c2ccccc2Cl)CC1,448.0100000000001,5.836000000000006,26.790000000000006,0,3,8,5,0.3703703703703703,1
CHEMBL420016,2.0,2.0,2.0,2.0,1,N#Cc1ccccc1-c1cccc(CN2CCN(c3cccc4nc(O)oc34)CC2)c1,N#Cc1ccccc1-c1cccc(CN2CCN(c3cccc4nc(O)oc34)CC2)c1,410.47700000000015,4.394280000000003,76.53,1,6,4,5,0.2,1
CHEMBL2325932,76.0,76.0,76.0,76.0,1,CN1CCC(c2cn(-c3ccc(F)cc3)c3ccc(-c4cccnc4)cc23)CC1,CN1CCC(c2cn(-c3ccc(F)cc3)c3ccc(-c4cccnc4)cc23)CC1,385.48600000000016,5.640800000000006,21.06,0,2,3,5,0.24,1
CHEMBL5421925,5.76,5.76,5.76,5.76,1,CCc1cccc(N2CCN(CC[C@H]3CC[C@H](NC(=O)C4=CC5C=CC=CC5N4)CC3)CC2)c1Cl,CCc1cccc(N2CCN(CC[C@H]3CC[C@H](NC(=O)C4=CC5C=CC=CC5N4)CC3)CC2)c1Cl,495.1110000000002,4.687400000000004,47.61,2,4,7,5,0.5517241379310345,1
CHEMBL182721,1.66,1.66,1.66,1.66,1,c1ccc2c(N3CCN(CCc4ccc5c(c4)NCN5)CC3)cccc2c1,c1ccc2c(N3CCN(CCc4ccc5c(c4)NCN5)CC3)cccc2c1,358.4890000000001,3.9994000000000023,30.54,2,4,4,5,0.3043478260869565,1
CHEMBL1713,3.0,3.0,3.0,3.0,1,CN(C)CCCN1c2ccccc2Sc2ccc(Cl)cc21.Cl,CN(C)CCCN1c2ccccc2Sc2ccc(Cl)cc21,318.8730000000001,4.894400000000004,6.48,0,3,4,3,0.2941176470588235,1
CHEMBL252539,14.6,14.6,14.6,14.6,1,CCCN(CCN1CCN(c2cccc(Cl)c2Cl)CC1)C1CCc2c(O)cccc2C1,CCCN(CCN1CCN(c2cccc(Cl)c2Cl)CC1)C1CCc2c(O)cccc2C1,462.4650000000003,5.090500000000006,29.950000000000003,1,4,7,4,0.52,1
CHEMBL2112912,21.0,21.0,21.0,21.0,1,C1=C(c2ccccc2)CCN(CCc2c[nH]c3ncccc23)C1,C1=C(c2ccccc2)CCN(CCc2c[nH]c3ncccc23)C1,303.40900000000005,3.894700000000003,31.92,1,2,4,4,0.25,1
CHEMBL3353912,44.1,44.1,44.1,44.1,1,COc1ccccc1N1CCN(CCCc2cn(-c3ccc(SC)cc3)nn2)CC1,COc1ccccc1N1CCN(CCCc2cn(-c3ccc(SC)cc3)nn2)CC1,423.5860000000001,3.752600000000003,46.42,0,6,8,4,0.391304347826087,1
CHEMBL1169728,71.4,71.4,71.4,71.4,1,CN1CN(c2ccccc2)C2(CCN(Cc3csc4ccccc34)CC2)C1=O.O=C(O)C(=O)O,CN1CN(c2ccccc2)C2(CCN(Cc3csc4ccccc34)CC2)C1=O,391.54000000000013,4.172000000000003,26.79,0,4,3,5,0.3478260869565217,1
CHEMBL194755,96.0,96.0,72.0,120.0,2,COc1ccccc1N1CCN(CCCCNS(=O)(=O)c2ccc(F)cc2)CC1,COc1ccccc1N1CCN(CCCCNS(=O)(=O)c2ccc(F)cc2)CC1,421.5380000000001,2.7150000000000007,61.88,1,5,9,3,0.4285714285714285,1
CHEMBL5774136,100.0,100.0,100.0,100.0,1,CCN(CCN1CCC(c2noc3cc(F)ccc23)CC1)C(=O)C1(O)CCCN(C(C)=O)C1,CCN(CCN1CCC(c2noc3cc(F)ccc23)CC1)C(=O)C1(O)CCCN(C(C)=O)C1,460.5500000000004,2.3682,90.12,1,6,6,4,0.625,1
CHEMBL280804,24.5,24.5,24.5,24.5,1,CCO[C@@]1(CC)c2cccc3c2-c2c1ccc1c2[C@@H](C3)N(C)CC1,CCO[C@@]1(CC)c2cccc3c2-c2c1ccc1c2[C@@H](C3)N(C)CC1,319.44800000000015,4.442200000000004,12.47,0,2,3,5,0.4545454545454545,1
CHEMBL104160,35.0,35.0,35.0,35.0,1,CC1CC(C)(C)N(C(=O)CN2CCN(Cc3ccc(Cl)cc3)CC2)c2ccccc21,CC1CC(C)(C)N(C(=O)CN2CCN(Cc3ccc(Cl)cc3)CC2)c2ccccc21,426.00400000000013,4.776600000000005,26.790000000000006,0,3,4,4,0.48,1
CHEMBL5790673,89.1,89.1,89.1,89.1,2,Cn1c(SCCCN2C[C@@H]3CCN(c4ccc(C(F)(F)F)cc4)[C@@H]3C2)nnc1N1CCOCC1,Cn1c(SCCCN2C[C@@H]3CCN(c4ccc(C(F)(F)F)cc4)[C@@H]3C2)nnc1N1CCOCC1,496.60300000000024,3.363400000000002,49.66,0,7,7,5,0.6521739130434783,1
CHEMBL5869713,25.5,25.5,25.5,25.5,1,Cn1c(=O)c2cc(OCCCN3CCN(c4cccc5sccc45)CC3)ccc2n(C)c1=O,Cn1c(=O)c2cc(OCCCN3CCN(c4cccc5sccc45)CC3)ccc2n(C)c1=O,464.59100000000024,3.043000000000001,59.71,0,6,6,5,0.36,1
CHEMBL3759441,52.0,52.0,52.0,52.0,1,O=C1Cc2c(cccc2N2CCN(CCCCNC(=O)c3ccc4ccccc4c3)CC2)N1,O=C1Cc2c(cccc2N2CCN(CCCCNC(=O)c3ccc4ccccc4c3)CC2)N1,442.5630000000001,3.6666000000000025,64.68,2,4,7,5,0.3333333333333333,1
CHEMBL4245263,0.1,0.1,0.1,0.1,1,O=S(=O)(c1cncc2ccccc12)N1CCC[C@H]1CCN1CCC(c2noc3cc(F)ccc23)CC1,O=S(=O)(c1cncc2ccccc12)N1CCC[C@H]1CCN1CCC(c2noc3cc(F)ccc23)CC1,508.6190000000004,4.937900000000005,79.54,0,6,6,6,0.4074074074074074,1
CHEMBL380464,0.99,0.99,0.99,0.99,1,CN1CCc2ccccc2Cc2c(ccc(O)c2Cl)CC1,CN1CCc2ccccc2Cc2c(ccc(O)c2Cl)CC1,301.817,3.666800000000003,23.47,1,2,0,3,0.3333333333333333,1
CHEMBL1172208,61.0,61.0,61.0,61.0,1,O=C(O)C(=O)O.OC1(c2ccc(I)cc2)CCN(Cc2c[nH]c3ncccc23)CC1,OC1(c2ccc(I)cc2)CCN(Cc2c[nH]c3ncccc23)CC1,433.29300000000023,3.6511000000000022,52.15,2,3,3,4,0.3157894736842105,1
CHEMBL2207634,68.0,68.0,60.0,76.0,2,CCCC#Cc1cc(CN2CCN(c3ccccc3OC)CC2)c2cccccc1-2,CCCC#Cc1cc(CN2CCN(c3ccccc3OC)CC2)c2cccccc1-2,398.5500000000002,5.273800000000005,15.71,0,3,5,4,0.3333333333333333,1
CHEMBL541826,94.0,94.0,94.0,94.0,1,Br.c1ccc(N2CCN(CCCCCNC3=Nc4ccccc4OC3)CC2)cc1,c1ccc(N2CCN(CCCCCNC3=Nc4ccccc4OC3)CC2)cc1,378.52000000000015,3.6911000000000023,40.099999999999994,1,5,7,4,0.4347826086956521,1
CHEMBL5958700,24.8,24.8,24.8,24.8,1,Cn1cnc2ccc(OCCCCN3CCN(c4cccc(C(F)(F)F)c4)CC3)cc2c1=O,Cn1cnc2ccc(OCCCCN3CCN(c4cccc(C(F)(F)F)c4)CC3)cc2c1=O,460.5000000000001,3.933500000000003,50.6,0,5,7,4,0.4166666666666667,1
CHEMBL5417227,30.549999999999997,30.549999999999997,30.2,30.9,2,CCOc1cccc2cc(CNCCCCOc3ccc4scnc4c3)oc12,CCOc1cccc2cc(CNCCCCOc3ccc4scnc4c3)oc12,396.512,5.390000000000004,56.52,1,6,10,4,0.3181818181818182,1
CHEMBL4572887,22.39,22.39,22.39,22.39,1,Nc1nc2c(s1)CCN(CCCCN1CCN(c3cccc(Cl)c3Cl)CC1)CC2,Nc1nc2c(s1)CCN(CCCCN1CCN(c3cccc(Cl)c3Cl)CC1)CC2,454.47100000000023,4.0351000000000035,48.63,1,6,6,4,0.5714285714285714,1
CHEMBL4555890,30.0,30.0,30.0,30.0,1,CCOc1ccccc1N1CCN(CCCCCCN2c3cccc4cccc(c34)S2(=O)=O)CC1,CCOc1ccccc1N1CCN(CCCCCCN2c3cccc4cccc(c34)S2(=O)=O)CC1,493.6730000000002,5.129800000000005,53.09,0,5,10,5,0.4285714285714285,1
CHEMBL1113,67.0,67.0,67.0,67.0,1,Clc1ccc2c(c1)C(N1CCNCC1)=Nc1ccccc1O2,Clc1ccc2c(c1)C(N1CCNCC1)=Nc1ccccc1O2,313.788,3.4292000000000025,36.86,1,4,0,4,0.2352941176470588,1
CHEMBL1803051,84.0,84.0,68.0,100.0,2,CCOCCn1cc(COc2ccc(CN3CCN(c4ccccc4OC)CC3)cc2OC)nn1,CCOCCn1cc(COc2ccc(CN3CCN(c4ccccc4OC)CC3)cc2OC)nn1,481.59700000000026,3.2330000000000023,74.11000000000001,0,8,12,4,0.4615384615384615,1
CHEMBL2413153,37.1,37.1,37.1,37.1,1,Cn1c(=O)cnn(CCCCN2CCN(c3ccccc3OCCF)CC2)c1=O,Cn1c(=O)cnn(CCCCN2CCN(c3ccccc3OCCF)CC2)c1=O,405.4740000000002,0.8927000000000005,72.6,0,6,9,3,0.55,1
CHEMBL238717,46.0,46.0,46.0,46.0,1,O=c1c2ccccc2ncn1CCCCN1CCN(c2ccccc2)CC1,O=c1c2ccccc2ncn1CCCCN1CCN(c2ccccc2)CC1,362.477,2.9989000000000017,41.370000000000005,0,4,6,4,0.3636363636363636,1
CHEMBL4570073,33.5,33.5,26.0,41.0,2,COc1ccccc1N1CCN(CCCNC(=O)NN(Cc2ccccc2F)c2ccc(Cl)cc2)CC1,COc1ccccc1N1CCN(CCCNC(=O)NN(Cc2ccccc2F)c2ccc(Cl)cc2)CC1,526.056,4.920800000000004,60.080000000000005,2,5,10,4,0.3214285714285714,1
CHEMBL3695437,73.9,73.9,73.9,73.9,1,CC(C)=CC(=O)N[C@H]1CC[C@H](CCN2CCC(c3cccc4c3CCO4)CC2)CC1,CC(C)=CC(=O)N[C@H]1CC[C@H](CCN2CCC(c3cccc4c3CCO4)CC2)CC1,410.60200000000026,4.832200000000005,41.57000000000001,1,3,6,4,0.6538461538461539,1
CHEMBL4864320,2.57,2.57,2.57,2.57,1,CCCN1C[C@H](OCCCCOc2ccc3c(c2)NC(=O)CC3)C[C@H]1CNC(=O)c1c(O)c(CC)cc(Cl)c1OC,CCCN1C[C@H](OCCCCOc2ccc3c(c2)NC(=O)CC3)C[C@H]1CNC(=O)c1c(O)c(CC)cc(Cl)c1OC,588.1450000000003,4.959800000000004,109.36,3,7,14,4,0.5483870967741935,1
CHEMBL59752,4.25,4.25,4.25,4.25,1,O=C1Cc2c(cccc2OCCNCc2ccccc2)N1,O=C1Cc2c(cccc2OCCNCc2ccccc2)N1,282.34299999999996,2.3498,50.36,2,3,6,3,0.2352941176470588,1
CHEMBL22022,79.43,79.43,79.43,79.43,1,CCS(=O)(=O)c1ccc(OC)c(-c2ccc(C(C)N3CCCCCC3)[nH]2)c1,CCS(=O)(=O)c1ccc(OC)c(-c2ccc(C(C)N3CCCCCC3)[nH]2)c1,390.54900000000026,4.420900000000004,62.400000000000006,1,4,6,3,0.5238095238095238,1
CHEMBL3287395,7.050000000000001,7.050000000000001,6.7,7.4,2,CCOC(=O)c1cc2cc(OCCCCN3CCN(c4cccc(Cl)c4Cl)CC3)ccn2n1,CCOC(=O)c1cc2cc(OCCCCN3CCN(c4cccc(Cl)c4Cl)CC3)ccn2n1,491.4190000000001,4.799000000000005,59.31,0,6,9,4,0.4166666666666667,1
CHEMBL345438,26.0,26.0,26.0,26.0,1,Cc1ccc(CN2CCN(C3CCc4cccc5c4N(C3=O)C(C)C5)CC2)cc1,Cc1ccc(CN2CCN(C3CCc4cccc5c4N(C3=O)C(C)C5)CC2)cc1,389.54300000000023,3.4052200000000026,26.79,0,3,3,5,0.48,1
CHEMBL4574793,40.870000000000005,40.870000000000005,40.74,41.0,2,O=C(CCCN1CCCN(c2ccc(Cl)cn2)CC1)c1ccc(F)cc1,O=C(CCCN1CCCN(c2ccc(Cl)cn2)CC1)c1ccc(F)cc1,375.87500000000017,4.049300000000003,36.440000000000005,0,4,6,3,0.4,1
CHEMBL4590085,46.77,46.77,46.77,46.77,1,O=C(CCCN1CCC(O)(c2ccc(Cl)cc2)CC1)c1cccc(F)c1F,O=C(CCCN1CCC(O)(c2ccc(Cl)cc2)CC1)c1cccc(F)c1F,393.86100000000016,4.564700000000004,40.540000000000006,1,3,6,3,0.3809523809523809,1
CHEMBL199161,4.0,4.0,4.0,4.0,1,COc1cccc(CC(=O)N2CCC(C)c3cccc(CCN4CCN(c5nsc6ccccc56)CC4)c32)c1,COc1cccc(CC(=O)N2CCC(C)c3cccc(CCN4CCN(c5nsc6ccccc56)CC4)c32)c1,540.7330000000003,5.752500000000007,48.91,0,6,7,6,0.375,1
CHEMBL221129,3.079,3.079,0.91,5.248,2,CCCc1c(C(=O)NCCCCCN2CCN(c3ccccc3OC)CC2)nnn1Cc1ccccc1Br,CCCc1c(C(=O)NCCCCCN2CCN(c3ccccc3OC)CC2)nnn1Cc1ccccc1Br,583.5750000000003,4.772300000000004,75.52000000000001,1,6,13,4,0.4827586206896552,1
CHEMBL3133872,11.7,11.7,11.7,11.7,1,COc1ccc2[nH]cc(C(=O)NC/C=C/CN3CCN(c4ccccc4OC)CC3)c2c1.O=C(O)C(=O)O,COc1ccc2[nH]cc(C(=O)NC/C=C/CN3CCN(c4ccccc4OC)CC3)c2c1,434.54000000000025,3.293300000000002,69.83000000000001,2,5,8,4,0.32,1
CHEMBL246439,15.4,15.4,15.4,15.4,1,Cc1[nH]c2ccccc2c1CN1CCC(O)(c2ccc(Cl)cc2)CC1,Cc1[nH]c2ccccc2c1CN1CCC(O)(c2ccc(Cl)cc2)CC1,354.8810000000001,4.613320000000003,39.260000000000005,2,2,3,4,0.3333333333333333,1
CHEMBL5557169,53.0,53.0,53.0,53.0,1,CC1(C)C(=O)Nc2cccc3c2N1[C@H]1CCN(CCCOc2ccc(F)cc2)C[C@@H]31,CC1(C)C(=O)Nc2cccc3c2N1[C@H]1CCN(CCCOc2ccc(F)cc2)C[C@@H]31,409.5050000000001,4.003400000000004,44.81,1,4,5,5,0.4583333333333333,1
CHEMBL1774066,1.0,1.0,1.0,1.0,1,O=c1ccc2cnc(OCCCCN3CCN(c4cccc(Cl)c4Cl)CC3)nc2[nH]1,O=c1ccc2cnc(OCCCCN3CCN(c4cccc(Cl)c4Cl)CC3)nc2[nH]1,448.35400000000016,3.6061000000000023,74.35,1,6,7,4,0.3809523809523809,1
CHEMBL159022,78.1,78.1,78.1,78.1,1,COc1ccccc1C(=O)CCCCCN1CCN(c2noc3ccccc23)CC1,COc1ccccc1C(=O)CCCCCN1CCN(c2noc3ccccc23)CC1,407.51400000000007,4.4017000000000035,58.81,0,6,9,4,0.4166666666666667,1
CHEMBL2298832,2.75,2.75,2.75,2.75,1,S=c1[nH]c2ccc(OCCN3CCN(c4ccccc4Cl)CC3)cc2[nH]1,S=c1[nH]c2ccc(OCCN3CCN(c4ccccc4Cl)CC3)cc2[nH]1,388.924,4.0798900000000025,47.29,2,4,5,4,0.3157894736842105,1
CHEMBL43819,28.0,28.0,28.0,28.0,1,CN1CCCC(c2c(-c3ccccc3)[nH]c3ccccc23)C1,CN1CCCC(c2c(-c3ccccc3)[nH]c3ccccc23)C1,290.4100000000001,4.6441000000000034,19.03,1,1,2,4,0.3,1
CHEMBL5962159,6.0,6.0,6.0,6.0,1,O=C(NCCN1CC=C(c2cccc(C(F)(F)F)n2)CC1)C1CCCOC1,O=C(NCCN1CC=C(c2cccc(C(F)(F)F)n2)CC1)C1CCCOC1,383.4140000000002,2.7323000000000004,54.46000000000001,1,4,5,3,0.5789473684210527,1
CHEMBL2159477,10.0,10.0,10.0,10.0,1,CC(C)c1ccccc1OCCN1CCC(NS(=O)(=O)c2cccc3cccnc23)C1,CC(C)c1ccccc1OCCN1CCC(NS(=O)(=O)c2cccc3cccnc23)C1,439.5810000000002,3.7898000000000023,71.53,1,5,8,4,0.375,1
CHEMBL3220212,63.1,63.1,63.1,63.1,1,Cc1noc2c1C(=O)CC(CN1CCC(c3c[nH]c4cc(F)ccc34)CC1)C2,Cc1noc2c1C(=O)CC(CN1CCC(c3c[nH]c4cc(F)ccc34)CC1)C2,381.4510000000002,4.228120000000003,62.13,1,4,3,5,0.4545454545454545,1
CHEMBL3409233,40.0,40.0,40.0,40.0,1,O=C1CCc2ccc(OCCCCN3CC=C(c4cn(S(=O)(=O)c5ccccc5)c5ccccc45)CC3)cc2N1,O=C1CCc2ccc(OCCCCN3CC=C(c4cn(S(=O)(=O)c5ccccc5)c5ccccc45)CC3)cc2N1,555.7,5.711300000000005,80.64,1,5,9,6,0.28125,1
CHEMBL135044,2.5,2.5,2.5,2.5,1,O=C(O)C(=O)O.Oc1ccc2c(c1)O[C@@H](CN1CCc3ccccc3C1)CC2,Oc1ccc2c(c1)O[C@@H](CN1CCc3ccccc3C1)CC2,295.38200000000006,3.1441000000000017,32.7,1,3,2,4,0.3684210526315789,1
CHEMBL357807,2.0,2.0,2.0,2.0,1,COc1ccc2c(c1)CCC1(CCN(CCCC(=O)c3ccc(F)cc3)CC1)O2,COc1ccc2c(c1)CCC1(CCN(CCCC(=O)c3ccc(F)cc3)CC1)O2,397.49000000000007,4.6570000000000045,38.77,0,4,6,4,0.4583333333333333,1
CHEMBL2207486,25.5,25.5,19.0,32.0,2,CCCN1CCC(c2cn(C)c3ccc(F)cc23)CC1,CCCN1CCC(c2cn(C)c3ccc(F)cc23)CC1,274.38300000000004,3.906800000000003,8.17,0,1,3,3,0.5294117647058824,1
CHEMBL1223682,12.0,12.0,12.0,12.0,1,Cc1cccc(N2CCN(CCCCNc3ccccn3)CC2)c1C,Cc1cccc(N2CCN(CCCCNc3ccccn3)CC2)c1C,338.49900000000014,3.712740000000003,31.4,1,4,7,3,0.4761904761904761,1
CHEMBL1257734,4.47,4.47,4.47,4.47,1,O=C1NCc2ccc(OCCCN3CCN(c4cccc5c4OCCC5)CC3)cc21,O=C1NCc2ccc(OCCCN3CCN(c4cccc5c4OCCC5)CC3)cc21,407.51400000000024,2.8461000000000007,54.040000000000006,1,5,6,5,0.4583333333333333,1
CHEMBL423706,40.0,40.0,40.0,40.0,1,O=C(CCCN1CCC(CCc2c[nH]c3ccccc23)CC1)c1ccc(F)cc1,O=C(CCCN1CCC(CCc2c[nH]c3ccccc23)CC1)c1ccc(F)cc1,392.5180000000002,5.614700000000005,36.1,1,2,8,4,0.4,1
CHEMBL3085825,42.66,42.66,42.66,42.66,1,CN(C)C(=O)NC[C@H]1CC[C@H](CN2CCN(c3cccc(Cl)c3Cl)CC2)CC1,CN(C)C(=O)NC[C@H]1CC[C@H](CN2CCN(c3cccc(Cl)c3Cl)CC2)CC1,427.4200000000002,4.193000000000003,38.82000000000001,1,3,5,3,0.6666666666666666,1
CHEMBL5888905,79.0,79.0,79.0,79.0,1,CO[C@H]1CC[C@H](C(=O)NCCN2CCC(c3cccc(C)n3)CC2)CC1,CO[C@H]1CC[C@H](C(=O)NCCN2CCC(c3cccc(C)n3)CC2)CC1,359.5140000000002,2.8908200000000006,54.46,1,4,6,3,0.7142857142857143,1
CHEMBL210404,39.81,36.93666666666667,31.0,40.0,3,COc1ccccc1N1CCN(Cc2cnn(-c3ccccn3)c2)CC1,COc1ccccc1N1CCN(Cc2cnn(-c3ccccn3)c2)CC1,349.43800000000005,2.5981000000000005,46.42,0,5,5,4,0.3,1
CHEMBL4570930,64.57,64.57,64.57,64.57,1,COc1ccccc1N1CCN(CCCN2CCc3ncsc3CC2)CC1,COc1ccccc1N1CCN(CCCN2CCc3ncsc3CC2)CC1,386.5650000000001,2.7646000000000006,31.840000000000003,0,6,6,4,0.5714285714285714,1
CHEMBL5425944,58.8,58.8,58.8,58.8,1,Clc1cccc(N2CCN(CCCOC3(c4ccccn4)CCOCC3)CC2)c1Cl,Clc1cccc(N2CCN(CCCOC3(c4ccccn4)CCOCC3)CC2)c1Cl,450.4100000000003,4.623000000000004,37.83,0,5,7,4,0.5217391304347826,1
CHEMBL3221299,3.9,3.9,3.9,3.9,1,CCN1CCCC1CNc1nncc2ccc(OC)c(OC)c12,CCN1CCCC1CNc1nncc2ccc(OC)c(OC)c12,316.40500000000014,2.543200000000001,59.510000000000005,1,6,6,3,0.5294117647058824,1
CHEMBL283528,12.0,12.0,12.0,12.0,1,CCCCN1CCC[C@H]1CNC(=O)c1cc(Cl)cc2c1OCCN2C,CCCCN1CCC[C@H]1CNC(=O)c1cc(Cl)cc2c1OCCN2C,365.90500000000014,3.162900000000002,44.81000000000001,1,4,6,3,0.631578947368421,1
CHEMBL252343,90.6,90.6,90.6,90.6,1,CCCN(CCN1CCN(c2ccccc2)CC1)C1CCc2ccc3c(c2C1)CC(=O)N3,CCCN(CCN1CCN(c2ccccc2)CC1)C1CCc2ccc3c(c2C1)CC(=O)N3,432.6120000000003,3.572700000000002,38.82,1,4,7,5,0.5185185185185185,1
CHEMBL307800,10.0,10.0,10.0,10.0,1,O=C(NCCCCN1CCN(c2cccc(Cl)c2Cl)CC1)C1c2ccccc2-c2ccccc21,O=C(NCCCCN1CCN(c2cccc(Cl)c2Cl)CC1)C1c2ccccc2-c2ccccc21,494.46600000000024,5.824300000000005,35.580000000000005,1,3,7,5,0.3214285714285714,1
CHEMBL5958714,44.0,44.0,44.0,44.0,2,Cn1cc(/C=C/C(=O)N[C@H]2CC[C@H](CCN3CCc4nc(OCC(F)(F)F)sc4CC3)CC2)cn1,Cn1cc(/C=C/C(=O)N[C@H]2CC[C@H](CCN3CCc4nc(OCC(F)(F)F)sc4CC3)CC2)cn1,511.61400000000026,3.996800000000003,72.28,1,6,8,4,0.625,1
CHEMBL5438081,19.4,19.4,19.4,19.4,1,COCCC(=O)N1CCC(CCCN2CCN(c3cccc(Cl)c3Cl)CC2)CC1,COCCC(=O)N1CCC(CCCN2CCN(c3cccc(Cl)c3Cl)CC2)CC1,442.43100000000015,4.170700000000003,36.02,0,4,8,3,0.6818181818181818,1
CHEMBL4244691,5.0,5.0,5.0,5.0,1,O=S(=O)(c1cccc2cnccc12)N1CCC[C@H]1CCN1CCN(c2cccc3sccc23)CC1,O=S(=O)(c1cccc2cnccc12)N1CCC[C@H]1CCN1CCN(c2cccc3sccc23)CC1,506.69700000000034,4.814900000000004,56.75000000000001,0,6,6,6,0.3703703703703703,1
CHEMBL1258312,34.0,34.0,34.0,34.0,1,c1ccc2c(N3CCN(CCCOc4ccc5c(c4)CNC5)CC3)cccc2c1,c1ccc2c(N3CCN(CCCOc4ccc5c(c4)CNC5)CC3)cccc2c1,387.52700000000016,4.034100000000003,27.74,1,4,6,5,0.36,1
CHEMBL3941529,53.0,53.0,53.0,53.0,1,C[C@H](NC(=O)CCCCCN1CCN(c2ccccc2-c2ccccc2)CC1)c1ccccc1,C[C@H](NC(=O)CCCCCN1CCN(c2ccccc2-c2ccccc2)CC1)c1ccccc1,455.6460000000002,5.913400000000006,35.580000000000005,1,3,10,4,0.3666666666666666,1
CHEMBL4876545,2.0,2.0,2.0,2.0,1,COc1ccccc1N1CCN(Cc2ccc(CN3C(=O)c4ccccc4S3(=O)=O)cc2)CC1,COc1ccccc1N1CCN(Cc2ccc(CN3C(=O)c4ccccc4S3(=O)=O)cc2)CC1,477.5860000000002,3.3621000000000025,70.16,0,6,6,5,0.2692307692307692,1
CHEMBL398615,0.07,0.07,0.07,0.07,1,CS(=O)(=O)c1ccc2c(c1)N(CCCN1CCC(C(N)=O)CC1)c1ccccc1S2,CS(=O)(=O)c1ccc2c(c1)N(CCCN1CCC(C(N)=O)CC1)c1ccccc1S2,445.6100000000002,3.2802000000000016,83.71000000000001,1,6,6,4,0.4090909090909091,1
CHEMBL2159479,11.0,11.0,11.0,11.0,1,O=S(=O)(NC1CCN(CCOc2ccccc2)C1)c1ccc(F)cc1,O=S(=O)(NC1CCN(CCOc2ccccc2)C1)c1ccc(F)cc1,364.44200000000006,2.2573000000000008,58.64,1,4,7,3,0.3333333333333333,1
CHEMBL5840586,1.05,1.05,1.05,1.05,2,COc1ccc2oc(C(=O)N[C@H]3CC[C@H](CCN4CCN(c5nsc6ccccc56)CC4)CC3)cc2c1,COc1ccc2oc(C(=O)N[C@H]3CC[C@H](CCN4CCN(c5nsc6ccccc56)CC4)CC3)cc2c1,518.6830000000003,5.552000000000006,70.84,1,7,7,6,0.4482758620689655,1
CHEMBL3590080,10.95,10.95,2.9,19.0,2,CCCN(CCCCNC(=O)/C=C/c1ccc(F)cc1)C1Cc2ccccc2C1,CCCN(CCCCNC(=O)/C=C/c1ccc(F)cc1)C1Cc2ccccc2C1,394.53400000000016,4.6147000000000045,32.34,1,2,10,3,0.4,1
CHEMBL104273,23.0,23.0,23.0,23.0,1,Cc1ccc(CN2CCC(CC(=O)N3c4ccccc4CC3C)CC2)cc1F,Cc1ccc(CN2CCC(CC(=O)N3c4ccccc4CC3C)CC2)cc1F,380.50700000000023,4.714020000000005,23.550000000000004,0,2,4,4,0.4583333333333333,1
CHEMBL601635,1.3,1.3,1.3,1.3,1,CN1CCc2cc(Cl)c(O)cc2[C@H]2c3cc(CN4CCN(c5ccccn5)CC4)ccc3CC[C@@H]21,CN1CCc2cc(Cl)c(O)cc2[C@H]2c3cc(CN4CCN(c5ccccn5)CC4)ccc3CC[C@@H]21,489.06300000000033,4.6974000000000045,42.84,1,5,3,6,0.4137931034482758,1
CHEMBL164471,45.71,45.71,45.71,45.71,1,O=C1c2ccoc2CCC1CCN1CCC(c2noc3cc(F)ccc23)CC1,O=C1c2ccoc2CCC1CCN1CCC(c2noc3cc(F)ccc23)CC1,382.4350000000001,4.574700000000004,59.48,0,5,4,5,0.4545454545454545,1
CHEMBL127807,45.0,45.0,45.0,45.0,1,COc1ccccc1N1CCN(Cc2cccc(CNC(=O)c3ccc4ccccc4c3)c2)CC1.O=C(O)C(=O)O,COc1ccccc1N1CCN(Cc2cccc(CNC(=O)c3ccc4ccccc4c3)c2)CC1,465.59700000000015,5.1006000000000045,44.81,1,4,7,5,0.2333333333333333,1
CHEMBL3775872,19.95,13.898,4.37,20.4,5,Cc1ncoc1-c1nnc(SCCCN2CC3CCN(c4ccccc4OC(F)(F)F)C3C2)n1C,Cc1ncoc1-c1nnc(SCCCN2CC3CCN(c4ccccc4OC(F)(F)F)C3C2)n1C,508.5700000000002,4.370020000000004,72.45000000000002,0,8,8,5,0.5217391304347826,1
CHEMBL310401,37.5,37.5,37.5,37.5,1,O=C(N[C@H]1CC[C@H](CCN2CCN(c3cccc(Cl)c3)CC2)CC1)C1CCCCC1,O=C(N[C@H]1CC[C@H](CCN2CCN(c3cccc(Cl)c3)CC2)CC1)C1CCCCC1,432.0520000000003,5.107400000000005,35.580000000000005,1,3,6,4,0.72,1
CHEMBL5761193,99.0,99.0,99.0,99.0,2,Cn1ncc2c1CCCC(CCN1CCN(c3nsc4ccccc34)CC1)C2=O,Cn1ncc2c1CCCC(CCN1CCN(c3nsc4ccccc34)CC1)C2=O,409.5590000000002,3.377300000000002,54.260000000000005,0,6,4,5,0.5,1
CHEMBL4590192,99.7,99.7,99.7,99.7,1,O=C(NCCCCN1CCN(c2cccc(C(F)(F)F)c2)CC1)c1ccc(-c2ccsc2)cc1,O=C(NCCCCN1CCN(c2cccc(C(F)(F)F)c2)CC1)c1ccc(-c2ccsc2)cc1,487.59100000000024,5.766100000000005,35.580000000000005,1,4,8,4,0.3461538461538461,1
CHEMBL553327,2.3,2.3,2.3,2.3,1,Cl.O=C(CCCN1C2CCC1CC(O)(c1ccccc1)C2)c1ccc(F)cc1,O=C(CCCN1C2CCC1CC(O)(c1ccccc1)C2)c1ccc(F)cc1,367.4640000000001,4.303200000000004,40.540000000000006,1,3,6,4,0.4347826086956521,1
CHEMBL1940406,41.0,41.0,41.0,41.0,2,Fc1ccc(OCCCN2CCC(c3ccc(Cl)cc3)CC2)cc1,Fc1ccc(OCCCN2CCC(c3ccc(Cl)cc3)CC2)cc1,347.8610000000001,5.127600000000005,12.47,0,2,6,3,0.4,1
CHEMBL5864297,100.0,100.0,100.0,100.0,1,CC1(Oc2ccc(Cl)cc2)CCCN(CCOc2ccccc2F)C1,CC1(Oc2ccc(Cl)cc2)CCCN(CCOc2ccccc2F)C1,363.86,4.791400000000004,21.700000000000003,0,3,6,3,0.4,1
CHEMBL271913,50.1,50.1,1.2,99.0,2,COc1ccc(Cl)cc1NC(=O)NC1CCC(N2CCN(c3ccccc3OC(C)C)CC2)CC1,COc1ccc(Cl)cc1NC(=O)NC1CCC(N2CCN(c3ccccc3OC(C)C)CC2)CC1,501.0710000000004,5.390700000000005,66.07000000000001,2,5,7,4,0.5185185185185185,1
CHEMBL1732,2.96,2.96,2.96,2.96,1,CN1C[C@H](C(=O)N[C@]2(C)O[C@@]3(O)[C@@H]4CCCN4C(=O)[C@H](Cc4ccccc4)N3C2=O)C[C@@H]2c3cccc4[nH]cc(c34)C[C@H]21,CN1C[C@H](C(=O)N[C@]2(C)O[C@@]3(O)[C@@H]4CCCN4C(=O)[C@H](Cc4ccccc4)N3C2=O)C[C@@H]2c3cccc4[nH]cc(c34)C[C@H]21,583.6890000000001,2.0811000000000024,118.21,3,6,4,8,0.4848484848484848,1
CHEMBL5777100,55.0,55.0,55.0,55.0,1,O=C(N[C@@H](c1ccc2c(c1)OC(F)(F)O2)c1ccccn1)C1CCN(CCOc2ccccc2F)CC1,O=C(N[C@@H](c1ccc2c(c1)OC(F)(F)O2)c1ccccn1)C1CCN(CCOc2ccccc2F)CC1,513.5160000000003,4.538800000000005,72.92,1,6,8,5,0.3333333333333333,1
CHEMBL492690,22.0,22.0,22.0,22.0,1,COc1ccccc1N1CCN(CCCCCC(=O)N2CCc3ccccc3C2)CC1,COc1ccccc1N1CCN(CCCCCC(=O)N2CCc3ccccc3C2)CC1,421.5850000000002,3.962500000000003,36.02,0,4,8,4,0.5,1
CHEMBL4871669,38.2,38.2,38.2,38.2,1,CCc1cc(Cl)c(OC)c(C(=O)NCC2CCN(CC)C2)c1O,CCc1cc(Cl)c(OC)c(C(=O)NCC2CCN(CC)C2)c1O,340.8510000000001,2.6882000000000015,61.8,2,4,6,2,0.5882352941176471,1
CHEMBL4644906,39.0,39.0,39.0,39.0,1,O=C1CCc2cc(OCCCCCCN3CCN(c4nsc5ccccc45)CC3)ccc2N1,O=C1CCc2cc(OCCCCCCN3CCN(c4nsc5ccccc45)CC3)ccc2N1,464.6350000000001,4.942400000000005,57.7,1,6,9,5,0.4615384615384615,1
CHEMBL88464,8.7,8.7,8.7,8.7,1,CN1CCN(C2=Cc3cc(Cl)ccc3Oc3ccccc32)CC1,CN1CCN(C2=Cc3cc(Cl)ccc3Oc3ccccc32)CC1,326.8270000000001,4.191200000000003,15.71,0,3,1,4,0.2631578947368421,1
CHEMBL1621,1.6,1.6,1.6,1.6,1,Cc1nc2n(c(=O)c1CCN1CCC(c3noc4cc(F)ccc34)CC1)CCCC2O,Cc1nc2n(c(=O)c1CCN1CCC(c3noc4cc(F)ccc34)CC1)CCCC2O,426.49200000000025,3.081320000000002,84.39,1,6,4,5,0.5217391304347826,1
CHEMBL2094011,15.0,15.0,15.0,15.0,1,O=C1Cc2c(cccc2N2CCN(CCC3CCc4[nH]c5ccc(F)cc5c4C3)CC2)N1,O=C1Cc2c(cccc2N2CCN(CCC3CCc4[nH]c5ccc(F)cc5c4C3)CC2)N1,432.54300000000006,4.118800000000002,51.370000000000005,2,3,4,6,0.4230769230769231,1
CHEMBL3358513,1.0,1.0,1.0,1.0,1,O=C(NCCCCN1CCN(c2cnc3ccccc3c2)CC1)c1ccccc1,O=C(NCCCCN1CCN(c2cnc3ccccc3c2)CC1)c1ccccc1,388.5150000000002,3.567000000000002,48.470000000000006,1,4,7,4,0.3333333333333333,1
CHEMBL67923,43.05,43.05,22.0,64.1,2,CCCN(Cc1ccc(OC)cc1)[C@@H]1CCc2c(cccc2OC)C1,CCCN(Cc1ccc(OC)cc1)[C@@H]1CCc2c(cccc2OC)C1,339.47900000000004,4.473300000000004,21.700000000000003,0,3,7,3,0.4545454545454545,1
CHEMBL556969,61.0,61.0,61.0,61.0,1,CCN1CC=C(C2=Cc3ccccc3Oc3ccccc32)CC1.Cl,CCN1CC=C(C2=Cc3ccccc3Oc3ccccc32)CC1,303.4050000000001,4.984900000000005,12.47,0,2,2,4,0.238095238095238,1
CHEMBL377452,63.0,63.0,63.0,63.0,1,Cc1ccccc1S(=O)(=O)N1c2ccc(Cl)cc2N=C(N2CCN(C)CC2)c2ccccc21,Cc1ccccc1S(=O)(=O)N1c2ccc(Cl)cc2N=C(N2CCN(C)CC2)c2ccccc21,481.0210000000003,4.814520000000005,56.220000000000006,0,5,2,5,0.24,1
CHEMBL4293999,2.9,2.9,2.9,2.9,1,O=C(CCCCN1CCC(c2noc3cc(F)ccc23)CC1)c1cc2c3c(c1)CCN3C(=O)CC2,O=C(CCCCN1CCC(c2noc3cc(F)ccc23)CC1)c1cc2c3c(c1)CCN3C(=O)CC2,475.5640000000005,5.034800000000005,66.65,0,5,7,6,0.4642857142857143,1
CHEMBL2059305,42.0,42.0,42.0,42.0,1,O=C1CCc2ccccc2N1CCCN1CCC(c2ccc3[nH]ccc3c2)CC1,O=C1CCc2ccccc2N1CCCN1CCC(c2ccc3[nH]ccc3c2)CC1,387.527,4.716800000000004,39.34,1,2,5,5,0.4,1
CHEMBL5190788,10.0,10.0,10.0,10.0,1,N#Cc1cccnc1N1CCN(CCCN2CCN(c3cccc(Cl)c3Cl)CC2)CC1,N#Cc1cccnc1N1CCN(CCCN2CCN(c3cccc(Cl)c3Cl)CC2)CC1,459.4250000000002,3.594380000000003,49.64000000000001,0,6,6,4,0.4782608695652174,1
CHEMBL125525,47.0,47.0,47.0,47.0,1,COc1ccccc1N1CCN(CCCCNC(=O)c2coc3ccccc3c2=O)CC1.O=C(O)C(=O)O,COc1ccccc1N1CCN(CCCCNC(=O)c2coc3ccccc3c2=O)CC1,435.52400000000017,3.1338000000000017,75.02000000000001,1,6,8,4,0.36,1
CHEMBL15136,14.0,14.0,14.0,14.0,1,CCCN(CCC)[C@@H]1Cc2cccc(O)c2C[C@H]1C,CCCN(CCC)[C@@H]1Cc2cccc(O)c2C[C@H]1C,261.409,3.6175000000000024,23.47,1,2,5,2,0.6470588235294118,1
CHEMBL2159475,78.0,78.0,78.0,78.0,1,O=S(=O)(NC1CCN(CCOc2cc(Cl)ccc2Cl)C1)c1ccc(Cl)s1,O=S(=O)(NC1CCN(CCOc2cc(Cl)ccc2Cl)C1)c1ccc(Cl)s1,455.816,4.139900000000004,58.64,1,5,7,3,0.375,1
CHEMBL3287401,12.0,12.0,10.0,14.0,2,O=Cc1c(OCCCCN2CCN(c3cccc(Cl)c3Cl)CC2)nn2ccccc12,O=Cc1c(OCCCCN2CCN(c3cccc(Cl)c3Cl)CC2)nn2ccccc12,447.36600000000016,4.434800000000004,50.08,0,5,8,4,0.3636363636363636,1
CHEMBL2165114,18.0,18.0,18.0,18.0,2,Clc1cccc(N2CCCN(CCCCOc3ccc4scnc4c3)CC2)c1Cl,Clc1cccc(N2CCCN(CCCCOc3ccc4scnc4c3)CC2)c1Cl,450.43500000000006,5.9744000000000055,28.6,0,5,7,4,0.4090909090909091,1
CHEMBL1170456,14.3,14.3,14.3,14.3,1,O=C(O)C(=O)O.OC1(c2ccc(I)cc2)CCN(Cc2cc3ccccc3o2)CC1,OC1(c2ccc(I)cc2)CCN(Cc2cc3ccccc3o2)CC1,433.2890000000002,4.5210000000000035,36.61,1,3,3,4,0.3,1
CHEMBL3133780,21.8,21.8,21.8,21.8,1,COc1ccccc1N1CCN(CCCCNC(=O)c2cc3cc(OCCOCCF)ccc3[nH]2)CC1.O=C(O)C(=O)O,COc1ccccc1N1CCN(CCCCNC(=O)c2cc3cc(OCCOCCF)ccc3[nH]2)CC1,512.6260000000003,3.8736000000000024,79.06,2,6,14,4,0.4642857142857143,1
CHEMBL78923,8.6,8.6,8.6,8.6,1,Nc1nc(-c2ccc(Cl)cc2)cc(C2CCN(Cc3ccccc3)CC2)n1,Nc1nc(-c2ccc(Cl)cc2)cc(C2CCN(Cc3ccccc3)CC2)n1,378.90700000000015,4.7588000000000035,55.04,1,4,4,4,0.2727272727272727,1
CHEMBL2298817,97.0,97.0,97.0,97.0,1,COc1ccccc1N1CCN(CCCc2ccc3nc[nH]c3c2)CC1,COc1ccccc1N1CCN(CCCc2ccc3nc[nH]c3c2)CC1,350.466,3.3263000000000016,44.39,1,4,6,4,0.3809523809523809,1
CHEMBL5646887,21.4,21.4,21.4,21.4,1,C=CCN1CC[C@H](OCCCN)[C@H]1CNC(=O)c1cc(CCCF)cc(OC)c1OC,C=CCN1CC[C@H](OCCCN)[C@H]1CNC(=O)c1cc(CCCF)cc(OC)c1OC,437.55600000000027,2.330000000000001,86.05000000000001,2,6,14,2,0.6086956521739131,1
CHEMBL111884,39.81,39.81,39.81,39.81,1,CCN1[C@H](c2ccccc2)CC[C@H]1c1ccc(-c2cc(S(=O)(=O)CC)ccc2OC)[nH]1,CCN1[C@H](c2ccccc2)CC[C@H]1c1ccc(-c2cc(S(=O)(=O)CC)ccc2OC)[nH]1,438.5930000000002,5.382000000000005,62.4,1,4,7,4,0.36,1
CHEMBL80315,16.5,16.5,16.5,16.5,1,CN(C(=O)c1cccs1)[C@H]1CC[C@H](CCN2CCN(c3cccc(Cl)c3Cl)CC2)CC1,CN(C(=O)c1cccs1)[C@H]1CC[C@H](CCN2CCN(c3cccc(Cl)c3Cl)CC2)CC1,480.5050000000002,5.898000000000007,26.790000000000006,0,4,6,4,0.5416666666666666,1
CHEMBL4090568,17.740000000000002,17.740000000000002,17.7,17.78,2,O=C1COc2ccccc2N1CCCN1CCN(c2nsc3ccccc23)CC1,O=C1COc2ccccc2N1CCCN1CCN(c2nsc3ccccc23)CC1,408.5270000000001,3.2340000000000018,48.91,0,6,5,5,0.3636363636363636,1
CHEMBL5402212,26.7,26.7,26.7,26.7,1,CN(C)C(=O)N[C@H]1CC[C@H](CCN2CCN(c3cccc(C(F)(F)F)n3)CC2)CC1,CN(C)C(=O)N[C@H]1CC[C@H](CCN2CCN(c3cccc(C(F)(F)F)n3)CC2)CC1,427.51500000000016,3.4425000000000017,51.71000000000001,1,4,5,3,0.7142857142857143,1
CHEMBL3966956,0.4,0.4,0.4,0.4,1,O=c1ccc2ccc(OCCCCN3CCN(c4cccc5c4OCCO5)CC3)cc2[nH]1,O=c1ccc2ccc(OCCCCN3CCN(c4cccc5c4OCCO5)CC3)cc2[nH]1,435.5240000000002,3.2805000000000017,67.03,1,6,7,5,0.4,1
CHEMBL550222,26.0,26.333333333333332,16.0,37.0,3,CSc1ccccc1N1CCN(CCCCNC(=O)c2cc3ccccn3n2)CC1,CSc1ccccc1N1CCN(CCCCNC(=O)c2cc3ccccn3n2)CC1,423.5860000000001,3.3884000000000016,52.879999999999995,1,5,8,4,0.391304347826087,1
CHEMBL3409250,21.0,21.0,21.0,21.0,1,NC(=O)c1ccccc1OCCCN1CCN(c2cccc3c2ccn3Cc2ccccc2F)CC1,NC(=O)c1ccccc1OCCCN1CCN(c2cccc3c2ccn3Cc2ccccc2F)CC1,486.5910000000002,4.518700000000004,63.73000000000001,1,4,9,5,0.2758620689655172,1
CHEMBL4061986,29.0,29.0,25.0,33.0,2,Oc1ccc(N2CCN(CCCCOc3ccn4nccc4c3)CC2)c2cccnc12,Oc1ccc(N2CCN(CCCCOc3ccn4nccc4c3)CC2)c2cccnc12,417.51300000000015,3.569300000000003,66.13,1,6,7,5,0.3333333333333333,1
CHEMBL238401,2.7,2.7,2.7,2.7,1,CCN([C@H]1CC[C@H](N2CCN(c3ccccc3OC(C)C)CC2)CC1)S(=O)(=O)c1ccc(OC)c(OC)c1,CCN([C@H]1CC[C@H](N2CCN(c3ccccc3OC(C)C)CC2)CC1)S(=O)(=O)c1ccc(OC)c(OC)c1,545.7460000000004,4.635000000000004,71.55000000000001,0,7,10,4,0.5862068965517241,1
CHEMBL6026273,4.65,4.65,4.65,4.65,1,CCc1cccc(N2CCN(CCCCCNC(=O)c3nc4sccn4c3C)CC2)c1Cl,CCc1cccc(N2CCN(CCCCCNC(=O)c3nc4sccn4c3C)CC2)c1Cl,474.0740000000002,4.642320000000004,52.879999999999995,1,5,9,4,0.5,1
CHEMBL390253,28.4,28.4,28.4,28.4,1,O=C(NCC(O)CCN1CCN(c2cccc(Cl)c2Cl)CC1)c1ccc(-c2ccccn2)cc1,O=C(NCC(O)CCN1CCN(c2cccc(Cl)c2Cl)CC1)c1ccc(-c2ccccn2)cc1,499.44200000000023,4.358400000000004,68.7,2,5,8,4,0.3076923076923077,1
CHEMBL3695362,91.9,91.9,91.9,91.9,1,CCC(=O)N[C@H]1CC[C@H](CCN2CCC(c3cccc4occc34)CC2)CC1,CCC(=O)N[C@H]1CC[C@H](CCN2CCC(c3cccc4occc34)CC2)CC1,382.5480000000002,5.087300000000005,45.48,1,3,6,4,0.625,1
CHEMBL456233,5.92,5.92,5.92,5.92,1,O=C(NCCCCN1CCN(c2ccccc2OCCF)CC1)c1ccc(-n2ccnc2)cc1,O=C(NCCCCN1CCN(c2ccccc2OCCF)CC1)c1ccc(-n2ccnc2)cc1,465.57300000000026,3.552800000000002,62.63,1,5,11,4,0.3846153846153846,1
CHEMBL335392,95.335,95.335,0.67,190.0,2,CCCN(C)C1CCc2ccc(O)cc2C1,CCCN(C)C1CCc2ccc(O)cc2C1,219.32799999999995,2.5913000000000013,23.47,1,2,3,2,0.5714285714285714,1
CHEMBL193639,2.0,2.0,1.7,2.3,2,CN(C)C[C@H]1CC2c3ccccc3Sc3ccc(F)cc3[C@H]2O1,CN(C)C[C@H]1CC2c3ccccc3Sc3ccc(F)cc3[C@H]2O1,329.44000000000005,4.4657000000000036,12.47,0,3,2,4,0.3684210526315789,1
CHEMBL378455,33.0,33.0,28.0,38.0,2,C1=C(c2ccccc2)CCN(Cc2cnn(-c3ccccc3)c2)C1,C1=C(c2ccccc2)CCN(Cc2cnn(-c3ccccc3)c2)C1,315.42,4.161600000000003,21.06,0,2,4,4,0.1904761904761904,1
CHEMBL71920,35.0,35.0,35.0,35.0,1,CCCN(CCC)[C@@H]1CCc2ccc3[nH]c(C#N)cc3c2C1,CCCN(CCC)[C@@H]1CCc2ccc3[nH]c(C#N)cc3c2C1,295.43000000000006,4.018880000000003,42.82,1,2,5,3,0.5263157894736842,1
CHEMBL1258036,20.5,20.5,19.0,22.0,2,O=C(CCCN1CCN(c2cc3ccc2CCc2ccc(cc2)CC3)CC1)c1ccc(F)cc1,O=C(CCCN1CCN(c2cc3ccc2CCc2ccc(cc2)CC3)CC1)c1ccc(F)cc1,456.60500000000025,5.494600000000006,23.550000000000004,0,3,6,8,0.3666666666666666,1
CHEMBL556496,25.12,25.12,25.12,25.12,1,COc1cccc(C2CCCN(CCN3CCN(c4cccc(Cl)c4)C3=O)C2)c1,COc1cccc(C2CCCN(CCN3CCN(c4cccc(Cl)c4)C3=O)C2)c1,413.9490000000001,4.470200000000005,36.02,0,3,6,4,0.4347826086956521,1
CHEMBL1223749,3.1,3.1,3.1,3.1,1,Clc1cccc(N2CCN(CCCCNc3nccc4ccccc34)CC2)c1Cl,Clc1cccc(N2CCN(CCCCNc3nccc4ccccc34)CC2)c1Cl,429.3950000000001,5.555900000000005,31.4,1,4,7,4,0.3478260869565217,1
CHEMBL3234544,100.0,100.0,100.0,100.0,1,CN1C(=O)c2ccccc2[S@+]([O-])c2ccc(C(=O)NCCc3cccs3)cc21,CN1C(=O)c2ccccc2[S@+]([O-])c2ccc(C(=O)NCCc3cccs3)cc21,410.52000000000015,3.4773000000000023,72.47,1,4,4,4,0.1428571428571428,1
CHEMBL4063235,0.205,0.205,0.16,0.25,2,COc1ccccc1N1CCN(CCCCOc2ccn3ncc(C#N)c3c2)CC1,COc1ccccc1N1CCN(CCCCOc2ccn3ncc(C#N)c3c2)CC1,405.50200000000007,3.195780000000002,66.03,0,6,8,4,0.391304347826087,1
CHEMBL4082456,36.0,36.0,36.0,36.0,1,O=S(=O)(c1cccc2ncccc12)N1CCC(CCN2CCN(c3cccc(Cl)c3Cl)CC2)CC1,O=S(=O)(c1cccc2ncccc12)N1CCC(CCN2CCN(c3cccc(Cl)c3Cl)CC2)CC1,533.5250000000002,5.154600000000006,56.75000000000001,0,5,6,5,0.4230769230769231,1
CHEMBL4088249,10.0,10.0,10.0,10.0,1,O=S(=O)(NCCN1CC=C(c2c[nH]c3ccc(Cl)cc23)CC1)c1ccc(F)cc1,O=S(=O)(NCCN1CC=C(c2c[nH]c3ccc(Cl)cc23)CC1)c1ccc(F)cc1,433.9360000000002,4.028000000000002,65.2,2,3,6,4,0.238095238095238,1
CHEMBL5272965,26.9,26.9,26.9,26.9,1,CC1Cc2ccccc2N1C(=O)NCCCCN(C)[C@H]1Cc2cccc3[nH]c(=O)n(c23)C1,CC1Cc2ccccc2N1C(=O)NCCCCN(C)[C@H]1Cc2cccc3[nH]c(=O)n(c23)C1,433.55600000000015,3.1271000000000013,73.37,2,3,6,5,0.44,1
CHEMBL4570273,0.1202,0.1202,0.1202,0.1202,1,O=C(CCCN1CCC(O)(c2cccc(Cl)c2Cl)CC1)c1ccc(F)cc1,O=C(CCCN1CCC(O)(c2cccc(Cl)c2Cl)CC1)c1ccc(F)cc1,410.3160000000002,5.079000000000004,40.540000000000006,1,3,6,3,0.3809523809523809,1
CHEMBL3084520,1.5,1.5,1.5,1.5,1,COc1ccc2occ(CN3[C@@H]4CC[C@H]3C[C@](O)(c3ccc(Cl)cc3)C4)c2c1,COc1ccc2occ(CN3[C@@H]4CC[C@H]3C[C@](O)(c3ccc(Cl)cc3)C4)c2c1,397.9020000000001,5.109400000000005,45.84,1,4,4,5,0.391304347826087,1
CHEMBL196514,3.84715,3.84715,0.7943,6.9,2,C[C@H]1Oc2c(cccc2N2CCN(CCCc3c[nH]c4ccc(F)cc34)CC2)NC1=O,C[C@H]1Oc2c(cccc2N2CCN(CCCc3c[nH]c4ccc(F)cc34)CC2)NC1=O,422.5040000000001,3.781200000000002,60.6,2,4,5,5,0.375,1
CHEMBL1169904,4.2,4.2,4.2,4.2,1,COc1cccc2[nH]cc(CN3CCC(O)(c4ccc(Cl)cc4)CC3)c12,COc1cccc2[nH]cc(CN3CCC(O)(c4ccc(Cl)cc4)CC3)c12,370.88000000000005,4.313500000000003,48.489999999999995,2,3,4,4,0.3333333333333333,1
CHEMBL1259190,4.5,4.5,4.5,4.5,1,CC(C)C(=O)NCc1ccc2c(c1)[C@@H](N1CCN(C)CC1)Cc1ccccc1S2,CC(C)C(=O)NCc1ccc2c(c1)[C@@H](N1CCN(C)CC1)Cc1ccccc1S2,409.5990000000002,3.954600000000003,35.580000000000005,1,4,4,4,0.4583333333333333,1
CHEMBL79834,6.3095,6.3095,3.0,9.619,2,O=C1NCN(c2ccccc2)C12CCN(CCCOc1ccc(F)cc1)CC2,O=C1NCN(c2ccccc2)C12CCN(CCCOc1ccc(F)cc1)CC2,383.4670000000001,3.0231000000000012,44.81,1,4,6,4,0.4090909090909091,1
CHEMBL300571,7.2,7.2,7.2,7.2,1,Oc1ccc2c(c1)O[C@@H](CNCc1ccccc1)CO2,Oc1ccc2c(c1)O[C@@H](CNCc1ccccc1)CO2,271.316,2.3217999999999996,50.72,2,4,4,3,0.25,1
