molecule_chembl_id,median_ki_nm,mean_ki_nm,min_ki_nm,max_ki_nm,n_measurements
CHEMBL100203,111.0,111.0,111.0,111.0,1
CHEMBL100454,22.0,22.0,22.0,22.0,1
CHEMBL100461,10000.0,10000.0,10000.0,10000.0,1
CHEMBL10085,3.1,3.1,2.2,4.0,2
CHEMBL100952,300.0,300.0,300.0,300.0,1
CHEMBL101032,300.0,300.0,300.0,300.0,1
CHEMBL101285,456.0,456.0,456.0,456.0,1
CHEMBL101483,388.0,388.0,388.0,388.0,1
CHEMBL101535,1.5,1.5,1.5,1.5,1
CHEMBL101910,300.0,300.0,300.0,300.0,1
CHEMBL102162,10000.0,10000.0,10000.0,10000.0,1
CHEMBL102175,5.7,5.7,5.7,5.7,1
CHEMBL102414,3676.0,3676.0,3676.0,3676.0,1
CHEMBL102490,9.0,9.0,9.0,9.0,1
CHEMBL102582,6.24,6.24,6.24,6.24,1
CHEMBL102599,4130.0,4130.0,4130.0,4130.0,1
CHEMBL102632,630.0,630.0,630.0,630.0,1
CHEMBL10270,6.7,6.7,6.7,6.7,1
CHEMBL103441,1080.0,1080.0,1080.0,1080.0,1
CHEMBL1036,91.2,91.2,91.2,91.2,1
CHEMBL103622,20.0,20.0,20.0,20.0,1
CHEMBL103772,2240.0,2036.72,36.1,3630.78,4
CHEMBL103857,27.0,27.0,27.0,27.0,1
CHEMBL103871,254.0,254.0,254.0,254.0,1
CHEMBL103900,300.0,300.0,300.0,300.0,1
CHEMBL103912,3107.0,3107.0,3107.0,3107.0,1
CHEMBL103951,300.0,300.0,300.0,300.0,1
CHEMBL103983,41.0,41.0,41.0,41.0,1
CHEMBL104,4062.0,4062.0,4062.0,4062.0,1
CHEMBL104058,286.0,286.0,286.0,286.0,1
CHEMBL104063,8053.0,8053.0,8053.0,8053.0,1
CHEMBL10408,108.0,108.0,108.0,108.0,1
CHEMBL104092,9150.0,9150.0,8300.0,10000.0,2
CHEMBL104135,2037.0,2037.0,2037.0,2037.0,1
CHEMBL104138,4742.0,4742.0,4742.0,4742.0,1
CHEMBL104155,1414.0,1414.0,1414.0,1414.0,1
CHEMBL104160,35.0,35.0,35.0,35.0,1
CHEMBL104196,2610.0,2610.0,2610.0,2610.0,1
CHEMBL104201,15500.0,15500.0,13000.0,18000.0,2
CHEMBL104238,10000.0,10000.0,10000.0,10000.0,1
CHEMBL104251,1000.0,1000.0,1000.0,1000.0,1
CHEMBL104256,1530.0,1530.0,1530.0,1530.0,1
CHEMBL104273,23.0,23.0,23.0,23.0,1
CHEMBL104299,1000.0,1000.0,1000.0,1000.0,1
CHEMBL104321,5287.0,5287.0,5287.0,5287.0,1
CHEMBL104323,2583.0,2583.0,2583.0,2583.0,1
CHEMBL104380,979.0,979.0,979.0,979.0,1
CHEMBL104399,5839.0,5839.0,5839.0,5839.0,1
CHEMBL104432,1000.0,1000.0,1000.0,1000.0,1
CHEMBL104453,465.0,465.0,320.0,610.0,2
CHEMBL104497,10000.0,10000.0,10000.0,10000.0,1
CHEMBL104498,5847.0,5847.0,5847.0,5847.0,1
CHEMBL104514,10000.0,10000.0,10000.0,10000.0,1
CHEMBL104571,420.0,420.0,420.0,420.0,1
CHEMBL104579,158.0,158.0,158.0,158.0,1
CHEMBL104614,887.0,887.0,887.0,887.0,1
CHEMBL104678,43.0,43.0,43.0,43.0,1
CHEMBL104700,10000.0,10000.0,10000.0,10000.0,1
CHEMBL104713,341.0,341.0,341.0,341.0,1
CHEMBL104716,39.0,39.0,39.0,39.0,1
CHEMBL104719,52.0,52.0,52.0,52.0,1
CHEMBL104751,28.0,28.0,28.0,28.0,1
CHEMBL104756,8620.0,8620.0,8620.0,8620.0,1
CHEMBL104788,92.0,92.0,92.0,92.0,1
CHEMBL104800,10000.0,10000.0,10000.0,10000.0,1
CHEMBL104832,62.0,62.0,62.0,62.0,1
CHEMBL105011,166.0,166.0,166.0,166.0,1
CHEMBL105172,95.0,95.0,95.0,95.0,1
CHEMBL105304,119.0,119.0,119.0,119.0,1
CHEMBL105317,673.0,673.0,673.0,673.0,1
CHEMBL105354,2364.0,2364.0,2364.0,2364.0,1
CHEMBL105454,5940.0,5940.0,5940.0,5940.0,1
CHEMBL105509,2267.5,2267.5,1202.0,3333.0,2
CHEMBL105512,259.5,259.5,57.0,462.0,2
CHEMBL105595,6357.0,6357.0,6357.0,6357.0,1
CHEMBL105601,1000.0,1000.0,1000.0,1000.0,1
CHEMBL105623,439.0,439.0,439.0,439.0,1
CHEMBL105625,450.0,450.0,450.0,450.0,1
CHEMBL10570,78.0,78.0,78.0,78.0,1
CHEMBL105745,491.0,491.0,491.0,491.0,1
CHEMBL105977,369.0,369.0,272.0,466.0,2
CHEMBL106007,5000.0,5000.0,5000.0,5000.0,1
CHEMBL106047,6970.0,6970.0,3940.0,10000.0,2
CHEMBL106067,1000.0,1000.0,1000.0,1000.0,1
CHEMBL106119,9395.0,9395.0,9395.0,9395.0,1
CHEMBL106169,758.0,758.0,758.0,758.0,1
CHEMBL106208,3823.0,3823.0,3823.0,3823.0,1
CHEMBL106283,58.0,58.0,58.0,58.0,1
CHEMBL1065,269.0,269.0,269.0,269.0,1
CHEMBL106598,2145.0,2145.0,2145.0,2145.0,1
CHEMBL106635,6900.0,6900.0,5300.0,8500.0,2
CHEMBL106660,59.0,59.0,59.0,59.0,1
CHEMBL106737,198.5,198.5,158.0,239.0,2
CHEMBL106742,306.0,306.0,306.0,306.0,1
CHEMBL106751,1252.0,1252.0,1252.0,1252.0,1
CHEMBL106827,1000.0,1000.0,1000.0,1000.0,1
CHEMBL106862,273.0,273.0,273.0,273.0,1
CHEMBL106897,4126.0,4126.0,4126.0,4126.0,1
CHEMBL106914,834.0,834.0,834.0,834.0,1
CHEMBL106916,209.0,209.0,209.0,209.0,1
CHEMBL106917,3780.0,3780.0,3780.0,3780.0,1
CHEMBL106998,1692.0,1692.0,1692.0,1692.0,1
CHEMBL107020,214.0,214.0,214.0,214.0,1
CHEMBL107151,3027.0,3027.0,3027.0,3027.0,1
CHEMBL107229,4623.0,4623.0,4623.0,4623.0,1
CHEMBL107338,1926.0,1926.0,1926.0,1926.0,1
CHEMBL107351,6740.0,6740.0,6740.0,6740.0,1
CHEMBL107384,883.0,883.0,883.0,883.0,1
CHEMBL107391,2220.0,2220.0,2220.0,2220.0,1
CHEMBL107529,3300.0,3300.0,3200.0,3400.0,2
CHEMBL107631,1178.0,1178.0,1178.0,1178.0,1
CHEMBL1076586,10000.0,10000.0,10000.0,10000.0,1
CHEMBL107678,1000.0,1000.0,1000.0,1000.0,1
CHEMBL1077189,10000.0,10000.0,10000.0,10000.0,1
CHEMBL107742,188.0,188.0,188.0,188.0,1
CHEMBL107755,5847.0,5847.0,5847.0,5847.0,1
CHEMBL107793,509.0,509.0,509.0,509.0,1
CHEMBL107804,3011.0,3011.0,3011.0,3011.0,1
CHEMBL107962,3325.0,3325.0,3325.0,3325.0,1
CHEMBL107973,43000.0,43000.0,43000.0,43000.0,1
CHEMBL107974,550.0,550.0,550.0,550.0,1
CHEMBL107988,1100.0,1100.0,1100.0,1100.0,1
CHEMBL108011,218.0,218.0,218.0,218.0,1
CHEMBL1080155,10000.0,10000.0,10000.0,10000.0,1
CHEMBL1080389,10000.0,10000.0,10000.0,10000.0,1
CHEMBL1080556,10000.0,10000.0,10000.0,10000.0,1
CHEMBL1080735,10000.0,10000.0,10000.0,10000.0,1
CHEMBL1080755,10000.0,10000.0,10000.0,10000.0,1
CHEMBL1080907,10000.0,10000.0,10000.0,10000.0,1
CHEMBL1080926,10000.0,10000.0,10000.0,10000.0,1
CHEMBL1081212,10000.0,10000.0,10000.0,10000.0,1
CHEMBL1081254,10000.0,10000.0,10000.0,10000.0,1
CHEMBL108146,140.0,140.0,140.0,140.0,1
CHEMBL108157,1207.0,1207.0,1207.0,1207.0,1
CHEMBL108160,5550.0,5550.0,4900.0,6200.0,2
CHEMBL1081648,10000.0,10000.0,10000.0,10000.0,1
CHEMBL1081649,10000.0,10000.0,10000.0,10000.0,1
CHEMBL1082209,10000.0,10000.0,10000.0,10000.0,1
CHEMBL1082210,10000.0,10000.0,10000.0,10000.0,1
CHEMBL1082211,10000.0,10000.0,10000.0,10000.0,1
CHEMBL108242,1025.0,1025.0,550.0,1500.0,2
CHEMBL108243,4400.0,4400.0,800.0,8000.0,2
CHEMBL108261,1000.0,1000.0,1000.0,1000.0,1
CHEMBL108282,191.0,191.0,191.0,191.0,1
CHEMBL108289,80.5,80.5,24.0,137.0,2
CHEMBL108297,1200.0,1200.0,1200.0,1200.0,1
CHEMBL1083390,997.0,997.0,997.0,997.0,1
CHEMBL108527,1680.0,1680.0,1680.0,1680.0,1
CHEMBL108564,1100.0,1100.0,1100.0,1100.0,1
CHEMBL108616,270.0,270.0,270.0,270.0,1
CHEMBL108637,825.0,825.0,825.0,825.0,1
CHEMBL108678,42000.0,42000.0,42000.0,42000.0,1
CHEMBL1086789,1476.0,1476.0,1476.0,1476.0,1
CHEMBL1086790,4458.0,4458.0,4458.0,4458.0,1
CHEMBL108698,300.0,300.0,300.0,300.0,1
CHEMBL1087300,4.0,4.0,4.0,4.0,1
CHEMBL1087301,55.1,55.1,55.1,55.1,1
CHEMBL1087452,8.6,8.6,8.6,8.6,1
CHEMBL1087453,8.6,8.6,8.6,8.6,1
CHEMBL1087454,8.3,8.3,8.3,8.3,1
CHEMBL1087455,8.0,8.0,8.0,8.0,1
CHEMBL1087585,7.0,7.0,7.0,7.0,1
CHEMBL1087743,19.0,19.0,19.0,19.0,1
CHEMBL1087744,2.5,2.5,2.5,2.5,1
CHEMBL1087745,18.0,18.0,18.0,18.0,1
CHEMBL1087817,6.3,6.3,6.3,6.3,1
CHEMBL1087818,11.0,11.0,11.0,11.0,1
CHEMBL1087872,9.0,9.0,9.0,9.0,1
CHEMBL1088000,16.0,16.0,16.0,16.0,1
CHEMBL1088073,10000.0,10000.0,10000.0,10000.0,1
CHEMBL108856,96.0,96.0,96.0,96.0,1
CHEMBL1088560,9.0,9.0,9.0,9.0,1
CHEMBL108979,330.0,330.0,330.0,330.0,1
CHEMBL109173,1450.0,1450.0,1400.0,1500.0,2
CHEMBL109179,3500.0,3500.0,3500.0,3500.0,1
CHEMBL109189,800.0,800.0,800.0,800.0,1
CHEMBL109299,218.0,218.0,218.0,218.0,1
CHEMBL109472,5950.0,5900.0,4000.0,7700.0,4
CHEMBL109532,7.943,7.943,7.943,7.943,1
CHEMBL109684,13.3,11.525,0.5,19.0,4
CHEMBL109787,0.45,0.45,0.45,0.45,1
CHEMBL1098230,1000.0,1000.0,1000.0,1000.0,1
CHEMBL109897,4.8,4.8,4.8,4.8,1
CHEMBL109912,23.5,26.85,6.4,54.0,4
CHEMBL11,726.0,726.0,726.0,726.0,1
CHEMBL110063,3450.0,3450.0,1500.0,5400.0,2
CHEMBL110120,180.0,180.0,180.0,180.0,1
CHEMBL110239,135.8,135.8,6.6,265.0,2
CHEMBL110349,473.0,473.0,473.0,473.0,1
CHEMBL110365,55.4,55.4,55.4,55.4,1
CHEMBL110411,217.0,217.0,217.0,217.0,1
CHEMBL110431,2600.0,2600.0,2600.0,2600.0,1
CHEMBL110435,1120.0,1120.0,1120.0,1120.0,1
CHEMBL11065,917.0,917.0,917.0,917.0,1
CHEMBL11066,1.45,1.45,0.5,2.4,2
CHEMBL110712,1000.0,1000.0,1000.0,1000.0,1
CHEMBL110774,6700.0,6700.0,6700.0,6700.0,1
CHEMBL110793,15.85,15.85,15.85,15.85,1
CHEMBL1108,0.802,0.802,0.802,0.802,1
CHEMBL110888,11.05,11.05,5.0,17.1,2
CHEMBL111006,4200.0,4200.0,4200.0,4200.0,1
CHEMBL111054,52.5,52.5,38.0,67.0,2
CHEMBL1112,1.7000000000000002,58.57,0.2,2180.0,42
CHEMBL1113,67.0,67.0,67.0,67.0,1
CHEMBL111532,6.8,6.8,6.8,6.8,1
CHEMBL111749,17.0,16.5,11.0,21.0,4
CHEMBL111884,39.81,39.81,39.81,39.81,1
CHEMBL112065,45.0,45.0,42.0,48.0,2
CHEMBL112219,25.12,25.12,25.12,25.12,1
CHEMBL112268,7.943,7.943,7.943,7.943,1
CHEMBL112395,19.5,19.5,15.0,24.0,2
CHEMBL1125,9.0,9.0,9.0,9.0,1
CHEMBL112505,79.43,79.43,79.43,79.43,1
CHEMBL112705,0.3981,0.3981,0.3981,0.3981,1
CHEMBL112735,1.995,1.995,1.995,1.995,1
CHEMBL112831,2900.0,3700.0,1100.0,7900.0,4
CHEMBL112833,220.0,255.5,82.0,500.0,4
CHEMBL113196,0.3,0.3,0.3,0.3,1
CHEMBL113229,3.162,3.162,3.162,3.162,1
CHEMBL113471,2250.0,2300.0,1900.0,2800.0,4
CHEMBL113523,6.31,6.31,6.31,6.31,1
CHEMBL113524,12.59,12.59,12.59,12.59,1
CHEMBL113527,3.2,3.2,3.2,3.2,1
CHEMBL113606,19.95,19.95,19.95,19.95,1
CHEMBL11363,117.65,117.65,0.3,235.0,2
CHEMBL11386,464.0,464.0,464.0,464.0,1
CHEMBL11388,87.5,87.5,75.0,100.0,2
CHEMBL114510,485.595,485.595,470.0,501.19,2
CHEMBL11493,68.1,68.1,68.1,68.1,1
CHEMBL115402,1000.0,1000.0,1000.0,1000.0,1
CHEMBL115524,2050.0,2050.0,2050.0,2050.0,1
CHEMBL1159663,170.0,170.0,170.0,170.0,1
CHEMBL115969,183.0,183.0,183.0,183.0,1
CHEMBL1160787,8000.0,8000.0,8000.0,8000.0,1
CHEMBL11608,88500.0,88500.0,17000.0,160000.0,2
CHEMBL11615,416.0,416.0,416.0,416.0,1
CHEMBL1162962,2000.0,2000.0,2000.0,2000.0,1
CHEMBL116367,10000.0,10000.0,10000.0,10000.0,1
CHEMBL116372,2983.5,2983.5,47.0,5920.0,2
CHEMBL116448,794.33,794.33,794.33,794.33,1
CHEMBL1169728,71.4,71.4,71.4,71.4,1
CHEMBL1169895,37.8,37.8,37.8,37.8,1
CHEMBL1169896,7.1,7.1,7.1,7.1,1
CHEMBL1169904,4.2,4.2,4.2,4.2,1
CHEMBL1170085,8.0,8.0,8.0,8.0,1
CHEMBL1170094,4.2,4.2,4.2,4.2,1
CHEMBL1170095,2.3,2.3,2.3,2.3,1
CHEMBL1170096,2.5,2.5,2.5,2.5,1
CHEMBL1170456,14.3,14.3,14.3,14.3,1
CHEMBL1170683,4.8,4.8,4.8,4.8,1
CHEMBL1170879,212.0,212.0,212.0,212.0,1
CHEMBL1171249,2.4,2.4,2.4,2.4,1
CHEMBL1171630,2.0,2.0,2.0,2.0,1
CHEMBL1172208,61.0,61.0,61.0,61.0,1
CHEMBL1172209,254.0,254.0,254.0,254.0,1
CHEMBL1172210,17.3,17.3,17.3,17.3,1
CHEMBL1172212,46.8,46.8,46.8,46.8,1
CHEMBL1172213,6.6,6.6,6.6,6.6,1
CHEMBL1172214,13.6,13.6,13.6,13.6,1
CHEMBL1173285,3.8,3.8,3.8,3.8,1
CHEMBL1173287,0.9,0.9,0.9,0.9,1
CHEMBL1173288,0.9,0.9,0.9,0.9,1
CHEMBL1173363,1396.0,1396.0,1396.0,1396.0,1
CHEMBL1173366,13.8,13.8,13.8,13.8,1
CHEMBL1173436,23.3,23.3,23.3,23.3,1
CHEMBL1173711,27.7,27.7,27.7,27.7,1
CHEMBL1173778,12.5,12.5,12.5,12.5,1
CHEMBL117730,4710.0,4710.0,4710.0,4710.0,1
CHEMBL117841,551.0,551.0,551.0,551.0,1
CHEMBL1180430,13.54,13.54,13.54,13.54,1
CHEMBL1180455,22.6,22.6,22.6,22.6,1
CHEMBL118254,79.2,79.2,79.2,79.2,1
CHEMBL11845,217.0,217.0,217.0,217.0,1
CHEMBL118636,500.0,500.0,500.0,500.0,1
CHEMBL118637,1350.0,1350.0,1350.0,1350.0,1
CHEMBL118771,238.0,238.0,238.0,238.0,1
CHEMBL1188090,64.4,64.4,64.4,64.4,1
CHEMBL119132,1000.0,1000.0,1000.0,1000.0,1
CHEMBL119150,582.0,582.0,582.0,582.0,1
CHEMBL119154,826.0,826.0,826.0,826.0,1
CHEMBL119223,5000.0,5000.0,5000.0,5000.0,1
CHEMBL1193274,1000.0,1000.0,1000.0,1000.0,1
CHEMBL119384,1000.0,1000.0,1000.0,1000.0,1
CHEMBL119401,1000.0,1000.0,1000.0,1000.0,1
CHEMBL119443,184.0,184.0,184.0,184.0,1
CHEMBL119455,58.5,95.875,58.5,208.0,4
CHEMBL1195032,5000.0,5000.0,5000.0,5000.0,1
CHEMBL119577,1000.0,1000.0,1000.0,1000.0,1
CHEMBL119593,249.0,249.0,249.0,249.0,1
CHEMBL119656,177.0,177.0,177.0,177.0,1
CHEMBL119900,403.0,403.0,403.0,403.0,1
CHEMBL1200270,0.9,0.9,0.9,0.9,1
CHEMBL12004,379.0,379.0,379.0,379.0,1
CHEMBL1200492,735.53,735.53,735.53,735.53,1
CHEMBL1200517,60.92,60.92,60.92,60.92,1
CHEMBL1200618,8806.43,8806.43,8806.43,8806.43,1
CHEMBL1200809,1176.52,1176.52,1176.52,1176.52,1
CHEMBL1200986,1.1300000000000001,1.1300000000000001,0.46,1.8,2
CHEMBL1201087,0.36,0.36,0.36,0.36,2
CHEMBL1201192,100000.0,100000.0,100000.0,100000.0,1
CHEMBL1201343,3.9,3.9,3.9,3.9,1
CHEMBL1201356,276.0,276.0,276.0,276.0,1
CHEMBL1202298,5000.0,5000.0,5000.0,5000.0,1
CHEMBL1202783,10000.0,10000.0,10000.0,10000.0,1
CHEMBL1203924,340.0,340.0,340.0,340.0,1
CHEMBL1204122,17.5,17.5,17.5,17.5,1
CHEMBL1204203,22.0,22.0,22.0,22.0,1
CHEMBL120590,16.0,16.0,16.0,16.0,1
CHEMBL120661,5.92,5.92,5.92,5.92,1
CHEMBL1209157,1000.0,1000.0,1000.0,1000.0,1
CHEMBL120927,1330.0,1330.0,1330.0,1330.0,1
CHEMBL1214829,10000.0,10000.0,10000.0,10000.0,1
CHEMBL1214830,2700.0,2700.0,2700.0,2700.0,1
CHEMBL1214831,4868.0,4868.0,4868.0,4868.0,1
CHEMBL1214891,10000.0,10000.0,10000.0,10000.0,1
CHEMBL1214892,10000.0,10000.0,10000.0,10000.0,1
CHEMBL1214893,10000.0,10000.0,10000.0,10000.0,1
CHEMBL1214894,5728.0,5728.0,5728.0,5728.0,1
CHEMBL1214895,4542.0,4542.0,4542.0,4542.0,1
CHEMBL1214958,2281.0,2281.0,2281.0,2281.0,1
CHEMBL1214959,2977.0,2977.0,2977.0,2977.0,1
CHEMBL1214960,2920.0,2920.0,2920.0,2920.0,1
CHEMBL1214961,5122.0,5122.0,5122.0,5122.0,1
CHEMBL1214962,6005.0,6005.0,6005.0,6005.0,1
CHEMBL1215036,10000.0,10000.0,10000.0,10000.0,1
CHEMBL1215037,10000.0,10000.0,10000.0,10000.0,1
CHEMBL1215038,10000.0,10000.0,10000.0,10000.0,1
CHEMBL1221498,890.0,890.0,890.0,890.0,1
CHEMBL1221512,52.0,52.0,52.0,52.0,1
CHEMBL1221545,46.5,46.5,46.5,46.5,1
CHEMBL1221591,254.0,254.0,254.0,254.0,1
CHEMBL1221592,438.0,438.0,438.0,438.0,1
CHEMBL1221593,121.0,121.0,121.0,121.0,1
CHEMBL1221594,99.0,99.0,99.0,99.0,1
CHEMBL122165,515.0,515.0,515.0,515.0,1
CHEMBL1223615,0.8,0.8,0.8,0.8,1
CHEMBL1223616,0.4,0.4,0.4,0.4,1
CHEMBL1223617,17.0,17.0,17.0,17.0,1
CHEMBL1223680,11.0,11.0,11.0,11.0,1
CHEMBL1223681,32.0,32.0,32.0,32.0,1
CHEMBL1223682,12.0,12.0,12.0,12.0,1
CHEMBL1223683,0.6,0.6,0.6,0.6,1
CHEMBL1223747,1.6,1.6,1.6,1.6,1
CHEMBL1223748,1.0,1.0,1.0,1.0,1
CHEMBL1223749,3.1,3.1,3.1,3.1,1
CHEMBL1223750,1.0,1.0,1.0,1.0,1
CHEMBL1223799,2.5,2.5,2.5,2.5,1
CHEMBL1223800,0.59,0.59,0.59,0.59,1
CHEMBL1223801,1.1,1.1,1.1,1.1,1
CHEMBL1223802,1.5,1.5,1.5,1.5,1
CHEMBL1223856,0.55,0.55,0.55,0.55,1
CHEMBL1223857,0.76,0.76,0.76,0.76,1
CHEMBL1223858,9.6,9.6,9.6,9.6,1
CHEMBL1223859,13.0,13.0,13.0,13.0,1
CHEMBL1224527,375115.0,375115.0,230.0,750000.0,2
CHEMBL122453,327.0,327.0,327.0,327.0,1
CHEMBL122485,541.0,541.0,541.0,541.0,1
CHEMBL122533,0.2512,0.2512,0.2512,0.2512,1
CHEMBL122538,62.0,62.0,62.0,62.0,1
CHEMBL12264,3981.035,3981.035,3981.0,3981.07,2
CHEMBL122758,10000.0,10000.0,10000.0,10000.0,1
CHEMBL122761,5550.0,5550.0,1100.0,10000.0,2
CHEMBL123014,540.0,540.0,540.0,540.0,1
CHEMBL123488,2192.0,2192.0,2192.0,2192.0,1
CHEMBL1235966,214.0,214.0,214.0,214.0,1
CHEMBL1237021,1.7,1.7,1.7,1.7,1
CHEMBL1237149,12.0,12.0,12.0,12.0,1
CHEMBL1237165,24.0,24.0,24.0,24.0,1
CHEMBL12375,132.0,132.0,132.0,132.0,1
CHEMBL123937,10000.0,10000.0,10000.0,10000.0,1
CHEMBL124234,37.0,37.0,37.0,37.0,1
CHEMBL1242923,1000.0,1733.152,831.76,5000.0,5
CHEMBL1242950,538.5,538.5,77.0,1000.0,2
CHEMBL124411,410.0,410.0,410.0,410.0,1
CHEMBL124419,265.0,265.0,265.0,265.0,1
CHEMBL124444,110.0,116.72999999999999,84.0,170.0,5
CHEMBL125459,8.0,8.0,8.0,8.0,1
CHEMBL125525,47.0,47.0,47.0,47.0,1
CHEMBL1255588,0.6699999999999999,1.2816666666666667,0.37,2.9,6
CHEMBL125580,145.0,145.0,145.0,145.0,1
CHEMBL1255837,0.491,0.491,0.491,0.491,1
CHEMBL1255966,1430.0,1430.0,1430.0,1430.0,1
CHEMBL1256169,170.0,170.0,140.0,200.0,2
CHEMBL1256170,23.5,23.5,17.0,30.0,2
CHEMBL1256171,40.0,40.0,32.0,48.0,2
CHEMBL125676,128.0,128.0,128.0,128.0,1
CHEMBL1256786,13000.0,13000.0,13000.0,13000.0,1
CHEMBL1256863,10000.0,10000.0,10000.0,10000.0,1
CHEMBL1257144,58.0,58.0,58.0,58.0,1
CHEMBL1257145,10.2,10.2,10.2,10.2,1
CHEMBL1257146,9.01,9.01,9.01,9.01,1
CHEMBL1257147,9.86,9.86,9.86,9.86,1
CHEMBL1257261,8.23,8.23,8.23,8.23,1
CHEMBL1257262,0.302,0.302,0.302,0.302,1
CHEMBL1257263,51.6,51.6,51.6,51.6,1
CHEMBL1257264,9.31,9.31,9.31,9.31,1
CHEMBL1257382,0.05752,0.05752,0.0575,0.05754,2
CHEMBL1257383,12.1,12.1,12.1,12.1,1
CHEMBL1257384,24.5,24.5,24.5,24.5,1
CHEMBL1257385,5.91,5.91,5.91,5.91,1
CHEMBL125745,1700.0,1700.0,1700.0,1700.0,1
CHEMBL1257492,2.0845000000000002,2.0845000000000002,2.08,2.089,2
CHEMBL1257493,0.5751999999999999,0.5751999999999999,0.575,0.5754,2
CHEMBL1257494,6.81,6.81,6.81,6.81,1
CHEMBL1257495,13.1,13.1,13.1,13.1,1
CHEMBL1257613,2.63,2.63,2.63,2.63,1
CHEMBL1257614,1.5445,1.5445,1.54,1.549,2
CHEMBL1257615,13.6,13.6,13.6,13.6,1
CHEMBL1257616,3.03,3.03,3.03,3.03,1
CHEMBL1257688,4.2,4.2,3.6,4.8,2
CHEMBL1257689,4.95,4.95,3.4,6.5,2
CHEMBL1257734,4.47,4.47,4.47,4.47,1
CHEMBL1257735,0.5757,0.5757,0.5754,0.576,2
CHEMBL1257736,1.7,1.7,1.7,1.7,1
CHEMBL1257737,9.44,9.44,9.44,9.44,1
CHEMBL1257810,17.0,17.0,13.0,21.0,2
CHEMBL1257811,29.0,29.0,15.0,43.0,2
CHEMBL1257856,290.0,290.0,290.0,290.0,1
CHEMBL1257857,22.345,22.345,22.3,22.39,2
CHEMBL1257858,21.8,21.8,21.8,21.8,1
CHEMBL1257859,2.46,2.46,2.46,2.46,1
CHEMBL1257927,50.5,50.5,46.0,55.0,2
CHEMBL1257968,11.49,11.49,11.48,11.5,2
CHEMBL1257969,13.8,13.8,13.8,13.8,1
CHEMBL1257970,16.6,16.6,16.6,16.6,1
CHEMBL1257971,2.34,2.34,2.34,2.34,1
CHEMBL1258036,20.5,20.5,19.0,22.0,2
CHEMBL1258037,14.5,14.5,13.0,16.0,2
CHEMBL1258084,22.345,22.345,22.3,22.39,2
CHEMBL1258085,5.49,5.49,5.49,5.49,1
CHEMBL1258086,3.81,3.81,3.81,3.81,1
CHEMBL1258087,0.812,0.812,0.812,0.812,1
CHEMBL1258154,530.0,530.0,440.0,620.0,2
CHEMBL1258155,195.0,195.0,190.0,200.0,2
CHEMBL1258199,35.34,35.34,35.2,35.48,2
CHEMBL1258200,10.3,10.3,10.3,10.3,1
CHEMBL1258270,330.0,330.0,260.0,400.0,2
CHEMBL1258312,34.0,34.0,34.0,34.0,1
CHEMBL1258313,5.752,5.752,5.75,5.754,2
CHEMBL1258314,8.59,8.59,8.59,8.59,1
CHEMBL1258382,116.5,116.5,83.0,150.0,2
CHEMBL1258383,74.5,74.5,65.0,84.0,2
CHEMBL1258425,40.7,40.7,40.7,40.7,1
CHEMBL1258426,24.7,24.7,24.7,24.7,1
CHEMBL1258427,15.825,15.825,15.8,15.85,2
CHEMBL1258428,8.92,8.92,8.92,8.92,1
CHEMBL1258494,19.5,19.5,17.0,22.0,2
CHEMBL1258495,92.5,92.5,86.0,99.0,2
CHEMBL1258532,80.7,80.7,80.7,80.7,1
CHEMBL1258533,16.3,16.3,16.3,16.3,1
CHEMBL1258534,0.877,0.877,0.877,0.877,1
CHEMBL1258535,9.54,9.54,9.54,9.54,1
CHEMBL1258647,7.4015,7.4015,7.39,7.413,2
CHEMBL1258648,27.8,27.8,27.8,27.8,1
CHEMBL1258649,1.41,1.41,1.41,1.41,1
CHEMBL1258650,5.81,5.81,5.81,5.81,1
CHEMBL1258760,33.8,33.8,33.8,33.8,1
CHEMBL1258761,13.6,13.6,13.6,13.6,1
CHEMBL1258762,11.2,11.2,11.2,11.2,1
CHEMBL1258763,1.86,1.86,1.86,1.86,1
CHEMBL1258879,3.18,3.18,3.18,3.18,1
CHEMBL1258880,44.5,44.5,44.5,44.5,1
CHEMBL1258881,0.891,0.891,0.891,0.891,1
CHEMBL1258882,10.6,10.6,10.6,10.6,1
CHEMBL1258987,2.3,2.3,2.3,2.3,1
CHEMBL1258988,5.9,5.9,5.9,5.9,1
CHEMBL1258999,27500.0,27500.0,27000.0,28000.0,2
CHEMBL1259005,2.9,2.9,2.9,2.9,1
CHEMBL1259006,1.9,1.9,1.9,1.9,1
CHEMBL1259023,0.62,0.62,0.62,0.62,1
CHEMBL1259024,1.1,1.1,1.1,1.1,1
CHEMBL1259042,0.73,0.73,0.73,0.73,1
CHEMBL1259043,1.8,1.8,1.8,1.8,1
CHEMBL1259062,1.6,1.6,1.6,1.6,1
CHEMBL1259063,3.4,3.4,3.4,3.4,1
CHEMBL1259071,86500.0,86500.0,73000.0,100000.0,2
CHEMBL1259079,6.3,6.3,6.3,6.3,1
CHEMBL1259080,2.0,2.0,2.0,2.0,1
CHEMBL1259097,4.6,4.6,4.6,4.6,1
CHEMBL1259098,4.9,4.9,4.9,4.9,1
CHEMBL1259112,1.4,1.4,1.4,1.4,1
CHEMBL1259113,35.0,35.0,35.0,35.0,1
CHEMBL1259128,0.35,0.35,0.35,0.35,1
CHEMBL1259129,1.9,1.9,1.9,1.9,1
CHEMBL1259144,7.1,7.1,7.1,7.1,1
CHEMBL1259145,12.0,12.0,12.0,12.0,1
CHEMBL1259158,6.1,6.1,6.1,6.1,1
CHEMBL125916,37.4,37.4,37.4,37.4,2
CHEMBL1259172,37.0,37.0,37.0,37.0,1
CHEMBL1259173,27.0,27.0,27.0,27.0,1
CHEMBL1259174,3.3,3.3,3.3,3.3,1
CHEMBL1259187,3.1,3.1,3.1,3.1,1
CHEMBL1259188,2.7,2.7,2.7,2.7,1
CHEMBL1259189,31.0,31.0,31.0,31.0,1
CHEMBL1259190,4.5,4.5,4.5,4.5,1
CHEMBL1259203,190.0,190.0,120.0,260.0,2
CHEMBL1259216,1.3699999999999999,1.3699999999999999,0.44,2.3,2
CHEMBL1259231,0.86,0.86,0.86,0.86,1
CHEMBL1259232,1.6,1.6,1.6,1.6,1
CHEMBL1259241,37000.0,37000.0,20000.0,54000.0,2
CHEMBL126128,13.54,13.54,13.54,13.54,1
CHEMBL126136,15.2,15.2,15.2,15.2,1
CHEMBL12624,1584.89,1584.89,1584.89,1584.89,1
CHEMBL126258,19.5,19.5,19.5,19.5,1
CHEMBL126277,630.0,630.0,630.0,630.0,1
CHEMBL126280,13.0,13.0,13.0,13.0,1
CHEMBL126285,40.0,40.0,40.0,40.0,1
CHEMBL1263,32000.0,32000.0,32000.0,32000.0,1
CHEMBL126312,28.4,28.4,28.4,28.4,1
CHEMBL126313,71.9,71.9,71.9,71.9,1
CHEMBL126331,94.6,94.6,94.6,94.6,1
CHEMBL126340,750.0,750.0,750.0,750.0,1
CHEMBL126342,114.0,114.0,114.0,114.0,1
CHEMBL126429,93.0,93.0,93.0,93.0,1
CHEMBL126439,53.2,53.2,53.2,53.2,1
CHEMBL126441,14.0,14.0,14.0,14.0,1
CHEMBL126474,17.5,17.5,17.5,17.5,1
CHEMBL126502,68.0,68.0,68.0,68.0,1
CHEMBL126632,50.0,50.0,50.0,50.0,1
CHEMBL126656,44.0,44.0,44.0,44.0,1
CHEMBL126725,22.6,22.6,22.6,22.6,1
CHEMBL126746,37.0,37.0,37.0,37.0,1
CHEMBL126749,32.0,32.0,32.0,32.0,1
CHEMBL126780,84.5,84.5,23.0,146.0,2
CHEMBL126834,18.0,18.0,18.0,18.0,1
CHEMBL126892,20.9,20.9,20.9,20.9,1
CHEMBL126948,63.0,63.0,63.0,63.0,1
CHEMBL127020,729.0,729.0,729.0,729.0,1
CHEMBL127029,200.0,200.0,200.0,200.0,1
CHEMBL127038,10.3,10.3,10.3,10.3,1
CHEMBL127080,56.0,56.0,56.0,56.0,1
CHEMBL127114,81.0,81.0,81.0,81.0,1
CHEMBL12713,0.45,2.17,0.38,7.4,4
CHEMBL127230,65.2,65.2,65.2,65.2,1
CHEMBL127234,18.0,18.0,18.0,18.0,1
CHEMBL127257,6000.0,6000.0,6000.0,6000.0,2
CHEMBL127288,26.5,26.5,26.5,26.5,1
CHEMBL127311,12.0,12.0,12.0,12.0,1
CHEMBL127317,66.8,66.8,66.8,66.8,1
CHEMBL127411,1700.0,1700.0,1700.0,1700.0,1
CHEMBL1275630,1903.0,1903.0,1903.0,1903.0,1
CHEMBL127654,15.0,15.0,15.0,15.0,1
CHEMBL1277104,334.0,334.0,334.0,334.0,1
CHEMBL1277105,5000.0,5000.0,5000.0,5000.0,1
CHEMBL1277565,2243.0,2243.0,2243.0,2243.0,1
CHEMBL1277837,2036.0,2036.0,2036.0,2036.0,1
CHEMBL1277917,355.0,355.0,355.0,355.0,1
CHEMBL1278001,605.0,605.0,605.0,605.0,1
CHEMBL127807,45.0,45.0,45.0,45.0,1
CHEMBL127912,20.0,20.0,20.0,20.0,1
CHEMBL127923,38.5,38.5,38.5,38.5,1
CHEMBL127979,300.0,300.0,300.0,300.0,1
CHEMBL128,218.0,218.0,218.0,218.0,1
CHEMBL128133,56.0,56.0,56.0,56.0,1
CHEMBL128222,5880.0,5880.0,5880.0,5880.0,1
CHEMBL128232,61.33,61.33,61.0,61.66,2
CHEMBL128276,1949.92,1949.92,1949.84,1950.0,2
CHEMBL128281,222.0,222.0,222.0,222.0,1
CHEMBL128313,19.975,19.975,19.95,20.0,2
CHEMBL128524,251.095,251.095,251.0,251.19,2
CHEMBL128647,268.575,268.575,268.0,269.15,2
CHEMBL1288585,8.5,8.5,8.5,8.5,1
CHEMBL129022,27.5,27.5,27.5,27.5,1
CHEMBL129035,7.2,7.2,7.2,7.2,1
CHEMBL129159,279.0,279.0,279.0,279.0,1
CHEMBL129237,73.0,73.0,73.0,73.0,1
CHEMBL129429,36.79,36.79,36.79,36.79,1
CHEMBL129465,14.0,14.0,14.0,14.0,1
CHEMBL129483,75.0,75.0,75.0,75.0,1
CHEMBL129502,330.0,330.0,330.0,330.0,1
CHEMBL129534,21.939999999999998,21.939999999999998,21.88,22.0,2
CHEMBL129606,235.0,235.0,235.0,235.0,1
CHEMBL129757,245.235,245.235,245.0,245.47,2
CHEMBL129767,19.0,19.0,19.0,19.0,1
CHEMBL129768,5000.0,5000.0,5000.0,5000.0,1
CHEMBL129852,100.0,100.0,100.0,100.0,1
CHEMBL129927,143.76999999999998,143.76999999999998,143.0,144.54,2
CHEMBL129931,519.0,519.0,519.0,519.0,1
CHEMBL129979,20.0,20.0,20.0,20.0,1
CHEMBL129997,787.58,787.58,316.23,1258.93,2
CHEMBL130101,251.19,251.19,251.19,251.19,1
CHEMBL130261,40.0,40.0,40.0,40.0,1
CHEMBL130282,794.33,794.33,794.33,794.33,1
CHEMBL1303,0.06,6.706666666666666,0.06,20.0,3
CHEMBL130304,316.23,316.23,316.23,316.23,1
CHEMBL130347,352.0,352.0,352.0,352.0,1
CHEMBL130370,276.21000000000004,276.21000000000004,275.42,277.0,2
CHEMBL130402,118.0,118.0,118.0,118.0,1
CHEMBL130423,1000.0,1000.0,1000.0,1000.0,1
CHEMBL130665,398.11,398.11,398.11,398.11,1
CHEMBL130678,199.53,199.53,199.53,199.53,1
CHEMBL130843,199.53,199.53,199.53,199.53,1
CHEMBL131299,64.285,64.285,64.0,64.57,2
CHEMBL131357,390.025,390.025,389.05,391.0,2
CHEMBL131396,112.1,112.1,112.0,112.2,2
CHEMBL131484,1319.13,1319.13,1318.26,1320.0,2
CHEMBL131495,9.581,9.581,3.162,16.0,2
CHEMBL131556,501.19,501.19,501.19,501.19,1
CHEMBL131851,694.0,694.0,694.0,694.0,1
CHEMBL131926,1.259,1.259,1.259,1.259,1
CHEMBL131997,300.5,300.5,299.0,302.0,2
CHEMBL132261,1046.0,1046.0,1046.0,1046.0,1
CHEMBL132455,1406.27,1406.27,1400.0,1412.54,2
CHEMBL132574,630.96,630.96,630.96,630.96,1
CHEMBL132724,125.89,125.89,125.89,125.89,1
CHEMBL132769,125.89,125.89,125.89,125.89,1
CHEMBL132789,398.11,398.11,398.11,398.11,1
CHEMBL132884,228.54500000000002,228.54500000000002,228.0,229.09,2
CHEMBL133085,397.4,397.4,10.8,784.0,2
CHEMBL133166,794.33,794.33,794.33,794.33,1
CHEMBL1334465,9765.62,9765.62,9765.62,9765.62,1
CHEMBL133519,794.33,794.33,794.33,794.33,1
CHEMBL133524,5.0,5.0,5.0,5.0,1
CHEMBL133800,1000.0,1000.0,1000.0,1000.0,1
CHEMBL133830,40.65,40.65,3.3,78.0,2
CHEMBL133938,745.5,745.5,250.0,1241.0,2
CHEMBL134326,5882.0,5882.0,5882.0,5882.0,1
CHEMBL134343,77.0,77.0,77.0,77.0,1
CHEMBL134571,87.75,87.75,2.5,173.0,2
CHEMBL134701,120.0,120.0,120.0,120.0,1
CHEMBL134747,524.0,524.0,524.0,524.0,1
CHEMBL134759,180.0,180.0,180.0,180.0,1
CHEMBL134807,39.81,149.54714285714286,1.23,736.0,7
CHEMBL134808,4.3,4.3,4.3,4.3,1
CHEMBL134866,181.0,181.0,181.0,181.0,1
CHEMBL135044,2.5,2.5,2.5,2.5,1
CHEMBL135048,131.0,131.0,131.0,131.0,1
CHEMBL135152,380.0,380.0,380.0,380.0,1
CHEMBL135357,7.0,7.0,7.0,7.0,1
CHEMBL135395,9.7,9.7,9.7,9.7,1
CHEMBL135725,73.9,73.9,73.9,73.9,1
CHEMBL135932,30.2,30.2,5.4,55.0,2
CHEMBL135944,3351.0,3351.0,3351.0,3351.0,1
CHEMBL135954,29.88,29.88,0.76,59.0,2
CHEMBL13647,14.0,14.0,14.0,14.0,1
CHEMBL1373,100000.0,100000.0,100000.0,100000.0,1
CHEMBL137781,60.0,60.0,60.0,60.0,1
CHEMBL138015,5000.0,5000.0,5000.0,5000.0,1
CHEMBL138016,228.0,228.0,228.0,228.0,1
CHEMBL1385840,1.677,1.677,1.677,1.677,1
CHEMBL138792,724.5,724.5,585.0,864.0,2
CHEMBL138989,330.0,330.0,330.0,330.0,1
CHEMBL138998,10.92,10.92,4.94,16.9,2
CHEMBL139089,52.6,52.6,37.0,68.2,2
CHEMBL139345,374.5,374.5,167.0,582.0,2
CHEMBL139600,27.5,23.075,7.1,30.2,4
CHEMBL139722,520.0,508.27,480.0,524.81,3
CHEMBL139926,81.0,132.37375,44.8,323.59,8
CHEMBL140006,39500.0,39500.0,36000.0,43000.0,2
CHEMBL140099,3100.0,1976.0,290.0,3100.0,5
CHEMBL140165,2100.0,2100.0,1800.0,2400.0,2
CHEMBL140184,251.19,251.19,251.19,251.19,1
CHEMBL140258,360.0,360.0,220.0,500.0,2
CHEMBL1403281,0.65,0.65,0.65,0.65,1
CHEMBL140594,7750.0,7750.0,7600.0,7900.0,2
CHEMBL140612,11.0,24.380000000000003,3.9,83.0,5
CHEMBL140872,98.0,98.0,98.0,98.0,2
CHEMBL140968,70.89500000000001,63.197500000000005,35.0,76.0,4
CHEMBL141035,1625.0,1625.0,950.0,2300.0,2
CHEMBL141343,5587.0,5587.0,5587.0,5587.0,1
CHEMBL141419,51.0,51.0,39.0,63.0,2
CHEMBL141510,127.8,127.8,45.6,210.0,2
CHEMBL141511,522.0,522.0,254.0,790.0,2
CHEMBL141537,1804.5,1804.5,779.0,2830.0,2
CHEMBL141845,288.4,218.68,85.0,290.0,5
CHEMBL142020,270.0,230.8922222222222,99.0,310.0,9
CHEMBL142217,18750.0,18750.0,3500.0,34000.0,2
CHEMBL1423,11.7,8.366666666666665,1.4,12.0,3
CHEMBL1424807,1148.15,815.15,137.3,1160.0,3
CHEMBL143022,151.36,151.36,151.36,151.36,1
CHEMBL143027,16.22,16.22,16.22,16.22,1
CHEMBL143352,269.575,252.2875,180.0,290.0,4
CHEMBL143355,970.0,970.0,540.0,1400.0,2
CHEMBL1437,1300.0,1300.0,1300.0,1300.0,1
CHEMBL143761,28000.0,24400.0,19000.0,28000.0,5
CHEMBL144055,501.19,501.19,501.19,501.19,1
CHEMBL144141,630.96,630.96,630.96,630.96,1
CHEMBL1442422,30200.0,30200.0,30200.0,30200.0,1
CHEMBL144600,398.11,398.11,398.11,398.11,1
CHEMBL145141,125.89,125.89,125.89,125.89,1
CHEMBL145408,1000.0,1000.0,1000.0,1000.0,1
CHEMBL145545,630.96,630.96,630.96,630.96,1
CHEMBL145584,20000.0,20000.0,20000.0,20000.0,1
CHEMBL1457510,97.1,97.1,49.2,145.0,2
CHEMBL145939,1450.0,1450.0,1400.0,1500.0,2
CHEMBL146144,1700.0,1700.0,1700.0,1700.0,1
CHEMBL146233,570.0,570.0,570.0,570.0,1
CHEMBL146246,5147.0,5147.0,5147.0,5147.0,1
CHEMBL146448,1500.0,1500.0,1500.0,1500.0,1
CHEMBL146485,650.0,650.0,650.0,650.0,1
CHEMBL146556,738.0,738.0,738.0,738.0,1
CHEMBL146595,1500.0,1500.0,1500.0,1500.0,1
CHEMBL146620,1500.0,1500.0,1500.0,1500.0,1
CHEMBL146757,698.0,698.0,698.0,698.0,1
CHEMBL146856,9943.0,9943.0,9943.0,9943.0,1
CHEMBL146998,680.0,680.0,680.0,680.0,1
CHEMBL147011,5880.0,5880.0,5880.0,5880.0,1
CHEMBL147048,1500.0,1500.0,1500.0,1500.0,1
CHEMBL147059,610.0,610.0,610.0,610.0,1
CHEMBL147130,2200.0,2200.0,2200.0,2200.0,1
CHEMBL147159,6.25,6.25,2.2,10.3,2
CHEMBL147164,710.0,710.0,710.0,710.0,1
CHEMBL147431,750.0,750.0,750.0,750.0,1
CHEMBL147483,1000.0,1000.0,1000.0,1000.0,1
CHEMBL147830,1.738,1.738,1.738,1.738,1
CHEMBL148024,280.0,280.0,280.0,280.0,1
CHEMBL148042,19117.0,19117.0,19117.0,19117.0,1
CHEMBL148058,1000.0,1000.0,1000.0,1000.0,1
CHEMBL148280,1500.0,1500.0,1500.0,1500.0,1
CHEMBL148348,490.0,490.0,490.0,490.0,1
CHEMBL148352,120.0,120.0,120.0,120.0,1
CHEMBL148353,136.0,136.0,136.0,136.0,1
CHEMBL148418,530.0,530.0,530.0,530.0,1
CHEMBL148559,571.0,571.0,571.0,571.0,1
CHEMBL148565,1500.0,1500.0,1500.0,1500.0,1
CHEMBL148694,149.0,149.0,149.0,149.0,1
CHEMBL14899,188.0,188.0,188.0,188.0,1
CHEMBL149233,129.0,129.0,129.0,129.0,1
CHEMBL149423,840.0,840.0,840.0,840.0,1
CHEMBL149429,1100.0,1100.0,1100.0,1100.0,1
CHEMBL149497,1130.0,1130.0,1130.0,1130.0,1
CHEMBL149510,1100.0,1100.0,1100.0,1100.0,1
CHEMBL149596,572.0,572.0,572.0,572.0,1
CHEMBL149723,6.7,6.7,6.7,6.7,1
CHEMBL14998,62.0,62.0,62.0,62.0,1
CHEMBL150129,5880.0,5880.0,5880.0,5880.0,1
CHEMBL150161,51.1,222.71999999999997,33.0,489.4,5
CHEMBL150173,2980.0,2980.0,2980.0,2980.0,1
CHEMBL150181,2340.0,2340.0,2340.0,2340.0,1
CHEMBL150210,1000.0,1000.0,1000.0,1000.0,1
CHEMBL150220,1500.0,1500.0,1500.0,1500.0,1
CHEMBL1503220,300.0,300.0,300.0,300.0,1
CHEMBL151286,287.0,287.0,287.0,287.0,1
CHEMBL15136,14.0,14.0,14.0,14.0,1
CHEMBL15146,72.55,72.55,55.1,90.0,2
CHEMBL151533,346.0,346.0,346.0,346.0,1
CHEMBL1516474,296.96,296.96,296.96,296.96,1
CHEMBL152010,107.0,107.0,107.0,107.0,1
CHEMBL152159,680.0,680.0,680.0,680.0,1
CHEMBL152262,63.0,63.0,63.0,63.0,1
CHEMBL152304,430.0,430.0,430.0,430.0,1
CHEMBL152391,1410.0,1410.0,1410.0,1410.0,1
CHEMBL15242,31.0,31.0,31.0,31.0,1
CHEMBL15245,542.5550000000001,542.5550000000001,398.11,687.0,2
CHEMBL152576,1130.0,1130.0,1130.0,1130.0,1
CHEMBL152587,770.0,770.0,770.0,770.0,1
CHEMBL152679,1000.0,1000.0,1000.0,1000.0,1
CHEMBL15270,62.0,62.0,62.0,62.0,1
CHEMBL152756,930.0,930.0,930.0,930.0,1
CHEMBL152869,253.0,253.0,253.0,253.0,1
CHEMBL153956,380.19,370.7333333333333,194.98,537.03,3
CHEMBL154050,1000.0,1000.0,1000.0,1000.0,1
CHEMBL154244,10000.0,10000.0,10000.0,10000.0,1
CHEMBL154274,10000.0,10000.0,10000.0,10000.0,1
CHEMBL154286,640.0,640.0,640.0,640.0,1
CHEMBL154482,1300.0,1300.0,1300.0,1300.0,1
CHEMBL154508,3174.5,3174.5,1149.0,5200.0,2
CHEMBL155124,398.11,398.11,398.11,398.11,1
CHEMBL155207,1100.0,1100.0,1100.0,1100.0,1
CHEMBL155257,151.36,140.23000000000002,107.15,162.18,3
CHEMBL155388,316.23,530.5500000000001,275.42,1000.0,3
CHEMBL155426,223.87,223.87,223.87,223.87,1
CHEMBL155486,64.57,111.97000000000001,57.54,213.8,3
CHEMBL1557,231.0,2159.168888888889,2.0,11600.0,9
CHEMBL155826,19.4,50.9,19.3,114.0,3
CHEMBL155913,4100.0,4100.0,2800.0,5400.0,2
CHEMBL156164,84.061,101.536,0.031,246.0,8
CHEMBL156198,15000.0,15000.0,15000.0,15000.0,2
CHEMBL156369,12500.0,12500.0,12000.0,13000.0,2
CHEMBL156599,3680.0,3680.0,3680.0,3680.0,1
CHEMBL156639,177.5,177.5,142.0,213.0,2
CHEMBL156651,94.098,106.175375,0.05,260.0,8
CHEMBL156689,27.4,27.4,27.4,27.4,1
CHEMBL156732,200.0,200.0,200.0,200.0,1
CHEMBL156816,782.0,782.0,782.0,782.0,1
CHEMBL156845,7460.0,7460.0,7460.0,7460.0,1
CHEMBL156851,23000.0,23000.0,21000.0,25000.0,2
CHEMBL156896,600.0,600.0,600.0,600.0,1
CHEMBL157035,7.37,7.37,7.37,7.37,1
CHEMBL157036,8.78,8.78,8.78,8.78,1
CHEMBL157046,831.76,831.76,831.76,831.76,1
CHEMBL157138,0.66,0.6019571428571429,0.3,0.953,7
CHEMBL157222,8300.0,8300.0,8300.0,8300.0,1
CHEMBL157293,32.9,42.166666666666664,25.2,68.4,3
CHEMBL157322,1000.0,1000.0,1000.0,1000.0,1
CHEMBL157388,1000.0,1000.0,1000.0,1000.0,1
CHEMBL157910,10000.0,10000.0,10000.0,10000.0,1
CHEMBL157923,3.7,3.7,3.7,3.7,1
CHEMBL158013,245.0,245.0,245.0,245.0,1
CHEMBL158285,870.0,870.0,870.0,870.0,1
CHEMBL158402,1300.0,1300.0,1300.0,1300.0,1
CHEMBL158627,501.19,501.19,501.19,501.19,1
CHEMBL158973,330.0,330.0,330.0,330.0,1
CHEMBL159022,78.1,78.1,78.1,78.1,1
CHEMBL159143,1000.0,1000.0,1000.0,1000.0,1
CHEMBL15928,10000.0,10000.0,10000.0,10000.0,2
CHEMBL159742,952.0,952.0,952.0,952.0,1
CHEMBL159903,1196.0,1196.0,1196.0,1196.0,1
CHEMBL159929,724.44,724.44,724.44,724.44,1
CHEMBL160266,520.0,520.0,400.0,640.0,2
CHEMBL160296,0.31,0.31,0.3,0.32,2
CHEMBL160357,4.3,4.3,4.3,4.3,1
CHEMBL160396,67500.0,67500.0,56000.0,79000.0,2
CHEMBL160454,2950.0,2950.0,2800.0,3100.0,2
CHEMBL160519,86000.0,86000.0,86000.0,86000.0,1
CHEMBL160536,210.0,210.0,120.0,300.0,2
CHEMBL160626,44000.0,44333.333333333336,44000.0,45000.0,3
CHEMBL160630,5.5,5.5,5.5,5.5,1
CHEMBL160744,8.1,8.1,8.1,8.1,1
CHEMBL160749,15000.0,15000.0,14000.0,16000.0,2
CHEMBL160817,246.0,246.0,246.0,246.0,1
CHEMBL160921,2.9,2.9,2.9,2.9,1
CHEMBL160932,58500.0,58500.0,58000.0,59000.0,2
CHEMBL160952,3715.35,4538.45,3700.0,6200.0,3
CHEMBL160998,2511.89,2511.89,2511.89,2511.89,1
CHEMBL161126,398.11,398.11,398.11,398.11,1
CHEMBL161203,1000.0,1000.0,1000.0,1000.0,1
CHEMBL161507,2328.0,2328.0,2328.0,2328.0,1
CHEMBL1615374,552.71,552.71,552.71,552.71,1
CHEMBL1616116,1000.0,1000.0,1000.0,1000.0,1
CHEMBL161765,450.0,450.0,450.0,450.0,1
CHEMBL161792,7.3,7.3,7.3,7.3,1
CHEMBL161811,546.0,546.0,546.0,546.0,1
CHEMBL161846,1000.0,1000.0,1000.0,1000.0,1
CHEMBL161853,1000.0,1000.0,1000.0,1000.0,1
CHEMBL161899,948.0,948.0,948.0,948.0,1
CHEMBL161916,199.53,199.53,199.53,199.53,1
CHEMBL161982,1880.0,1880.0,1880.0,1880.0,1
CHEMBL1621,1.6,1.6,1.6,1.6,1
CHEMBL162102,18.0,18.0,18.0,18.0,1
CHEMBL162193,630.96,630.96,630.96,630.96,1
CHEMBL162265,185.0,185.0,185.0,185.0,1
CHEMBL1625084,10000.0,10000.0,10000.0,10000.0,1
CHEMBL1626,45.0,45.0,45.0,45.0,1
CHEMBL1627305,746.0,747.0,746.0,750.0,4
CHEMBL1627306,300.0,342.6666666666667,295.0,433.0,3
CHEMBL1627307,752.5,752.5,715.0,790.0,2
CHEMBL1627310,328.0,328.0,328.0,328.0,1
CHEMBL1627314,217.0,217.0,217.0,217.0,1
CHEMBL162762,2850.0,6829.2,34.0,19000.0,10
CHEMBL162768,3.4,3.4,3.4,3.4,1
CHEMBL1628275,28.0,28.0,28.0,28.0,1
CHEMBL162873,195.0,195.0,195.0,195.0,1
CHEMBL163009,68.0,68.0,68.0,68.0,1
CHEMBL163087,20000.0,12116.3,16.0,20000.0,10
CHEMBL1631532,199.53,199.53,199.53,199.53,1
CHEMBL1631535,398.11,398.11,398.11,398.11,1
CHEMBL1631540,501.19,501.19,501.19,501.19,1
CHEMBL1631542,794.33,794.33,794.33,794.33,1
CHEMBL1631545,398.11,398.11,398.11,398.11,1
CHEMBL1632158,10000.0,10000.0,10000.0,10000.0,1
CHEMBL1632174,10000.0,10000.0,10000.0,10000.0,1
CHEMBL1632206,398.11,398.11,398.11,398.11,1
CHEMBL1632210,398.11,398.11,398.11,398.11,1
CHEMBL1632217,199.53,199.53,199.53,199.53,1
CHEMBL1632220,316.23,316.23,316.23,316.23,1
CHEMBL1632223,79.43,79.43,79.43,79.43,1
CHEMBL163239,440.0,440.0,440.0,440.0,1
CHEMBL163261,20.0,20.0,20.0,20.0,1
CHEMBL1633,1726.64,1726.64,1726.64,1726.64,1
CHEMBL163742,41.0,41.0,41.0,41.0,1
CHEMBL163863,230.0,230.0,230.0,230.0,1
CHEMBL163895,26.0,26.0,26.0,26.0,1
CHEMBL163904,29.0,29.0,29.0,29.0,1
CHEMBL164185,10.5,10.5,6.0,15.0,2
CHEMBL1642851,5000.0,5000.0,5000.0,5000.0,1
CHEMBL1642865,5000.0,5000.0,5000.0,5000.0,1
CHEMBL1642866,5000.0,5000.0,5000.0,5000.0,1
CHEMBL1642882,5000.0,5000.0,5000.0,5000.0,1
CHEMBL1642886,5000.0,5000.0,5000.0,5000.0,1
CHEMBL1642889,5000.0,5000.0,5000.0,5000.0,1
CHEMBL164330,1000.0,1000.0,1000.0,1000.0,1
CHEMBL164338,15.1,15.1,15.1,15.1,1
CHEMBL164471,45.71,45.71,45.71,45.71,1
CHEMBL1644978,194.0,194.0,194.0,194.0,1
CHEMBL1644980,38.0,38.0,38.0,38.0,1
CHEMBL164604,4.7,4.7,4.7,4.7,1
CHEMBL164631,20000.0,20000.0,20000.0,20000.0,2
CHEMBL164723,25.0,25.0,25.0,25.0,1
CHEMBL164736,12000.0,12000.0,11000.0,13000.0,2
CHEMBL164744,7.7,7.7,7.7,7.7,1
CHEMBL164792,3.0,3.0,3.0,3.0,1
CHEMBL164909,50.0,50.0,50.0,50.0,1
CHEMBL164950,17500.0,17500.0,15000.0,20000.0,2
CHEMBL164979,39.0,39.0,39.0,39.0,1
CHEMBL165022,16000.0,16000.0,12000.0,20000.0,2
CHEMBL165047,4.8,4.8,4.8,4.8,1
CHEMBL165056,6.0,6.0,6.0,6.0,1
CHEMBL165113,254.0,254.0,254.0,254.0,1
CHEMBL165126,14.0,14.0,14.0,14.0,1
CHEMBL165140,7.4,7.4,7.4,7.4,1
CHEMBL165171,6250.0,6250.0,5200.0,7300.0,2
CHEMBL165364,1000.0,1000.0,1000.0,1000.0,1
CHEMBL165381,2400.0,2400.0,2400.0,2400.0,1
CHEMBL165440,110.0,110.0,110.0,110.0,1
CHEMBL165504,52.0,52.0,38.0,66.0,2
CHEMBL165664,5.7,5.7,5.7,5.7,1
CHEMBL165679,5.2,5.2,5.2,5.2,1
CHEMBL165689,180.0,180.0,180.0,180.0,1
CHEMBL165723,15.0,15.0,15.0,15.0,1
CHEMBL165780,2.3,2.3,2.3,2.3,1
CHEMBL165897,19.0,19.0,19.0,19.0,1
CHEMBL166151,4800.0,4800.0,4800.0,4800.0,1
CHEMBL166252,46.0,46.0,46.0,46.0,1
CHEMBL166269,1140.0,1140.0,1140.0,1140.0,1
CHEMBL166310,3.4,3.4,2.7,4.1,2
CHEMBL166321,206.0,206.0,206.0,206.0,1
CHEMBL166325,15000.0,15000.0,15000.0,15000.0,2
CHEMBL166366,60.0,60.0,60.0,60.0,1
CHEMBL166587,98.0,98.0,86.0,110.0,2
CHEMBL167032,26000.0,26000.0,25000.0,27000.0,2
CHEMBL1672288,10000.0,10000.0,10000.0,10000.0,1
CHEMBL1672309,490.0,490.0,490.0,490.0,1
CHEMBL1672312,750.0,750.0,750.0,750.0,1
CHEMBL167414,1020.0,1020.0,640.0,1400.0,2
CHEMBL168051,31.0,31.0,31.0,31.0,1
CHEMBL168274,760.0,760.0,540.0,980.0,2
CHEMBL168372,24500.0,24500.0,19000.0,30000.0,2
CHEMBL1684023,1203.0,1203.0,1203.0,1203.0,1
CHEMBL1684028,661.0,661.0,661.0,661.0,1
CHEMBL1684029,206.0,206.0,206.0,206.0,1
CHEMBL1684125,7384.0,7384.0,7384.0,7384.0,1
CHEMBL1684128,88.0,88.0,88.0,88.0,1
CHEMBL1684129,399.0,399.0,399.0,399.0,1
CHEMBL1684130,293.0,293.0,293.0,293.0,1
CHEMBL1684131,616.0,616.0,616.0,616.0,1
CHEMBL1684132,600.0,600.0,600.0,600.0,1
CHEMBL1684133,770.0,770.0,770.0,770.0,1
CHEMBL1684134,174.0,174.0,174.0,174.0,1
CHEMBL1684135,141.0,141.0,141.0,141.0,1
CHEMBL168541,12200.0,12200.0,6400.0,18000.0,2
CHEMBL168544,39.0,39.0,24.0,54.0,2
CHEMBL168566,680.0,680.0,540.0,820.0,2
CHEMBL168571,5050.0,5050.0,2800.0,7300.0,2
CHEMBL168611,36.5,36.5,28.0,45.0,2
CHEMBL1688990,34.4,34.4,34.4,34.4,2
CHEMBL1688991,54.5,54.5,54.5,54.5,2
CHEMBL1688992,27.1,27.1,27.1,27.1,1
CHEMBL1688993,20.9,20.9,20.9,20.9,1
CHEMBL1688994,52.0,52.0,52.0,52.0,1
CHEMBL1688995,131.0,131.0,131.0,131.0,1
CHEMBL1688996,55.3,55.3,55.3,55.3,1
CHEMBL1688997,59.2,59.2,59.2,59.2,1
CHEMBL1688998,17.8,17.8,17.8,17.8,1
CHEMBL1688999,13.4,13.4,13.4,13.4,1
CHEMBL1689000,13.2,13.2,13.2,13.2,1
CHEMBL1689001,57.6,57.6,57.6,57.6,1
CHEMBL1689002,15.1,15.1,15.1,15.1,1
CHEMBL1689003,21.4,21.4,21.4,21.4,1
CHEMBL1689004,15.1,15.1,15.1,15.1,1
CHEMBL1689005,14.2,14.2,14.2,14.2,1
CHEMBL1689006,27.7,27.7,27.7,27.7,1
CHEMBL1689007,31.7,31.7,31.7,31.7,1
CHEMBL1689008,35.2,35.2,35.2,35.2,1
CHEMBL1689009,17.7,17.7,17.7,17.7,1
CHEMBL1689010,37.9,37.9,37.9,37.9,1
CHEMBL1689011,64.8,64.8,64.8,64.8,1
CHEMBL1689012,70.5,70.5,70.5,70.5,1
CHEMBL169193,114.5,114.5,79.0,150.0,2
CHEMBL169222,84.0,84.0,58.0,110.0,2
CHEMBL169322,5011.87,5011.87,5011.87,5011.87,1
CHEMBL169323,398.11,398.11,398.11,398.11,1
CHEMBL169459,29500.0,29500.0,29000.0,30000.0,2
CHEMBL169562,7100.0,7100.0,4200.0,10000.0,2
CHEMBL169631,33000.0,33000.0,28000.0,38000.0,2
CHEMBL169889,43500.0,43500.0,43000.0,44000.0,2
CHEMBL170923,12589.25,12589.25,12589.25,12589.25,1
CHEMBL170976,501.19,501.19,501.19,501.19,1
CHEMBL1712377,10000.0,10000.0,10000.0,10000.0,1
CHEMBL1713,3.0,3.0,3.0,3.0,1
CHEMBL17157,2056.0,2056.0,2056.0,2056.0,1
CHEMBL171672,2511.89,2511.89,2511.89,2511.89,1
CHEMBL171825,1000.0,1000.0,1000.0,1000.0,1
CHEMBL171826,398.11,398.11,398.11,398.11,1
CHEMBL1729,158.0,158.0,158.0,158.0,1
CHEMBL1732,2.96,2.96,2.96,2.96,1
CHEMBL173803,10000.0,10000.0,10000.0,10000.0,1
CHEMBL1739963,0.17,0.17,0.17,0.17,1
CHEMBL174049,2000.0,2000.0,2000.0,2000.0,1
CHEMBL1742470,50000.0,50000.0,50000.0,50000.0,1
CHEMBL1744035,896.0,896.0,896.0,896.0,1
CHEMBL1744036,215.0,215.0,215.0,215.0,1
CHEMBL1744037,38.0,38.0,38.0,38.0,1
CHEMBL1744038,1000.0,1000.0,1000.0,1000.0,1
CHEMBL1744044,249.5,249.5,50.0,449.0,2
CHEMBL1744087,10000.0,10000.0,10000.0,10000.0,1
CHEMBL1744088,44.0,44.0,44.0,44.0,1
CHEMBL1744089,857.0,857.0,857.0,857.0,1
CHEMBL175462,65.5,65.5,65.5,65.5,1
CHEMBL175466,17.5,17.5,17.5,17.5,1
CHEMBL175544,1000.0,1000.0,1000.0,1000.0,1
CHEMBL175586,1000.0,1000.0,1000.0,1000.0,1
CHEMBL175677,8.8,8.8,8.8,8.8,1
CHEMBL175734,149.0,181.0,149.0,245.0,3
CHEMBL175832,311.5,311.5,310.0,313.0,2
CHEMBL175838,19.6,19.6,19.6,19.6,1
CHEMBL175875,39.1,39.1,39.1,39.1,1
CHEMBL176109,2000.0,2000.0,2000.0,2000.0,1
CHEMBL176212,10.6,10.6,10.6,10.6,1
CHEMBL1765629,113.5,113.5,77.0,150.0,2
CHEMBL1765630,71.5,71.5,43.0,100.0,2
CHEMBL1765631,6550.0,6550.0,4700.0,8400.0,2
CHEMBL1765632,255.0,255.0,240.0,270.0,2
CHEMBL1765633,3.15,3.15,1.0,5.3,2
CHEMBL1765634,174.5,174.5,49.0,300.0,2
CHEMBL176884,15.0,15.0,15.0,15.0,1
CHEMBL1771105,2.065,2.065,0.93,3.2,2
CHEMBL1771106,17.6,17.6,9.2,26.0,2
CHEMBL1771107,26.5,26.5,15.0,38.0,2
CHEMBL1771108,57.5,57.5,52.0,63.0,2
CHEMBL1771109,10.4,10.4,4.8,16.0,2
CHEMBL1771110,8.95,8.95,6.9,11.0,2
CHEMBL1771111,3.5999999999999996,3.5999999999999996,2.1,5.1,2
CHEMBL1771112,10.05,10.05,7.1,13.0,2
CHEMBL1771113,30.0,30.0,22.0,38.0,2
CHEMBL1771114,16.4,16.4,8.8,24.0,2
CHEMBL1773087,2060.0,2060.0,2060.0,2060.0,1
CHEMBL177398,10.1,10.1,10.1,10.1,1
CHEMBL177401,791.0,791.0,791.0,791.0,1
CHEMBL1774062,2.6,2.6,2.6,2.6,1
CHEMBL1774063,2.2,2.2,1.0,3.4,2
CHEMBL1774064,1.0,1.0,1.0,1.0,1
CHEMBL1774065,2.0,2.0,2.0,2.0,1
CHEMBL1774066,1.0,1.0,1.0,1.0,1
CHEMBL1774067,5.7,5.7,5.7,5.7,1
CHEMBL1774068,2.5,2.5,2.5,2.5,1
CHEMBL1774069,1.0,1.0,1.0,1.0,1
CHEMBL1774070,5.0,5.0,5.0,5.0,1
CHEMBL1774071,2.5,2.5,2.5,2.5,1
CHEMBL1774072,3.0,3.0,3.0,3.0,1
CHEMBL1774073,1.0,1.0,1.0,1.0,1
CHEMBL1774074,1.0,1.0,1.0,1.0,1
CHEMBL1774075,3.0,3.0,3.0,3.0,1
CHEMBL1774076,1.0,1.0,1.0,1.0,1
CHEMBL1774077,1.4,1.4,1.4,1.4,1
CHEMBL1774078,1.0,1.0,1.0,1.0,1
CHEMBL1774079,0.71,0.71,0.71,0.71,1
CHEMBL1774080,0.81,0.81,0.81,0.81,1
CHEMBL1774081,1.6,1.6,1.6,1.6,1
CHEMBL1774082,1.1,1.1,1.1,1.1,1
CHEMBL1774083,2.0,2.0,2.0,2.0,1
CHEMBL1774084,6.0,6.0,6.0,6.0,1
CHEMBL1774085,1.0,1.0,1.0,1.0,1
CHEMBL1774086,1.2,1.2,1.2,1.2,1
CHEMBL1774087,1.7,1.7,1.7,1.7,1
CHEMBL177416,266.0,266.0,266.0,266.0,1
CHEMBL1774383,390.0,390.0,390.0,390.0,1
CHEMBL1774384,378.0,378.0,378.0,378.0,1
CHEMBL1774385,329.0,329.0,329.0,329.0,1
CHEMBL1774386,9163.0,8241.0,960.0,14600.0,3
CHEMBL1774532,274.0,274.0,274.0,274.0,1
CHEMBL1774533,279.0,279.0,279.0,279.0,1
CHEMBL1774534,421.0,421.0,421.0,421.0,1
CHEMBL1774535,526.0,526.0,526.0,526.0,1
CHEMBL1774536,2890.0,2890.0,2890.0,2890.0,1
CHEMBL1774537,4260.0,4260.0,4260.0,4260.0,1
CHEMBL1774538,241.0,241.0,241.0,241.0,1
CHEMBL1774539,472.0,472.0,472.0,472.0,1
CHEMBL1774540,302.0,302.0,302.0,302.0,1
CHEMBL1774541,230.0,230.0,230.0,230.0,1
CHEMBL1774542,195.0,195.0,195.0,195.0,1
CHEMBL1774543,69.9,69.9,69.9,69.9,1
CHEMBL1774544,162.0,162.0,162.0,162.0,1
CHEMBL1774545,196.0,196.0,196.0,196.0,1
CHEMBL1774546,269.0,269.0,269.0,269.0,1
CHEMBL1774547,119.0,119.0,119.0,119.0,1
CHEMBL1774548,313.0,313.0,313.0,313.0,1
CHEMBL1774549,2090.0,2090.0,2090.0,2090.0,1
CHEMBL1774550,5270.0,5270.0,5270.0,5270.0,1
CHEMBL1774551,869.0,869.0,869.0,869.0,1
CHEMBL1774552,64.7,64.7,64.7,64.7,1
CHEMBL177807,1500.0,1500.0,1500.0,1500.0,1
CHEMBL1779058,1724.0,1724.0,1724.0,1724.0,1
CHEMBL1779059,10000.0,10000.0,10000.0,10000.0,1
CHEMBL1779060,10000.0,10000.0,10000.0,10000.0,1
CHEMBL178055,2000.0,2000.0,2000.0,2000.0,1
CHEMBL178803,0.14,0.14,0.14,0.14,1
CHEMBL1788190,1000.0,1000.0,1000.0,1000.0,1
CHEMBL1788191,914.0,914.0,914.0,914.0,1
CHEMBL1788192,389.0,389.0,389.0,389.0,1
CHEMBL1788231,398.11,398.11,398.11,398.11,1
CHEMBL1788252,501.19,501.19,501.19,501.19,1
CHEMBL1788258,25.12,25.12,25.12,25.12,1
CHEMBL1788324,333.0,333.0,333.0,333.0,1
CHEMBL1788325,1667.0,1667.0,1667.0,1667.0,1
CHEMBL179003,10.2,10.2,10.2,10.2,1
CHEMBL179025,16.9,16.9,16.9,16.9,1
CHEMBL179053,28.1,28.1,28.1,28.1,1
CHEMBL179351,8.0,8.0,8.0,8.0,1
CHEMBL1794855,10000.0,10000.0,10000.0,10000.0,1
CHEMBL179649,11.9,11.9,11.9,11.9,1
CHEMBL179960,18.2,18.2,18.2,18.2,1
CHEMBL180010,93.3,92.2,74.0,106.0,6
CHEMBL180060,35.4,87.60000000000001,35.4,192.0,3
CHEMBL1802360,0.5012,0.5012,0.5012,0.5012,1
CHEMBL1803023,20.5,20.5,16.0,25.0,2
CHEMBL1803024,35.0,32.2,22.0,41.0,5
CHEMBL1803025,20.0,20.0,17.0,23.0,2
CHEMBL1803026,12.6,12.6,8.2,17.0,2
CHEMBL1803027,3.3499999999999996,3.3499999999999996,3.3,3.4,2
CHEMBL1803028,3.25,3.25,2.8,3.7,2
CHEMBL1803029,5.5,5.5,4.8,6.2,2
CHEMBL1803030,66.5,66.5,63.0,70.0,2
CHEMBL1803049,53.0,50.4,12.0,67.0,5
CHEMBL1803050,59.5,59.5,52.0,67.0,2
CHEMBL1803051,84.0,84.0,68.0,100.0,2
CHEMBL1803052,17.0,17.0,16.0,18.0,2
CHEMBL1803053,34.0,34.0,32.0,36.0,2
CHEMBL1803054,8.55,8.55,7.3,9.8,2
CHEMBL1803055,18.0,18.0,17.0,19.0,2
CHEMBL180606,2000.0,2000.0,2000.0,2000.0,1
CHEMBL1806867,2800.0,2800.0,2800.0,2800.0,1
CHEMBL1806868,871.0,871.0,871.0,871.0,1
CHEMBL1806869,2005.0,2005.0,2005.0,2005.0,1
CHEMBL1806870,4300.0,4300.0,4300.0,4300.0,1
CHEMBL1806871,2200.0,2200.0,2200.0,2200.0,1
CHEMBL1806872,851.0,851.0,851.0,851.0,1
CHEMBL1806874,174.0,174.0,174.0,174.0,1
CHEMBL1806875,296.0,296.0,296.0,296.0,1
CHEMBL1806876,342.0,342.0,342.0,342.0,1
CHEMBL1806877,352.0,352.0,352.0,352.0,1
CHEMBL1813585,102.0,102.0,102.0,102.0,1
CHEMBL1813586,2604.0,2604.0,2604.0,2604.0,1
CHEMBL1813587,145.0,145.0,145.0,145.0,1
CHEMBL1813588,309.0,309.0,309.0,309.0,1
CHEMBL1813589,611.0,611.0,611.0,611.0,1
CHEMBL1813590,0.22,0.22,0.22,0.22,1
CHEMBL1813591,0.26,0.26,0.26,0.26,1
CHEMBL1813592,25.3,25.3,25.3,25.3,1
CHEMBL1813593,4.6,4.6,4.6,4.6,1
CHEMBL1813594,0.14,0.14,0.14,0.14,1
CHEMBL1813595,0.07,0.07,0.07,0.07,1
CHEMBL1813596,4.8,4.8,4.8,4.8,1
CHEMBL1813597,2.6,2.6,2.6,2.6,1
CHEMBL1813598,7.3,7.3,7.3,7.3,1
CHEMBL1813599,7.4,7.4,7.4,7.4,1
CHEMBL181469,6.2,6.2,6.2,6.2,1
CHEMBL18174,10000.0,10000.0,10000.0,10000.0,1
CHEMBL181898,28.18,28.18,28.18,28.18,1
CHEMBL182071,1000.0,1000.0,1000.0,1000.0,1
CHEMBL182075,4000.0,4000.0,4000.0,4000.0,1
CHEMBL1822386,1350.0,1350.0,1350.0,1350.0,1
CHEMBL1822390,1489.0,1489.0,1489.0,1489.0,1
CHEMBL182379,43.0,43.0,27.0,59.0,2
CHEMBL182652,55.0,55.0,35.0,75.0,2
CHEMBL182721,1.66,1.66,1.66,1.66,1
CHEMBL1831166,870.0,870.0,870.0,870.0,1
CHEMBL183160,4000.0,4000.0,4000.0,4000.0,1
CHEMBL183277,1000.0,1000.0,1000.0,1000.0,1
CHEMBL1833977,10000.0,10000.0,10000.0,10000.0,1
CHEMBL1834226,1000.0,1000.0,1000.0,1000.0,1
CHEMBL183423,1000.0,1000.0,1000.0,1000.0,1
CHEMBL1834234,1000.0,1000.0,1000.0,1000.0,1
CHEMBL1834252,1648.0,1648.0,1648.0,1648.0,1
CHEMBL1834255,1025.0,1025.0,1025.0,1025.0,1
CHEMBL1834256,5866.0,5866.0,5866.0,5866.0,1
CHEMBL1834257,556.0,556.0,556.0,556.0,1
CHEMBL1834258,89.0,89.0,89.0,89.0,1
CHEMBL1834259,432.0,432.0,432.0,432.0,1
CHEMBL1834260,484.0,484.0,484.0,484.0,1
CHEMBL1834261,5791.0,5791.0,5791.0,5791.0,1
CHEMBL183460,1258.93,1258.93,1258.93,1258.93,1
CHEMBL183776,5.37,5.37,5.37,5.37,2
CHEMBL183871,295.0,295.0,140.0,450.0,2
CHEMBL184049,158.0,158.0,158.0,158.0,1
CHEMBL184050,274.0,274.0,274.0,274.0,1
CHEMBL184073,4188.0,4188.0,4188.0,4188.0,1
CHEMBL184383,1815.0,1815.0,430.0,3200.0,2
CHEMBL184388,120.0,120.0,120.0,120.0,1
CHEMBL184551,3100.0,3100.0,3100.0,3100.0,1
CHEMBL184724,10000.0,10000.0,10000.0,10000.0,1
CHEMBL184770,51.29,51.29,51.29,51.29,2
CHEMBL184789,1000.0,1000.0,1000.0,1000.0,1
CHEMBL184993,24.5,24.5,1.0,48.0,2
CHEMBL185156,600.0,600.0,600.0,600.0,1
CHEMBL185271,2800.0,2800.0,2800.0,2800.0,1
CHEMBL185436,31.62,31.62,31.62,31.62,2
CHEMBL185875,6280.0,6280.0,6280.0,6280.0,1
CHEMBL186558,1500.0,1500.0,1500.0,1500.0,1
CHEMBL186720,2740.0,2740.0,2740.0,2740.0,1
CHEMBL187113,94.0,94.0,94.0,94.0,1
CHEMBL187122,1200.0,1200.0,1200.0,1200.0,1
CHEMBL187236,840.0,840.0,840.0,840.0,1
CHEMBL187367,1006.0,1006.0,1006.0,1006.0,1
CHEMBL187420,10000.0,10000.0,10000.0,10000.0,1
CHEMBL187804,8000.0,8000.0,8000.0,8000.0,1
CHEMBL187928,1258.93,1258.93,1258.93,1258.93,1
CHEMBL188486,794.33,794.33,794.33,794.33,1
CHEMBL190461,1400.033,1400.033,0.066,2800.0,2
CHEMBL19068,3400.0,3400.0,3400.0,3400.0,1
CHEMBL1909065,234.0,234.0,234.0,234.0,1
CHEMBL1909072,1.35,1.35,1.35,1.35,1
CHEMBL191460,1258.93,1258.93,1258.93,1258.93,1
CHEMBL1916548,11.4,11.4,8.8,14.0,2
CHEMBL1916549,16.0,16.0,16.0,16.0,2
CHEMBL1916550,110.0,110.0,110.0,110.0,2
CHEMBL1916551,8.05,8.05,4.1,12.0,2
CHEMBL1916552,14.5,14.5,12.0,17.0,2
CHEMBL1916720,21.0,21.0,17.0,25.0,2
CHEMBL191795,7.4,7.4,7.4,7.4,1
CHEMBL191855,29.0,29.0,29.0,29.0,1
CHEMBL191962,90.0,90.0,60.0,120.0,2
CHEMBL192099,2200.0,2200.0,2200.0,2200.0,1
CHEMBL19215,21.0,21.0,21.0,21.0,1
CHEMBL1923292,6650.0,6650.0,5700.0,7600.0,2
CHEMBL1923293,16500.0,16500.0,16000.0,17000.0,2
CHEMBL1923415,7550.0,7550.0,6100.0,9000.0,2
CHEMBL1923416,37000.0,37000.0,29000.0,45000.0,2
CHEMBL1926700,5.550000000000001,5.550000000000001,2.7,8.4,2
CHEMBL1928119,205.0,205.0,140.0,270.0,2
CHEMBL1928120,69.5,69.5,44.0,95.0,2
CHEMBL1928121,11.2,11.2,6.4,16.0,2
CHEMBL1928122,4.2,4.2,1.8,6.6,2
CHEMBL1928123,550.0,550.0,320.0,780.0,2
CHEMBL1928124,186.5,186.5,83.0,290.0,2
CHEMBL1928125,30.5,30.5,19.0,42.0,2
CHEMBL1928126,18.0,18.0,11.0,25.0,2
CHEMBL1928127,39.5,39.5,32.0,47.0,2
CHEMBL1928128,17.0,17.0,14.0,20.0,2
CHEMBL1928129,35.5,35.5,20.0,51.0,2
CHEMBL1928130,32.5,32.5,25.0,40.0,2
CHEMBL1928131,108.0,108.0,66.0,150.0,2
CHEMBL1928132,27.0,27.0,16.0,38.0,2
CHEMBL1928133,17.7,17.7,6.4,29.0,2
CHEMBL1928134,10.5,10.5,3.0,18.0,2
CHEMBL1928135,49.5,49.5,32.0,67.0,2
CHEMBL1928136,18.5,18.5,12.0,25.0,2
CHEMBL1928137,1.195,1.195,0.59,1.8,2
CHEMBL1928138,4.3,4.3,3.9,4.7,2
CHEMBL1928139,6.45,6.45,4.6,8.3,2
CHEMBL1928247,14350.0,14350.0,9700.0,19000.0,2
CHEMBL1928248,275.0,275.0,270.0,280.0,2
CHEMBL19331,9400.0,9400.0,9400.0,9400.0,1
CHEMBL193337,270.0,3730.657142857143,4.6,15000.0,7
CHEMBL193435,66.0,66.0,66.0,66.0,1
CHEMBL19344,3900.0,3900.0,3900.0,3900.0,1
CHEMBL193501,19.0,19.0,19.0,19.0,1
CHEMBL193620,700.0,700.0,700.0,700.0,1
CHEMBL193639,2.0,2.0,1.7,2.3,2
CHEMBL193854,8.1,8.1,8.1,8.1,1
CHEMBL1940402,24.0,17.79,5.37,24.0,3
CHEMBL1940403,5.3,5.396333333333334,2.089,8.8,3
CHEMBL1940404,5.3,5.057333333333333,1.072,8.8,3
CHEMBL1940405,185.0,185.0,185.0,185.0,1
CHEMBL1940406,41.0,41.0,41.0,41.0,2
CHEMBL1940407,998.0,998.0,998.0,998.0,1
CHEMBL1940408,284.0,284.0,284.0,284.0,2
CHEMBL1940409,211.0,211.0,211.0,211.0,2
CHEMBL1940410,4753.0,4753.0,4753.0,4753.0,1
CHEMBL1940411,390.0,390.0,390.0,390.0,2
CHEMBL1940412,37.0,37.0,37.0,37.0,1
CHEMBL1940413,447.0,446.8933333333334,446.68,447.0,3
CHEMBL1940414,119.0,119.0,119.0,119.0,1
CHEMBL1940415,269.0,269.0,269.0,269.0,2
CHEMBL1940416,424.0,424.0,424.0,424.0,2
CHEMBL1940417,636.0,636.0,636.0,636.0,2
CHEMBL1940418,124.0,124.0,124.0,124.0,4
CHEMBL1940419,183.0,183.0,183.0,183.0,2
CHEMBL1940420,186.0,186.0,186.0,186.0,2
CHEMBL194099,6105.0,8082.5,120.0,20000.0,4
CHEMBL194206,10000.0,10000.0,10000.0,10000.0,1
CHEMBL194240,2.1,2.1,2.1,2.1,1
CHEMBL194312,59.0,59.0,59.0,59.0,1
CHEMBL194455,100.0,100.0,100.0,100.0,1
CHEMBL194493,19.7,23.46666666666667,19.7,31.0,3
CHEMBL194510,15.5,15.5,15.5,15.5,1
CHEMBL194555,25.0,25.0,19.0,31.0,2
CHEMBL1946122,22.0,22.0,22.0,22.0,1
CHEMBL1946123,33.0,33.0,33.0,33.0,1
CHEMBL1946124,1021.0,1021.7633333333333,1021.0,1023.29,3
CHEMBL1946125,751.1,751.1,751.1,751.1,1
CHEMBL1946126,172.0,172.0,172.0,172.0,1
CHEMBL1946253,139.0,139.0,139.0,139.0,1
CHEMBL1946254,258.85,258.85,258.7,259.0,2
CHEMBL1946257,1983.0,1983.0,1983.0,1983.0,2
CHEMBL194659,32.0,32.0,32.0,32.0,1
CHEMBL1946744,180.0,180.0,180.0,180.0,1
CHEMBL1946745,44.0,44.0,44.0,44.0,1
CHEMBL194727,119.0,119.0,98.0,140.0,2
CHEMBL194755,96.0,96.0,72.0,120.0,2
CHEMBL194844,5.1,5.1,5.1,5.1,1
CHEMBL194953,16.0,16.0,16.0,16.0,1
CHEMBL1949725,85.3,85.3,85.3,85.3,1
CHEMBL1949726,10000.0,10000.0,10000.0,10000.0,1
CHEMBL1949727,10000.0,10000.0,10000.0,10000.0,1
CHEMBL1949728,268.0,268.0,268.0,268.0,1
CHEMBL1949729,2923.0,2923.0,2923.0,2923.0,1
CHEMBL195015,62.0,62.0,62.0,62.0,1
CHEMBL195057,13.7,31.066666666666666,13.7,65.8,3
CHEMBL195083,85.5,85.5,72.0,99.0,2
CHEMBL195247,44.0,44.0,39.0,49.0,2
CHEMBL195706,191.0,191.0,191.0,191.0,1
CHEMBL195856,369.0,369.0,369.0,369.0,1
CHEMBL195927,10000.0,10000.0,10000.0,10000.0,1
CHEMBL196132,15.0,15.0,15.0,15.0,1
CHEMBL196169,10000.0,10000.0,10000.0,10000.0,1
CHEMBL196171,21.0,21.0,21.0,21.0,1
CHEMBL196172,5.3,5.3,5.3,5.3,1
CHEMBL1962947,339.5,339.5,165.0,514.0,2
CHEMBL196370,10000.0,10000.0,10000.0,10000.0,1
CHEMBL196476,373.0,373.0,373.0,373.0,2
CHEMBL196505,45.0,45.0,45.0,45.0,1
CHEMBL196514,3.84715,3.84715,0.7943,6.9,2
CHEMBL196598,10000.0,10000.0,10000.0,10000.0,1
CHEMBL196744,17.5,17.5,17.0,18.0,2
CHEMBL196866,38000.0,38000.0,38000.0,38000.0,1
CHEMBL196893,10.6,10.6,10.6,10.6,1
CHEMBL196928,4360.0,6720.0,160.0,18000.0,4
CHEMBL197159,53000.0,41000.0,20000.0,57000.0,5
CHEMBL197162,25.0,25.0,21.0,29.0,2
CHEMBL197195,50.5,50.5,44.0,57.0,2
CHEMBL197214,330.0,330.0,260.0,400.0,2
CHEMBL197225,1800.0,1800.0,1800.0,1800.0,1
CHEMBL197381,230.0,230.0,230.0,230.0,1
CHEMBL197408,10000.0,10000.0,10000.0,10000.0,1
CHEMBL197614,73.0,73.0,73.0,73.0,1
CHEMBL197656,363.2,363.2,363.2,363.2,1
CHEMBL197660,750.0,750.0,750.0,750.0,1
CHEMBL197663,17.0,17.0,17.0,17.0,1
CHEMBL197665,17.9,17.9,17.9,17.9,1
CHEMBL197677,25.0,25.0,25.0,25.0,1
CHEMBL197762,1000.0,1000.0,1000.0,1000.0,1
CHEMBL197796,10000.0,10000.0,10000.0,10000.0,1
CHEMBL197839,15.0,15.0,15.0,15.0,1
CHEMBL197870,15.0,15.0,15.0,15.0,1
CHEMBL197943,35.7,35.7,35.7,35.7,1
CHEMBL197982,291.0,291.0,291.0,291.0,1
CHEMBL197990,12.0,12.0,12.0,12.0,1
CHEMBL198040,11.3,11.3,11.3,11.3,1
CHEMBL198041,90.0,90.0,90.0,90.0,1
CHEMBL198069,4.3,4.3,4.3,4.3,1
CHEMBL198070,4.5,4.5,4.5,4.5,1
CHEMBL198107,10.7,10.7,10.7,10.7,1
CHEMBL198125,20000.0,20000.0,20000.0,20000.0,2
CHEMBL198174,4950.0,4950.0,4000.0,5900.0,2
CHEMBL198216,8.7,8.7,8.7,8.7,1
CHEMBL198224,1.0,1.0,1.0,1.0,1
CHEMBL198303,20000.0,20000.0,20000.0,20000.0,2
CHEMBL198357,1.0,1.0,1.0,1.0,1
CHEMBL198404,750.0,750.0,750.0,750.0,1
CHEMBL19844,1900.0,1900.0,1900.0,1900.0,1
CHEMBL198463,1.46,1.46,1.46,1.46,1
CHEMBL198580,18000.0,18000.0,18000.0,18000.0,1
CHEMBL198599,35.0,35.0,35.0,35.0,1
CHEMBL198812,20.3,20.3,20.3,20.3,1
CHEMBL198993,200.0,200.0,160.0,240.0,2
CHEMBL199045,7.4,7.4,7.4,7.4,1
CHEMBL199161,4.0,4.0,4.0,4.0,1
CHEMBL199182,50.0,50.0,50.0,50.0,1
CHEMBL199186,29000.0,29000.0,29000.0,29000.0,1
CHEMBL199226,1.778,1.778,1.778,1.778,1
CHEMBL199329,750.0,750.0,750.0,750.0,1
CHEMBL199453,82.1,82.1,82.1,82.1,1
CHEMBL199480,1000.0,1000.0,1000.0,1000.0,1
CHEMBL199498,179.0,179.0,179.0,179.0,1
CHEMBL199663,302.0,302.0,302.0,302.0,1
CHEMBL199746,750.0,750.0,750.0,750.0,1
CHEMBL199824,22.01,22.01,22.01,22.01,1
CHEMBL199836,750.0,750.0,750.0,750.0,1
CHEMBL199859,130.0,130.0,130.0,130.0,1
CHEMBL199876,2370.0,2370.0,2370.0,2370.0,1
CHEMBL200024,750.0,750.0,750.0,750.0,1
CHEMBL200026,610.0,610.0,610.0,610.0,1
CHEMBL200028,168.0,168.0,168.0,168.0,2
CHEMBL200243,750.0,750.0,750.0,750.0,1
CHEMBL200802,626.5,626.5,626.5,626.5,1
CHEMBL201027,519.0,519.0,519.0,519.0,1
CHEMBL201093,190.0,192.66666666666666,190.0,198.0,3
CHEMBL201115,320.0,320.0,320.0,320.0,1
CHEMBL20114,1995.26,1995.26,1995.26,1995.26,1
CHEMBL201170,17.5,21.98,17.38,44.5,6
CHEMBL201232,246.0,246.0,246.0,246.0,1
CHEMBL201240,220.0,220.0,220.0,220.0,1
CHEMBL201270,39.45,39.45,27.2,51.7,2
CHEMBL201275,750.0,750.0,750.0,750.0,1
CHEMBL201318,93.0,93.0,93.0,93.0,1
CHEMBL201326,1246.0,1246.0,1246.0,1246.0,1
CHEMBL201376,89.4,89.4,89.4,89.4,1
CHEMBL201386,142.0,142.0,142.0,142.0,1
CHEMBL201400,669.0,669.0,669.0,669.0,1
CHEMBL201432,5000.0,5000.0,5000.0,5000.0,1
CHEMBL201481,65.0,65.0,65.0,65.0,1
CHEMBL201483,712.0,712.0,712.0,712.0,1
CHEMBL201509,473.0,473.0,473.0,473.0,1
CHEMBL201525,56.5,57.095,56.5,58.88,4
CHEMBL201551,86.2,86.2,86.2,86.2,1
CHEMBL201557,254.0,254.0,254.0,254.0,1
CHEMBL2016625,9.006499999999999,9.006499999999999,8.913,9.1,2
CHEMBL2016626,3.3810000000000002,3.3810000000000002,3.162,3.6,2
CHEMBL2016627,1.3795,1.3795,1.349,1.41,2
CHEMBL2016628,1.29,1.29,1.23,1.35,2
CHEMBL2016631,257.235,257.235,245.47,269.0,2
CHEMBL201698,369.0,369.0,369.0,369.0,1
CHEMBL201743,151.0,151.0,151.0,151.0,1
CHEMBL20204,398.11,398.11,398.11,398.11,1
CHEMBL202072,290.0,290.0,290.0,290.0,1
CHEMBL2021524,319.0,319.0,225.0,413.0,2
CHEMBL2021525,3800.0,3800.0,3800.0,3800.0,1
CHEMBL2021538,61.85,61.85,8.7,115.0,2
CHEMBL2021539,190.0,190.0,69.0,311.0,2
CHEMBL202175,216.0,216.0,216.0,216.0,1
CHEMBL202229,155.0,155.0,155.0,155.0,1
CHEMBL202253,307.0,307.0,307.0,307.0,2
CHEMBL202298,273.0,273.0,273.0,273.0,1
CHEMBL2024517,5.7,4.296,0.81,6.378,3
CHEMBL20251,158.49,158.49,158.49,158.49,1
CHEMBL202670,25.5,25.5,25.5,25.5,1
CHEMBL202704,243.0,243.0,243.0,243.0,1
CHEMBL202713,56.6,56.6,56.6,56.6,1
CHEMBL202762,750.0,750.0,750.0,750.0,1
CHEMBL202774,148.0,148.0,148.0,148.0,1
CHEMBL202780,900.0,900.0,900.0,900.0,1
CHEMBL2028019,0.4956,1.941157142857143,0.41,17.78,14
CHEMBL202827,602.0,602.0,602.0,602.0,1
CHEMBL202857,159.0,159.0,159.0,159.0,1
CHEMBL202858,17.3,17.3,17.3,17.3,1
CHEMBL202924,5000.0,5000.0,5000.0,5000.0,1
CHEMBL2029915,4189.0,4189.0,4189.0,4189.0,1
CHEMBL2029916,70.7,70.7,70.7,70.7,1
CHEMBL2029917,69.6,69.6,69.6,69.6,1
CHEMBL2029918,48.6,48.6,48.6,48.6,1
CHEMBL2029919,482.5,482.5,482.5,482.5,1
CHEMBL2029920,14.2,14.2,14.2,14.2,1
CHEMBL2029921,8.2,8.2,8.2,8.2,1
CHEMBL2029922,3.6,3.6,3.6,3.6,1
CHEMBL2029923,3575.0,3575.0,3575.0,3575.0,1
CHEMBL2029924,277.8,277.8,277.8,277.8,1
CHEMBL2029925,82.4,82.4,82.4,82.4,1
CHEMBL2029926,201.6,201.6,201.6,201.6,1
CHEMBL2029927,3250.0,3250.0,3250.0,3250.0,1
CHEMBL2029928,364.0,364.0,364.0,364.0,1
CHEMBL2029929,29.7,29.7,29.7,29.7,1
CHEMBL2029930,48.7,48.7,48.7,48.7,1
CHEMBL2029931,478.0,478.0,478.0,478.0,1
CHEMBL203016,171.0,171.0,171.0,171.0,1
CHEMBL203047,2.0,2.0,2.0,2.0,1
CHEMBL2030622,10000.0,10000.0,10000.0,10000.0,1
CHEMBL2030623,10000.0,10000.0,10000.0,10000.0,1
CHEMBL2030624,10000.0,10000.0,10000.0,10000.0,1
CHEMBL2030627,1000.0,1000.0,1000.0,1000.0,1
CHEMBL2030628,10000.0,10000.0,10000.0,10000.0,1
CHEMBL2030629,10000.0,10000.0,10000.0,10000.0,1
CHEMBL2030630,10000.0,10000.0,10000.0,10000.0,1
CHEMBL2030636,10000.0,10000.0,10000.0,10000.0,1
CHEMBL2030637,9914.0,9914.0,9914.0,9914.0,1
CHEMBL2031737,10000.0,10000.0,10000.0,10000.0,1
CHEMBL2031873,10000.0,10000.0,10000.0,10000.0,1
CHEMBL2031874,10000.0,10000.0,10000.0,10000.0,1
CHEMBL2031876,10000.0,10000.0,10000.0,10000.0,1
CHEMBL2031877,10000.0,10000.0,10000.0,10000.0,1
CHEMBL2031884,10000.0,10000.0,10000.0,10000.0,1
CHEMBL2031885,10000.0,10000.0,10000.0,10000.0,1
CHEMBL203200,447.0,447.0,447.0,447.0,1
CHEMBL2032049,3160.0,3160.0,3160.0,3160.0,1
CHEMBL203260,289.0,289.0,289.0,289.0,1
CHEMBL203302,141.0,141.0,141.0,141.0,1
CHEMBL203362,137.2,137.2,137.2,137.2,1
CHEMBL203400,710.0,710.0,710.0,710.0,1
CHEMBL203471,467.0,467.0,467.0,467.0,1
CHEMBL203637,3.774,3.774,3.548,4.0,2
CHEMBL20367,1000.0,1000.0,1000.0,1000.0,1
CHEMBL203689,84.0,84.0,84.0,84.0,1
CHEMBL203734,210.0,210.0,210.0,210.0,1
CHEMBL2037430,2321.0,2321.0,2321.0,2321.0,2
CHEMBL2037431,219.0,219.0,219.0,219.0,2
CHEMBL2037432,201.0,200.51,199.53,201.0,3
CHEMBL2037518,530.0,530.0,530.0,530.0,1
CHEMBL2037519,1522.0,1522.0,1522.0,1522.0,1
CHEMBL2037520,217.0,217.59333333333333,217.0,218.78,3
CHEMBL2037521,26.5,60.0,26.5,127.0,3
CHEMBL2037522,30.8,30.8,30.8,30.8,1
CHEMBL2037523,990.0,990.0,990.0,990.0,1
CHEMBL2037524,8355.0,8355.0,8355.0,8355.0,1
CHEMBL2037525,10000.0,10000.0,10000.0,10000.0,1
CHEMBL2037526,25.0,25.233333333333334,25.0,25.7,3
CHEMBL2037527,2931.0,2931.0,2931.0,2931.0,1
CHEMBL2037528,4793.0,4793.0,4793.0,4793.0,1
CHEMBL2037529,505.0,505.0,505.0,505.0,1
CHEMBL2037530,198.0,198.0,198.0,198.0,1
CHEMBL2037531,642.0,642.0,642.0,642.0,1
CHEMBL203943,195.0,195.0,195.0,195.0,1
CHEMBL20395,316.23,316.23,316.23,316.23,1
CHEMBL204065,6.5,6.5,6.5,6.5,1
CHEMBL20407,3162.28,3162.28,3162.28,3162.28,1
CHEMBL204098,37.3,37.3,37.3,37.3,1
CHEMBL204269,220.0,220.0,220.0,220.0,1
CHEMBL20444,1584.89,1584.89,1584.89,1584.89,1
CHEMBL2048226,164.245,164.245,158.49,170.0,2
CHEMBL2048227,950.0,950.0,900.0,1000.0,2
CHEMBL2048230,24059.43,24059.43,23000.0,25118.86,2
CHEMBL20493,2511.89,2511.89,2511.89,2511.89,1
CHEMBL205238,128.0,128.0,128.0,128.0,1
CHEMBL205264,65.8,65.8,65.8,65.8,1
CHEMBL205497,59.1,59.1,59.1,59.1,1
CHEMBL205498,399.0,399.0,399.0,399.0,1
CHEMBL205733,231.0,231.0,231.0,231.0,1
CHEMBL2057451,223.61,223.61,223.61,223.61,2
CHEMBL2057453,346.88,346.88,346.76,347.0,2
CHEMBL2057456,146.995,146.995,146.99,147.0,2
CHEMBL2057457,160.99,160.97,160.9,161.0,4
CHEMBL2059304,5.5,5.5,5.5,5.5,1
CHEMBL2059305,42.0,42.0,42.0,42.0,1
CHEMBL2059306,9.5,9.5,9.5,9.5,1
CHEMBL2059307,2200.0,2200.0,2200.0,2200.0,1
CHEMBL2059308,1100.0,1100.0,1100.0,1100.0,1
CHEMBL2059310,600.0,600.0,600.0,600.0,1
CHEMBL2059311,16.0,16.0,16.0,16.0,1
CHEMBL2059312,55.0,55.0,55.0,55.0,1
CHEMBL2059313,1250.0,1250.0,1250.0,1250.0,1
CHEMBL2059314,9500.0,9500.0,9500.0,9500.0,1
CHEMBL2059315,1350.0,1350.0,1350.0,1350.0,1
CHEMBL2059316,650.0,650.0,650.0,650.0,1
CHEMBL2059317,60.0,60.0,60.0,60.0,1
CHEMBL2059318,6.5,6.5,6.5,6.5,1
CHEMBL2059319,90.0,90.0,90.0,90.0,1
CHEMBL2059320,95.0,95.0,95.0,95.0,1
CHEMBL2059321,41.0,41.0,41.0,41.0,1
CHEMBL2059322,14.0,14.0,14.0,14.0,1
CHEMBL2059323,2.5,2.5,2.5,2.5,1
CHEMBL2059324,15.0,15.0,15.0,15.0,1
CHEMBL205961,936.0,936.0,936.0,936.0,1
CHEMBL2062848,12000.0,12000.0,12000.0,12000.0,1
CHEMBL2062849,1700.0,1700.0,1700.0,1700.0,1
CHEMBL2062850,7400.0,7400.0,7400.0,7400.0,1
CHEMBL2062851,250.0,250.0,250.0,250.0,1
CHEMBL2062852,38000.0,38000.0,38000.0,38000.0,1
CHEMBL2062853,3900.0,3900.0,3900.0,3900.0,1
CHEMBL2062854,66000.0,66000.0,66000.0,66000.0,1
CHEMBL2062855,16000.0,16000.0,16000.0,16000.0,1
CHEMBL2062856,5000.0,5000.0,5000.0,5000.0,1
CHEMBL2062857,2000.0,2000.0,2000.0,2000.0,1
CHEMBL2062858,42000.0,42000.0,42000.0,42000.0,1
CHEMBL2062859,12000.0,12000.0,12000.0,12000.0,1
CHEMBL2062860,7000.0,7000.0,7000.0,7000.0,1
CHEMBL2062861,2000.0,2000.0,2000.0,2000.0,1
CHEMBL206307,1000.0,1000.0,1000.0,1000.0,1
CHEMBL206308,1000.0,1000.0,1000.0,1000.0,1
CHEMBL206528,409.0,409.0,409.0,409.0,1
CHEMBL20655,794.33,794.33,794.33,794.33,1
CHEMBL207064,1000.0,1000.0,1000.0,1000.0,1
CHEMBL20725,2511.89,2511.89,2511.89,2511.89,1
CHEMBL20729,251.19,251.19,251.19,251.19,1
CHEMBL20734,1.622,1.9506666666666668,1.62,2.61,3
CHEMBL207386,1000.0,1000.0,1000.0,1000.0,1
CHEMBL207488,10950.0,10950.0,9900.0,12000.0,2
CHEMBL207543,905.0,905.0,710.0,1100.0,2
CHEMBL207566,1000.0,1000.0,1000.0,1000.0,1
CHEMBL20763,7.943,7.943,7.943,7.943,1
CHEMBL20785,316.23,316.23,316.23,316.23,1
CHEMBL207850,1000.0,1000.0,1000.0,1000.0,1
CHEMBL207871,244.0,244.0,244.0,244.0,1
CHEMBL207880,527.0,527.0,527.0,527.0,1
CHEMBL208018,70.79,61.59666666666667,43.0,71.0,3
CHEMBL20819,10000.0,10000.0,10000.0,10000.0,1
CHEMBL208228,212.0,212.0,212.0,212.0,1
CHEMBL208274,38.5,38.5,28.0,49.0,2
CHEMBL20854,1584.89,1584.89,1584.89,1584.89,1
CHEMBL208847,127.0,127.0,84.0,170.0,2
CHEMBL209034,885.0,885.0,670.0,1100.0,2
CHEMBL2092940,6.7,6.7,6.7,6.7,1
CHEMBL2093000,100.0,100.0,100.0,100.0,1
CHEMBL2093001,1584.89,1584.89,1584.89,1584.89,1
CHEMBL2094011,15.0,15.0,15.0,15.0,1
CHEMBL209415,1000.0,1000.0,1000.0,1000.0,1
CHEMBL209805,338.0,338.0,338.0,338.0,1
CHEMBL209821,2000.0,2000.0,2000.0,2000.0,1
CHEMBL209832,10000.0,10000.0,6000.0,14000.0,2
CHEMBL209876,35.0,35.0,28.0,42.0,2
CHEMBL20996,1584.89,1584.89,1584.89,1584.89,1
CHEMBL210016,3772.0,3772.0,3772.0,3772.0,1
CHEMBL21008,19.95,19.95,19.95,19.95,1
CHEMBL210101,25.3,25.3,25.3,25.3,1
CHEMBL21011,1000.0,1000.0,1000.0,1000.0,1
CHEMBL210230,1000.0,1000.0,1000.0,1000.0,1
CHEMBL210232,92.5,92.5,65.0,120.0,4
CHEMBL210283,3450.0,3450.0,2700.0,4200.0,2
CHEMBL210318,2700.0,2700.0,2400.0,3000.0,2
CHEMBL210341,3600.0,3600.0,3500.0,3700.0,2
CHEMBL21035,794.33,794.33,794.33,794.33,1
CHEMBL210404,39.81,36.93666666666667,31.0,40.0,3
CHEMBL210405,140.0,114.25,75.0,141.25,5
CHEMBL210413,1000.0,1000.0,1000.0,1000.0,1
CHEMBL210461,180.0,180.0,140.0,220.0,2
CHEMBL2104700,0.7244,0.7244,0.7244,0.7244,1
CHEMBL210551,405.0,405.0,280.0,530.0,2
CHEMBL210567,14.0,14.433333333333332,5.6,24.0,6
CHEMBL2105760,0.51,1.5215800000000002,0.3,5.985,5
CHEMBL210578,0.9550000000000001,0.9548333333333333,0.309,1.6,6
CHEMBL21059,3981.07,3981.07,3981.07,3981.07,1
CHEMBL2106804,16.98,11.465542857142855,0.3388,21.4,7
CHEMBL210717,63.0,54.36666666666667,37.0,63.1,3
CHEMBL210849,1000.0,1000.0,1000.0,1000.0,1
CHEMBL210955,2884.03,2561.3433333333337,1900.0,2900.0,3
CHEMBL211026,1180.0,1180.0,860.0,1500.0,2
CHEMBL2110308,240.0,240.0,160.0,320.0,2
CHEMBL2110366,1000.0,1000.0,1000.0,1000.0,1
CHEMBL211118,155.0,155.0,100.0,210.0,2
CHEMBL211135,10100.0,10100.0,8200.0,12000.0,2
CHEMBL2111525,360.0,360.0,210.0,510.0,2
CHEMBL2111526,7425.0,7425.0,6600.0,8250.0,2
CHEMBL2111527,410.0,410.0,310.0,510.0,2
CHEMBL2111528,138.5,138.5,92.0,185.0,2
CHEMBL2111566,217.0,217.0,217.0,217.0,2
CHEMBL2111582,50000.0,50000.0,50000.0,50000.0,1
CHEMBL2111591,501.19,501.19,501.19,501.19,1
CHEMBL2111592,316.23,316.23,316.23,316.23,1
CHEMBL211164,135.0,135.0,130.0,140.0,2
CHEMBL21118,158.49,158.49,158.49,158.49,1
CHEMBL21119,630.96,630.96,630.96,630.96,1
CHEMBL2112078,125.89,125.89,125.89,125.89,1
CHEMBL2112210,19.95,19.95,19.95,19.95,1
CHEMBL2112284,410.0,410.0,410.0,410.0,1
CHEMBL2112285,120.0,120.0,120.0,120.0,1
CHEMBL2112375,3180.0,3180.0,3180.0,3180.0,1
CHEMBL2112383,1000.0,1000.0,1000.0,1000.0,1
CHEMBL2112384,1000.0,1000.0,1000.0,1000.0,1
CHEMBL2112388,1000.0,1000.0,1000.0,1000.0,1
CHEMBL2112882,3.162,3.162,3.162,3.162,1
CHEMBL2112905,1000.0,1000.0,1000.0,1000.0,1
CHEMBL2112910,170.0,170.0,170.0,170.0,1
CHEMBL2112911,5740.0,5740.0,5740.0,5740.0,1
CHEMBL2112912,21.0,21.0,21.0,21.0,1
CHEMBL2112913,280.0,280.0,280.0,280.0,1
CHEMBL2112936,3200.0,3200.0,3200.0,3200.0,1
CHEMBL2113347,100.0,100.0,100.0,100.0,1
CHEMBL2113348,1584.89,1584.89,1584.89,1584.89,1
CHEMBL2113349,794.33,794.33,794.33,794.33,1
CHEMBL2113350,158.49,158.49,158.49,158.49,1
CHEMBL2113351,398.11,398.11,398.11,398.11,1
CHEMBL2113352,316.23,316.23,316.23,316.23,1
CHEMBL2113356,31.62,31.62,31.62,31.62,1
CHEMBL2113357,630.96,630.96,630.96,630.96,1
CHEMBL2113358,630.96,630.96,630.96,630.96,1
CHEMBL2113363,794.33,794.33,794.33,794.33,1
CHEMBL2113364,63.1,63.1,63.1,63.1,1
CHEMBL2113386,2000.0,2000.0,2000.0,2000.0,1
CHEMBL2113667,1000.0,1000.0,1000.0,1000.0,1
CHEMBL2113718,2900.0,2900.0,2400.0,3400.0,2
CHEMBL211461,1950.0,1950.0,1950.0,1950.0,1
CHEMBL211539,195.0,195.0,150.0,240.0,2
CHEMBL2115519,10000.0,10000.0,10000.0,10000.0,1
CHEMBL2115560,10000.0,10000.0,10000.0,10000.0,1
CHEMBL211590,92.5,92.5,88.0,97.0,2
CHEMBL21168,398.11,398.11,398.11,398.11,1
CHEMBL211732,132.0,132.0,132.0,132.0,1
CHEMBL211836,125.0,125.0,125.0,125.0,1
CHEMBL211910,202.0,202.0,202.0,202.0,1
CHEMBL211915,80.0,80.0,80.0,80.0,1
CHEMBL21205,398.11,398.11,398.11,398.11,1
CHEMBL212077,6394.0,6394.0,6394.0,6394.0,1
CHEMBL212160,435.0,435.0,280.0,590.0,2
CHEMBL212186,3818.0,3818.0,3818.0,3818.0,1
CHEMBL212235,63.8,63.8,63.8,63.8,1
CHEMBL212288,164.0,164.0,164.0,164.0,1
CHEMBL212291,1820.0,1820.0,1820.0,1820.0,1
CHEMBL212292,76.5,76.5,76.5,76.5,1
CHEMBL212334,2000.0,2000.0,2000.0,2000.0,1
CHEMBL212370,15500.0,15500.0,15000.0,16000.0,2
CHEMBL212383,215.0,215.0,215.0,215.0,1
CHEMBL212384,3896.0,3896.0,3896.0,3896.0,1
CHEMBL212402,175.0,175.0,175.0,175.0,1
CHEMBL212438,1280.0,1280.0,1280.0,1280.0,1
CHEMBL212444,137.0,137.0,137.0,137.0,1
CHEMBL212486,1900.0,1900.0,1900.0,1900.0,1
CHEMBL21252,1584.89,1584.89,1584.89,1584.89,1
CHEMBL212597,400.0,400.0,400.0,400.0,1
CHEMBL212608,1150.0,1150.0,1150.0,1150.0,2
CHEMBL212631,665.0,607.5,110.0,990.0,4
CHEMBL212700,286.0,286.0,286.0,286.0,1
CHEMBL212782,128.0,128.0,128.0,128.0,1
CHEMBL212784,98.7,98.7,98.7,98.7,1
CHEMBL21280,251.19,251.19,251.19,251.19,1
CHEMBL212807,97.0,97.0,97.0,97.0,1
CHEMBL212844,3000.0,3000.0,3000.0,3000.0,1
CHEMBL212861,68.4,68.4,68.4,68.4,1
CHEMBL212891,2530.0,2530.0,2530.0,2530.0,1
CHEMBL212896,2997.0,2997.0,2997.0,2997.0,1
CHEMBL212903,68.0,68.0,68.0,68.0,1
CHEMBL212905,3648.0,3648.0,3648.0,3648.0,1
CHEMBL212912,181.0,181.0,181.0,181.0,3
CHEMBL212936,36.0,36.0,36.0,36.0,1
CHEMBL212950,3000.0,3000.0,3000.0,3000.0,1
CHEMBL212966,3000.0,3000.0,3000.0,3000.0,1
CHEMBL212969,168.0,168.0,168.0,168.0,1
CHEMBL213004,146.0,146.0,146.0,146.0,1
CHEMBL213083,921.0,921.0,921.0,921.0,1
CHEMBL213084,181.0,181.0,181.0,181.0,1
CHEMBL213110,267.0,267.0,267.0,267.0,1
CHEMBL213145,759.0,759.0,759.0,759.0,1
CHEMBL213164,46.6,46.6,46.6,46.6,1
CHEMBL213193,421.0,421.0,421.0,421.0,1
CHEMBL213200,177.0,177.0,177.0,177.0,1
CHEMBL213201,1969.0,1969.0,1969.0,1969.0,1
CHEMBL213238,1186.0,1186.0,1186.0,1186.0,1
CHEMBL213239,1379.0,1379.0,1379.0,1379.0,1
CHEMBL213278,484.0,484.0,484.0,484.0,1
CHEMBL213335,409.0,409.0,409.0,409.0,1
CHEMBL213336,287.0,287.0,287.0,287.0,3
CHEMBL213372,460.0,460.0,460.0,460.0,1
CHEMBL213388,1776.0,1776.0,1776.0,1776.0,1
CHEMBL213424,1015.0,1015.0,1015.0,1015.0,2
CHEMBL213443,931.0,931.0,931.0,931.0,1
CHEMBL213466,270.0,270.0,270.0,270.0,1
CHEMBL213472,1261.0,1261.0,1261.0,1261.0,1
CHEMBL213477,374.0,374.0,374.0,374.0,1
CHEMBL213492,383.0,383.0,383.0,383.0,2
CHEMBL213577,29.0,29.0,29.0,29.0,1
CHEMBL213668,828.0,828.0,828.0,828.0,1
CHEMBL213775,2386.0,2386.0,2386.0,2386.0,1
CHEMBL213793,517.0,517.0,517.0,517.0,1
CHEMBL213795,1521.0,1521.0,1521.0,1521.0,1
CHEMBL213834,458.0,458.0,458.0,458.0,2
CHEMBL2138684,694.23,694.23,694.23,694.23,1
CHEMBL213881,390.0,390.0,390.0,390.0,1
CHEMBL213882,1314.0,1314.0,1314.0,1314.0,1
CHEMBL214016,1126.0,1126.0,1126.0,1126.0,1
CHEMBL214142,9251.0,9251.0,9251.0,9251.0,1
CHEMBL214247,995.0,995.0,995.0,995.0,1
CHEMBL214314,257.0,257.0,257.0,257.0,1
CHEMBL214407,431.0,431.0,431.0,431.0,1
CHEMBL214503,231.0,231.0,231.0,231.0,1
CHEMBL2146597,1258.93,1258.93,1258.93,1258.93,1
CHEMBL214739,5000.0,5000.0,5000.0,5000.0,1
CHEMBL215010,5000.0,5000.0,5000.0,5000.0,1
CHEMBL215140,647.0,647.0,647.0,647.0,1
CHEMBL215414,197.0,197.0,197.0,197.0,1
CHEMBL215450,60.9,60.9,60.9,60.9,1
CHEMBL215581,1850.0,1850.0,1850.0,1850.0,1
CHEMBL215611,621.0,621.0,621.0,621.0,1
CHEMBL215641,2000.0,2000.0,2000.0,2000.0,1
CHEMBL215669,3.4,3.4,3.4,3.4,1
CHEMBL215705,225.0,225.0,225.0,225.0,1
CHEMBL215842,709.0,709.0,709.0,709.0,1
CHEMBL2158636,490.0,490.0,490.0,490.0,1
CHEMBL2158640,160.0,160.0,160.0,160.0,1
CHEMBL215885,3000.0,3000.0,3000.0,3000.0,2
CHEMBL2159455,32.0,32.0,32.0,32.0,1
CHEMBL2159456,1059.0,1059.0,1059.0,1059.0,1
CHEMBL2159457,50.0,50.0,50.0,50.0,1
CHEMBL2159458,46.0,46.0,46.0,46.0,1
CHEMBL2159459,839.0,839.0,839.0,839.0,1
CHEMBL2159460,66.0,66.0,66.0,66.0,1
CHEMBL2159461,50.0,50.0,50.0,50.0,1
CHEMBL2159462,560.0,560.0,560.0,560.0,1
CHEMBL2159463,76.0,76.0,76.0,76.0,1
CHEMBL2159464,84.0,84.0,84.0,84.0,1
CHEMBL2159465,51.0,51.0,51.0,51.0,1
CHEMBL2159466,63.0,63.0,63.0,63.0,2
CHEMBL2159467,15.0,15.0,15.0,15.0,1
CHEMBL2159468,79.0,79.0,79.0,79.0,1
CHEMBL2159469,24.0,24.0,24.0,24.0,1
CHEMBL2159470,16.0,16.0,16.0,16.0,1
CHEMBL2159471,16.0,16.0,16.0,16.0,1
CHEMBL2159472,72.0,72.0,72.0,72.0,1
CHEMBL2159473,729.0,729.0,729.0,729.0,1
CHEMBL2159474,67.0,67.0,67.0,67.0,1
CHEMBL2159475,78.0,78.0,78.0,78.0,1
CHEMBL2159476,318.0,318.0,318.0,318.0,1
CHEMBL2159477,10.0,10.0,10.0,10.0,1
CHEMBL2159478,41.0,41.0,41.0,41.0,1
CHEMBL2159479,11.0,11.0,11.0,11.0,1
CHEMBL2159480,72.0,72.0,72.0,72.0,1
CHEMBL2159481,24.0,24.0,24.0,24.0,1
CHEMBL2159482,523.0,523.0,523.0,523.0,1
CHEMBL2159483,18.0,18.0,18.0,18.0,1
CHEMBL2159484,60.0,60.0,60.0,60.0,1
CHEMBL2159485,25.0,25.0,25.0,25.0,1
CHEMBL2159486,36.0,36.0,36.0,36.0,1
CHEMBL2159487,20.0,20.0,20.0,20.0,1
CHEMBL2159488,39.0,39.0,39.0,39.0,1
CHEMBL2159489,16.0,16.0,16.0,16.0,1
CHEMBL2159490,25.0,25.0,25.0,25.0,1
CHEMBL2159491,8.0,8.0,8.0,8.0,1
CHEMBL2159492,10.0,10.0,10.0,10.0,1
CHEMBL215950,582.0,582.0,582.0,582.0,1
CHEMBL215997,12710.0,12710.0,12710.0,12710.0,1
CHEMBL216047,3000.0,3000.0,3000.0,3000.0,1
CHEMBL216198,5000.0,5000.0,5000.0,5000.0,1
CHEMBL216258,13.995000000000001,13.995000000000001,13.49,14.5,2
CHEMBL216439,128.91,128.91,114.82,143.0,2
CHEMBL2164434,13570.0,13570.0,13570.0,13570.0,1
CHEMBL2165114,18.0,18.0,18.0,18.0,2
CHEMBL2165115,10.95,10.95,10.9,11.0,2
CHEMBL2165116,104.0,104.0,104.0,104.0,2
CHEMBL2165117,18.0,19.066666666666666,18.0,21.2,3
CHEMBL2165118,5.7,5.7,5.7,5.7,2
CHEMBL2165119,1.2,1.6666666666666667,1.2,2.6,3
CHEMBL2165120,3.4,3.4,3.4,3.4,2
CHEMBL2165121,3.1,3.1,3.1,3.1,1
CHEMBL2165122,4.2,4.2,4.2,4.2,1
CHEMBL2165123,21.0,21.0,21.0,21.0,1
CHEMBL2165124,53.0,53.0,53.0,53.0,1
CHEMBL2165125,11.0,11.0,11.0,11.0,1
CHEMBL2165126,3.6,2.586,0.2,5.0,5
CHEMBL2165127,21.0,21.0,21.0,21.0,1
CHEMBL2165128,145.0,145.0,145.0,145.0,1
CHEMBL2165129,1004.0,1004.0,1004.0,1004.0,2
CHEMBL2165130,235.0,235.0,235.0,235.0,1
CHEMBL2165131,113.0,113.0,113.0,113.0,2
CHEMBL2165132,108.0,108.0,108.0,108.0,2
CHEMBL2165133,18.0,18.0,18.0,18.0,2
CHEMBL2165134,66.0,66.0,66.0,66.0,2
CHEMBL2165135,15.0,15.0,15.0,15.0,2
CHEMBL2165136,17.0,17.0,17.0,17.0,2
CHEMBL2165137,42.0,42.0,42.0,42.0,2
CHEMBL2165138,75.0,75.0,75.0,75.0,2
CHEMBL2165139,30.0,30.0,30.0,30.0,2
CHEMBL2165140,20.0,20.0,20.0,20.0,2
CHEMBL2165673,45.9,45.9,45.9,45.9,1
CHEMBL2165674,265.0,265.0,265.0,265.0,1
CHEMBL2165675,63.7,63.7,63.7,63.7,1
CHEMBL2165676,5.2,5.2,5.2,5.2,1
CHEMBL2165677,3.4,3.4,3.4,3.4,2
CHEMBL2165678,15.6,15.6,15.6,15.6,1
CHEMBL2165679,84.0,84.0,84.0,84.0,1
CHEMBL216794,3500.0,3500.0,3500.0,3500.0,1
CHEMBL217281,5000.0,5000.0,5000.0,5000.0,1
CHEMBL217299,2805.0,2805.0,1910.0,3700.0,2
CHEMBL21731,909.5,909.5,665.0,1154.0,2
CHEMBL217425,5000.0,5000.0,5000.0,5000.0,1
CHEMBL217886,5000.0,5000.0,5000.0,5000.0,1
CHEMBL2179217,302.6,302.6,302.6,302.6,1
CHEMBL2179222,1812.0,1812.0,1812.0,1812.0,1
CHEMBL217981,2.739,2.739,0.58,4.898,2
CHEMBL2180637,1420.0,1420.0,1420.0,1420.0,1
CHEMBL2180638,118.0,118.0,118.0,118.0,1
CHEMBL2180639,450.0,450.0,450.0,450.0,1
CHEMBL2180640,1233.0,1233.0,1233.0,1233.0,1
CHEMBL2180641,831.0,831.0,831.0,831.0,1
CHEMBL218150,2290.87,2290.87,2290.87,2290.87,1
CHEMBL218151,338.84,338.84,338.84,338.84,1
CHEMBL218166,1.4000000000000001,1.2551666666666668,0.04,2.3,6
CHEMBL218203,347.54499999999996,347.54499999999996,238.0,457.09,2
CHEMBL218318,67.61,67.61,67.61,67.61,1
CHEMBL218351,24.88,24.88,7.1,42.66,2
CHEMBL218368,199.53,199.53,199.53,199.53,1
CHEMBL218444,109.65,109.65,109.65,109.65,1
CHEMBL218607,31.97,31.97,6.4,57.54,2
CHEMBL218638,158.49,158.49,158.49,158.49,1
CHEMBL218787,7585.78,7585.78,7585.78,7585.78,1
CHEMBL219179,10000.0,10000.0,10000.0,10000.0,2
CHEMBL219182,10000.0,10000.0,10000.0,10000.0,2
CHEMBL219185,10000.0,10000.0,10000.0,10000.0,2
CHEMBL219261,10000.0,10000.0,10000.0,10000.0,2
CHEMBL219274,467.74,467.74,467.74,467.74,1
CHEMBL21967,0.7943,0.7943,0.7943,0.7943,2
CHEMBL219916,1.091,1.091,0.882,1.3,2
CHEMBL220189,235.0,235.0,235.0,235.0,1
CHEMBL22022,79.43,79.43,79.43,79.43,1
CHEMBL2203406,4000.0,4000.0,4000.0,4000.0,1
CHEMBL2204343,0.55,0.55,0.55,0.55,1
CHEMBL2205831,2830.0,2830.0,2830.0,2830.0,2
CHEMBL220700,141.25,141.25,141.25,141.25,1
CHEMBL2207484,35.0,35.0,27.0,43.0,2
CHEMBL2207485,216.0,216.0,157.0,275.0,2
CHEMBL2207486,25.5,25.5,19.0,32.0,2
CHEMBL2207487,73.5,73.5,26.0,121.0,2
CHEMBL2207488,1760.0,1760.0,803.0,2717.0,2
CHEMBL2207489,114.0,114.0,34.0,194.0,2
CHEMBL2207490,626.5,626.5,187.0,1066.0,2
CHEMBL2207491,622.5,622.5,109.0,1136.0,2
CHEMBL2207492,10820.0,10820.0,10820.0,10820.0,1
CHEMBL2207493,413.5,413.5,371.0,456.0,2
CHEMBL2207494,3592.0,3592.0,2002.0,5182.0,2
CHEMBL2207495,12495.0,12495.0,12160.0,12830.0,2
CHEMBL2207496,76.5,76.5,41.0,112.0,2
CHEMBL2207497,2202.5,2202.5,1535.0,2870.0,2
CHEMBL2207498,1449.5,1449.5,574.0,2325.0,2
CHEMBL220754,9.84,9.84,2.7,16.98,2
CHEMBL2207632,85.5,85.5,76.0,95.0,2
CHEMBL2207633,66.0,66.0,65.0,67.0,2
CHEMBL2207634,68.0,68.0,60.0,76.0,2
CHEMBL2207635,109.0,109.0,68.0,150.0,2
CHEMBL2207636,23.65,23.65,8.3,39.0,2
CHEMBL2207637,175.0,175.0,140.0,210.0,2
CHEMBL2207638,44.0,44.0,37.0,51.0,2
CHEMBL2207639,111.0,111.0,92.0,130.0,2
CHEMBL2207640,58.5,58.5,57.0,60.0,2
CHEMBL2207641,25.5,25.5,17.0,34.0,2
CHEMBL2207642,127.5,127.5,95.0,160.0,2
CHEMBL2207643,33.0,30.0,24.0,33.0,3
CHEMBL221129,3.079,3.079,0.91,5.248,2
CHEMBL221397,407.38,407.38,407.38,407.38,1
CHEMBL221513,265.0,265.0,265.0,265.0,1
CHEMBL221549,281.84,281.84,281.84,281.84,1
CHEMBL22156,39.81,39.81,39.81,39.81,3
CHEMBL221587,5.9165,5.9165,2.5,9.333,2
CHEMBL221600,38.02,38.02,38.02,38.02,1
CHEMBL221640,13.5,13.5,12.0,15.0,2
CHEMBL221652,21.5,21.5,16.0,27.0,2
CHEMBL221681,95.5,95.5,95.5,95.5,1
CHEMBL221692,3.981,3.981,3.981,3.981,1
CHEMBL221814,218.78,218.78,218.78,218.78,1
CHEMBL221843,132.04500000000002,132.04500000000002,35.0,229.09,2
CHEMBL221866,5.31,5.31,1.5,9.12,2
CHEMBL221897,10.0,10.0,10.0,10.0,1
CHEMBL2219578,485.0,485.0,485.0,485.0,1
CHEMBL222188,1000.0,1000.0,1000.0,1000.0,1
CHEMBL22242,217.0,217.0,217.0,217.0,1
CHEMBL222477,51.0,51.0,51.0,51.0,1
CHEMBL222489,1000.0,1000.0,1000.0,1000.0,1
CHEMBL222755,143.0,143.0,143.0,143.0,1
CHEMBL224820,26.4,26.4,26.4,26.4,1
CHEMBL225230,29.95,29.95,9.9,50.0,2
CHEMBL225284,7.3,7.3,7.3,7.3,1
CHEMBL225512,987.0,987.0,987.0,987.0,1
CHEMBL225571,681.0,681.0,681.0,681.0,1
CHEMBL22778,3760.0,3760.0,3760.0,3760.0,1
CHEMBL228278,133.0,133.0,133.0,133.0,2
CHEMBL228279,154.0,154.0,154.0,154.0,1
CHEMBL228280,187.0,187.0,187.0,187.0,1
CHEMBL228332,159.0,159.0,159.0,159.0,1
CHEMBL228333,71.0,71.0,71.0,71.0,1
CHEMBL228334,111.5,111.5,111.0,112.0,2
CHEMBL228389,83.0,83.0,83.0,83.0,2
CHEMBL228390,23.0,23.0,23.0,23.0,1
CHEMBL228445,78.0,78.0,78.0,78.0,1
CHEMBL228494,37.0,37.0,37.0,37.0,1
CHEMBL228496,85.0,85.0,85.0,85.0,1
CHEMBL228553,129.0,129.0,129.0,129.0,1
CHEMBL228554,104.0,104.0,104.0,104.0,1
CHEMBL228606,284.0,284.0,284.0,284.0,2
CHEMBL228607,88.0,88.0,88.0,88.0,2
CHEMBL228608,106.0,106.0,106.0,106.0,1
CHEMBL228658,104.0,104.0,104.0,104.0,1
CHEMBL228659,178.0,178.0,178.0,178.0,1
CHEMBL22892,559.1700000000001,559.1700000000001,556.0,562.34,2
CHEMBL228972,1000.0,1000.0,1000.0,1000.0,2
CHEMBL229019,1000.0,1000.0,1000.0,1000.0,2
CHEMBL229084,79.0,79.0,79.0,79.0,1
CHEMBL229085,144.0,144.0,144.0,144.0,2
CHEMBL229429,10000.0,10000.0,10000.0,10000.0,1
CHEMBL2298799,51.3,51.3,51.3,51.3,1
CHEMBL2298800,1000.0,1000.0,1000.0,1000.0,1
CHEMBL2298801,45.5,45.5,45.5,45.5,1
CHEMBL2298802,1000.0,1000.0,1000.0,1000.0,1
CHEMBL2298803,1000.0,1000.0,1000.0,1000.0,1
CHEMBL2298804,1000.0,1000.0,1000.0,1000.0,1
CHEMBL2298805,1.51,1.51,1.51,1.51,1
CHEMBL2298806,1.66,1.66,1.66,1.66,1
CHEMBL2298807,28.18,28.18,28.18,28.18,1
CHEMBL2298813,129.0,129.0,129.0,129.0,1
CHEMBL2298814,1000.0,1000.0,1000.0,1000.0,1
CHEMBL2298815,1000.0,1000.0,1000.0,1000.0,1
CHEMBL2298816,1000.0,1000.0,1000.0,1000.0,1
CHEMBL2298817,97.0,97.0,97.0,97.0,1
CHEMBL2298818,3.0,3.0,3.0,3.0,1
CHEMBL2298819,5.8,5.8,5.8,5.8,1
CHEMBL2298820,20.0,20.0,20.0,20.0,1
CHEMBL2298821,33.0,33.0,33.0,33.0,1
CHEMBL2298822,0.4,0.4,0.4,0.4,1
CHEMBL2298823,1000.0,1000.0,1000.0,1000.0,1
CHEMBL2298824,12.6,12.6,12.6,12.6,1
CHEMBL2298825,1000.0,1000.0,1000.0,1000.0,1
CHEMBL2298826,1000.0,1000.0,1000.0,1000.0,1
CHEMBL2298827,0.67,0.67,0.67,0.67,1
CHEMBL2298828,5.94,5.94,5.94,5.94,1
CHEMBL2298829,0.19,0.19,0.19,0.19,1
CHEMBL2298830,13.2,13.2,13.2,13.2,1
CHEMBL2298831,105.0,105.0,105.0,105.0,1
CHEMBL2298832,2.75,2.75,2.75,2.75,1
CHEMBL2298833,7.06,7.06,7.06,7.06,1
CHEMBL2298834,1000.0,1000.0,1000.0,1000.0,1
CHEMBL2299000,7.53,7.53,7.53,7.53,1
CHEMBL2299001,26.1,26.1,26.1,26.1,1
CHEMBL2299002,1.3,1.3,1.3,1.3,1
CHEMBL2299003,44.8,44.8,44.8,44.8,1
CHEMBL2299004,1000.0,1000.0,1000.0,1000.0,1
CHEMBL230069,31.62,31.62,31.62,31.62,1
CHEMBL230070,316.23,316.23,316.23,316.23,1
CHEMBL230218,560.0,560.0,560.0,560.0,1
CHEMBL2303762,11400.0,11400.0,11400.0,11400.0,1
CHEMBL2308105,81.3,81.3,81.3,81.3,1
CHEMBL230872,49.0,49.0,49.0,49.0,1
CHEMBL230930,100.0,100.0,100.0,100.0,1
CHEMBL230963,1000.0,1000.0,1000.0,1000.0,1
CHEMBL230971,44.0,44.0,44.0,44.0,1
CHEMBL230972,78.0,78.0,78.0,78.0,1
CHEMBL231055,68.4,68.4,68.4,68.4,1
CHEMBL231057,159.0,159.0,159.0,159.0,1
CHEMBL231070,57.845,57.845,41.69,74.0,2
CHEMBL231078,78.0,78.0,78.0,78.0,1
CHEMBL231079,83.0,83.0,83.0,83.0,1
CHEMBL231080,125.0,125.0,125.0,125.0,1
CHEMBL231156,53.7,53.7,53.7,53.7,1
CHEMBL231158,52.0,52.0,52.0,52.0,1
CHEMBL231171,172.0,172.0,172.0,172.0,1
CHEMBL231181,179.0,179.0,179.0,179.0,1
CHEMBL231182,47.0,47.0,47.0,47.0,1
CHEMBL231183,149.0,149.0,149.0,149.0,1
CHEMBL2312227,10000.0,10000.0,10000.0,10000.0,1
CHEMBL231249,3.981,3.981,3.981,3.981,1
CHEMBL231260,111.0,111.0,111.0,111.0,1
CHEMBL2312637,11.0,11.0,11.0,11.0,1
CHEMBL2312639,17.0,17.0,17.0,17.0,1
CHEMBL2312640,8.0,8.0,8.0,8.0,1
CHEMBL2312934,16.0,16.0,16.0,16.0,1
CHEMBL2312935,9.0,9.0,9.0,9.0,1
CHEMBL231326,794.33,794.33,794.33,794.33,1
CHEMBL231333,398.11,398.11,398.11,398.11,1
CHEMBL231334,31.62,31.62,31.62,31.62,1
CHEMBL231349,6.31,6.31,6.31,6.31,1
CHEMBL231350,50.12,50.12,50.12,50.12,1
CHEMBL231374,1396.0,1396.0,1396.0,1396.0,1
CHEMBL231430,158.49,158.49,158.49,158.49,1
CHEMBL231431,50.12,50.12,50.12,50.12,1
CHEMBL2314732,5000.0,5000.0,5000.0,5000.0,1
CHEMBL231546,63.1,63.1,63.1,63.1,1
CHEMBL231640,501.19,501.19,501.19,501.19,1
CHEMBL231648,39.81,39.81,39.81,39.81,1
CHEMBL2323582,1971.0,1971.0,1971.0,1971.0,1
CHEMBL232592,51.0,51.0,51.0,51.0,1
CHEMBL2325926,15.0,15.0,15.0,15.0,1
CHEMBL2325927,880.0,880.0,880.0,880.0,1
CHEMBL2325928,150.0,150.0,150.0,150.0,1
CHEMBL2325929,6400.0,6400.0,6400.0,6400.0,1
CHEMBL232593,86.0,86.0,86.0,86.0,1
CHEMBL2325930,27.0,27.0,27.0,27.0,1
CHEMBL2325931,260.0,260.0,260.0,260.0,1
CHEMBL2325932,76.0,76.0,76.0,76.0,1
CHEMBL2325933,1100.0,1100.0,1100.0,1100.0,1
CHEMBL2325934,830.0,830.0,830.0,830.0,1
CHEMBL2325935,69.0,69.0,69.0,69.0,1
CHEMBL232607,92.0,92.0,92.0,92.0,1
CHEMBL232609,61.0,61.0,61.0,61.0,1
CHEMBL2326175,220.0,220.0,220.0,220.0,1
CHEMBL2326176,160.0,160.0,160.0,160.0,1
CHEMBL2326468,320.0,320.0,320.0,320.0,1
CHEMBL2326469,490.0,490.0,490.0,490.0,1
CHEMBL2326470,580.0,580.0,580.0,580.0,1
CHEMBL2326471,5000.0,5000.0,5000.0,5000.0,1
CHEMBL2326472,15.0,15.0,15.0,15.0,1
CHEMBL2326473,350.0,350.0,350.0,350.0,1
CHEMBL2326474,800.0,800.0,800.0,800.0,1
CHEMBL2326475,4300.0,4300.0,4300.0,4300.0,1
CHEMBL2326476,80.0,80.0,80.0,80.0,1
CHEMBL2326477,75.0,75.0,75.0,75.0,1
CHEMBL2326478,42.0,42.0,42.0,42.0,1
CHEMBL2326479,92.0,92.0,92.0,92.0,1
CHEMBL2326480,34.0,34.0,34.0,34.0,1
CHEMBL2326481,42.0,42.0,42.0,42.0,1
CHEMBL2326482,42.0,42.0,42.0,42.0,1
CHEMBL2326483,5000.0,5000.0,5000.0,5000.0,1
CHEMBL2326484,200.0,200.0,200.0,200.0,1
CHEMBL2326485,38.0,38.0,38.0,38.0,1
CHEMBL2326486,150.0,150.0,150.0,150.0,1
CHEMBL2326487,3900.0,3900.0,3900.0,3900.0,1
CHEMBL2326488,1500.0,1500.0,1500.0,1500.0,1
CHEMBL2326489,2500.0,2500.0,2500.0,2500.0,1
CHEMBL2326490,1100.0,1100.0,1100.0,1100.0,1
CHEMBL2326491,5000.0,5000.0,5000.0,5000.0,1
CHEMBL2326492,5000.0,5000.0,5000.0,5000.0,1
CHEMBL232779,74.0,74.0,74.0,74.0,1
CHEMBL232780,64.0,64.0,64.0,64.0,1
CHEMBL2331599,132.0,132.0,132.0,132.0,1
CHEMBL233407,198.0,198.0,198.0,198.0,1
CHEMBL233410,130.0,130.0,130.0,130.0,1
CHEMBL233416,39.0,39.0,39.0,39.0,1
CHEMBL2334882,146.9,146.9,146.9,146.9,1
CHEMBL2334885,42.4,42.4,42.4,42.4,1
CHEMBL2334887,5000.0,5000.0,5000.0,5000.0,1
CHEMBL2334891,41.8,58.199999999999996,41.8,91.0,3
CHEMBL2334892,105.0,105.0,105.0,105.0,1
CHEMBL2334893,32.08,32.08,32.0,32.16,2
CHEMBL2335736,4.0,4.0,4.0,4.0,1
CHEMBL2335737,12.3,12.3,12.3,12.3,1
CHEMBL2335738,195.0,195.0,195.0,195.0,1
CHEMBL2335739,10000.0,10000.0,10000.0,10000.0,1
CHEMBL2335740,14.8,14.8,14.8,14.8,1
CHEMBL2335741,101.0,101.0,101.0,101.0,1
CHEMBL233582,42.0,42.0,42.0,42.0,1
CHEMBL233584,123.0,123.0,123.0,123.0,1
CHEMBL233592,118.0,118.0,118.0,118.0,1
CHEMBL233623,50.0,50.0,50.0,50.0,1
CHEMBL2336280,12.295,12.295,12.0,12.59,2
CHEMBL2336282,605.48,605.48,580.0,630.96,2
CHEMBL2336284,1542.4450000000002,1542.4450000000002,1500.0,1584.89,2
CHEMBL2336285,189.765,189.765,180.0,199.53,2
CHEMBL2336289,3890.535,3890.535,3800.0,3981.07,2
CHEMBL2336892,147.5,169.5,33.0,350.0,4
CHEMBL2336893,33.5,33.5,28.0,39.0,2
CHEMBL233790,80.0,80.0,80.0,80.0,1
CHEMBL233814,173.0,173.0,173.0,173.0,1
CHEMBL233816,180.0,180.0,101.0,259.0,2
CHEMBL233849,37.0,37.0,37.0,37.0,1
CHEMBL234194,62.0,62.0,62.0,62.0,1
CHEMBL234231,194.0,194.0,194.0,194.0,1
CHEMBL234232,1.9,1.9,1.9,1.9,1
CHEMBL234422,18.0,18.0,18.0,18.0,1
CHEMBL234423,60.0,60.0,60.0,60.0,1
CHEMBL234474,588.0,588.0,588.0,588.0,1
CHEMBL234476,425.0,425.0,425.0,425.0,1
CHEMBL234607,78.0,78.0,78.0,78.0,1
CHEMBL234609,52.0,52.0,52.0,52.0,1
CHEMBL234649,24.0,24.0,24.0,24.0,1
CHEMBL234650,71.0,71.0,71.0,71.0,1
CHEMBL234669,34.0,34.0,34.0,34.0,1
CHEMBL234679,55.0,55.0,55.0,55.0,1
CHEMBL234680,2.4,2.4,2.4,2.4,1
CHEMBL234681,31.0,31.0,31.0,31.0,1
CHEMBL234854,15.0,15.0,15.0,15.0,1
CHEMBL234874,69.0,69.0,69.0,69.0,1
CHEMBL23537,510.0,510.0,510.0,510.0,1
CHEMBL236617,122.0,122.0,122.0,122.0,1
CHEMBL236618,14.0,14.0,14.0,14.0,1
CHEMBL236621,62.0,62.0,62.0,62.0,2
CHEMBL2367896,158.49,158.49,158.49,158.49,1
CHEMBL236830,430.0,430.0,430.0,430.0,1
CHEMBL236832,81.0,81.0,81.0,81.0,1
CHEMBL2368611,199.53,199.53,199.53,199.53,1
CHEMBL2368612,199.53,199.53,199.53,199.53,1
CHEMBL2368617,125.89,125.89,125.89,125.89,1
CHEMBL2368618,63.1,63.1,63.1,63.1,1
CHEMBL2368619,398.11,398.11,398.11,398.11,1
CHEMBL2368620,158.49,158.49,158.49,158.49,1
CHEMBL2368622,79.43,79.43,79.43,79.43,1
CHEMBL2368623,125.89,125.89,125.89,125.89,1
CHEMBL2368624,158.49,158.49,158.49,158.49,1
CHEMBL2368625,79.43,79.43,79.43,79.43,1
CHEMBL2368626,125.89,125.89,125.89,125.89,1
CHEMBL2368627,251.19,251.19,251.19,251.19,1
CHEMBL2368629,79.43,79.43,79.43,79.43,1
CHEMBL2368633,100.0,100.0,100.0,100.0,1
CHEMBL2368733,1700.0,1700.0,1700.0,1700.0,1
CHEMBL2368734,1600.0,1600.0,1600.0,1600.0,1
CHEMBL2368748,1600.0,1600.0,1600.0,1600.0,1
CHEMBL2377443,343.0,343.0,343.0,343.0,1
CHEMBL2377445,80.0,80.0,80.0,80.0,1
CHEMBL2377590,14.0,14.0,14.0,14.0,2
CHEMBL2377591,161.0,161.0,161.0,161.0,2
CHEMBL238401,2.7,2.7,2.7,2.7,1
CHEMBL238402,114.0,114.0,114.0,114.0,1
CHEMBL238519,1258.93,1258.93,1258.93,1258.93,1
CHEMBL238520,1995.26,1995.26,1995.26,1995.26,1
CHEMBL2386603,89.0,89.0,89.0,89.0,1
CHEMBL2386604,128.0,128.0,128.0,128.0,1
CHEMBL2386605,119.0,119.0,119.0,119.0,1
CHEMBL2386606,101.0,101.0,101.0,101.0,1
CHEMBL2386607,125.0,125.0,125.0,125.0,1
CHEMBL2386608,108.0,108.0,108.0,108.0,1
CHEMBL2386609,128.0,128.0,128.0,128.0,1
CHEMBL2386610,111.0,111.0,111.0,111.0,1
CHEMBL2386611,95.2,95.2,95.2,95.2,1
CHEMBL2386612,56.5,56.5,56.5,56.5,1
CHEMBL2386613,138.0,138.0,138.0,138.0,1
CHEMBL2386614,125.0,125.0,125.0,125.0,1
CHEMBL2386615,107.0,107.0,107.0,107.0,1
CHEMBL2386616,151.0,151.0,151.0,151.0,1
CHEMBL2386617,100.0,100.0,100.0,100.0,1
CHEMBL2386618,43.7,43.7,43.7,43.7,1
CHEMBL2386619,280.0,280.0,280.0,280.0,1
CHEMBL2386620,119.0,119.0,119.0,119.0,1
CHEMBL2386621,145.0,145.0,145.0,145.0,1
CHEMBL2386622,152.0,152.0,152.0,152.0,1
CHEMBL2386623,169.0,169.0,169.0,169.0,1
CHEMBL238717,46.0,46.0,46.0,46.0,1
CHEMBL238718,140.0,140.0,140.0,140.0,1
CHEMBL2387229,2.6,2.6,2.6,2.6,1
CHEMBL238730,10000.0,10000.0,10000.0,10000.0,1
CHEMBL238732,2511.89,2511.89,2511.89,2511.89,1
CHEMBL238760,2000.0,2000.0,2000.0,2000.0,1
CHEMBL238858,808.0,808.0,808.0,808.0,1
CHEMBL238859,1324.0,1324.0,1324.0,1324.0,1
CHEMBL238875,13350.0,13350.0,13350.0,13350.0,1
CHEMBL238877,1000.0,1000.0,1000.0,1000.0,1
CHEMBL238915,177.0,177.0,177.0,177.0,2
CHEMBL238916,113.0,113.0,113.0,113.0,2
CHEMBL238917,360.0,360.0,360.0,360.0,2
CHEMBL239065,429.0,429.0,429.0,429.0,1
CHEMBL239066,497.0,497.0,497.0,497.0,1
CHEMBL239067,258.0,258.0,258.0,258.0,1
CHEMBL2391541,10000.0,10000.0,10000.0,10000.0,2
CHEMBL239493,252.0,252.0,252.0,252.0,1
CHEMBL239539,189.0,189.0,189.0,189.0,1
CHEMBL2396663,9.4,9.9,1.2,21.0,5
CHEMBL239700,184.0,184.0,184.0,184.0,1
CHEMBL239706,849.0,849.0,849.0,849.0,1
CHEMBL239708,128.0,128.0,128.0,128.0,1
CHEMBL239733,37.0,37.0,23.0,51.0,2
CHEMBL2397380,54.0,54.0,54.0,54.0,1
CHEMBL2397381,77.0,77.0,77.0,77.0,1
CHEMBL2397382,43.0,43.0,43.0,43.0,1
CHEMBL2397383,47.0,47.0,47.0,47.0,1
CHEMBL2397385,170.0,170.0,170.0,170.0,1
CHEMBL2397389,11.0,10.48,0.6,18.0,5
CHEMBL2397390,63.0,99.5,5.5,230.0,3
CHEMBL2397391,66.0,116.63333333333333,3.9,280.0,3
CHEMBL2397392,7.1,5.6499999999999995,0.55,9.3,3
CHEMBL2397476,7.8,7.633333333333333,1.1,14.0,3
CHEMBL2397477,8.0,7.0,4.2,8.8,3
CHEMBL2397478,3.9,3.4766666666666666,0.53,6.0,3
CHEMBL2397479,32.0,22.7,3.1,33.0,3
CHEMBL2397480,16.0,13.333333333333334,2.0,22.0,3
CHEMBL239917,1747.0,1747.0,1747.0,1747.0,1
CHEMBL239923,703.0,703.0,703.0,703.0,1
CHEMBL240021,54000.0,54000.0,54000.0,54000.0,1
CHEMBL240022,11000.0,11000.0,11000.0,11000.0,1
CHEMBL240023,42000.0,42000.0,42000.0,42000.0,1
CHEMBL240024,100000.0,100000.0,100000.0,100000.0,1
CHEMBL240025,1600.0,1600.0,1600.0,1600.0,1
CHEMBL240106,0.865,0.865,0.85,0.88,2
CHEMBL240246,1000.0,1000.0,1000.0,1000.0,1
CHEMBL240377,598.0,598.0,598.0,598.0,1
CHEMBL240378,559.0,559.0,559.0,559.0,1
CHEMBL240379,1180.0,1180.0,1180.0,1180.0,1
CHEMBL240454,1000.0,1000.0,1000.0,1000.0,1
CHEMBL24051,370.0,370.0,370.0,370.0,1
CHEMBL24052,1700.0,1700.0,1700.0,1700.0,1
CHEMBL240564,972.0,972.0,972.0,972.0,1
CHEMBL240584,29.0,29.0,27.0,31.0,2
CHEMBL240587,226.0,226.0,226.0,226.0,1
CHEMBL240588,457.0,457.0,457.0,457.0,1
CHEMBL240589,1272.0,1272.0,1272.0,1272.0,1
CHEMBL240600,626.0,626.0,626.0,626.0,1
CHEMBL240665,2000.0,2000.0,2000.0,2000.0,1
CHEMBL240680,2000.0,2000.0,2000.0,2000.0,1
CHEMBL24077,6500.0,6906.666666666667,4670.0,9550.0,3
CHEMBL240773,260.0,1980.9193103448276,5.56,31000.0,29
CHEMBL240774,189.0,189.0,189.0,189.0,1
CHEMBL240839,1000.0,1000.0,1000.0,1000.0,1
CHEMBL240840,1000.0,1000.0,1000.0,1000.0,1
CHEMBL240841,1000.0,1000.0,1000.0,1000.0,1
CHEMBL240863,2000.0,2000.0,2000.0,2000.0,1
CHEMBL240864,2000.0,2000.0,2000.0,2000.0,1
CHEMBL240865,1000.0,1000.0,1000.0,1000.0,1
CHEMBL240876,2000.0,2000.0,2000.0,2000.0,1
CHEMBL240877,2000.0,2000.0,2000.0,2000.0,1
CHEMBL240878,2000.0,2000.0,2000.0,2000.0,1
CHEMBL240886,2000.0,2000.0,2000.0,2000.0,1
CHEMBL240887,2000.0,2000.0,2000.0,2000.0,3
CHEMBL240888,31000.0,31000.0,31000.0,31000.0,1
CHEMBL240995,760.0,760.0,760.0,760.0,1
CHEMBL240996,387.0,387.0,387.0,387.0,1
CHEMBL241018,4620.0,4620.0,4620.0,4620.0,1
CHEMBL241026,652.0,652.0,652.0,652.0,1
CHEMBL241027,621.0,621.0,621.0,621.0,1
CHEMBL241082,25000.0,25000.0,25000.0,25000.0,1
CHEMBL241083,300000.0,300000.0,300000.0,300000.0,1
CHEMBL241099,200000.0,200000.0,200000.0,200000.0,1
CHEMBL241101,14000.0,14000.0,14000.0,14000.0,1
CHEMBL241102,12000.0,12000.0,12000.0,12000.0,1
CHEMBL241103,1700.0,1700.0,1700.0,1700.0,1
CHEMBL241169,0.71,0.71,0.68,0.74,2
CHEMBL241210,7300.0,7300.0,4700.0,9900.0,2
CHEMBL241211,1300.0,1300.0,1200.0,1400.0,2
CHEMBL241212,205.0,205.0,160.0,250.0,2
CHEMBL241225,163.0,163.0,163.0,163.0,1
CHEMBL241226,1000.0,1000.0,1000.0,1000.0,1
CHEMBL241281,2400.0,2400.0,2400.0,2400.0,1
CHEMBL241282,100000.0,100000.0,100000.0,100000.0,1
CHEMBL241283,8200.0,8200.0,8200.0,8200.0,1
CHEMBL2413153,37.1,37.1,37.1,37.1,1
CHEMBL2413154,10000.0,10000.0,10000.0,10000.0,1
CHEMBL241424,795.0,795.0,190.0,1400.0,2
CHEMBL241436,225.0,225.0,210.0,240.0,2
CHEMBL241455,963.0,963.0,963.0,963.0,1
CHEMBL2414990,173.78,173.78,173.78,173.78,1
CHEMBL2414991,338.84,239.24666666666667,38.9,340.0,3
CHEMBL241631,58.5,58.5,48.0,69.0,2
CHEMBL241641,810.0,810.0,780.0,840.0,2
CHEMBL241659,1000.0,1000.0,1000.0,1000.0,1
CHEMBL241660,160.0,160.0,160.0,160.0,1
CHEMBL24170,460.0,460.0,460.0,460.0,1
CHEMBL241973,28.3,28.3,28.3,28.3,1
CHEMBL242003,400.0,400.0,400.0,400.0,1
CHEMBL242004,7400.0,7400.0,7400.0,7400.0,1
CHEMBL2420769,10000.0,10000.0,10000.0,10000.0,1
CHEMBL2420770,10000.0,10000.0,10000.0,10000.0,1
CHEMBL2420771,2179.0,2179.0,2179.0,2179.0,1
CHEMBL2420772,1545.0,1545.0,1545.0,1545.0,1
CHEMBL2420773,162.0,162.0,162.0,162.0,1
CHEMBL2420774,10000.0,10000.0,10000.0,10000.0,1
CHEMBL2420775,10000.0,10000.0,10000.0,10000.0,1
CHEMBL2420776,10000.0,10000.0,10000.0,10000.0,1
CHEMBL2420777,1593.0,1593.0,1593.0,1593.0,1
CHEMBL2420778,2167.0,2167.0,2167.0,2167.0,1
CHEMBL2420779,255.0,255.0,255.0,255.0,1
CHEMBL2420780,327.0,327.0,327.0,327.0,1
CHEMBL2420781,264.0,264.0,264.0,264.0,1
CHEMBL2420782,351.0,351.0,351.0,351.0,1
CHEMBL2420890,219.0,219.0,219.0,219.0,1
CHEMBL2420891,383.0,383.0,383.0,383.0,1
CHEMBL2420892,217.0,217.0,217.0,217.0,1
CHEMBL2420893,242.0,242.0,242.0,242.0,1
CHEMBL2420894,473.0,473.0,473.0,473.0,1
CHEMBL2420895,502.0,502.0,502.0,502.0,1
CHEMBL242218,249.0,249.0,249.0,249.0,1
CHEMBL24222,50.0,105.66666666666667,50.0,217.0,3
CHEMBL242434,134.0,134.0,134.0,134.0,1
CHEMBL242644,687.0,687.0,284.0,1090.0,2
CHEMBL243012,80.0,80.0,80.0,80.0,1
CHEMBL2430438,136.6,136.6,136.6,136.6,1
CHEMBL2430439,181.5,181.5,181.5,181.5,1
CHEMBL2430440,198.8,198.8,198.8,198.8,1
CHEMBL2430441,211.7,211.7,211.7,211.7,1
CHEMBL2430442,226.6,226.6,226.6,226.6,1
CHEMBL2430443,182.65,182.65,137.0,228.3,2
CHEMBL2432039,5675.0,5675.0,5675.0,5675.0,1
CHEMBL2432047,10000.0,10000.0,10000.0,10000.0,1
CHEMBL2432048,10000.0,10000.0,10000.0,10000.0,1
CHEMBL2432049,9906.0,9906.0,9906.0,9906.0,1
CHEMBL2432050,10000.0,10000.0,10000.0,10000.0,1
CHEMBL2432058,5096.0,5096.0,5096.0,5096.0,1
CHEMBL243224,46.0,46.0,46.0,46.0,1
CHEMBL243225,70.0,70.0,70.0,70.0,1
CHEMBL243523,173.0,173.0,173.0,173.0,1
CHEMBL2436555,10000.0,10000.0,10000.0,10000.0,1
CHEMBL243712,7.795,7.795,3.0,12.59,2
CHEMBL243742,123.0,123.0,123.0,123.0,1
CHEMBL243743,60.0,60.0,60.0,60.0,1
CHEMBL243744,15.0,15.0,15.0,15.0,1
CHEMBL243794,1400.0,1400.0,1400.0,1400.0,1
CHEMBL243953,1000.0,1000.0,1000.0,1000.0,1
CHEMBL243954,224.0,224.0,224.0,224.0,1
CHEMBL243955,32.0,32.0,32.0,32.0,1
CHEMBL244004,6100.0,6100.0,6100.0,6100.0,1
CHEMBL244083,398.0,398.0,398.0,398.0,1
CHEMBL244161,107.0,107.0,107.0,107.0,1
CHEMBL2443000,5550.0,5550.0,3400.0,7700.0,2
CHEMBL2443001,6500.0,6500.0,4700.0,8300.0,2
CHEMBL2443002,32500.0,32500.0,23000.0,42000.0,2
CHEMBL2443003,37500.0,37500.0,24000.0,51000.0,2
CHEMBL2443004,9800.0,9800.0,1600.0,18000.0,2
CHEMBL2443005,430.0,430.0,340.0,520.0,2
CHEMBL2443006,2800.0,2800.0,2700.0,2900.0,2
CHEMBL2443007,605.0,605.0,440.0,770.0,2
CHEMBL2443008,2800.0,2800.0,1500.0,4100.0,2
CHEMBL2443009,510.0,510.0,460.0,560.0,2
CHEMBL2443010,1175.0,1175.0,750.0,1600.0,2
CHEMBL2443262,83200.0,83200.0,83200.0,83200.0,1
CHEMBL244372,780.0,780.0,780.0,780.0,1
CHEMBL244374,1300.0,1300.0,1300.0,1300.0,1
CHEMBL244562,23.6,23.6,23.6,23.6,1
CHEMBL244577,292.0,292.0,292.0,292.0,1
CHEMBL244773,92.0,92.0,92.0,92.0,1
CHEMBL244774,25.8,25.8,25.8,25.8,1
CHEMBL244775,1160.0,1160.0,1160.0,1160.0,1
CHEMBL244946,4933.08,4933.08,316.23,9549.93,2
CHEMBL244989,48.4,48.4,48.4,48.4,1
CHEMBL244990,267.0,267.0,267.0,267.0,1
CHEMBL245010,110.0,110.0,110.0,110.0,1
CHEMBL245229,1400.0,1400.0,1400.0,1400.0,1
CHEMBL245231,470.0,470.0,470.0,470.0,1
CHEMBL24539,1100.0,1100.0,1100.0,1100.0,1
CHEMBL245570,41.025,41.025,38.4,43.65,2
CHEMBL245571,74.7,74.7,74.7,74.7,1
CHEMBL245614,177.0,177.0,177.0,177.0,1
CHEMBL245615,98.4,98.4,98.4,98.4,1
CHEMBL245764,1.7,1.7,1.7,1.7,1
CHEMBL245815,2890.0,2890.0,2890.0,2890.0,1
CHEMBL245816,4265.0,4265.0,4265.0,4265.0,1
CHEMBL24588,93.0,93.0,93.0,93.0,1
CHEMBL246020,992.0,992.0,992.0,992.0,1
CHEMBL246021,83.1,83.1,83.1,83.1,1
CHEMBL24603,1800.0,1800.0,1800.0,1800.0,1
CHEMBL246230,199.0,199.0,199.0,199.0,1
CHEMBL246231,60.0,60.0,60.0,60.0,1
CHEMBL246232,10000.0,10000.0,10000.0,10000.0,1
CHEMBL246437,2370.0,2370.0,2370.0,2370.0,1
CHEMBL246438,68.1,68.1,68.1,68.1,1
CHEMBL246439,15.4,15.4,15.4,15.4,1
CHEMBL246484,112.2,112.2,112.2,112.2,2
CHEMBL246488,10000.0,10000.0,10000.0,10000.0,1
CHEMBL246637,6.9,6.9,6.9,6.9,2
CHEMBL246642,438.0,438.0,438.0,438.0,1
CHEMBL246643,21.0,21.0,21.0,21.0,1
CHEMBL246644,21.0,21.0,21.0,21.0,1
CHEMBL246848,106.0,106.0,106.0,106.0,1
CHEMBL246849,127.0,127.0,127.0,127.0,1
CHEMBL246854,54.0,54.0,54.0,54.0,1
CHEMBL246855,188.0,188.0,188.0,188.0,1
CHEMBL246856,10000.0,10000.0,10000.0,10000.0,1
CHEMBL247058,5.5,5.5,5.5,5.5,1
CHEMBL24778,989.13,989.13,989.13,989.13,1
CHEMBL24809,310.0,310.0,310.0,310.0,1
CHEMBL249420,1000.0,1000.0,1000.0,1000.0,1
CHEMBL250552,58.6,107.53333333333335,26.0,238.0,3
CHEMBL251834,3.0,3.0,3.0,3.0,1
CHEMBL252030,15.0,15.0,15.0,15.0,1
CHEMBL252201,33.0,33.0,33.0,33.0,1
CHEMBL252342,638.0,638.0,638.0,638.0,1
CHEMBL252343,90.6,90.6,90.6,90.6,1
CHEMBL25236,186.0,137.41181818181818,33.6,220.0,11
CHEMBL252429,10.0,10.0,10.0,10.0,1
CHEMBL252430,5.0,5.0,5.0,5.0,1
CHEMBL252539,14.6,14.6,14.6,14.6,1
CHEMBL252816,10.0,10.0,10.0,10.0,1
CHEMBL252818,22.0,22.0,22.0,22.0,1
CHEMBL253022,34.0,34.0,34.0,34.0,1
CHEMBL253024,21.0,21.0,21.0,21.0,1
CHEMBL253096,10000.0,10000.0,10000.0,10000.0,1
CHEMBL253233,22.0,22.0,22.0,22.0,1
CHEMBL253318,6110.0,6110.0,6110.0,6110.0,1
CHEMBL253319,54.6,54.6,54.6,54.6,1
CHEMBL253439,5.0,5.0,5.0,5.0,1
CHEMBL253708,10000.0,10000.0,10000.0,10000.0,1
CHEMBL253878,26.0,26.0,26.0,26.0,1
CHEMBL253992,649.0,649.0,649.0,649.0,1
CHEMBL254198,167.0,167.0,167.0,167.0,1
CHEMBL254199,24.6,24.6,24.6,24.6,1
CHEMBL254202,70.3,70.3,70.3,70.3,1
CHEMBL254203,21.7,21.7,21.7,21.7,1
CHEMBL254298,10000.0,10000.0,10000.0,10000.0,1
CHEMBL25483,4.1,4.1,4.1,4.1,1
CHEMBL255163,590.0,590.0,590.0,590.0,1
CHEMBL255229,72.3,72.3,72.3,72.3,1
CHEMBL256040,54.75,54.75,6.5,103.0,2
CHEMBL256041,151.5,151.5,120.0,183.0,2
CHEMBL256492,310.0,310.0,310.0,310.0,1
CHEMBL256597,29.85,29.85,4.7,55.0,2
CHEMBL256637,760.0,760.0,760.0,760.0,1
CHEMBL256804,90.5,90.5,54.0,127.0,2
CHEMBL256853,590.0,590.0,288.0,892.0,2
CHEMBL257077,96.0,96.0,84.0,108.0,2
CHEMBL257097,99.73,99.73,0.46,199.0,2
CHEMBL257098,455.5,455.5,33.0,878.0,2
CHEMBL25772,140.0,140.0,140.0,140.0,1
CHEMBL25815,105.0,105.0,105.0,105.0,1
CHEMBL25856,1520.0,1274.1666666666667,58.0,2607.0,6
CHEMBL25887,1200.0,1200.0,1200.0,1200.0,1
CHEMBL25924,233.0,233.0,233.0,233.0,2
CHEMBL25938,66.0,66.0,66.0,66.0,2
CHEMBL26,38.9,51.35,7.6,120.0,4
CHEMBL260994,960.0,960.0,960.0,960.0,1
CHEMBL26120,15.0,15.0,15.0,15.0,1
CHEMBL26181,11.4,11.4,11.4,11.4,1
CHEMBL26188,110.0,110.0,90.0,130.0,2
CHEMBL261917,10000.0,10000.0,10000.0,10000.0,1
CHEMBL262469,11.0,11.0,11.0,11.0,1
CHEMBL262724,29.6,39.166666666666664,29.6,58.3,3
CHEMBL263058,126.0,126.0,126.0,126.0,1
CHEMBL263162,52.0,52.0,52.0,52.0,1
CHEMBL263282,163.8,163.8,3.6,324.0,2
CHEMBL263329,9.1,9.1,9.1,9.1,1
CHEMBL26365,890.0,890.0,890.0,890.0,1
CHEMBL263700,2200.0,2200.0,2200.0,2200.0,1
CHEMBL263881,122.945,122.945,120.0,125.89,2
CHEMBL264394,310.0,310.0,310.0,310.0,1
CHEMBL26471,317.0,317.0,317.0,317.0,1
CHEMBL26560,218.0,218.0,218.0,218.0,1
CHEMBL266018,158.49,158.49,158.49,158.49,1
CHEMBL266723,1100.0,1100.0,1100.0,1100.0,1
CHEMBL267014,1621.81,16577.23380952381,448.0,54000.0,21
CHEMBL267044,51.0,77.0,43.0,120.0,5
CHEMBL267086,339.0,339.0,339.0,339.0,1
CHEMBL26751,23.8,23.8,23.8,23.8,1
CHEMBL267557,235.0,235.0,235.0,235.0,1
CHEMBL267562,625.0,625.0,625.0,625.0,1
CHEMBL267723,4.2,4.2,4.2,4.2,2
CHEMBL267777,184.04,184.04,184.04,184.04,1
CHEMBL26789,20.6,20.6,20.6,20.6,1
CHEMBL267930,0.2,0.37536363636363634,0.06,1.2,11
CHEMBL267932,0.4571,0.35003333333333336,0.133,0.46,3
CHEMBL268258,1000.0,1000.0,1000.0,1000.0,1
CHEMBL268371,323.0,323.0,323.0,323.0,1
CHEMBL268799,71.0,71.0,71.0,71.0,1
CHEMBL269004,7.1,9.033333333333333,6.0,14.0,3
CHEMBL26907,2940.0,2940.0,2500.0,3380.0,2
CHEMBL269396,1400.0,1400.0,1400.0,1400.0,1
CHEMBL26962,168.0,168.0,168.0,168.0,1
CHEMBL26965,450.0,450.0,450.0,450.0,1
CHEMBL26998,253.0,353.75,90.0,819.0,4
CHEMBL270056,275.0,275.0,220.0,330.0,2
CHEMBL270406,94.0,94.0,94.0,94.0,1
CHEMBL270408,57.0,57.0,57.0,57.0,1
CHEMBL270426,235.0,235.0,235.0,235.0,1
CHEMBL270589,12.2,12.2,2.4,22.0,2
CHEMBL270595,10000.0,10000.0,10000.0,10000.0,1
CHEMBL27101,2200.0,2200.0,2200.0,2200.0,1
CHEMBL27117,1400.0,1400.0,1400.0,1400.0,1
CHEMBL27132,39.2,39.2,39.2,39.2,1
CHEMBL271513,120.0,120.0,120.0,120.0,1
CHEMBL27162,11400.0,11400.0,11400.0,11400.0,1
CHEMBL271913,50.1,50.1,1.2,99.0,2
CHEMBL271989,5.6,5.6,5.6,5.6,1
CHEMBL272073,1100.0,1100.0,1100.0,1100.0,1
CHEMBL272340,655.5,655.5,390.0,921.0,2
CHEMBL272395,180.0,180.0,150.0,210.0,2
CHEMBL272396,715.0,715.0,550.0,880.0,2
CHEMBL27247,7980.0,7980.0,7980.0,7980.0,1
CHEMBL27251,2250.0,2250.0,2250.0,2250.0,3
CHEMBL272511,630.96,630.96,630.96,630.96,1
CHEMBL27254,146.0,146.0,146.0,146.0,1
CHEMBL272602,4600.0,4600.0,4500.0,4700.0,2
CHEMBL272603,1041.0,1041.0,1041.0,1041.0,1
CHEMBL272853,40000.0,40000.0,30000.0,50000.0,2
CHEMBL272873,72500.0,72500.0,66000.0,79000.0,2
CHEMBL27309,182.0,182.0,182.0,182.0,1
CHEMBL273273,42.4,37.4,6.0,58.8,4
CHEMBL273921,234.42,234.42,234.42,234.42,1
CHEMBL274047,460.0,460.0,460.0,460.0,1
CHEMBL27441,145.0,145.0,145.0,145.0,1
CHEMBL274585,10000.0,10000.0,10000.0,10000.0,1
CHEMBL275379,12000.0,12000.0,12000.0,12000.0,1
CHEMBL275543,59.0,59.0,59.0,59.0,1
CHEMBL27559,71.25,2538.8,12.7,10000.0,4
CHEMBL275696,520.0,520.0,520.0,520.0,1
CHEMBL275707,10000.0,10000.0,10000.0,10000.0,1
CHEMBL276520,1000.0,1000.0,1000.0,1000.0,1
CHEMBL276778,86.85,86.85,86.7,87.0,2
CHEMBL277631,25.12,25.12,25.12,25.12,1
CHEMBL277669,1584.89,1584.89,1584.89,1584.89,1
CHEMBL277684,316.23,316.23,316.23,316.23,1
CHEMBL277790,79.43,79.43,79.43,79.43,1
CHEMBL277937,1995.26,1995.26,1995.26,1995.26,1
CHEMBL277945,6.31,6.31,6.31,6.31,1
CHEMBL27811,200.0,200.0,200.0,200.0,1
CHEMBL278288,398.11,398.11,398.11,398.11,1
CHEMBL278751,39.05,39.05,15.0,63.1,2
CHEMBL279039,158.49,158.49,158.49,158.49,1
CHEMBL279085,616.6,616.6,616.6,616.6,1
CHEMBL279247,6.1,6.1,6.1,6.1,2
CHEMBL27940,201.0,201.0,201.0,201.0,2
CHEMBL279729,630.0,630.0,630.0,630.0,1
CHEMBL279925,100.0,100.0,100.0,100.0,1
CHEMBL279937,57.0,57.0,57.0,57.0,1
CHEMBL27995,3000.0,3000.0,3000.0,3000.0,1
CHEMBL280177,7.943,7.943,7.943,7.943,1
CHEMBL280490,100.0,100.0,100.0,100.0,1
CHEMBL28054,1300.0,1300.0,1300.0,1300.0,1
CHEMBL28056,1484.0,1484.0,498.0,2470.0,2
CHEMBL280804,24.5,24.5,24.5,24.5,1
CHEMBL280955,18.0,84.33333333333333,18.0,217.0,3
CHEMBL280961,15.85,15.85,15.85,15.85,1
CHEMBL281048,261.0,261.0,261.0,261.0,2
CHEMBL281177,12.59,12.59,12.59,12.59,1
CHEMBL281195,90.0,90.0,90.0,90.0,1
CHEMBL281273,1000.0,1000.0,1000.0,1000.0,1
CHEMBL281350,1000.0,1000.0,1000.0,1000.0,1
CHEMBL281357,527.0,527.0,527.0,527.0,3
CHEMBL281363,800.0,800.0,800.0,800.0,1
CHEMBL281554,70.8,70.8,70.8,70.8,1
CHEMBL281923,71.0,71.0,71.0,71.0,2
CHEMBL281924,7.1,7.1,7.1,7.1,2
CHEMBL281932,2500.0,2500.0,2500.0,2500.0,1
CHEMBL282008,2511.89,2511.89,2511.89,2511.89,1
CHEMBL282083,71.0,71.0,71.0,71.0,1
CHEMBL282136,400.0,400.0,400.0,400.0,1
CHEMBL282199,316.115,316.115,316.0,316.23,2
CHEMBL282287,398.11,398.11,398.11,398.11,1
CHEMBL282323,709.0,709.0,709.0,709.0,1
CHEMBL282375,3650.0,3650.0,3650.0,3650.0,1
CHEMBL282413,2260.0,2260.0,2260.0,2260.0,1
CHEMBL282863,19.4,19.4,19.4,19.4,1
CHEMBL282927,100.0,100.0,100.0,100.0,1
CHEMBL282971,1995.26,1995.26,1995.26,1995.26,1
CHEMBL283034,1207.0,1207.0,1207.0,1207.0,1
CHEMBL283065,2030.0,2030.0,2030.0,2030.0,1
CHEMBL28313,260.5,260.5,108.0,413.0,2
CHEMBL283142,63.1,63.1,63.1,63.1,1
CHEMBL28321,1.3,1.3,1.3,1.3,1
CHEMBL283247,1900.0,1900.0,1900.0,1900.0,1
CHEMBL283353,2515.4449999999997,2515.4449999999997,2511.89,2519.0,2
CHEMBL28338,710.0,710.0,710.0,710.0,2
CHEMBL283528,12.0,12.0,12.0,12.0,1
CHEMBL283738,25.0,25.0,25.0,25.0,1
CHEMBL284092,2189.0,2189.0,58.0,4320.0,2
CHEMBL284346,1600.0,1600.0,1600.0,1600.0,1
CHEMBL28437,237.5,237.5,62.0,413.0,2
CHEMBL284586,83.2,83.2,83.2,83.2,2
CHEMBL284644,4400.0,4400.0,4400.0,4400.0,1
CHEMBL284716,1072.0,1072.0,1072.0,1072.0,1
CHEMBL284896,7000.0,7000.0,7000.0,7000.0,1
CHEMBL284959,9100.0,9100.0,9100.0,9100.0,1
CHEMBL285157,25.8,25.8,25.8,25.8,1
CHEMBL285352,215.0,215.0,215.0,215.0,1
CHEMBL285755,142.0,126.25399999999999,2.27,202.0,5
CHEMBL285802,12.0,12.0,11.0,13.0,2
CHEMBL285873,75.0,75.0,75.0,75.0,1
CHEMBL285924,520.0,520.0,520.0,520.0,1
CHEMBL28607,1500.0,1500.0,1500.0,1500.0,1
CHEMBL286080,720000.0,720000.0,720000.0,720000.0,1
CHEMBL286177,2336.0,2336.0,2336.0,2336.0,1
CHEMBL286205,8.5,8.5,8.5,8.5,1
CHEMBL286725,467.0,467.0,467.0,467.0,1
CHEMBL287078,5000.0,5000.0,5000.0,5000.0,1
CHEMBL287198,10000.0,10000.0,10000.0,10000.0,1
CHEMBL287217,450.0,450.0,450.0,450.0,1
CHEMBL287412,15.0,15.0,15.0,15.0,1
CHEMBL287443,5692.0,5692.0,5692.0,5692.0,1
CHEMBL287513,3600.0,3600.0,3600.0,3600.0,1
CHEMBL287770,1050.0,1050.0,1050.0,1050.0,1
CHEMBL288721,614.0,614.0,614.0,614.0,1
CHEMBL289196,10000.0,10000.0,10000.0,10000.0,1
CHEMBL289330,0.003,0.003,0.003,0.003,1
CHEMBL28964,484.0,484.0,484.0,484.0,1
CHEMBL290091,40.0,40.0,40.0,40.0,1
CHEMBL290351,5000.0,5000.0,5000.0,5000.0,1
CHEMBL290446,33.9,33.9,33.9,33.9,1
CHEMBL290546,124.0,124.0,124.0,124.0,1
CHEMBL291143,1550.0,1550.0,1550.0,1550.0,1
CHEMBL291251,1000.0,1000.0,1000.0,1000.0,1
CHEMBL291417,31.62,31.62,31.62,31.62,1
CHEMBL291439,2200.0,2200.0,2200.0,2200.0,1
CHEMBL291545,199.53,199.53,199.53,199.53,1
CHEMBL291801,251.19,251.19,251.19,251.19,1
CHEMBL29182,1173.0,1173.0,1173.0,1173.0,1
CHEMBL292186,398.11,398.11,398.11,398.11,1
CHEMBL292187,0.42,0.42,0.42,0.42,1
CHEMBL292485,501.19,501.19,501.19,501.19,1
CHEMBL292577,316.23,316.23,316.23,316.23,1
CHEMBL292759,3981.07,3981.07,3981.07,3981.07,1
CHEMBL293158,19054.61,19054.61,19054.61,19054.61,1
CHEMBL293159,19.95,19.95,19.95,19.95,1
CHEMBL293225,785.0,785.0,630.0,940.0,2
CHEMBL293341,1700.0,1700.0,1700.0,1700.0,2
CHEMBL293347,251.19,251.19,251.19,251.19,1
CHEMBL29336,5692.0,5692.0,5692.0,5692.0,1
CHEMBL293645,147.5,147.5,85.0,210.0,2
CHEMBL293828,1905.46,1905.46,1905.46,1905.46,1
CHEMBL293956,100000.0,100000.0,100000.0,100000.0,2
CHEMBL29410,398.11,398.11,398.11,398.11,1
CHEMBL294275,199.53,199.53,199.53,199.53,1
CHEMBL29433,1584.89,1584.89,1584.89,1584.89,1
CHEMBL29435,1288.0,1288.0,1288.0,1288.0,1
CHEMBL29436,151.0,151.0,151.0,151.0,1
CHEMBL294394,3050.0,3050.0,3000.0,3100.0,2
CHEMBL294458,8825.0,8825.0,7350.0,10300.0,2
CHEMBL294459,1412.5,1412.5,975.0,1850.0,2
CHEMBL294515,31.62,31.62,31.62,31.62,1
CHEMBL294649,100000.0,100000.0,100000.0,100000.0,1
CHEMBL294747,39.81,39.81,39.81,39.81,2
CHEMBL294780,2375.0,2375.0,1750.0,3000.0,2
CHEMBL294951,2.4,2.4,2.4,2.4,1
CHEMBL295094,1391.54,1391.54,363.08,2420.0,2
CHEMBL29529,10000.0,10000.0,10000.0,10000.0,1
CHEMBL295559,1600.0,1600.0,1600.0,1600.0,1
CHEMBL295596,1300.0,1300.0,1300.0,1300.0,1
CHEMBL29610,996.0,996.0,996.0,996.0,1
CHEMBL296419,1507.0,1507.0,1507.0,1507.0,1
CHEMBL29649,10000.0,10000.0,10000.0,10000.0,1
CHEMBL296506,1644.855,1644.855,835.0,2454.71,2
CHEMBL296512,28.0,28.0,28.0,28.0,1
CHEMBL296953,280.53499999999997,280.53499999999997,66.07,495.0,2
CHEMBL297302,0.027,0.027,0.027,0.027,1
CHEMBL297784,10000.0,10000.0,10000.0,10000.0,1
CHEMBL297960,125.89,125.89,125.89,125.89,1
CHEMBL298166,898.87,898.87,467.74,1330.0,2
CHEMBL298406,980.0,1066.6666666666667,980.0,1240.0,3
CHEMBL29846,794.33,794.33,794.33,794.33,2
CHEMBL29849,1288.0,1288.0,1288.0,1288.0,1
CHEMBL298612,100000.0,100000.0,100000.0,100000.0,1
CHEMBL298763,838.915,838.915,177.83,1500.0,2
CHEMBL298875,150.0,152.5,130.0,180.0,4
CHEMBL299038,501.19,501.19,501.19,501.19,1
CHEMBL299479,1995.26,1995.26,1995.26,1995.26,1
CHEMBL299691,140.0,140.0,140.0,140.0,1
CHEMBL299879,63.0,63.0,63.0,63.0,1
CHEMBL30008,117.0,117.0,117.0,117.0,1
CHEMBL300553,11975.0,11975.0,8950.0,15000.0,2
CHEMBL300555,6.711,6.711,6.711,6.711,1
CHEMBL300571,7.2,7.2,7.2,7.2,1
CHEMBL300647,3.58,3.58,0.66,6.5,2
CHEMBL300780,112.0,191.2125,54.7,698.0,8
CHEMBL300956,765.095,765.095,380.19,1150.0,2
CHEMBL301242,70.1,59.5,19.4,89.0,3
CHEMBL301265,50.0,1269.6928571428573,21.0,6300.0,14
CHEMBL30146,303.0,303.0,303.0,303.0,1
CHEMBL301475,630.96,630.96,630.96,630.96,1
CHEMBL301559,40.0,81.21428571428571,0.5,202.0,7
CHEMBL30206,517.0,517.0,517.0,517.0,1
CHEMBL302075,93.0,93.0,93.0,93.0,1
CHEMBL30208,1892.0,1892.0,1892.0,1892.0,1
CHEMBL302186,18250.0,18250.0,13500.0,23000.0,2
CHEMBL302340,1000.0,1000.0,1000.0,1000.0,1
CHEMBL302374,39.3,43.333333333333336,39.3,51.4,3
CHEMBL302393,263.03,263.03,263.03,263.03,1
CHEMBL302416,170.675,170.675,25.12,316.23,2
CHEMBL30256,10000.0,10000.0,10000.0,10000.0,1
CHEMBL302796,606.0,606.0,606.0,606.0,1
CHEMBL303313,1.1,1.1,1.1,1.1,1
CHEMBL303336,640.0,640.0,640.0,640.0,1
CHEMBL303406,1000.0,1000.0,1000.0,1000.0,1
CHEMBL303502,121.5,121.5,118.0,125.0,2
CHEMBL303538,53750.0,53750.0,48500.0,59000.0,2
CHEMBL303556,9.3,9.3,9.3,9.3,1
CHEMBL303692,1000.0,1000.0,1000.0,1000.0,2
CHEMBL3039528,28.0,28.0,28.0,28.0,1
CHEMBL303979,25.12,25.12,25.12,25.12,1
CHEMBL303993,1862.09,1862.09,1862.09,1862.09,1
CHEMBL304584,1000.0,1000.0,1000.0,1000.0,1
CHEMBL304605,168.0,2140.4,168.0,10000.0,5
CHEMBL304777,1000.0,1000.0,1000.0,1000.0,1
CHEMBL304856,316.23,316.23,316.23,316.23,1
CHEMBL304902,0.49,0.49,0.49,0.49,1
CHEMBL305061,1000.0,1000.0,1000.0,1000.0,1
CHEMBL305276,133.0,133.0,133.0,133.0,3
CHEMBL305362,1000.0,1000.0,1000.0,1000.0,1
CHEMBL305392,10.0,10.0,10.0,10.0,1
CHEMBL305453,1000.0,1000.0,1000.0,1000.0,1
CHEMBL305481,670.0,670.0,670.0,670.0,1
CHEMBL30560,334.0,334.0,334.0,334.0,1
CHEMBL305660,383.0,383.0,383.0,383.0,1
CHEMBL305706,2526.0,2526.0,275.0,4777.0,2
CHEMBL305834,9.3,9.3,9.3,9.3,1
CHEMBL305920,1.0,1.0,1.0,1.0,1
CHEMBL306265,1600.0,1600.0,1600.0,1600.0,1
CHEMBL306634,10.0,10.0,10.0,10.0,1
CHEMBL306672,11.0,11.0,11.0,11.0,1
CHEMBL306830,8.1,8.1,8.1,8.1,1
CHEMBL30713,10000.0,10000.0,10000.0,10000.0,1
CHEMBL307444,10000.0,10000.0,10000.0,10000.0,1
CHEMBL307800,10.0,10.0,10.0,10.0,1
CHEMBL307869,340.0,340.0,340.0,340.0,1
CHEMBL307956,5000.0,5000.0,5000.0,5000.0,1
CHEMBL308098,1062.0,1062.0,1062.0,1062.0,1
CHEMBL308185,10000.0,10000.0,10000.0,10000.0,1
CHEMBL308345,0.47,0.47,0.47,0.47,1
CHEMBL3084312,1000.0,1000.0,1000.0,1000.0,1
CHEMBL3084502,96.85000000000001,96.85000000000001,33.4,160.3,2
CHEMBL3084503,35.3,35.3,35.3,35.3,1
CHEMBL3084504,545.0,545.0,545.0,545.0,1
CHEMBL3084505,41.4,41.4,41.4,41.4,1
CHEMBL3084506,196.0,196.0,196.0,196.0,1
CHEMBL3084507,2070.0,2070.0,2070.0,2070.0,1
CHEMBL3084508,565.0,565.0,565.0,565.0,1
CHEMBL3084509,225.0,225.0,225.0,225.0,1
CHEMBL3084510,39.4,39.4,39.4,39.4,1
CHEMBL3084511,554.0,554.0,554.0,554.0,1
CHEMBL3084512,12.9,12.9,12.9,12.9,1
CHEMBL3084513,29.8,29.8,29.8,29.8,1
CHEMBL3084514,280.0,280.0,280.0,280.0,1
CHEMBL3084515,1.06,1.06,1.06,1.06,1
CHEMBL3084516,1.7,1.7,1.7,1.7,1
CHEMBL3084517,40.1,40.1,40.1,40.1,1
CHEMBL3084518,4.9,4.9,4.9,4.9,1
CHEMBL3084519,1.5,1.5,1.5,1.5,1
CHEMBL3084520,1.5,1.5,1.5,1.5,1
CHEMBL3084521,1.2,1.2,1.2,1.2,1
CHEMBL3084522,11.7,11.7,11.7,11.7,1
CHEMBL3084523,5.6,5.6,5.6,5.6,1
CHEMBL3084524,1.4,1.4,1.4,1.4,1
CHEMBL3084596,251.19,251.19,251.19,251.19,1
CHEMBL3084597,199.53,199.53,199.53,199.53,1
CHEMBL3084598,199.53,199.53,199.53,199.53,1
CHEMBL3084599,316.23,316.23,316.23,316.23,1
CHEMBL3084601,316.23,316.23,316.23,316.23,1
CHEMBL3084602,630.96,630.96,630.96,630.96,1
CHEMBL3084605,501.19,501.19,501.19,501.19,1
CHEMBL3084612,199.53,199.53,199.53,199.53,1
CHEMBL3084613,199.53,199.53,199.53,199.53,1
CHEMBL3084615,501.19,501.19,501.19,501.19,1
CHEMBL3084616,398.11,398.11,398.11,398.11,1
CHEMBL3084620,630.96,630.96,630.96,630.96,1
CHEMBL3084624,316.23,316.23,316.23,316.23,1
CHEMBL3084625,199.53,199.53,199.53,199.53,1
CHEMBL3084626,158.49,158.49,158.49,158.49,1
CHEMBL3084629,316.23,316.23,316.23,316.23,1
CHEMBL308476,4.0,4.0,4.0,4.0,1
CHEMBL308480,223.87,222.47333333333333,104.71,338.84,3
CHEMBL3084971,28.0,28.0,28.0,28.0,1
CHEMBL3085215,30100.0,30100.0,30100.0,30100.0,1
CHEMBL3085216,50000.0,50000.0,50000.0,50000.0,1
CHEMBL3085218,1000.0,1000.0,1000.0,1000.0,1
CHEMBL3085223,1000.0,1000.0,1000.0,1000.0,1
CHEMBL3085224,1000.0,1000.0,1000.0,1000.0,1
CHEMBL3085802,1000.0,1000.0,1000.0,1000.0,1
CHEMBL3085812,354.81,354.81,354.81,354.81,1
CHEMBL3085813,1148.15,1148.15,1148.15,1148.15,1
CHEMBL3085814,1071.52,1071.52,1071.52,1071.52,1
CHEMBL3085815,549.54,549.54,549.54,549.54,1
CHEMBL3085816,13489.63,13489.63,13489.63,13489.63,1
CHEMBL3085817,380.19,380.19,380.19,380.19,1
CHEMBL3085818,2238.72,2238.72,2238.72,2238.72,1
CHEMBL3085819,23.44,23.44,23.44,23.44,1
CHEMBL3085820,10.47,10.47,10.47,10.47,1
CHEMBL3085821,24.005000000000003,24.005000000000003,8.2,39.81,2
CHEMBL3085822,309.03,309.03,309.03,309.03,1
CHEMBL3085823,147.91,147.91,147.91,147.91,1
CHEMBL3085824,33.11,33.11,33.11,33.11,1
CHEMBL3085825,42.66,42.66,42.66,42.66,1
CHEMBL3085826,102.33,102.33,102.33,102.33,1
CHEMBL3088209,741.31,741.31,741.31,741.31,1
CHEMBL3088210,6025.6,6025.6,6025.6,6025.6,1
CHEMBL3088211,2691.53,2691.53,2691.53,2691.53,1
CHEMBL3088212,1479.11,1479.11,1479.11,1479.11,1
CHEMBL3088213,5248.07,5248.07,5248.07,5248.07,1
CHEMBL3088214,912.01,912.01,912.01,912.01,1
CHEMBL3088215,245.47,245.47,245.47,245.47,1
CHEMBL308875,8.1,8.1,8.1,8.1,1
CHEMBL308980,948.0,948.0,948.0,948.0,1
CHEMBL309015,10000.0,10000.0,10000.0,10000.0,1
CHEMBL309106,24.0,24.0,23.0,25.0,2
CHEMBL309118,512.0,512.0,512.0,512.0,1
CHEMBL309215,10.0,10.0,10.0,10.0,1
CHEMBL3092753,1400.0,1400.0,1400.0,1400.0,1
CHEMBL3092759,1000.0,1000.0,1000.0,1000.0,1
CHEMBL309336,11.4,11.4,11.4,11.4,1
CHEMBL309459,34.0,34.0,34.0,34.0,1
CHEMBL309460,900.0,900.0,900.0,900.0,1
CHEMBL309501,5.0,5.0,5.0,5.0,1
CHEMBL309623,38.0,38.0,38.0,38.0,2
CHEMBL309727,5.0,5.0,5.0,5.0,1
CHEMBL309843,4000.0,4000.0,4000.0,4000.0,1
CHEMBL309858,2745.0,2745.0,2745.0,2745.0,1
CHEMBL309901,200.0,200.0,200.0,200.0,1
CHEMBL309979,7.4,7.4,7.4,7.4,1
CHEMBL310045,1.3,1.3,1.3,1.3,1
CHEMBL310048,0.93,0.93,0.93,0.93,1
CHEMBL310153,204.17,204.17,204.17,204.17,1
CHEMBL310158,41.5,41.5,41.5,41.5,1
CHEMBL310204,15.0,15.0,15.0,15.0,1
CHEMBL3102875,32.36,32.36,32.36,32.36,1
CHEMBL310310,1740.0,1740.0,1740.0,1740.0,1
CHEMBL310311,4000.0,4000.0,4000.0,4000.0,1
CHEMBL310401,37.5,37.5,37.5,37.5,1
CHEMBL3104091,833.38,833.38,831.76,835.0,2
CHEMBL3104092,10000.0,10000.0,10000.0,10000.0,1
CHEMBL3104093,10000.0,10000.0,10000.0,10000.0,1
CHEMBL3104515,112.2,112.2,112.2,112.2,1
CHEMBL3104516,50.12,50.12,50.12,50.12,1
CHEMBL3104517,17.38,17.38,17.38,17.38,1
CHEMBL3104518,10000.0,10000.0,10000.0,10000.0,1
CHEMBL3104519,120.23,120.23,120.23,120.23,1
CHEMBL3104520,19.05,19.05,19.05,19.05,1
CHEMBL3104521,177.83,177.83,177.83,177.83,1
CHEMBL3104522,87.1,87.1,87.1,87.1,1
CHEMBL3104523,645.65,645.65,645.65,645.65,1
CHEMBL3104524,37.15,37.15,37.15,37.15,1
CHEMBL3104646,41.69,41.69,41.69,41.69,1
CHEMBL3104647,46.77,46.77,46.77,46.77,1
CHEMBL3104648,50.12,50.12,50.12,50.12,1
CHEMBL310577,12.0,12.0,12.0,12.0,1
CHEMBL310680,81.0,81.0,81.0,81.0,1
CHEMBL310819,860.0,860.0,860.0,860.0,1
CHEMBL310843,3400.0,6833.229333333334,1310.0,47000.0,15
CHEMBL310867,60.0,60.0,35.0,85.0,2
CHEMBL310985,1900.0,1900.0,1900.0,1900.0,1
CHEMBL311508,1356.0,1356.0,1356.0,1356.0,1
CHEMBL311539,81.3,81.3,81.3,81.3,1
CHEMBL3115574,43.64,52.398666666666664,2.042,140.0,6
CHEMBL3115575,29.82,28.250500000000002,1.023,72.9,6
CHEMBL3115576,40.355000000000004,55.12203333333334,0.1622,166.0,6
CHEMBL3115578,88.0,93.2675,66.07,131.0,4
CHEMBL3115579,71.08,56.192499999999995,5.495,92.7,6
CHEMBL3115580,255.405,276.8375,144.54,452.0,4
CHEMBL3115582,226.6,158.647,5.012,252.0,6
CHEMBL3115585,159.68,141.81666666666666,6.31,260.0,6
CHEMBL311575,16.5,16.5,16.5,16.5,1
CHEMBL311730,601.0,1325.75,217.0,3884.0,4
CHEMBL311772,40.0,40.0,40.0,40.0,1
CHEMBL311832,690.0,690.0,690.0,690.0,1
CHEMBL312255,700.0,700.0,700.0,700.0,1
CHEMBL312430,3.0,3.0,3.0,3.0,1
CHEMBL3126735,228.0,228.0,228.0,228.0,1
CHEMBL312752,19.0,19.0,19.0,19.0,1
CHEMBL312803,177.0,177.0,177.0,177.0,1
CHEMBL312877,293.0,293.0,293.0,293.0,2
CHEMBL313147,1495.0,1495.0,1495.0,1495.0,1
CHEMBL313255,501.19,501.19,501.19,501.19,1
CHEMBL313257,1750.0,1750.0,1750.0,1750.0,1
CHEMBL313320,650.0,902.5,110.0,2200.0,4
CHEMBL3133779,23.9,23.9,23.9,23.9,1
CHEMBL3133780,21.8,21.8,21.8,21.8,1
CHEMBL3133862,42.4,42.4,42.4,42.4,1
CHEMBL3133863,40.4,40.4,40.4,40.4,1
CHEMBL3133864,33.6,33.6,33.6,33.6,1
CHEMBL3133865,66.3,66.3,66.3,66.3,1
CHEMBL3133866,119.0,119.0,119.0,119.0,1
CHEMBL3133867,60.0,60.0,60.0,60.0,1
CHEMBL3133868,120.0,120.0,120.0,120.0,1
CHEMBL3133869,155.0,155.0,155.0,155.0,1
CHEMBL3133870,5.1,5.1,5.1,5.1,1
CHEMBL3133871,2.0,2.0,2.0,2.0,1
CHEMBL3133872,11.7,11.7,11.7,11.7,1
CHEMBL3133873,7.5,7.5,7.5,7.5,1
CHEMBL3133874,5.9,5.9,5.9,5.9,1
CHEMBL3133875,15.7,15.7,15.7,15.7,1
CHEMBL313620,8.8,8.8,8.8,8.8,3
CHEMBL313692,3438.0,3438.0,3438.0,3438.0,1
CHEMBL313851,132.0,132.0,132.0,132.0,1
CHEMBL314050,398.11,398.11,398.11,398.11,1
CHEMBL314095,2780.0,2780.0,2780.0,2780.0,2
CHEMBL314174,3.9,3.9,3.9,3.9,1
CHEMBL314285,5800.0,5800.0,5800.0,5800.0,2
CHEMBL314439,3333.0,3333.0,3333.0,3333.0,1
CHEMBL314536,175.5,175.5,134.0,217.0,2
CHEMBL314663,56.0,56.0,56.0,56.0,1
CHEMBL314937,1518.0,1518.0,1518.0,1518.0,1
CHEMBL314952,8.0,8.0,8.0,8.0,1
CHEMBL314983,70.0,70.0,70.0,70.0,2
CHEMBL315137,343.0,343.0,343.0,343.0,1
CHEMBL315209,630.96,630.96,630.96,630.96,1
CHEMBL315560,1414.0,1414.0,1414.0,1414.0,1
CHEMBL315564,10850.0,11275.0,2400.0,21000.0,4
CHEMBL315864,87.3,87.3,87.3,87.3,1
CHEMBL315879,2350.0,2350.0,2350.0,2350.0,2
CHEMBL315890,217.0,217.0,217.0,217.0,1
CHEMBL316014,1027.0,1027.0,1027.0,1027.0,1
CHEMBL316081,7943.28,7943.28,7943.28,7943.28,1
CHEMBL316125,83.0,83.0,83.0,83.0,1
CHEMBL316222,2345.0,2345.0,2345.0,2345.0,1
CHEMBL316584,3676.0,3676.0,3676.0,3676.0,1
CHEMBL316727,176.0,176.0,176.0,176.0,1
CHEMBL316942,10000.0,10000.0,10000.0,10000.0,1
CHEMBL316983,1526.0,2498.25,41.0,6900.0,8
CHEMBL317051,10000.0,10000.0,10000.0,10000.0,1
CHEMBL317078,641.0,641.0,641.0,641.0,1
CHEMBL317250,3500.0,3500.0,3500.0,3500.0,1
CHEMBL317266,2552.0,2552.0,2552.0,2552.0,1
CHEMBL317433,0.2,0.2,0.2,0.2,1
CHEMBL317488,30.065,33.9525,0.04,78.0,8
CHEMBL317493,10000.0,10000.0,10000.0,10000.0,2
CHEMBL317535,59.0,59.0,59.0,59.0,1
CHEMBL317597,10000.0,10000.0,10000.0,10000.0,1
CHEMBL317670,713.0,713.0,713.0,713.0,1
CHEMBL317741,510.0,510.0,510.0,510.0,1
CHEMBL317770,534.0,534.0,534.0,534.0,1
CHEMBL317825,10000.0,10000.0,10000.0,10000.0,1
CHEMBL317879,117.0,117.0,117.0,117.0,1
CHEMBL317988,10000.0,10000.0,10000.0,10000.0,1
CHEMBL317996,398.11,398.11,398.11,398.11,1
CHEMBL318018,3981.07,3981.07,3981.07,3981.07,1
CHEMBL318166,5.8,5.8,5.8,5.8,1
CHEMBL3182733,3.9,3.9,3.9,3.9,1
CHEMBL318374,15.9,15.9,15.9,15.9,1
CHEMBL3187365,8.9,8.9,8.9,8.9,1
CHEMBL318739,607.0,607.0,607.0,607.0,1
CHEMBL318740,1928.0,1928.0,523.0,3333.0,2
CHEMBL318747,2740.0,2740.0,2740.0,2740.0,1
CHEMBL318760,3780.0,3780.0,3780.0,3780.0,1
CHEMBL318925,251.19,251.19,251.19,251.19,1
CHEMBL318949,885.0,885.0,885.0,885.0,1
CHEMBL319005,1600.0,1600.0,1600.0,1600.0,1
CHEMBL319023,255.0,255.0,255.0,255.0,1
CHEMBL319043,59.0,59.0,59.0,59.0,1
CHEMBL319051,4780.0,4780.0,4780.0,4780.0,1
CHEMBL319116,63.1,63.1,63.1,63.1,1
CHEMBL319352,140.0,140.0,140.0,140.0,2
CHEMBL319355,1258.93,1258.93,1258.93,1258.93,1
CHEMBL319650,487.0,487.0,487.0,487.0,1
CHEMBL319707,302.0,302.0,302.0,302.0,1
CHEMBL319816,1000.0,1000.0,1000.0,1000.0,1
CHEMBL31991,244.0,244.0,244.0,244.0,1
CHEMBL319923,219.0,219.0,219.0,219.0,1
CHEMBL319927,183.0,183.0,183.0,183.0,1
CHEMBL320067,4375.0,4375.0,4375.0,4375.0,1
CHEMBL320114,672.0,672.0,672.0,672.0,1
CHEMBL320173,3.1,3.1,3.1,3.1,1
CHEMBL320397,113.0,113.0,113.0,113.0,1
CHEMBL320440,1784.0,1784.0,1784.0,1784.0,1
CHEMBL320515,199.0,199.0,199.0,199.0,1
CHEMBL320526,7.0,7.0,7.0,7.0,1
CHEMBL320597,113.0,113.0,113.0,113.0,3
CHEMBL320721,1096.0,1096.0,1096.0,1096.0,1
CHEMBL320734,9100.0,9100.0,6200.0,12000.0,2
CHEMBL320779,110.0,110.0,110.0,110.0,1
CHEMBL320880,1.8,1.8,1.8,1.8,1
CHEMBL321042,1600.0,1600.0,1600.0,1600.0,1
CHEMBL321058,3431.0,3431.0,3431.0,3431.0,1
CHEMBL321121,96.0,96.0,96.0,96.0,1
CHEMBL321201,1149.0,1149.0,1149.0,1149.0,1
CHEMBL321223,5000.0,5000.0,5000.0,5000.0,1
CHEMBL321244,25.12,25.12,25.12,25.12,1
CHEMBL321405,1100.0,1100.0,1100.0,1100.0,1
CHEMBL321492,185.0,198.75,135.0,290.0,4
CHEMBL321513,296.0,296.0,296.0,296.0,1
CHEMBL321538,753.0,753.0,753.0,753.0,1
CHEMBL321557,3400.0,3400.0,3400.0,3400.0,1
CHEMBL3216146,79.0,79.0,79.0,79.0,1
CHEMBL321698,747.0,747.0,747.0,747.0,1
CHEMBL321734,225.0,225.0,225.0,225.0,1
CHEMBL3217984,125.89,125.89,125.89,125.89,1
CHEMBL321871,2524.0,2524.0,2524.0,2524.0,1
CHEMBL3220212,63.1,63.1,63.1,63.1,1
CHEMBL3220214,32.36,32.36,32.36,32.36,1
CHEMBL3220215,199.53,199.53,199.53,199.53,1
CHEMBL3220216,173.78,173.78,173.78,173.78,1
CHEMBL3220218,199.53,199.53,199.53,199.53,1
CHEMBL3220219,158.49,158.49,158.49,158.49,1
CHEMBL3220220,54.95,54.95,54.95,54.95,1
CHEMBL322070,1.0,1.0,1.0,1.0,1
CHEMBL3221299,3.9,3.9,3.9,3.9,1
CHEMBL322179,777.0,777.0,777.0,777.0,1
CHEMBL322222,1434.0,1434.0,1434.0,1434.0,1
CHEMBL322326,1642.0,1642.0,1642.0,1642.0,1
CHEMBL322567,1225.0,1225.0,1225.0,1225.0,1
CHEMBL322638,375.0,375.0,375.0,375.0,1
CHEMBL322760,710.0,710.0,710.0,710.0,1
CHEMBL322802,174.3,206.5,7.4,470.0,4
CHEMBL323022,5247.0,5247.0,5247.0,5247.0,1
CHEMBL323088,2.0,2.0,2.0,2.0,1
CHEMBL323118,10000.0,10000.0,10000.0,10000.0,1
CHEMBL323213,377.0,377.0,377.0,377.0,1
CHEMBL323356,31622.78,31622.78,31622.78,31622.78,1
CHEMBL3234237,158.0,158.0,158.0,158.0,1
CHEMBL3234522,190.0,190.0,190.0,190.0,1
CHEMBL3234536,90.0,90.0,90.0,90.0,1
CHEMBL3234537,23.0,23.0,23.0,23.0,1
CHEMBL3234538,530.0,530.0,530.0,530.0,1
CHEMBL3234539,290.0,290.0,290.0,290.0,1
CHEMBL3234541,240.0,240.0,240.0,240.0,1
CHEMBL3234542,310.0,310.0,310.0,310.0,1
CHEMBL3234543,210.0,210.0,210.0,210.0,1
CHEMBL3234544,100.0,100.0,100.0,100.0,1
CHEMBL3234545,50000.0,50000.0,50000.0,50000.0,1
CHEMBL323525,2094.0,2094.0,2094.0,2094.0,1
CHEMBL323537,2629.0,2629.0,2629.0,2629.0,1
CHEMBL3235465,10000.0,10000.0,10000.0,10000.0,2
CHEMBL323817,0.7943,0.7943,0.7943,0.7943,1
CHEMBL323997,927.0,927.0,927.0,927.0,1
CHEMBL324017,1360.0,1360.0,1360.0,1360.0,1
CHEMBL32402,911.0,911.0,911.0,911.0,1
CHEMBL324044,31.62,31.62,31.62,31.62,1
CHEMBL324073,10000.0,10000.0,10000.0,10000.0,1
CHEMBL324372,2980.0,2980.0,2980.0,2980.0,1
CHEMBL324619,185.0,185.0,73.0,297.0,2
CHEMBL324867,7000.0,7000.0,7000.0,7000.0,1
CHEMBL325060,1258.93,1258.93,1258.93,1258.93,1
CHEMBL325104,6450.0,6450.0,6300.0,6600.0,2
CHEMBL325109,15.0,15.0,12.0,18.0,2
CHEMBL325658,794.33,794.33,794.33,794.33,1
CHEMBL325710,27.0,27.0,27.0,27.0,1
CHEMBL325772,65.0,85.75,23.0,190.0,4
CHEMBL325818,755.0,807.5,420.0,1300.0,4
CHEMBL325859,25.12,25.12,25.12,25.12,1
CHEMBL326010,271.0,271.0,271.0,271.0,1
CHEMBL326159,2760.0,2760.0,2760.0,2760.0,1
CHEMBL326202,518.0,518.0,518.0,518.0,1
CHEMBL326250,129.0,129.0,129.0,129.0,1
CHEMBL326454,2.65,2.75,2.0,3.7,4
CHEMBL3265038,21.47,21.47,21.47,21.47,1
CHEMBL3265039,9.69,9.69,9.69,9.69,1
CHEMBL3265040,10.32,10.32,10.32,10.32,1
CHEMBL3265041,27.32,27.32,27.32,27.32,1
CHEMBL3265042,12.27,12.27,12.27,12.27,1
CHEMBL3265043,8.14,8.14,8.14,8.14,1
CHEMBL3265044,12.96,12.96,12.96,12.96,1
CHEMBL3265045,8.01,8.01,8.01,8.01,1
CHEMBL3265046,28.43,28.43,28.43,28.43,1
CHEMBL3265047,30.33,30.33,30.33,30.33,1
CHEMBL3265048,23.78,23.78,23.78,23.78,1
CHEMBL3265049,1.47,1.47,1.47,1.47,1
CHEMBL3265063,667.0,667.0,667.0,667.0,1
CHEMBL3265064,923.0,923.0,923.0,923.0,1
CHEMBL3265065,1220.0,1220.0,1220.0,1220.0,1
CHEMBL3265067,623.0,623.0,623.0,623.0,1
CHEMBL3265314,27.39,27.39,27.39,27.39,1
CHEMBL3265315,53.92,53.92,53.92,53.92,1
CHEMBL3265316,25.27,25.27,25.27,25.27,1
CHEMBL3265317,26.13,26.13,26.13,26.13,1
CHEMBL3265318,35.77,35.77,35.77,35.77,1
CHEMBL3265319,42.8,42.8,42.8,42.8,1
CHEMBL3265320,44.67,44.67,44.67,44.67,1
CHEMBL3265321,5.98,5.98,5.98,5.98,1
CHEMBL3265322,52.03,52.03,52.03,52.03,1
CHEMBL3265323,64.16,64.16,64.16,64.16,1
CHEMBL3265324,7.31,7.31,7.31,7.31,1
CHEMBL3265325,1000.0,1000.0,1000.0,1000.0,1
CHEMBL3265326,1000.0,1000.0,1000.0,1000.0,1
CHEMBL3265327,1000.0,1000.0,1000.0,1000.0,1
CHEMBL3265328,1000.0,1000.0,1000.0,1000.0,1
CHEMBL3265329,0.63,0.63,0.63,0.63,1
CHEMBL326662,39.81,39.81,39.81,39.81,1
CHEMBL326670,120.0,120.0,120.0,120.0,1
CHEMBL326863,134.0,134.0,134.0,134.0,1
CHEMBL326864,9400.0,9400.0,7800.0,11000.0,2
CHEMBL326877,9150.0,9150.0,8500.0,9800.0,2
CHEMBL327176,330.0,330.0,330.0,330.0,1
CHEMBL327245,2550.0,2550.0,2550.0,2550.0,1
CHEMBL327263,217.0,217.0,217.0,217.0,1
CHEMBL327310,1700.0,1700.0,1700.0,1700.0,1
CHEMBL327339,1600.0,1600.0,1600.0,1600.0,1
CHEMBL327713,250.0,250.0,250.0,250.0,1
CHEMBL327782,3.0,3.0,3.0,3.0,1
CHEMBL328002,1258.93,1258.93,1258.93,1258.93,1
CHEMBL328051,53.0,53.0,53.0,53.0,1
CHEMBL328054,436.0,436.0,436.0,436.0,2
CHEMBL328114,959.0,959.0,959.0,959.0,1
CHEMBL328119,73.0,73.0,73.0,73.0,1
CHEMBL328187,310.0,310.0,310.0,310.0,2
CHEMBL328246,690.0,690.0,690.0,690.0,1
CHEMBL328257,1000.0,1000.0,1000.0,1000.0,1
CHEMBL328283,262.0,262.0,262.0,262.0,1
CHEMBL328431,217.0,217.0,217.0,217.0,1
CHEMBL328448,217.0,217.0,217.0,217.0,1
CHEMBL328459,17.0,17.0,17.0,17.0,1
CHEMBL328476,4600.0,4600.0,4600.0,4600.0,1
CHEMBL328595,68.0,68.0,68.0,68.0,1
CHEMBL3286429,3962.0,3962.0,3962.0,3962.0,1
CHEMBL3286432,39.0,39.0,39.0,39.0,1
CHEMBL3286567,2094.65,2094.65,2089.3,2100.0,2
CHEMBL3286568,660.345,660.345,660.0,660.69,2
CHEMBL3286569,140.625,140.625,140.0,141.25,2
CHEMBL3286570,572.72,572.72,570.0,575.44,2
CHEMBL3286571,109.825,109.825,109.65,110.0,2
CHEMBL3286572,309.515,309.515,309.03,310.0,2
CHEMBL3286573,97.86,97.86,97.72,98.0,2
CHEMBL3286574,23.994999999999997,23.994999999999997,23.99,24.0,2
CHEMBL3286575,53.85,53.85,53.7,54.0,2
CHEMBL3286576,129.41,129.41,128.82,130.0,2
CHEMBL3286577,324.765,324.765,199.53,450.0,2
CHEMBL3286578,0.43955,0.43955,0.2291,0.65,2
CHEMBL3286579,130.115,130.115,120.23,140.0,2
CHEMBL3286580,1215.0,1215.0,1215.0,1215.0,1
CHEMBL328667,150.0,150.0,150.0,150.0,1
CHEMBL3287279,800.0,800.0,800.0,800.0,1
CHEMBL3287280,2500.0,2500.0,2500.0,2500.0,1
CHEMBL3287281,7400.0,7400.0,7400.0,7400.0,1
CHEMBL328739,15.0,15.0,15.0,15.0,1
CHEMBL3287390,36.5,36.5,34.0,39.0,2
CHEMBL3287391,27.5,27.5,25.0,30.0,2
CHEMBL3287392,3.1500000000000004,3.1500000000000004,2.1,4.2,2
CHEMBL3287393,40.0,40.0,16.0,64.0,2
CHEMBL3287394,9.7,9.7,9.4,10.0,2
CHEMBL3287395,7.050000000000001,7.050000000000001,6.7,7.4,2
CHEMBL3287396,2.7,2.7,2.3,3.1,2
CHEMBL3287397,3.9,3.9,3.2,4.6,2
CHEMBL3287398,26.5,26.5,24.0,29.0,2
CHEMBL3287399,7.15,7.15,6.2,8.1,2
CHEMBL3287400,33.0,33.0,15.0,51.0,2
CHEMBL3287401,12.0,12.0,10.0,14.0,2
CHEMBL3287402,14.0,14.0,14.0,14.0,2
CHEMBL3287403,0.975,0.98,0.17,1.8,4
CHEMBL3287404,2.8,2.8,2.3,3.3,2
CHEMBL3287405,0.44999999999999996,0.44999999999999996,0.32,0.58,2
CHEMBL3287406,7.800000000000001,7.800000000000001,6.7,8.9,2
CHEMBL328785,217.0,217.0,217.0,217.0,1
CHEMBL328894,368.0,368.0,217.0,519.0,2
CHEMBL328925,46000.0,46000.0,39000.0,53000.0,2
CHEMBL3289383,632.98,632.98,630.96,635.0,2
CHEMBL3289642,1545.9099999999999,1545.9099999999999,1543.0,1548.82,2
CHEMBL3289643,10000.0,10000.0,10000.0,10000.0,1
CHEMBL3289644,1417.0,1417.0,1417.0,1417.0,1
CHEMBL3289645,1094.24,1094.24,1092.0,1096.48,2
CHEMBL3289646,1046.565,1046.565,1046.0,1047.13,2
CHEMBL3289647,1053.0,1053.0,1000.0,1106.0,2
CHEMBL3289648,1928.13,1928.13,1861.0,1995.26,4
CHEMBL3289649,3108.0,3108.0,3108.0,3108.0,1
CHEMBL3289653,1979.0,1979.0,1979.0,1979.0,1
CHEMBL3289655,2507.0,2507.0,2507.0,2507.0,1
CHEMBL3289656,6370.0,6370.0,6370.0,6370.0,1
CHEMBL3289708,43.0,43.0,43.0,43.0,1
CHEMBL3289709,13.0,13.0,13.0,13.0,1
CHEMBL3289944,8.7,8.7,8.7,8.7,1
CHEMBL3289945,7.8,7.8,7.8,7.8,1
CHEMBL3289946,27.0,27.0,27.0,27.0,1
CHEMBL3289947,37.0,37.0,37.0,37.0,1
CHEMBL3289948,27.0,27.0,27.0,27.0,1
CHEMBL3289949,48.0,48.0,48.0,48.0,1
CHEMBL3289950,56.0,56.0,56.0,56.0,1
CHEMBL3289951,3.2,3.2,3.2,3.2,1
CHEMBL3289952,18.0,18.0,18.0,18.0,1
CHEMBL3289953,2.2,2.2,2.2,2.2,1
CHEMBL3289954,0.9,0.9,0.9,0.9,1
CHEMBL3289955,6.0,6.0,6.0,6.0,1
CHEMBL3289956,49.0,49.0,49.0,49.0,1
CHEMBL3289957,48.0,48.0,48.0,48.0,1
CHEMBL3289958,15.0,15.0,15.0,15.0,1
CHEMBL3289960,45.0,45.0,45.0,45.0,1
CHEMBL3289961,8.3,8.3,8.3,8.3,1
CHEMBL3289962,44.0,44.0,44.0,44.0,1
CHEMBL3289963,26.0,26.0,26.0,26.0,1
CHEMBL3289964,46.0,46.0,46.0,46.0,1
CHEMBL3289965,27.0,27.0,27.0,27.0,1
CHEMBL3289966,16.0,16.0,16.0,16.0,1
CHEMBL3289967,2000.0,2000.0,2000.0,2000.0,1
CHEMBL3289968,44.0,44.0,44.0,44.0,1
CHEMBL3289969,10000.0,10000.0,10000.0,10000.0,1
CHEMBL3289970,57.0,57.0,57.0,57.0,1
CHEMBL3289971,10000.0,10000.0,10000.0,10000.0,1
CHEMBL3289972,77.0,77.0,77.0,77.0,1
CHEMBL3289973,63.0,63.0,63.0,63.0,1
CHEMBL3289974,400.0,400.0,400.0,400.0,1
CHEMBL3289975,55.0,55.0,55.0,55.0,1
CHEMBL3289976,5.3,5.3,5.3,5.3,1
CHEMBL3289977,7200.0,7200.0,7200.0,7200.0,1
CHEMBL3289978,15.0,15.0,15.0,15.0,1
CHEMBL3289979,10000.0,10000.0,10000.0,10000.0,1
CHEMBL3289980,51.0,51.0,51.0,51.0,1
CHEMBL3289981,15.0,15.0,15.0,15.0,1
CHEMBL3289982,1300.0,1300.0,1300.0,1300.0,1
CHEMBL3289983,30.0,30.0,30.0,30.0,1
CHEMBL3289984,54.0,54.0,54.0,54.0,1
CHEMBL3289985,10000.0,10000.0,10000.0,10000.0,1
CHEMBL3289986,46.0,46.0,46.0,46.0,1
CHEMBL3289987,100.0,100.0,100.0,100.0,1
CHEMBL3289988,10000.0,10000.0,10000.0,10000.0,1
CHEMBL3289989,170.0,170.0,170.0,170.0,1
CHEMBL3289990,20.0,20.0,20.0,20.0,1
CHEMBL3289991,16.0,16.0,16.0,16.0,1
CHEMBL3289992,17.0,17.0,17.0,17.0,1
CHEMBL3289993,14.0,14.0,14.0,14.0,1
CHEMBL3289994,15.0,15.0,15.0,15.0,1
CHEMBL3289995,3.7,3.7,3.7,3.7,1
CHEMBL3289996,26.0,26.0,26.0,26.0,1
CHEMBL3289997,33.0,33.0,33.0,33.0,1
CHEMBL3289998,64.0,64.0,64.0,64.0,1
CHEMBL3289999,8.7,8.7,8.7,8.7,1
CHEMBL3290000,1000.0,1000.0,1000.0,1000.0,1
CHEMBL3290001,9.1,9.1,9.1,9.1,1
CHEMBL3290002,4.0,4.0,4.0,4.0,1
CHEMBL3290003,3.0,3.0,3.0,3.0,1
CHEMBL3290004,5.2,5.2,5.2,5.2,1
CHEMBL3290005,1.0,1.0,1.0,1.0,1
CHEMBL3290006,1.1,1.1,1.1,1.1,1
CHEMBL3290007,23.0,23.0,23.0,23.0,1
CHEMBL3290008,1.0,1.0,1.0,1.0,1
CHEMBL3290009,36.0,36.0,36.0,36.0,1
CHEMBL3290010,22.0,22.0,22.0,22.0,1
CHEMBL3290011,11.0,11.0,11.0,11.0,1
CHEMBL3290012,1.9,1.9,1.8,2.0,2
CHEMBL3290013,27.0,27.0,27.0,27.0,1
CHEMBL3290014,1.2,1.2,1.2,1.2,1
CHEMBL3290015,8.0,8.0,8.0,8.0,1
CHEMBL3290016,1.9,1.9,1.9,1.9,1
CHEMBL3290017,1.5,1.5,1.5,1.5,1
CHEMBL3290018,15.0,15.0,15.0,15.0,1
CHEMBL3290019,1000.0,1000.0,1000.0,1000.0,1
CHEMBL3290020,1000.0,1000.0,1000.0,1000.0,1
CHEMBL3290021,25.0,25.0,25.0,25.0,1
CHEMBL329126,1170.0,1170.0,1170.0,1170.0,2
CHEMBL329139,217.0,217.0,217.0,217.0,1
CHEMBL329228,282.0,282.0,282.0,282.0,1
CHEMBL329276,4166.0,4166.0,4166.0,4166.0,1
CHEMBL329383,5011.87,5011.87,5011.87,5011.87,1
CHEMBL329398,2.6,2.6,2.6,2.6,1
CHEMBL329443,159.0,159.0,91.0,227.0,2
CHEMBL329566,61.0,61.0,61.0,61.0,1
CHEMBL329702,1000.0,1000.0,1000.0,1000.0,1
CHEMBL3298200,2244.3599999999997,2244.3599999999997,2238.72,2250.0,2
CHEMBL3298685,1987.63,1987.63,1980.0,1995.26,2
CHEMBL3298686,976.12,976.12,975.0,977.24,2
CHEMBL3298755,9105.055,9105.055,9090.0,9120.11,2
CHEMBL3298756,2752.115,2752.115,2750.0,2754.23,2
CHEMBL3298757,1349.48,1349.48,1348.96,1350.0,2
CHEMBL3298758,48.08,48.08,47.86,48.3,2
CHEMBL3298759,19.5,19.5,19.5,19.5,2
CHEMBL3298825,2099.65,2099.65,2089.3,2110.0,2
CHEMBL3298826,6.305,6.305,6.3,6.31,2
CHEMBL3298827,3.524,3.524,3.5,3.548,2
CHEMBL3298828,0.6083000000000001,0.6083000000000001,0.6,0.6166,2
CHEMBL3298829,42.629999999999995,42.629999999999995,42.6,42.66,2
CHEMBL3298830,15.495000000000001,15.495000000000001,15.49,15.5,2
CHEMBL3298895,11.21,11.21,11.2,11.22,2
CHEMBL3298896,9.11,9.11,9.1,9.12,2
CHEMBL329904,854.0,854.0,854.0,854.0,1
CHEMBL3299091,2045.87,2045.87,2041.74,2050.0,2
CHEMBL3299092,896.625,896.625,891.25,902.0,2
CHEMBL3299093,170.41,170.41,169.82,171.0,2
CHEMBL3299094,15.975000000000001,15.975000000000001,15.85,16.1,2
CHEMBL3299095,18.975,18.975,18.9,19.05,2
CHEMBL3299096,12.059999999999999,12.059999999999999,12.02,12.1,2
CHEMBL3299097,74.465,74.465,74.13,74.8,2
CHEMBL3299098,911.005,911.005,910.0,912.01,2
CHEMBL3299099,1699.12,1699.12,1698.24,1700.0,2
CHEMBL330100,659.0,659.0,659.0,659.0,1
CHEMBL330108,540.0,540.0,540.0,540.0,1
CHEMBL330216,533.0,533.0,533.0,533.0,1
CHEMBL3302600,715.0,715.0,715.0,715.0,1
CHEMBL330303,187.0,187.0,187.0,187.0,1
CHEMBL330470,3960.0,3960.0,3960.0,3960.0,1
CHEMBL330865,219.0,219.0,219.0,219.0,1
CHEMBL331005,411.0,411.0,411.0,411.0,1
CHEMBL3310123,1000.0,1000.0,1000.0,1000.0,1
CHEMBL331100,1750.0,1750.0,1750.0,1750.0,1
CHEMBL331172,10000.0,10000.0,10000.0,10000.0,1
CHEMBL331470,344.0,344.0,344.0,344.0,1
CHEMBL3317465,2.0,2.0,1.0,3.0,2
CHEMBL3318824,2.75,2.75,1.6,3.9,2
CHEMBL3318831,6.050000000000001,6.050000000000001,5.4,6.7,2
CHEMBL3318832,12.0,12.0,12.0,12.0,2
CHEMBL3318833,2.65,2.65,2.3,3.0,2
CHEMBL3318834,2.95,2.95,2.6,3.3,2
CHEMBL3318835,2.7,2.7,2.5,2.9,2
CHEMBL3318836,6.05,6.05,5.6,6.5,2
CHEMBL3318837,23.0,23.0,15.0,31.0,2
CHEMBL3318838,56.0,56.0,46.0,66.0,2
CHEMBL3318839,91.0,91.0,62.0,120.0,2
CHEMBL3318840,210.0,210.0,140.0,280.0,2
CHEMBL3318841,155.0,155.0,150.0,160.0,2
CHEMBL3318842,26.0,26.0,25.0,27.0,2
CHEMBL3318843,295.0,295.0,280.0,310.0,2
CHEMBL3318844,51.5,51.5,47.0,56.0,2
CHEMBL3318845,4.5,4.5,4.5,4.5,2
CHEMBL3318846,1.8,1.8,1.1,2.5,2
CHEMBL3318847,2.7,2.7,2.2,3.2,2
CHEMBL3318848,1.85,1.85,1.8,1.9,2
CHEMBL3318849,1.4500000000000002,1.4500000000000002,1.3,1.6,2
CHEMBL3318850,5.15,5.15,4.9,5.4,2
CHEMBL3318851,2.7,2.7,1.6,3.8,2
CHEMBL3318852,665.0,665.0,470.0,860.0,2
CHEMBL332178,248.0,248.0,248.0,248.0,1
CHEMBL3321788,33.0,33.0,33.0,33.0,1
CHEMBL3321789,22.0,22.0,22.0,22.0,1
CHEMBL3321790,2.9,2.9,2.9,2.9,1
CHEMBL3321791,27.0,27.0,27.0,27.0,1
CHEMBL3321792,4.8,4.8,4.8,4.8,1
CHEMBL332270,10.0,10.0,10.0,10.0,1
CHEMBL3322992,178.0,178.0,178.0,178.0,1
CHEMBL3322993,19.0,19.0,19.0,19.0,1
CHEMBL3322994,12.0,12.0,12.0,12.0,1
CHEMBL3322995,162.0,162.0,162.0,162.0,1
CHEMBL3322996,191.0,191.0,191.0,191.0,1
CHEMBL3322997,1303.0,1303.0,1303.0,1303.0,1
CHEMBL3322998,572.0,572.0,572.0,572.0,3
CHEMBL3322999,13567.0,13567.0,13567.0,13567.0,3
CHEMBL3323000,4983.0,4983.0,4983.0,4983.0,3
CHEMBL3323001,1883.0,1883.0,1883.0,1883.0,3
CHEMBL3323002,1563.0,1563.0,1563.0,1563.0,1
CHEMBL3323003,1133.0,1133.0,1133.0,1133.0,3
CHEMBL3323004,1452.0,1452.0,1452.0,1452.0,3
CHEMBL3323005,24938.0,24938.0,24938.0,24938.0,1
CHEMBL3323006,3646.0,3646.0,3646.0,3646.0,1
CHEMBL3323007,4604.0,4604.0,4604.0,4604.0,3
CHEMBL3323008,366.0,366.0,366.0,366.0,3
CHEMBL3323009,361.0,361.0,361.0,361.0,3
CHEMBL3323010,191.0,191.0,191.0,191.0,3
CHEMBL3323011,511.0,476.6,148.0,702.0,5
CHEMBL3323012,913.0,913.0,913.0,913.0,1
CHEMBL3323013,336.0,336.0,336.0,336.0,1
CHEMBL3323014,683.0,683.0,683.0,683.0,1
CHEMBL3323015,436.0,436.0,436.0,436.0,3
CHEMBL3323016,450.0,450.0,450.0,450.0,3
CHEMBL3323017,655.0,655.0,655.0,655.0,3
CHEMBL3323018,481.0,481.0,481.0,481.0,1
CHEMBL3323019,527.0,527.0,527.0,527.0,1
CHEMBL3323112,301.0,233.2,72.0,301.0,5
CHEMBL3323113,934.0,934.0,934.0,934.0,3
CHEMBL3323114,298.0,263.0,176.0,298.0,5
CHEMBL3323115,809.0,809.0,809.0,809.0,3
CHEMBL3323116,337.0,337.0,337.0,337.0,3
CHEMBL3323117,1510.0,1510.0,1510.0,1510.0,1
CHEMBL332332,1000.0,1000.0,1000.0,1000.0,1
CHEMBL332490,1000.0,1000.0,1000.0,1000.0,1
CHEMBL3325901,1000.0,1000.0,1000.0,1000.0,1
CHEMBL3325902,1000.0,1000.0,1000.0,1000.0,1
CHEMBL3325903,1000.0,1000.0,1000.0,1000.0,1
CHEMBL3325904,1000.0,1000.0,1000.0,1000.0,1
CHEMBL3325905,1000.0,1000.0,1000.0,1000.0,1
CHEMBL3325906,1000.0,1000.0,1000.0,1000.0,1
CHEMBL3325907,1000.0,1000.0,1000.0,1000.0,1
CHEMBL3325908,1000.0,1000.0,1000.0,1000.0,1
CHEMBL3325909,1000.0,1000.0,1000.0,1000.0,1
CHEMBL3325911,1000.0,1000.0,1000.0,1000.0,1
CHEMBL3325912,1000.0,1000.0,1000.0,1000.0,1
CHEMBL3325913,1000.0,1000.0,1000.0,1000.0,1
CHEMBL3325914,1000.0,1000.0,1000.0,1000.0,1
CHEMBL3325915,1000.0,1000.0,1000.0,1000.0,1
CHEMBL3325916,1000.0,1000.0,1000.0,1000.0,1
CHEMBL3325917,1000.0,1000.0,1000.0,1000.0,1
CHEMBL3325918,1000.0,1000.0,1000.0,1000.0,1
CHEMBL3325919,1000.0,1000.0,1000.0,1000.0,1
CHEMBL3325920,1000.0,1000.0,1000.0,1000.0,1
CHEMBL3325921,1000.0,1000.0,1000.0,1000.0,1
CHEMBL3325922,1000.0,1000.0,1000.0,1000.0,1
CHEMBL3325923,1000.0,1000.0,1000.0,1000.0,1
CHEMBL3325924,1000.0,1000.0,1000.0,1000.0,1
CHEMBL3325925,1000.0,1000.0,1000.0,1000.0,1
CHEMBL3325926,1000.0,1000.0,1000.0,1000.0,1
CHEMBL332677,2023.0,2023.0,536.0,3510.0,2
CHEMBL332771,1000.0,1000.0,1000.0,1000.0,1
CHEMBL333085,1330.0,1330.0,1330.0,1330.0,1
CHEMBL333134,311.0,311.0,311.0,311.0,1
CHEMBL3335470,30.0,30.0,30.0,30.0,1
CHEMBL3335471,5.4,5.4,5.4,5.4,1
CHEMBL3335472,37.0,37.0,37.0,37.0,1
CHEMBL3335535,100000.0,100000.0,100000.0,100000.0,1
CHEMBL3335536,100000.0,100000.0,100000.0,100000.0,1
CHEMBL3335537,100000.0,100000.0,100000.0,100000.0,2
CHEMBL3335538,5500.0,5500.0,5500.0,5500.0,1
CHEMBL3335554,5500.0,5500.0,5500.0,5500.0,1
CHEMBL333725,1010.0,1010.0,1010.0,1010.0,1
CHEMBL333784,1000.0,1000.0,1000.0,1000.0,1
CHEMBL333836,195.0,195.0,195.0,195.0,1
CHEMBL334116,1040.0,1040.0,1040.0,1040.0,1
CHEMBL3343670,1000.0,1000.0,1000.0,1000.0,1
CHEMBL3344356,88.02,88.02,88.02,88.02,1
CHEMBL3344456,40.83,40.83,40.83,40.83,1
CHEMBL3344457,38.63,38.63,38.63,38.63,1
CHEMBL3344458,17.61,17.61,17.61,17.61,1
CHEMBL3344459,7.54,7.54,7.54,7.54,1
CHEMBL3344460,46.7,46.7,46.7,46.7,1
CHEMBL3344461,79.54,79.54,79.54,79.54,1
CHEMBL3344462,29.1,29.1,29.1,29.1,1
CHEMBL3344463,189.99,189.99,189.99,189.99,1
CHEMBL3344465,34.23,34.23,34.23,34.23,1
CHEMBL3344466,11.51,11.51,11.51,11.51,1
CHEMBL3344467,34.36,34.36,34.36,34.36,1
CHEMBL3344468,18.38,18.38,18.38,18.38,1
CHEMBL3344469,16.49,16.49,16.49,16.49,1
CHEMBL3344470,12.02,12.02,12.02,12.02,1
CHEMBL334472,142.75,142.75,0.5,285.0,2
CHEMBL334529,630.96,630.96,630.96,630.96,1
CHEMBL334545,295.56,295.56,295.12,296.0,2
CHEMBL334956,20.0,20.0,20.0,20.0,1
CHEMBL334989,364.0,364.0,364.0,364.0,1
CHEMBL335259,25.0,25.0,25.0,25.0,1
CHEMBL3353894,64.0,64.0,64.0,64.0,1
CHEMBL3353895,42.25,42.25,30.9,53.6,2
CHEMBL3353896,19.4,19.4,19.4,19.4,1
CHEMBL3353897,79.3,79.3,79.3,79.3,1
CHEMBL3353898,42.3,42.3,42.3,42.3,1
CHEMBL3353899,17.7,17.7,17.7,17.7,1
CHEMBL3353900,158.0,158.0,158.0,158.0,1
CHEMBL3353901,94.3,94.3,94.3,94.3,1
CHEMBL3353902,109.0,109.0,109.0,109.0,1
CHEMBL3353903,73.5,73.5,73.5,73.5,1
CHEMBL3353904,46.7,46.7,46.7,46.7,1
CHEMBL3353905,23.7,23.7,23.7,23.7,1
CHEMBL3353906,272.0,272.0,272.0,272.0,1
CHEMBL3353907,139.0,139.0,139.0,139.0,1
CHEMBL3353908,62.7,62.7,62.7,62.7,1
CHEMBL3353909,162.0,162.0,162.0,162.0,1
CHEMBL3353910,171.0,171.0,171.0,171.0,1
CHEMBL3353911,62.6,62.6,62.6,62.6,1
CHEMBL3353912,44.1,44.1,44.1,44.1,1
CHEMBL3353913,37.7,37.7,37.7,37.7,1
CHEMBL3353914,26.6,26.6,26.6,26.6,1
CHEMBL3353915,12.8,12.8,12.8,12.8,1
CHEMBL3353916,9.4,9.4,9.4,9.4,1
CHEMBL335392,95.335,95.335,0.67,190.0,2
CHEMBL3354065,676.08,676.08,676.08,676.08,1
CHEMBL335545,25.5,19.8,8.4,25.5,3
CHEMBL3356088,1000.0,1000.0,1000.0,1000.0,1
CHEMBL3358098,5596.0,5596.0,5596.0,5596.0,1
CHEMBL3358099,1000.0,1000.0,1000.0,1000.0,1
CHEMBL3358100,286.0,286.0,286.0,286.0,1
CHEMBL3358101,1000.0,1000.0,1000.0,1000.0,1
CHEMBL3358102,219.0,219.0,219.0,219.0,1
CHEMBL3358103,1000.0,1000.0,1000.0,1000.0,1
CHEMBL3358104,53.0,53.0,53.0,53.0,1
CHEMBL3358105,76.0,76.0,76.0,76.0,1
CHEMBL3358106,1000.0,1000.0,1000.0,1000.0,1
CHEMBL3358107,1000.0,1000.0,1000.0,1000.0,1
CHEMBL335844,12.0,12.0,12.0,12.0,1
CHEMBL3358492,1000.0,1000.0,1000.0,1000.0,1
CHEMBL3358493,85.0,85.0,85.0,85.0,1
CHEMBL3358494,1000.0,1000.0,1000.0,1000.0,1
CHEMBL3358495,1000.0,1000.0,1000.0,1000.0,1
CHEMBL3358496,1000.0,1000.0,1000.0,1000.0,1
CHEMBL3358497,1000.0,1000.0,1000.0,1000.0,1
CHEMBL3358498,160.0,160.0,160.0,160.0,1
CHEMBL3358499,1000.0,1000.0,1000.0,1000.0,1
CHEMBL3358500,1000.0,1000.0,1000.0,1000.0,1
CHEMBL3358501,1000.0,1000.0,1000.0,1000.0,1
CHEMBL3358502,1000.0,1000.0,1000.0,1000.0,1
CHEMBL3358503,1000.0,1000.0,1000.0,1000.0,1
CHEMBL3358504,1000.0,1000.0,1000.0,1000.0,1
CHEMBL3358505,1000.0,1000.0,1000.0,1000.0,1
CHEMBL3358506,3412.0,3412.0,3412.0,3412.0,1
CHEMBL3358507,1000.0,1000.0,1000.0,1000.0,1
CHEMBL3358508,1000.0,1000.0,1000.0,1000.0,1
CHEMBL3358509,1000.0,1000.0,1000.0,1000.0,1
CHEMBL3358510,1000.0,1000.0,1000.0,1000.0,1
CHEMBL3358511,1000.0,1000.0,1000.0,1000.0,1
CHEMBL3358512,58.0,58.0,58.0,58.0,1
CHEMBL3358513,1.0,1.0,1.0,1.0,1
CHEMBL3358514,1000.0,1000.0,1000.0,1000.0,1
CHEMBL3358515,1000.0,1000.0,1000.0,1000.0,1
CHEMBL3358516,1000.0,1000.0,1000.0,1000.0,1
CHEMBL3358517,1000.0,1000.0,1000.0,1000.0,1
CHEMBL3358518,1000.0,1000.0,1000.0,1000.0,1
CHEMBL3358519,1000.0,1000.0,1000.0,1000.0,1
CHEMBL335971,58882.0,58882.0,58882.0,58882.0,1
CHEMBL336295,550.0,550.0,550.0,550.0,1
CHEMBL336652,419.9,419.9,3.8,836.0,2
CHEMBL336771,10.0,10.0,10.0,10.0,1
CHEMBL336851,278.35,278.35,9.7,547.0,2
CHEMBL336930,112.0,112.0,84.0,140.0,2
CHEMBL336962,3206.0,3206.0,3206.0,3206.0,1
CHEMBL336971,316.23,316.23,316.23,316.23,1
CHEMBL337228,5.2,5.2,5.2,5.2,1
CHEMBL337531,69.5,69.5,48.0,91.0,2
CHEMBL337627,227.0,227.0,227.0,227.0,1
CHEMBL338063,21.0,21.0,21.0,21.0,1
CHEMBL338270,25.0,25.0,25.0,25.0,1
CHEMBL338337,540.0,540.0,540.0,540.0,1
CHEMBL338496,630.96,630.96,630.96,630.96,1
CHEMBL338552,9.5,9.5,9.5,9.5,1
CHEMBL338606,21.0,22.900000000000002,20.7,27.0,3
CHEMBL338841,161.0,161.0,161.0,161.0,1
CHEMBL338938,6309.57,6309.57,6309.57,6309.57,1
CHEMBL339033,403.0,403.0,403.0,403.0,1
CHEMBL339062,11.5,11.5,11.5,11.5,1
CHEMBL339098,25.0,25.0,25.0,25.0,1
CHEMBL339103,35.0,35.0,35.0,35.0,1
CHEMBL339620,200.0,200.0,200.0,200.0,1
CHEMBL339960,23890.0,23890.0,23890.0,23890.0,1
CHEMBL339963,101.0,101.0,101.0,101.0,1
CHEMBL340173,48.7,48.7,48.7,48.7,1
CHEMBL340211,229.0,193.436,52.0,229.09,5
CHEMBL340220,20.0,20.0,20.0,20.0,1
CHEMBL340313,178.0,178.0,178.0,178.0,1
CHEMBL340608,63.0,63.0,63.0,63.0,1
CHEMBL340712,76.4,76.4,76.4,76.4,1
CHEMBL3407518,14.0,14.0,14.0,14.0,1
CHEMBL340816,124.4,124.4,124.4,124.4,1
CHEMBL340851,32.0,32.0,32.0,32.0,1
CHEMBL3409232,73.0,73.0,73.0,73.0,1
CHEMBL3409233,40.0,40.0,40.0,40.0,1
CHEMBL3409234,4.8,4.8,4.8,4.8,1
CHEMBL3409235,70.0,70.0,70.0,70.0,1
CHEMBL3409236,120.0,120.0,120.0,120.0,1
CHEMBL3409237,20.0,20.0,20.0,20.0,1
CHEMBL3409238,1.3,1.3,1.3,1.3,1
CHEMBL3409239,11.0,11.0,11.0,11.0,1
CHEMBL3409240,6.1,6.1,6.1,6.1,1
CHEMBL3409241,12.0,12.0,12.0,12.0,1
CHEMBL3409242,1.3,1.3,1.3,1.3,1
CHEMBL3409243,31.0,31.0,31.0,31.0,1
CHEMBL3409244,160.0,160.0,160.0,160.0,1
CHEMBL3409245,29.0,29.0,29.0,29.0,1
CHEMBL3409246,62.0,62.0,62.0,62.0,1
CHEMBL3409247,270.0,270.0,270.0,270.0,1
CHEMBL3409248,180.0,180.0,180.0,180.0,1
CHEMBL3409249,95.0,95.0,95.0,95.0,1
CHEMBL3409250,21.0,21.0,21.0,21.0,1
CHEMBL3409251,45.0,45.0,45.0,45.0,1
CHEMBL3409252,44.0,44.0,44.0,44.0,1
CHEMBL3409253,76.0,76.0,76.0,76.0,1
CHEMBL3409254,23.0,23.0,23.0,23.0,1
CHEMBL3409255,220.0,220.0,220.0,220.0,1
CHEMBL3409256,6.3,6.3,6.3,6.3,2
CHEMBL3409257,78.0,78.0,78.0,78.0,1
CHEMBL3409258,110.0,110.0,110.0,110.0,1
CHEMBL3409259,120.0,120.0,120.0,120.0,1
CHEMBL3409260,290.0,290.0,290.0,290.0,1
CHEMBL3409261,62.0,62.0,62.0,62.0,1
CHEMBL3409262,67.0,67.0,67.0,67.0,1
CHEMBL3409263,47.0,47.0,47.0,47.0,1
CHEMBL34095,350.0,350.0,350.0,350.0,1
CHEMBL341134,23.7,23.7,23.7,23.7,1
CHEMBL341225,5742.2,5742.2,5730.0,5754.4,2
CHEMBL341241,10.0,10.0,10.0,10.0,1
CHEMBL341299,11.1,11.1,11.1,11.1,1
CHEMBL341481,103.0,103.0,103.0,103.0,1
CHEMBL341542,14.5,14.5,14.5,14.5,1
CHEMBL342001,3450.0,3450.0,2600.0,4300.0,2
CHEMBL342060,155.0,139.6375,58.0,190.55,4
CHEMBL3423328,700.0,700.0,700.0,700.0,1
CHEMBL3423329,265.0,265.0,265.0,265.0,1
CHEMBL3423330,430.0,430.0,430.0,430.0,1
CHEMBL3423331,468.0,468.0,468.0,468.0,1
CHEMBL3423332,4.0,4.0,4.0,4.0,1
CHEMBL3423333,24.0,24.0,24.0,24.0,1
CHEMBL3423334,259.0,259.0,259.0,259.0,1
CHEMBL3423335,123.0,123.0,123.0,123.0,1
CHEMBL3423336,106.0,106.0,106.0,106.0,1
CHEMBL3423337,23.0,23.0,23.0,23.0,1
CHEMBL3423338,9.0,9.0,9.0,9.0,1
CHEMBL3423339,27.0,27.0,27.0,27.0,1
CHEMBL3423340,59.0,59.0,59.0,59.0,1
CHEMBL3423377,340.0,340.0,340.0,340.0,1
CHEMBL3423378,68.0,68.0,68.0,68.0,1
CHEMBL3423379,215.0,215.0,215.0,215.0,1
CHEMBL342536,183.0,183.0,183.0,183.0,1
CHEMBL342630,4195.0,4195.0,2450.0,5940.0,2
CHEMBL34291,10000.0,10000.0,10000.0,10000.0,1
CHEMBL343411,1100.0,1100.0,1100.0,1100.0,1
CHEMBL343755,110.0,110.0,110.0,110.0,1
CHEMBL343880,4050.0,4050.0,2500.0,5600.0,2
CHEMBL344127,1000.0,1000.0,1000.0,1000.0,1
CHEMBL344270,635.0,635.0,480.0,790.0,2
CHEMBL344531,199.53,199.53,199.53,199.53,1
CHEMBL344602,1700.0,1700.0,1400.0,2000.0,2
CHEMBL344677,124.0,108.34,34.0,151.36,4
CHEMBL345087,3125.0,3125.0,1530.0,4720.0,2
CHEMBL345111,1000.0,1000.0,1000.0,1000.0,1
CHEMBL345357,27542.29,25847.430000000004,22000.0,28000.0,3
CHEMBL345438,26.0,26.0,26.0,26.0,1
CHEMBL345458,1281.0,1281.0,1281.0,1281.0,1
CHEMBL345552,493.0,493.0,493.0,493.0,1
CHEMBL345803,1000.0,1000.0,1000.0,1000.0,1
CHEMBL345820,830.0,830.0,830.0,830.0,1
CHEMBL345848,1000.0,1000.0,1000.0,1000.0,1
CHEMBL346129,5.9,5.9,5.9,5.9,1
CHEMBL3461530,1606.0,1606.0,1606.0,1606.0,1
CHEMBL346331,34900.0,34900.0,34900.0,34900.0,1
CHEMBL346389,413.0,413.0,413.0,413.0,3
CHEMBL346398,52.5,52.5,52.5,52.5,1
CHEMBL346512,622.0,622.0,622.0,622.0,1
CHEMBL346692,119.0,715.7166666666667,103.0,3090.3,6
CHEMBL346805,9350.0,9350.0,9200.0,9500.0,2
CHEMBL346898,17900.0,17900.0,17900.0,17900.0,1
CHEMBL347155,800.0,800.0,800.0,800.0,1
CHEMBL347290,1560.0,1560.0,1560.0,1560.0,1
CHEMBL347291,900.0,900.0,900.0,900.0,1
CHEMBL347959,2596.0,2596.0,2596.0,2596.0,1
CHEMBL3480577,10000.0,8051.511666666666,3981.07,10000.0,6
CHEMBL348285,355.0,355.0,355.0,355.0,1
CHEMBL348435,5590.0,5590.0,5590.0,5590.0,1
CHEMBL3485708,10000.0,10000.0,10000.0,10000.0,1
CHEMBL348617,10000.0,10000.0,10000.0,10000.0,1
CHEMBL348977,68.0,68.0,68.0,68.0,1
CHEMBL349034,8.5,8.5,8.5,8.5,1
CHEMBL349057,16.0,16.0,16.0,16.0,1
CHEMBL349151,4.7,4.7,4.7,4.7,1
CHEMBL349426,3.2,3.2,3.2,3.2,1
CHEMBL349683,3.5,3.5,3.5,3.5,1
CHEMBL349699,980.0,980.0,980.0,980.0,1
CHEMBL349833,139.0,139.0,139.0,139.0,1
CHEMBL349843,2557.0,2557.0,2557.0,2557.0,1
CHEMBL349904,1720.0,1720.0,1720.0,1720.0,1
CHEMBL349980,240.0,240.0,240.0,240.0,1
CHEMBL350160,187.0,187.0,187.0,187.0,1
CHEMBL350161,20000.0,20000.0,20000.0,20000.0,2
CHEMBL350166,130.0,130.0,130.0,130.0,1
CHEMBL350352,11.0,11.0,11.0,11.0,1
CHEMBL350567,17.0,17.0,17.0,17.0,1
CHEMBL35093,2748.0,2748.0,2748.0,2748.0,1
CHEMBL351098,918.0,918.0,918.0,918.0,1
CHEMBL35114,5000.0,5000.0,5000.0,5000.0,1
CHEMBL351247,14.0,14.0,14.0,14.0,1
CHEMBL351300,100.0,100.0,100.0,100.0,1
CHEMBL351459,19.0,19.0,19.0,19.0,1
CHEMBL351550,26000.0,26000.0,24000.0,28000.0,2
CHEMBL351592,5.2,5.2,5.2,5.2,1
CHEMBL351611,44.0,44.0,44.0,44.0,1
CHEMBL351612,313.0,313.0,313.0,313.0,1
CHEMBL351617,6.0,6.0,6.0,6.0,1
CHEMBL351708,23.0,23.0,23.0,23.0,1
CHEMBL351722,2511.89,2511.89,2511.89,2511.89,1
CHEMBL35182,5000.0,5000.0,5000.0,5000.0,1
CHEMBL351963,209.0,209.0,209.0,209.0,2
CHEMBL351989,165.0,165.0,165.0,165.0,1
CHEMBL352182,4.7,4.7,4.7,4.7,1
CHEMBL352194,11.0,11.0,11.0,11.0,1
CHEMBL352207,116.0,116.0,116.0,116.0,1
CHEMBL3526391,37.0,37.0,37.0,37.0,1
CHEMBL352648,8.8,8.8,8.8,8.8,1
CHEMBL352686,63.0,63.0,63.0,63.0,1
CHEMBL352925,28500.0,28500.0,25000.0,32000.0,2
CHEMBL353087,20000.0,20000.0,19000.0,21000.0,2
CHEMBL353090,2350.0,2350.0,1600.0,3100.0,2
CHEMBL353220,15000.0,15000.0,14000.0,16000.0,2
CHEMBL354005,4.0,4.0,4.0,4.0,1
CHEMBL354180,19.0,19.0,10.0,28.0,2
CHEMBL3544895,10.0,10.0,10.0,10.0,1
CHEMBL354699,220.0,220.0,220.0,220.0,1
CHEMBL354748,16500.0,16500.0,14000.0,19000.0,2
CHEMBL354845,100000.0,100000.0,100000.0,100000.0,1
CHEMBL355065,10000.0,10000.0,10000.0,10000.0,1
CHEMBL355202,316.23,316.23,316.23,316.23,1
CHEMBL355371,12.0,12.0,12.0,12.0,1
CHEMBL355566,36.0,36.0,21.0,51.0,2
CHEMBL356149,1099.0,1099.0,1099.0,1099.0,1
CHEMBL356269,49.85,49.85,5.7,94.0,2
CHEMBL356359,1000.0,1000.0,1000.0,1000.0,1
CHEMBL356526,199.53,199.53,199.53,199.53,1
CHEMBL356945,460.0,460.0,460.0,460.0,1
CHEMBL357416,1.85,1.85,0.2,3.5,2
CHEMBL357448,2990.0,2990.0,2990.0,2990.0,1
CHEMBL357684,830.88,695.44,150.0,970.0,4
CHEMBL3577342,2.25,2.25,1.6,2.9,2
CHEMBL3577343,7.45,7.45,4.9,10.0,2
CHEMBL3577344,38.5,38.5,24.0,53.0,2
CHEMBL3577345,24.0,24.0,18.0,30.0,2
CHEMBL3577346,0.505,0.505,0.47,0.54,2
CHEMBL357807,2.0,2.0,2.0,2.0,1
CHEMBL358075,1500.0,1333.3333333333333,1000.0,1500.0,3
CHEMBL358657,183.0,183.0,183.0,183.0,1
CHEMBL358839,1500.0,1500.0,1500.0,1500.0,1
CHEMBL3588913,31.5,31.5,31.5,31.5,1
CHEMBL3588914,57.2,57.2,57.2,57.2,1
CHEMBL3588915,51.8,51.8,51.8,51.8,1
CHEMBL3588916,83.4,83.4,83.4,83.4,1
CHEMBL3588917,80.8,80.8,80.8,80.8,1
CHEMBL3588918,424.0,424.0,424.0,424.0,1
CHEMBL3588919,46.6,46.6,46.6,46.6,1
CHEMBL3588920,23.3,23.3,23.3,23.3,1
CHEMBL3588921,50.1,50.1,50.1,50.1,1
CHEMBL3588981,43.7,43.7,43.7,43.7,1
CHEMBL3588982,42.5,42.5,42.5,42.5,1
CHEMBL3588983,69.0,69.0,69.0,69.0,1
CHEMBL3588984,103.0,103.0,103.0,103.0,1
CHEMBL3588985,885.0,885.0,885.0,885.0,1
CHEMBL3588986,56.1,56.1,56.1,56.1,1
CHEMBL3588987,53.9,53.9,53.9,53.9,1
CHEMBL3588988,2590.0,2590.0,2590.0,2590.0,1
CHEMBL3588989,189.0,189.0,189.0,189.0,1
CHEMBL3588990,819.0,819.0,819.0,819.0,1
CHEMBL3588991,1210.0,1210.0,1210.0,1210.0,1
CHEMBL3588992,1020.0,1020.0,1020.0,1020.0,1
CHEMBL3588993,607.0,607.0,607.0,607.0,1
CHEMBL3588994,424.0,424.0,424.0,424.0,1
CHEMBL3588995,18800.0,18800.0,18800.0,18800.0,1
CHEMBL3588996,15100.0,15100.0,15100.0,15100.0,1
CHEMBL3588997,789.0,789.0,789.0,789.0,1
CHEMBL3588998,963.0,963.0,963.0,963.0,1
CHEMBL3589575,4.5,4.5,4.0,5.0,2
CHEMBL3589576,6.2,6.2,3.9,8.5,2
CHEMBL3589577,91.5,91.5,73.0,110.0,2
CHEMBL3589650,244.0,244.0,244.0,244.0,1
CHEMBL3589651,294.5,294.5,268.0,321.0,2
CHEMBL3589652,54.7,54.7,54.7,54.7,1
CHEMBL3590077,36.0,36.0,34.0,38.0,4
CHEMBL3590078,9.75,9.75,7.5,12.0,2
CHEMBL3590079,8.05,8.05,6.6,9.5,2
CHEMBL3590080,10.95,10.95,2.9,19.0,2
CHEMBL3590081,29.5,29.5,23.0,36.0,2
CHEMBL3590082,19.0,19.0,13.0,25.0,2
CHEMBL3590083,26.0,26.0,12.0,40.0,2
CHEMBL3590084,28.0,28.0,13.0,43.0,2
CHEMBL3590085,2110.0,2110.0,2110.0,2110.0,1
CHEMBL3590086,190.95,190.95,46.9,335.0,2
CHEMBL359270,650.0,650.0,650.0,650.0,1
CHEMBL3596212,14.8,14.8,14.8,14.8,1
CHEMBL3597635,15.8,15.8,15.8,15.8,1
CHEMBL3597636,258.0,258.0,258.0,258.0,1
CHEMBL3597637,43.1,43.1,43.1,43.1,1
CHEMBL3597638,885.0,885.0,885.0,885.0,1
CHEMBL3597639,39.2,39.2,39.2,39.2,1
CHEMBL3597640,827.0,827.0,827.0,827.0,1
CHEMBL3597641,53.0,53.0,53.0,53.0,1
CHEMBL3597642,72.3,72.3,72.3,72.3,1
CHEMBL3597643,12.9,12.9,12.9,12.9,1
CHEMBL3597644,13.8,13.8,13.8,13.8,1
CHEMBL3597645,8.37,8.37,8.37,8.37,1
CHEMBL3597646,929.0,929.0,929.0,929.0,1
CHEMBL3597647,68.2,68.2,68.2,68.2,1
CHEMBL3597648,1000.0,1000.0,1000.0,1000.0,1
CHEMBL3597649,915.0,915.0,915.0,915.0,1
CHEMBL3597650,34.1,34.1,34.1,34.1,1
CHEMBL3597651,682.0,682.0,682.0,682.0,1
CHEMBL3597652,707.0,707.0,707.0,707.0,1
CHEMBL3597653,774.0,774.0,774.0,774.0,1
CHEMBL3597654,1030.0,1030.0,1030.0,1030.0,1
CHEMBL360394,150.0,150.0,150.0,150.0,1
CHEMBL360424,980.0,980.0,980.0,980.0,2
CHEMBL360457,3.6,3.6,3.6,3.6,1
CHEMBL3605327,5586.0,5586.0,5586.0,5586.0,2
CHEMBL3605331,175.0,175.0,175.0,175.0,2
CHEMBL3605344,197.0,197.0,197.0,197.0,1
CHEMBL361035,60.0,60.0,60.0,60.0,2
CHEMBL3613873,110.5,110.5,81.0,140.0,2
CHEMBL3613874,5.25,5.25,3.8,6.7,2
CHEMBL3613875,80.5,80.5,51.0,110.0,2
CHEMBL3613876,9.5,9.5,8.0,11.0,2
CHEMBL3613877,13.7,13.7,9.4,18.0,2
CHEMBL3613878,16.0,16.0,10.0,22.0,2
CHEMBL3613879,92.0,92.0,54.0,130.0,2
CHEMBL3613880,15.15,15.15,7.3,23.0,2
CHEMBL361875,1210.0,1210.0,1210.0,1210.0,1
CHEMBL362101,60.5,60.5,32.0,89.0,2
CHEMBL3622092,7500.0,7500.0,7500.0,7500.0,1
CHEMBL3622093,920.0,920.0,920.0,920.0,1
CHEMBL3622094,520.0,520.0,520.0,520.0,1
CHEMBL3622095,220.0,220.0,220.0,220.0,1
CHEMBL3622096,430.0,430.0,430.0,430.0,1
CHEMBL3622097,50.5,50.5,48.0,53.0,2
CHEMBL3622098,120.0,120.0,120.0,120.0,1
CHEMBL3622099,54.5,54.5,51.0,58.0,2
CHEMBL3622100,4000.0,4000.0,4000.0,4000.0,1
CHEMBL3622101,5200.0,5200.0,5200.0,5200.0,1
CHEMBL3622102,4100.0,4100.0,4100.0,4100.0,1
CHEMBL3622103,920.0,920.0,920.0,920.0,1
CHEMBL362285,21.2,21.2,21.2,21.2,1
CHEMBL3623630,500005000.0,500005000.0,10000.0,1000000000.0,2
CHEMBL362487,2000.0,2000.0,2000.0,2000.0,1
CHEMBL363124,23.99,23.99,23.99,23.99,2
CHEMBL36337,5000.0,5000.0,5000.0,5000.0,1
CHEMBL363452,370.0,370.0,370.0,370.0,1
CHEMBL363466,241.0,241.0,241.0,241.0,1
CHEMBL363548,97.506,97.506,5.012,190.0,2
CHEMBL363581,12.0,12.0,12.0,12.0,1
CHEMBL363829,55.0,55.0,55.0,55.0,1
CHEMBL3639415,486.0,486.0,486.0,486.0,1
CHEMBL3639416,1935.0,1935.0,1935.0,1935.0,1
CHEMBL3639637,408.24,408.24,408.24,408.24,1
CHEMBL3639943,721.3,721.3,721.3,721.3,1
CHEMBL3639968,241.28,241.28,241.28,241.28,1
CHEMBL3642680,802.0,802.0,802.0,802.0,1
CHEMBL3642681,1538.0,1538.0,1538.0,1538.0,1
CHEMBL3642682,780.0,780.0,780.0,780.0,1
CHEMBL3642683,1347.0,1347.0,1347.0,1347.0,1
CHEMBL3642684,959.0,959.0,959.0,959.0,1
CHEMBL3642685,1360.0,1360.0,1360.0,1360.0,1
CHEMBL3642686,1158.0,1158.0,1158.0,1158.0,1
CHEMBL3642687,1463.0,1463.0,1463.0,1463.0,1
CHEMBL3642688,683.0,683.0,683.0,683.0,1
CHEMBL3642689,515.0,515.0,515.0,515.0,1
CHEMBL3642690,996.0,996.0,996.0,996.0,1
CHEMBL3642691,261.0,261.0,261.0,261.0,1
CHEMBL3642692,866.0,866.0,866.0,866.0,1
CHEMBL3642693,119.0,119.0,119.0,119.0,1
CHEMBL3642694,780.0,780.0,780.0,780.0,1
CHEMBL3642695,539.0,539.0,539.0,539.0,1
CHEMBL3642696,163.0,163.0,163.0,163.0,1
CHEMBL3642697,305.0,305.0,305.0,305.0,1
CHEMBL3642698,302.0,302.0,302.0,302.0,1
CHEMBL3642699,252.5,252.5,234.0,271.0,2
CHEMBL364270,68.0,68.0,68.0,68.0,1
CHEMBL3642700,220.0,220.0,220.0,220.0,1
CHEMBL3642701,144.0,144.0,144.0,144.0,1
CHEMBL3642702,992.0,992.0,992.0,992.0,1
CHEMBL3642703,246.0,246.0,246.0,246.0,1
CHEMBL3642704,218.0,218.0,218.0,218.0,1
CHEMBL3642705,392.0,392.0,392.0,392.0,1
CHEMBL3642706,461.0,461.0,461.0,461.0,1
CHEMBL3642707,265.0,265.0,265.0,265.0,1
CHEMBL3642708,217.0,217.0,217.0,217.0,1
CHEMBL3642709,770.1,770.1,770.1,770.1,1
CHEMBL3642710,503.5,503.5,503.5,503.5,1
CHEMBL3642711,869.0,869.0,869.0,869.0,1
CHEMBL3642712,1488.0,1488.0,1488.0,1488.0,1
CHEMBL3642713,812.7,812.7,812.7,812.7,1
CHEMBL3642714,1471.4,1471.4,1471.4,1471.4,1
CHEMBL3642715,1545.4,1545.4,1545.4,1545.4,1
CHEMBL3642716,1018.3,1018.3,1018.3,1018.3,1
CHEMBL3642717,1568.0,1568.0,1568.0,1568.0,1
CHEMBL3642718,733.5,733.5,733.5,733.5,1
CHEMBL3642719,609.5,609.5,609.5,609.5,1
CHEMBL3642720,1044.0,1044.0,1044.0,1044.0,1
CHEMBL3642721,481.2,481.2,481.2,481.2,1
CHEMBL3642722,341.9,341.9,341.9,341.9,1
CHEMBL3642723,289.2,289.2,289.2,289.2,1
CHEMBL3642724,871.2,871.2,871.2,871.2,1
CHEMBL3642725,1269.5,1269.5,1269.5,1269.5,1
CHEMBL3642726,1093.5,1093.5,1093.5,1093.5,1
CHEMBL3642727,240.0,240.0,240.0,240.0,1
CHEMBL3642728,586.8,586.8,586.8,586.8,1
CHEMBL3642729,555.0,555.0,555.0,555.0,1
CHEMBL3642730,766.8,766.8,766.8,766.8,1
CHEMBL3642731,506.5,506.5,506.5,506.5,1
CHEMBL3642732,475.0,475.0,475.0,475.0,1
CHEMBL3642733,5340.0,5340.0,5340.0,5340.0,1
CHEMBL3642734,867.1,867.1,867.1,867.1,1
CHEMBL3642735,592.9,592.9,592.9,592.9,1
CHEMBL3642736,702.5,702.5,702.5,702.5,1
CHEMBL3642737,687.5,687.5,687.5,687.5,1
CHEMBL3642738,1124.0,1124.0,1124.0,1124.0,1
CHEMBL3642739,547.5,547.5,547.5,547.5,1
CHEMBL3642740,485.6,485.6,485.6,485.6,1
CHEMBL3642741,1262.8,1262.8,1262.8,1262.8,1
CHEMBL3642742,2451.9,2451.9,2451.9,2451.9,1
CHEMBL3642743,781.5,781.5,781.5,781.5,1
CHEMBL3642744,1461.0,1461.0,1461.0,1461.0,1
CHEMBL3642745,914.7,914.7,914.7,914.7,1
CHEMBL3642746,857.9,857.9,857.9,857.9,1
CHEMBL3642747,523.9,523.9,523.9,523.9,1
CHEMBL3642748,654.8,654.8,654.8,654.8,1
CHEMBL3642749,444.2,444.2,444.2,444.2,1
CHEMBL3642750,602.7,602.7,602.7,602.7,1
CHEMBL3642751,438.3,438.3,438.3,438.3,1
CHEMBL3642752,705.1,705.1,705.1,705.1,1
CHEMBL3642753,709.4,709.4,709.4,709.4,1
CHEMBL3642754,754.6,754.6,754.6,754.6,1
CHEMBL3642755,322.5,322.5,322.5,322.5,1
CHEMBL3642756,773.3,773.3,773.3,773.3,1
CHEMBL3642757,198.4,198.4,198.4,198.4,1
CHEMBL3642758,945.4,945.4,945.4,945.4,1
CHEMBL3642759,425.6,425.6,425.6,425.6,1
CHEMBL3642760,837.2,837.2,837.2,837.2,1
CHEMBL3642761,1304.6,1304.6,1304.6,1304.6,1
CHEMBL3642762,396.8,396.8,396.8,396.8,1
CHEMBL3642763,2562.7,2562.7,2562.7,2562.7,1
CHEMBL3642764,999.7,999.7,999.7,999.7,1
CHEMBL3642765,731.8,731.8,731.8,731.8,1
CHEMBL3642766,887.4,887.4,887.4,887.4,1
CHEMBL3642767,1291.7,1291.7,1291.7,1291.7,1
CHEMBL3642768,926.5,926.5,926.5,926.5,1
CHEMBL3642769,828.3,828.3,828.3,828.3,1
CHEMBL3642770,1277.1,1277.1,1277.1,1277.1,1
CHEMBL3642771,1143.6,1143.6,1143.6,1143.6,1
CHEMBL3642772,1253.7,1253.7,1253.7,1253.7,1
CHEMBL3642773,248.8,248.8,248.8,248.8,1
CHEMBL3642774,274.6,274.6,274.6,274.6,1
CHEMBL3642775,640.6,640.6,640.6,640.6,1
CHEMBL3642776,429.7,429.7,429.7,429.7,1
CHEMBL3642777,915.0,915.0,915.0,915.0,1
CHEMBL3642778,1950.0,1950.0,1950.0,1950.0,1
CHEMBL3642779,1486.0,1486.0,1486.0,1486.0,1
CHEMBL3642780,1461.0,1461.0,1461.0,1461.0,1
CHEMBL3642781,1126.0,1126.0,1126.0,1126.0,1
CHEMBL3642782,2718.0,2718.0,2718.0,2718.0,1
CHEMBL3642783,2471.0,2471.0,2471.0,2471.0,1
CHEMBL3642784,2308.0,2308.0,2308.0,2308.0,1
CHEMBL3642785,4510.0,4510.0,4510.0,4510.0,1
CHEMBL3642786,2951.0,2951.0,2951.0,2951.0,1
CHEMBL3642787,3564.0,3564.0,3564.0,3564.0,1
CHEMBL3642788,842.6,842.6,842.6,842.6,1
CHEMBL3642789,1384.9,1384.9,1384.9,1384.9,1
CHEMBL3642790,2365.4,2365.4,2365.4,2365.4,1
CHEMBL3642791,516.0,516.0,516.0,516.0,1
CHEMBL3642792,312.6,312.6,312.6,312.6,1
CHEMBL3642793,381.2,381.2,381.2,381.2,1
CHEMBL3642794,179.5,179.5,179.5,179.5,1
CHEMBL3642795,998.4,998.4,998.4,998.4,1
CHEMBL3642796,222.9,222.9,222.9,222.9,1
CHEMBL3642797,3372.0,3372.0,3372.0,3372.0,1
CHEMBL3642798,3042.0,3042.0,3042.0,3042.0,1
CHEMBL3642799,958.6,958.6,958.6,958.6,1
CHEMBL3642800,1265.0,1265.0,1265.0,1265.0,1
CHEMBL3642801,116.6,116.6,116.6,116.6,1
CHEMBL3642802,478.0,478.0,478.0,478.0,1
CHEMBL3642803,2147.0,2147.0,2147.0,2147.0,1
CHEMBL3642804,500.6,500.6,500.6,500.6,1
CHEMBL3642805,1308.9,1308.9,1308.9,1308.9,1
CHEMBL3642806,506.0,506.0,506.0,506.0,1
CHEMBL3642807,1663.0,1663.0,1663.0,1663.0,1
CHEMBL3642808,518.3,518.3,518.3,518.3,1
CHEMBL3642809,163.3,163.3,163.3,163.3,1
CHEMBL3642810,1132.0,1132.0,1132.0,1132.0,1
CHEMBL3642811,680.5,680.5,680.5,680.5,1
CHEMBL3642812,3161.0,3161.0,3161.0,3161.0,1
CHEMBL3642813,788.5,788.5,788.5,788.5,1
CHEMBL3642814,242.6,242.6,242.6,242.6,1
CHEMBL3642815,801.3,801.3,801.3,801.3,1
CHEMBL3642816,842.7,842.7,842.7,842.7,1
CHEMBL3642817,408.6,408.6,408.6,408.6,1
CHEMBL364516,94.0,94.0,78.0,110.0,2
CHEMBL364565,1015.0,1015.0,1015.0,1015.0,1
CHEMBL364586,5317.0,5317.0,5317.0,5317.0,1
CHEMBL3646149,11.0,11.0,11.0,11.0,1
CHEMBL3646150,0.7,0.7,0.7,0.7,1
CHEMBL3646151,1.1,1.1,1.1,1.1,1
CHEMBL364759,21.9,21.9,21.9,21.9,1
CHEMBL3647673,10.8,10.8,10.8,10.8,1
CHEMBL3647674,6.9,6.9,6.9,6.9,1
CHEMBL3647675,45.2,45.2,45.2,45.2,1
CHEMBL3647676,182.5,182.5,182.5,182.5,1
CHEMBL3647677,28.5,28.5,28.5,28.5,1
CHEMBL3647678,100.9,100.9,100.9,100.9,1
CHEMBL3647679,16.9,16.9,16.9,16.9,1
CHEMBL3647680,25.4,25.4,25.4,25.4,1
CHEMBL3647681,30.3,30.3,30.3,30.3,1
CHEMBL3647682,31.8,31.8,31.8,31.8,1
CHEMBL3647683,40.4,40.4,40.4,40.4,1
CHEMBL3647684,34.3,34.3,34.3,34.3,1
CHEMBL3647685,112.8,112.8,112.8,112.8,1
CHEMBL3647686,39.2,39.2,39.2,39.2,1
CHEMBL3647687,56.4,56.4,56.4,56.4,1
CHEMBL3647688,143.35,143.35,31.6,255.1,2
CHEMBL3647689,32.5,32.5,32.5,32.5,1
CHEMBL3647690,76.5,76.5,76.5,76.5,1
CHEMBL3647691,149.3,149.3,149.3,149.3,1
CHEMBL3647692,22.5,22.5,22.5,22.5,1
CHEMBL3647693,67.6,67.6,67.6,67.6,1
CHEMBL3647694,1000.0,1000.0,1000.0,1000.0,1
CHEMBL3647695,114.6,114.6,114.6,114.6,1
CHEMBL3647696,1000.0,1000.0,1000.0,1000.0,1
CHEMBL3647697,199.5,199.5,199.5,199.5,1
CHEMBL3647698,328.3,328.3,328.3,328.3,1
CHEMBL3647699,175.3,175.3,175.3,175.3,1
CHEMBL3647700,272.4,272.4,272.4,272.4,1
CHEMBL3647701,309.0,309.0,309.0,309.0,1
CHEMBL3647702,276.8,276.8,276.8,276.8,1
CHEMBL3647703,39.9,39.9,39.9,39.9,1
CHEMBL3647704,14.0,14.0,14.0,14.0,1
CHEMBL3647705,135.2,135.2,135.2,135.2,1
CHEMBL3647706,46.8,46.8,46.8,46.8,1
CHEMBL3647707,34.1,34.1,24.2,44.0,2
CHEMBL3647708,38.6,38.6,38.6,38.6,1
CHEMBL3647709,15.0,15.0,15.0,15.0,1
CHEMBL3647710,298.9,298.9,298.9,298.9,1
CHEMBL3647711,345.2,345.2,345.2,345.2,1
CHEMBL3647712,25.3,25.3,25.3,25.3,1
CHEMBL3647713,179.4,179.4,179.4,179.4,1
CHEMBL3647714,329.7,329.7,329.7,329.7,1
CHEMBL364782,1000.0,1000.0,1000.0,1000.0,1
CHEMBL3650452,444.9,444.9,444.9,444.9,1
CHEMBL3650453,8.5,8.5,8.5,8.5,1
CHEMBL3650454,285.3,285.3,285.3,285.3,1
CHEMBL3650455,199.6,199.6,199.6,199.6,1
CHEMBL3650456,84.2,84.2,84.2,84.2,1
CHEMBL3650457,19.4,19.4,19.4,19.4,1
CHEMBL365605,24.0,24.0,24.0,24.0,1
CHEMBL365697,10000.0,10000.0,10000.0,10000.0,1
CHEMBL366043,2600.0,2600.0,2600.0,2600.0,1
CHEMBL366081,62.7,62.7,62.7,62.7,1
CHEMBL366164,12.0,12.0,12.0,12.0,1
CHEMBL366265,2024.0,2024.0,2024.0,2024.0,1
CHEMBL366304,900.0,900.0,900.0,900.0,1
CHEMBL3664814,253.68,253.68,253.68,253.68,1
CHEMBL3664815,426.6,426.6,426.6,426.6,1
CHEMBL3664816,529.67,529.67,529.67,529.67,1
CHEMBL3664817,467.56,467.56,467.56,467.56,1
CHEMBL3664818,332.35,332.35,332.35,332.35,1
CHEMBL3664819,389.06,389.06,389.06,389.06,1
CHEMBL3664820,203.61,203.61,203.61,203.61,1
CHEMBL3664821,302.84,302.84,302.84,302.84,1
CHEMBL3664822,120.38,120.38,120.38,120.38,1
CHEMBL3664823,209.41,209.41,209.41,209.41,1
CHEMBL3664824,410.4,410.4,410.4,410.4,1
CHEMBL3664825,235.5,235.5,235.5,235.5,1
CHEMBL3664826,507.18,507.18,507.18,507.18,1
CHEMBL3664827,152.76,152.76,152.76,152.76,1
CHEMBL3664828,133.46,133.46,133.46,133.46,1
CHEMBL3664829,227.84,227.84,227.84,227.84,1
CHEMBL3664830,531.19,531.19,531.19,531.19,1
CHEMBL3664831,133.11,133.11,133.11,133.11,1
CHEMBL3664832,515.7,515.7,515.7,515.7,1
CHEMBL3664833,202.82,202.82,202.82,202.82,1
CHEMBL3664834,361.06,361.06,361.06,361.06,1
CHEMBL3664835,523.08,523.08,523.08,523.08,1
CHEMBL3664836,397.43,397.43,397.43,397.43,1
CHEMBL3664837,238.8,238.8,238.8,238.8,1
CHEMBL3664838,277.39,277.39,277.39,277.39,1
CHEMBL3664839,194.24,194.24,194.24,194.24,1
CHEMBL3664840,402.37,402.37,402.37,402.37,1
CHEMBL3664841,305.12,305.12,305.12,305.12,1
CHEMBL3664842,258.19,258.19,258.19,258.19,1
CHEMBL3664843,330.53,330.53,330.53,330.53,1
CHEMBL3664844,305.62,305.62,305.62,305.62,1
CHEMBL3664845,406.7,406.7,406.7,406.7,1
CHEMBL3664846,463.94,463.94,463.94,463.94,1
CHEMBL3664847,503.95,503.95,503.95,503.95,1
CHEMBL3664848,281.84,281.84,281.84,281.84,1
CHEMBL3664849,146.9,146.9,146.9,146.9,1
CHEMBL3664850,233.95,233.95,233.95,233.95,1
CHEMBL3664851,208.99,208.99,208.99,208.99,1
CHEMBL3664852,283.73,283.73,283.73,283.73,1
CHEMBL3664853,422.11,422.11,422.11,422.11,1
CHEMBL3664854,491.09,491.09,491.09,491.09,1
CHEMBL3664855,321.69,321.69,321.69,321.69,1
CHEMBL3664856,393.12,393.12,393.12,393.12,1
CHEMBL3664857,262.23,262.23,262.23,262.23,1
CHEMBL3664858,463.7,463.7,463.7,463.7,1
CHEMBL3664859,165.4,165.4,165.4,165.4,1
CHEMBL3664860,183.74,183.74,183.74,183.74,1
CHEMBL3664861,245.32,245.32,245.32,245.32,1
CHEMBL3664862,245.54,245.54,245.54,245.54,1
CHEMBL3664863,351.61,351.61,351.61,351.61,1
CHEMBL3664864,130.0,130.0,130.0,130.0,1
CHEMBL3664865,351.77,351.77,351.77,351.77,1
CHEMBL3664866,100.3,100.3,100.3,100.3,1
CHEMBL3664867,164.9,164.9,164.9,164.9,1
CHEMBL3664868,593.34,593.34,593.34,593.34,1
CHEMBL3664869,370.18,370.18,370.18,370.18,1
CHEMBL3664870,345.34,345.34,345.34,345.34,1
CHEMBL3664871,324.88,324.88,324.88,324.88,1
CHEMBL3664872,1047.58,1047.58,1047.58,1047.58,1
CHEMBL3664873,149.51,149.51,149.51,149.51,1
CHEMBL3664874,225.02,225.02,225.02,225.02,1
CHEMBL3664875,360.81,360.81,360.81,360.81,1
CHEMBL3664876,268.44,268.44,268.44,268.44,1
CHEMBL3664877,297.86,297.86,297.86,297.86,1
CHEMBL3664878,218.85,218.85,218.85,218.85,1
CHEMBL3664879,196.5,196.5,196.5,196.5,1
CHEMBL3664880,103.73,103.73,103.73,103.73,1
CHEMBL3664881,413.56,413.56,413.56,413.56,1
CHEMBL3664882,63.45,63.45,63.45,63.45,1
CHEMBL3664883,104.22,104.22,104.22,104.22,1
CHEMBL3664884,114.29,114.29,114.29,114.29,1
CHEMBL3664885,346.12,346.12,346.12,346.12,1
CHEMBL3664886,229.19,229.19,229.19,229.19,1
CHEMBL3664887,52.74,52.74,52.74,52.74,1
CHEMBL3664888,229.7,229.7,229.7,229.7,1
CHEMBL3664889,2707.02,2707.02,2707.02,2707.02,1
CHEMBL3664890,229.21,229.21,229.21,229.21,1
CHEMBL3664891,229.43,229.43,229.43,229.43,1
CHEMBL366900,6.1,6.1,6.1,6.1,1
CHEMBL366904,76.5,94.66666666666667,76.5,131.0,3
CHEMBL367045,13.0,13.0,13.0,13.0,1
CHEMBL367129,199.53,199.53,199.53,199.53,1
CHEMBL3676846,50.4,50.4,50.4,50.4,1
CHEMBL3676847,71.18,71.18,71.18,71.18,1
CHEMBL3676848,37.32,37.32,37.32,37.32,1
CHEMBL3676849,77.56,77.56,77.56,77.56,1
CHEMBL3676850,48.1,48.1,48.1,48.1,1
CHEMBL3676851,80.1,80.1,80.1,80.1,1
CHEMBL3676852,50.8,50.8,50.8,50.8,1
CHEMBL3676853,85.9,85.9,85.9,85.9,1
CHEMBL3676854,32.32,32.32,32.32,32.32,1
CHEMBL3676855,83.59,83.59,83.59,83.59,1
CHEMBL3676856,46.52,46.52,46.52,46.52,1
CHEMBL3676857,42.66,42.66,42.66,42.66,1
CHEMBL3676858,406.32,406.32,406.32,406.32,1
CHEMBL3676859,39.54,39.54,39.54,39.54,1
CHEMBL3676860,43.49,43.49,43.49,43.49,1
CHEMBL3676861,53.71,53.71,53.71,53.71,1
CHEMBL3676862,52.97,52.97,52.97,52.97,1
CHEMBL3676863,81.48,81.48,81.48,81.48,1
CHEMBL3676864,96.68,96.68,96.68,96.68,1
CHEMBL3676865,38.05,38.05,38.05,38.05,1
CHEMBL3676866,62.94,62.94,62.94,62.94,1
CHEMBL3676867,47.49,47.49,47.49,47.49,1
CHEMBL3676868,41.51,41.51,41.51,41.51,1
CHEMBL3676869,68.89,68.89,68.89,68.89,1
CHEMBL3676870,33.71,33.71,33.71,33.71,1
CHEMBL3676871,37.09,37.09,37.09,37.09,1
CHEMBL3676872,22.68,22.68,22.68,22.68,1
CHEMBL3676873,37.96,37.96,37.96,37.96,1
CHEMBL3676874,52.86,52.86,52.86,52.86,1
CHEMBL3676875,28.11,28.11,28.11,28.11,1
CHEMBL3676876,46.02,46.02,46.02,46.02,1
CHEMBL3676877,46.39,46.39,46.39,46.39,1
CHEMBL3676878,45.27,45.27,45.27,45.27,1
CHEMBL3676879,41.33,41.33,41.33,41.33,1
CHEMBL3676880,50.42,50.42,50.42,50.42,1
CHEMBL3676881,47.35,47.35,47.35,47.35,1
CHEMBL3676882,47.99,47.99,47.99,47.99,1
CHEMBL3676883,58.62,58.62,58.62,58.62,1
CHEMBL3676884,37.47,37.47,37.47,37.47,1
CHEMBL3676885,53.03,53.03,53.03,53.03,1
CHEMBL3676886,36.41,36.41,36.41,36.41,1
CHEMBL3676887,92.3,92.3,92.3,92.3,1
CHEMBL3676888,47.02,47.02,47.02,47.02,1
CHEMBL3676889,61.16,61.16,61.16,61.16,1
CHEMBL3676890,65.98,65.98,65.98,65.98,1
CHEMBL3676891,55.43,55.43,55.43,55.43,1
CHEMBL3676892,33.75,33.75,33.75,33.75,1
CHEMBL3676893,58.22,58.22,58.22,58.22,1
CHEMBL3676894,25.8,25.8,25.8,25.8,1
CHEMBL3676895,151.81,151.81,151.81,151.81,1
CHEMBL3676896,345.18,345.18,345.18,345.18,1
CHEMBL3676897,48.85,48.85,48.85,48.85,1
CHEMBL3676898,18.01,18.01,18.01,18.01,1
CHEMBL3676899,57.95,57.95,57.95,57.95,1
CHEMBL3676900,25.62,25.62,25.62,25.62,1
CHEMBL3676901,38.76,38.76,38.76,38.76,1
CHEMBL3676902,65.71,65.71,65.71,65.71,1
CHEMBL3676903,28.63,28.63,28.63,28.63,1
CHEMBL3676904,46.9,46.9,46.9,46.9,1
CHEMBL3676905,1111.22,1111.22,1111.22,1111.22,1
CHEMBL3676906,226.91,226.91,226.91,226.91,1
CHEMBL3676907,50.09,50.09,50.09,50.09,1
CHEMBL3676908,22.11,22.11,22.11,22.11,1
CHEMBL3676909,16.72,16.72,16.72,16.72,1
CHEMBL3676910,51.8,51.8,51.8,51.8,1
CHEMBL3676911,19.22,19.22,19.22,19.22,1
CHEMBL3676912,105.59,105.59,105.59,105.59,1
CHEMBL3676913,34.26,34.26,34.26,34.26,1
CHEMBL3676914,28.13,28.13,28.13,28.13,1
CHEMBL3676915,15.19,15.19,15.19,15.19,1
CHEMBL3676916,168.26,168.26,168.26,168.26,1
CHEMBL3676917,67.41,67.41,67.41,67.41,1
CHEMBL3676919,92.47,92.47,92.47,92.47,1
CHEMBL3676920,60.84,60.84,60.84,60.84,1
CHEMBL3676921,34.19,34.19,34.19,34.19,1
CHEMBL3676922,344.55,344.55,344.55,344.55,1
CHEMBL3676923,129.19,129.19,129.19,129.19,1
CHEMBL3676924,72.97,72.97,72.97,72.97,1
CHEMBL3676925,291.61,291.61,291.61,291.61,1
CHEMBL3676926,204.42,204.42,204.42,204.42,1
CHEMBL3676928,401.84,401.84,401.84,401.84,1
CHEMBL3676929,355.25,355.25,355.25,355.25,1
CHEMBL3676930,244.83,244.83,244.83,244.83,1
CHEMBL3676931,79.51,79.51,79.51,79.51,1
CHEMBL3676932,38.17,38.17,38.17,38.17,1
CHEMBL3676933,70.03,70.03,70.03,70.03,1
CHEMBL367720,31.2,31.2,31.2,31.2,1
CHEMBL368816,863.0,863.0,863.0,863.0,1
CHEMBL368961,45.7,45.7,45.7,45.7,1
CHEMBL3695354,186.6,186.6,186.6,186.6,1
CHEMBL3695355,287.6,287.6,287.6,287.6,1
CHEMBL3695356,305.0,305.0,305.0,305.0,1
CHEMBL3695357,218.8,218.8,218.8,218.8,1
CHEMBL3695358,297.7,297.7,297.7,297.7,1
CHEMBL3695359,509.4,509.4,509.4,509.4,1
CHEMBL3695360,716.3,716.3,716.3,716.3,1
CHEMBL3695361,650.0,650.0,650.0,650.0,1
CHEMBL3695362,91.9,91.9,91.9,91.9,1
CHEMBL3695363,256.3,256.3,256.3,256.3,1
CHEMBL3695364,153.9,153.9,153.9,153.9,1
CHEMBL3695365,219.0,219.0,219.0,219.0,1
CHEMBL3695366,345.7,345.7,345.7,345.7,1
CHEMBL3695367,671.2,671.2,671.2,671.2,1
CHEMBL3695368,418.7,418.7,418.7,418.7,1
CHEMBL3695369,729.0,729.0,729.0,729.0,1
CHEMBL3695370,318.7,318.7,318.7,318.7,1
CHEMBL3695371,344.6,344.6,344.6,344.6,1
CHEMBL3695372,540.0,540.0,540.0,540.0,1
CHEMBL3695373,570.9,570.9,570.9,570.9,1
CHEMBL3695374,420.3,420.3,420.3,420.3,1
CHEMBL3695375,687.4,687.4,687.4,687.4,1
CHEMBL3695376,285.0,285.0,285.0,285.0,1
CHEMBL3695377,212.6,212.6,212.6,212.6,1
CHEMBL3695378,379.2,379.2,379.2,379.2,1
CHEMBL3695379,144.8,144.8,144.8,144.8,1
CHEMBL3695380,344.3,344.3,344.3,344.3,1
CHEMBL3695381,298.6,298.6,298.6,298.6,1
CHEMBL3695382,151.4,151.4,151.4,151.4,1
CHEMBL3695383,267.5,267.5,267.5,267.5,1
CHEMBL3695384,514.1,514.1,514.1,514.1,1
CHEMBL3695385,557.4,557.4,557.4,557.4,1
CHEMBL3695386,128.1,128.1,128.1,128.1,1
CHEMBL3695387,71.9,71.9,71.9,71.9,1
CHEMBL3695388,73.7,73.7,73.7,73.7,1
CHEMBL3695389,239.4,239.4,239.4,239.4,1
CHEMBL3695390,240.5,240.5,240.5,240.5,1
CHEMBL3695391,495.1,495.1,495.1,495.1,1
CHEMBL3695392,305.5,305.5,305.5,305.5,1
CHEMBL3695393,563.0,563.0,563.0,563.0,1
CHEMBL3695394,124.1,124.1,124.1,124.1,1
CHEMBL3695395,151.0,151.0,151.0,151.0,1
CHEMBL3695396,288.7,288.7,288.7,288.7,1
CHEMBL3695397,147.1,147.1,147.1,147.1,1
CHEMBL3695398,191.8,191.8,191.8,191.8,1
CHEMBL3695399,919.5,919.5,919.5,919.5,1
CHEMBL3695400,328.2,328.2,328.2,328.2,1
CHEMBL3695401,333.0,333.0,333.0,333.0,1
CHEMBL3695402,137.7,137.7,137.7,137.7,1
CHEMBL3695403,104.8,104.8,104.8,104.8,1
CHEMBL3695404,250.9,250.9,250.9,250.9,1
CHEMBL3695405,135.0,135.0,135.0,135.0,1
CHEMBL3695406,372.6,372.6,372.6,372.6,1
CHEMBL3695407,633.0,633.0,633.0,633.0,1
CHEMBL3695408,139.6,139.6,139.6,139.6,1
CHEMBL3695409,2272.3,2272.3,2272.3,2272.3,1
CHEMBL3695410,1461.2,1461.2,1461.2,1461.2,1
CHEMBL3695411,377.7,377.7,377.7,377.7,1
CHEMBL3695412,394.4,394.4,394.4,394.4,1
CHEMBL3695413,301.2,301.2,301.2,301.2,1
CHEMBL3695414,235.8,235.8,235.8,235.8,1
CHEMBL3695415,1201.3,1201.3,1201.3,1201.3,1
CHEMBL3695416,1063.3,1063.3,1063.3,1063.3,1
CHEMBL3695417,403.7,403.7,403.7,403.7,1
CHEMBL3695418,361.3,361.3,361.3,361.3,1
CHEMBL3695419,615.9,615.9,615.9,615.9,1
CHEMBL3695420,612.9,612.9,612.9,612.9,1
CHEMBL3695421,1700.0,1700.0,1700.0,1700.0,1
CHEMBL3695422,3728.0,3728.0,3728.0,3728.0,1
CHEMBL3695423,194.8,194.8,194.8,194.8,1
CHEMBL3695424,10000000.0,10000000.0,10000000.0,10000000.0,1
CHEMBL3695425,175.51,175.51,175.51,175.51,1
CHEMBL3695426,196.8,196.8,196.8,196.8,1
CHEMBL3695427,253.0,253.0,253.0,253.0,1
CHEMBL3695428,1067.6,1067.6,1067.6,1067.6,1
CHEMBL3695429,411.0,411.0,411.0,411.0,1
CHEMBL3695430,329.1,329.1,329.1,329.1,1
CHEMBL3695432,808.8,808.8,808.8,808.8,1
CHEMBL3695433,196.5,196.5,196.5,196.5,1
CHEMBL3695434,355.8,355.8,355.8,355.8,1
CHEMBL3695435,366.1,366.1,366.1,366.1,1
CHEMBL3695436,69.9,69.9,69.9,69.9,1
CHEMBL3695437,73.9,73.9,73.9,73.9,1
CHEMBL3695438,437.7,437.7,437.7,437.7,1
CHEMBL3695439,118.4,118.4,118.4,118.4,1
CHEMBL3695440,167.2,167.2,167.2,167.2,1
CHEMBL3695441,10000000.0,10000000.0,10000000.0,10000000.0,1
CHEMBL3695442,233.5,233.5,233.5,233.5,1
CHEMBL3695443,85.1,85.1,85.1,85.1,1
CHEMBL3695444,501.4,501.4,501.4,501.4,1
CHEMBL3695445,99.8,99.8,99.8,99.8,1
CHEMBL3695446,243.6,243.6,243.6,243.6,1
CHEMBL3695447,161.5,161.5,161.5,161.5,1
CHEMBL3697951,67.35,67.35,67.35,67.35,1
CHEMBL3697952,173.34,173.34,173.34,173.34,1
CHEMBL3697953,197.58,197.58,197.58,197.58,1
CHEMBL3697954,301.03,301.03,301.03,301.03,1
CHEMBL3697955,172.17,172.17,172.17,172.17,1
CHEMBL3697956,188.71,188.71,188.71,188.71,1
CHEMBL3697957,74.48,74.48,74.48,74.48,1
CHEMBL3697958,141.87,141.87,141.87,141.87,1
CHEMBL3697959,238.22,238.22,238.22,238.22,1
CHEMBL3697960,183.57,183.57,183.57,183.57,1
CHEMBL3697961,269.17,269.17,269.17,269.17,1
CHEMBL3697962,68.55,68.55,68.55,68.55,1
CHEMBL3697963,314.12,314.12,314.12,314.12,1
CHEMBL3697964,75.98,75.98,75.98,75.98,1
CHEMBL3697965,159.74,159.74,159.74,159.74,1
CHEMBL3697966,91.22,91.22,91.22,91.22,1
CHEMBL3697967,136.57,136.57,136.57,136.57,1
CHEMBL3697968,132.77,132.77,132.77,132.77,1
CHEMBL3697969,143.65,143.65,143.65,143.65,1
CHEMBL3697970,143.98,143.98,143.98,143.98,1
CHEMBL3697971,181.28,181.28,181.28,181.28,1
CHEMBL3697972,105.93,105.93,105.93,105.93,1
CHEMBL3697973,182.55,182.55,182.55,182.55,1
CHEMBL3697974,181.01,181.01,181.01,181.01,1
CHEMBL3697975,250.3,250.3,250.3,250.3,1
CHEMBL3697976,150.42,150.42,150.42,150.42,1
CHEMBL3697977,76.78,76.78,76.78,76.78,1
CHEMBL3697978,94.57,94.57,94.57,94.57,1
CHEMBL3697979,61.45,61.45,61.45,61.45,1
CHEMBL3697980,219.64,219.64,219.64,219.64,1
CHEMBL3697981,310.25,310.25,310.25,310.25,1
CHEMBL3697982,136.98,136.98,136.98,136.98,1
CHEMBL3697983,183.73,183.73,183.73,183.73,1
CHEMBL3697984,145.23,145.23,145.23,145.23,1
CHEMBL3697985,84.94,84.94,84.94,84.94,1
CHEMBL3697986,123.97,123.97,123.97,123.97,1
CHEMBL3697987,175.4,175.4,175.4,175.4,1
CHEMBL3697988,122.13,122.13,122.13,122.13,1
CHEMBL3697989,90.15,90.15,90.15,90.15,1
CHEMBL3697990,73.41,73.41,73.41,73.41,1
CHEMBL3697991,250.97,250.97,250.97,250.97,1
CHEMBL3697992,89.81,89.81,89.81,89.81,1
CHEMBL3697993,218.89,218.89,218.89,218.89,1
CHEMBL3697994,116.64,116.64,116.64,116.64,1
CHEMBL3697995,1510.24,1510.24,1510.24,1510.24,1
CHEMBL3697996,82.51,82.51,82.51,82.51,1
CHEMBL3697997,509.13,509.13,509.13,509.13,1
CHEMBL3697998,88.19,88.19,88.19,88.19,1
CHEMBL3697999,4818.65,4818.65,4818.65,4818.65,1
CHEMBL3698000,572.43,572.43,572.43,572.43,1
CHEMBL3698001,680.96,680.96,680.96,680.96,1
CHEMBL3698002,58.95,58.95,58.95,58.95,1
CHEMBL3698003,138.86,138.86,138.86,138.86,1
CHEMBL3698004,91.14,91.14,91.14,91.14,1
CHEMBL3698005,95.38,95.38,95.38,95.38,1
CHEMBL3698006,752.51,752.51,752.51,752.51,1
CHEMBL3698007,62.94,62.94,62.94,62.94,1
CHEMBL3698008,81.08,81.08,81.08,81.08,1
CHEMBL3698009,101.02,101.02,101.02,101.02,1
CHEMBL3698010,81.06,81.06,81.06,81.06,1
CHEMBL3698011,38.06,38.06,38.06,38.06,1
CHEMBL3698012,86.54,86.54,86.54,86.54,1
CHEMBL3698013,116.62,116.62,116.62,116.62,1
CHEMBL3698014,89.5,89.5,89.5,89.5,1
CHEMBL3698015,111.52,111.52,111.52,111.52,1
CHEMBL3698016,73.84,73.84,73.84,73.84,1
CHEMBL3698017,72.43,72.43,72.43,72.43,1
CHEMBL3698018,46.18,46.18,46.18,46.18,1
CHEMBL3698019,55.32,55.32,55.32,55.32,1
CHEMBL3698020,113.43,113.43,113.43,113.43,1
CHEMBL3698021,30.42,30.42,30.42,30.42,1
CHEMBL3698022,123.11,123.11,123.11,123.11,1
CHEMBL3698023,116.67,116.67,116.67,116.67,1
CHEMBL3698024,157.94,157.94,157.94,157.94,1
CHEMBL3698025,127.71,127.71,127.71,127.71,1
CHEMBL3698026,62.99,62.99,62.99,62.99,1
CHEMBL369913,17.0,17.0,17.0,17.0,1
CHEMBL369984,14.6,14.6,14.6,14.6,1
CHEMBL370110,1.2,1.2,1.2,1.2,1
CHEMBL370128,10000.0,10000.0,10000.0,10000.0,1
CHEMBL370136,164.6,164.6,164.6,164.6,1
CHEMBL370191,83.0,83.0,83.0,83.0,1
CHEMBL370297,27.5,27.5,12.0,43.0,2
CHEMBL370359,31.6,31.6,31.6,31.6,1
CHEMBL370364,1720.0,1720.0,1720.0,1720.0,1
CHEMBL370457,4.7,4.7,4.7,4.7,1
CHEMBL370652,1300.0,1300.0,1300.0,1300.0,1
CHEMBL370659,29.0,29.0,29.0,29.0,1
CHEMBL370713,30.4,52.43333333333334,30.4,96.5,3
CHEMBL370823,1500.0,1500.0,1500.0,1500.0,1
CHEMBL371165,145.0,145.0,120.0,170.0,2
CHEMBL371289,21.0,21.0,21.0,21.0,1
CHEMBL371628,100.0,100.0,100.0,100.0,1
CHEMBL37169,5000.0,5000.0,5000.0,5000.0,1
CHEMBL37170,5882.0,5882.0,5882.0,5882.0,1
CHEMBL371903,100.0,100.0,100.0,100.0,1
CHEMBL372020,2645.0,2980.0,130.0,6500.0,4
CHEMBL372022,6.6,6.6,6.6,6.6,1
CHEMBL372222,10000.0,10000.0,10000.0,10000.0,1
CHEMBL372308,750.0,750.0,750.0,750.0,1
CHEMBL372453,10000.0,10000.0,10000.0,10000.0,1
CHEMBL372541,81.0,81.0,81.0,81.0,1
CHEMBL372735,15.9,15.9,15.9,15.9,1
CHEMBL372811,18.0,18.0,18.0,18.0,1
CHEMBL373032,500.0,500.0,500.0,500.0,1
CHEMBL3735756,1729.0,1729.0,1729.0,1729.0,1
CHEMBL373873,26.45,26.45,14.0,38.9,2
CHEMBL3739680,104.0,104.0,104.0,104.0,1
CHEMBL3739745,140.0,140.0,140.0,140.0,1
CHEMBL3739820,79630.0,79630.0,79630.0,79630.0,1
CHEMBL3740054,102.0,102.0,102.0,102.0,2
CHEMBL3740055,85.0,85.0,85.0,85.0,1
CHEMBL3740235,147.0,147.0,147.0,147.0,1
CHEMBL3740360,6230.0,6230.0,6230.0,6230.0,1
CHEMBL3740498,1290.0,1290.0,1290.0,1290.0,1
CHEMBL3742076,51.0,51.0,51.0,51.0,1
CHEMBL3745815,54.0,54.0,54.0,54.0,1
CHEMBL3745853,37.0,37.0,37.0,37.0,1
CHEMBL3745882,18.0,18.0,18.0,18.0,1
CHEMBL3745975,290.0,290.0,290.0,290.0,1
CHEMBL3746079,324.0,324.0,324.0,324.0,1
CHEMBL3746083,160.0,160.0,160.0,160.0,1
CHEMBL3746493,230.0,230.0,230.0,230.0,1
CHEMBL3746713,52.0,52.0,52.0,52.0,1
CHEMBL3746771,280.0,280.0,280.0,280.0,1
CHEMBL3746806,360.0,360.0,360.0,360.0,1
CHEMBL3747003,35.0,35.0,35.0,35.0,1
CHEMBL3747052,60.0,60.0,60.0,60.0,1
CHEMBL3747071,50.0,50.0,50.0,50.0,1
CHEMBL3747114,45.0,45.0,45.0,45.0,1
CHEMBL3747148,15.0,15.0,15.0,15.0,1
CHEMBL3747240,16.0,16.0,16.0,16.0,1
CHEMBL3747459,46.0,46.0,46.0,46.0,1
CHEMBL374749,128.82,128.82,128.82,128.82,1
CHEMBL3747744,20.0,20.0,20.0,20.0,1
CHEMBL3752512,45.0,45.0,45.0,45.0,2
CHEMBL3752576,10000.0,10000.0,10000.0,10000.0,1
CHEMBL3752882,1000.0,1000.0,1000.0,1000.0,1
CHEMBL3752900,1862.09,1862.09,1862.09,1862.09,1
CHEMBL3753195,1000.0,1000.0,1000.0,1000.0,1
CHEMBL3753266,1.5,1.5,1.5,1.5,2
CHEMBL3753318,5128.61,5128.61,5128.61,5128.61,1
CHEMBL3754166,4365.16,4365.16,4365.16,4365.16,1
CHEMBL3754496,2454.71,2454.71,2454.71,2454.71,1
CHEMBL3754576,1000.0,1000.0,1000.0,1000.0,1
CHEMBL375596,2900.0,2900.0,2900.0,2900.0,1
CHEMBL3758330,5031.0,5031.0,5031.0,5031.0,1
CHEMBL3758368,34.0,34.0,34.0,34.0,1
CHEMBL3758591,322.0,322.0,322.0,322.0,1
CHEMBL3758610,55.0,55.0,55.0,55.0,1
CHEMBL3758665,911.0,911.0,911.0,911.0,1
CHEMBL3758711,1553.0,1553.0,1553.0,1553.0,1
CHEMBL3758741,302.0,302.0,302.0,302.0,1
CHEMBL3758881,404.0,404.0,404.0,404.0,1
CHEMBL3758913,322.0,322.0,322.0,322.0,1
CHEMBL3758920,12143.0,12143.0,12143.0,12143.0,1
CHEMBL3758991,13.0,13.0,13.0,13.0,1
CHEMBL3759205,60.0,60.0,60.0,60.0,1
CHEMBL3759312,1549.0,1549.0,1549.0,1549.0,1
CHEMBL3759441,52.0,52.0,52.0,52.0,1
CHEMBL3759491,373.0,373.0,373.0,373.0,1
CHEMBL3759513,3323.0,3323.0,3323.0,3323.0,1
CHEMBL3759607,310.0,310.0,310.0,310.0,1
CHEMBL3759617,199.0,199.0,199.0,199.0,1
CHEMBL3759819,94.0,94.0,94.0,94.0,1
CHEMBL3759865,95.0,95.0,95.0,95.0,1
CHEMBL3760063,482.0,482.0,482.0,482.0,1
CHEMBL3760110,131.0,131.0,131.0,131.0,1
CHEMBL376020,128.82,128.82,128.82,128.82,1
CHEMBL37604,1209.0,1209.0,1209.0,1209.0,1
CHEMBL376092,27.0,27.0,27.0,27.0,1
CHEMBL3763200,12169.125,12169.125,11749.0,12589.25,2
CHEMBL3763418,10000.0,10000.0,10000.0,10000.0,3
CHEMBL3763633,2300.0,2300.0,2300.0,2300.0,1
CHEMBL37638,5000.0,5000.0,5000.0,5000.0,1
CHEMBL3764143,3298.38,5981.1725,1479.0,15848.93,4
CHEMBL3764191,8326.64,8326.64,7943.28,8710.0,2
CHEMBL3764212,15492.465,15492.465,15136.0,15848.93,2
CHEMBL3764245,8428.14,8428.14,7943.28,8913.0,2
CHEMBL3764246,31623.0,29454.953333333335,25118.86,31623.0,3
CHEMBL3764251,10000.0,10000.0,10000.0,10000.0,1
CHEMBL3764306,24832.93,24832.93,24547.0,25118.86,2
CHEMBL376445,10000.0,10000.0,10000.0,10000.0,1
CHEMBL3764557,12589.25,12589.25,12589.25,12589.25,1
CHEMBL3764586,10482.5,10482.5,10000.0,10965.0,2
CHEMBL3764597,15151.465,15151.465,14454.0,15848.93,2
CHEMBL3764612,15319.965,15319.965,14791.0,15848.93,2
CHEMBL3764639,10610.0,10610.0,10000.0,11220.0,2
CHEMBL3764739,6458.285,6458.285,6309.57,6607.0,2
CHEMBL3764830,31622.89,31622.89,31622.78,31623.0,2
CHEMBL3764833,15492.465,15492.465,15136.0,15848.93,2
CHEMBL3764884,7593.639999999999,7593.639999999999,7244.0,7943.28,2
CHEMBL3765072,9560.0,9560.0,9120.0,10000.0,2
CHEMBL3765169,10116.5,10116.5,10000.0,10233.0,2
CHEMBL3765266,10000.0,10000.0,10000.0,10000.0,2
CHEMBL3765267,21169.809999999998,21169.809999999998,19952.62,22387.0,2
CHEMBL3765285,12446.125,12446.125,12303.0,12589.25,2
CHEMBL3765422,15848.93,15848.93,15848.93,15848.93,1
CHEMBL3765426,10965.0,11184.75,10000.0,12589.25,3
CHEMBL3765754,10000.0,10000.0,10000.0,10000.0,3
CHEMBL3769441,5187.0,5187.0,5187.0,5187.0,1
CHEMBL3769534,127.0,127.0,127.0,127.0,1
CHEMBL3769536,6790.0,6790.0,6790.0,6790.0,1
CHEMBL376955,140.0,140.0,140.0,140.0,1
CHEMBL3769606,839.0,839.0,839.0,839.0,1
CHEMBL3769612,1814.0,1814.0,1814.0,1814.0,1
CHEMBL3769836,2906.0,2906.0,2906.0,2906.0,1
CHEMBL3769968,4897.895,4897.895,4897.79,4898.0,2
CHEMBL3770110,2261.0,2261.0,2261.0,2261.0,1
CHEMBL3770293,5641.0,5641.0,5641.0,5641.0,1
CHEMBL377043,2000.0,2000.0,2000.0,2000.0,1
CHEMBL3770473,1709.0,1709.0,1709.0,1709.0,1
CHEMBL377050,172.0,172.0,172.0,172.0,1
CHEMBL3770522,4255.0,4255.0,4255.0,4255.0,1
CHEMBL3770581,1976.0,1976.0,1976.0,1976.0,1
CHEMBL37706,5000.0,5000.0,5000.0,5000.0,1
CHEMBL3770639,931.0,931.0,931.0,931.0,1
CHEMBL3771222,261.0,261.0,261.0,261.0,2
CHEMBL3771309,302.0,302.0,302.0,302.0,1
CHEMBL377200,630.0,503.65333333333336,250.0,630.96,3
CHEMBL377299,234.0,234.0,234.0,234.0,1
CHEMBL377388,257.0,257.0,257.0,257.0,1
CHEMBL377420,3230.0,3230.0,3230.0,3230.0,1
CHEMBL3774411,646.0,909.836,630.96,1995.26,5
CHEMBL3774412,631.0,553.37,398.11,631.0,3
CHEMBL3774425,34.7,33.67333333333334,31.62,34.7,3
CHEMBL3774431,398.11,410.75,39.81,794.33,3
CHEMBL3774462,199.53,286.40333333333336,158.49,501.19,3
CHEMBL3774463,6309.57,6309.57,6309.57,6309.57,1
CHEMBL3774490,380.0,386.0366666666667,380.0,398.11,3
CHEMBL3774515,1514.0,1514.0,1514.0,1514.0,2
CHEMBL3774519,603.0,612.32,603.0,630.96,3
CHEMBL377452,63.0,63.0,63.0,63.0,1
CHEMBL3774534,851.0,777.6533333333333,630.96,851.0,3
CHEMBL3774540,100.0,194.93,58.9,630.96,5
CHEMBL3774569,407.0,404.0366666666667,398.11,407.0,3
CHEMBL3774588,125.89,150.99,115.0,199.53,5
CHEMBL3774591,316.23,438.86800000000005,240.0,1000.0,5
CHEMBL3774621,31.62,24.804000000000002,11.5,34.7,5
CHEMBL3774649,794.33,622.21,199.53,933.0,5
CHEMBL3774683,174.0,251.77399999999997,158.49,501.19,5
CHEMBL3774769,562.0,768.208,501.19,1584.89,5
CHEMBL3774783,324.0,369.276,251.19,630.96,5
CHEMBL3774869,251.19,211.83800000000002,141.0,263.0,5
CHEMBL3774895,95.5,97.0,95.5,100.0,3
CHEMBL3774911,1349.0,1318.9766666666667,1258.93,1349.0,3
CHEMBL3774927,3162.28,3162.28,3162.28,3162.28,1
CHEMBL3774996,105.0,136.51,105.0,199.53,3
CHEMBL3775005,158.49,121.73800000000001,63.1,162.0,5
CHEMBL3775023,1698.0,1660.2966666666669,1584.89,1698.0,3
CHEMBL3775033,617.0,621.6533333333333,617.0,630.96,3
CHEMBL3775036,191.0,193.84333333333333,191.0,199.53,3
CHEMBL3775071,1148.0,975.6533333333333,630.96,1148.0,3
CHEMBL3775097,6309.57,6309.57,6309.57,6309.57,1
CHEMBL3775197,724.0,779.874,398.11,1258.93,5
CHEMBL3775214,282.0,271.73,251.19,282.0,3
CHEMBL3775226,91.2,330.08500000000004,50.12,1584.89,6
CHEMBL3775243,199.53,239.25,148.0,501.19,5
CHEMBL3775256,155.0,156.16333333333333,155.0,158.49,3
CHEMBL3775294,372.0,324.422,240.0,398.11,5
CHEMBL3775301,457.0,471.73,457.0,501.19,3
CHEMBL3775338,10.5,10.333333333333334,10.0,10.5,3
CHEMBL3775350,1202.0,1728.8,1000.0,3981.07,5
CHEMBL3775386,191.0,232.74333333333334,191.0,316.23,3
CHEMBL3775395,617.0,621.6533333333333,617.0,630.96,3
CHEMBL3775408,323.615,323.615,316.23,331.0,2
CHEMBL377542,66000.0,66000.0,64000.0,68000.0,2
CHEMBL3775482,145.0,149.49666666666667,145.0,158.49,3
CHEMBL3775534,31.62,144.84,5.75,630.96,5
CHEMBL3775554,437.0,424.0366666666667,398.11,437.0,3
CHEMBL3775572,1047.0,1117.6433333333334,1047.0,1258.93,3
CHEMBL3775583,575.0,488.74333333333334,316.23,575.0,3
CHEMBL3775589,218.595,238.49666666666667,158.49,398.11,6
CHEMBL3775591,977.0,977.0,977.0,977.0,2
CHEMBL3775598,372.0,1251.6499999999999,251.19,5011.87,5
CHEMBL3775604,724.0,747.4433333333333,724.0,794.33,3
CHEMBL3775618,692.0,566.7433333333333,316.23,692.0,3
CHEMBL3775631,240.0,226.51,199.53,240.0,3
CHEMBL377564,3000.0,3000.0,3000.0,3000.0,1
CHEMBL3775667,47.9,65.26666666666667,47.9,100.0,3
CHEMBL3775718,355.0,369.37000000000006,355.0,398.11,3
CHEMBL3775737,251.19,377.78000000000003,251.19,630.96,3
CHEMBL3775753,525.0,517.0633333333334,501.19,525.0,3
CHEMBL3775771,646.0,640.9866666666667,630.96,646.0,3
CHEMBL3775810,112.0,127.49666666666667,112.0,158.49,3
CHEMBL3775836,186.0,229.41,186.0,316.23,3
CHEMBL377584,350.0,350.0,350.0,350.0,1
CHEMBL3775872,19.95,13.898,4.37,20.4,5
CHEMBL3775946,372.0,380.7033333333334,372.0,398.11,3
CHEMBL3775961,331.0,331.0,331.0,331.0,2
CHEMBL3775967,501.0,501.06333333333333,501.0,501.19,3
CHEMBL377756,92.0,92.0,92.0,92.0,1
CHEMBL377877,792.0,792.0,792.0,792.0,1
CHEMBL3779928,159.0,159.0,159.0,159.0,1
CHEMBL3780140,283.0,283.0,283.0,283.0,1
CHEMBL3780184,54.0,54.0,54.0,54.0,1
CHEMBL3780268,211.0,211.0,211.0,211.0,1
CHEMBL3780438,10000.0,10000.0,10000.0,10000.0,1
CHEMBL3780481,102.0,102.0,102.0,102.0,1
CHEMBL3780506,99.0,99.0,99.0,99.0,1
CHEMBL3780812,10000.0,10000.0,10000.0,10000.0,1
CHEMBL3780975,1095.0,1095.0,1095.0,1095.0,1
CHEMBL3781840,121.0,121.0,121.0,121.0,1
CHEMBL378301,65.0,65.0,65.0,65.0,1
CHEMBL378324,64.5,64.5,64.5,64.5,1
CHEMBL378341,69.0,69.0,69.0,69.0,1
CHEMBL378455,33.0,33.0,28.0,38.0,2
CHEMBL378512,274.0,274.0,274.0,274.0,1
CHEMBL378515,87.5,87.5,79.0,96.0,2
CHEMBL378543,4927.0,4927.0,4927.0,4927.0,1
CHEMBL378576,171.0,171.0,171.0,171.0,1
CHEMBL378648,194.0,194.0,194.0,194.0,1
CHEMBL378669,496.0,496.0,496.0,496.0,2
CHEMBL378680,2950.0,2950.0,2700.0,3200.0,2
CHEMBL378893,3000.0,3000.0,3000.0,3000.0,1
CHEMBL378914,196.0,196.0,196.0,196.0,1
CHEMBL379125,72.5,72.5,72.0,73.0,2
CHEMBL379177,165.0,165.0,110.0,220.0,2
CHEMBL379238,1500.0,1500.0,1500.0,1500.0,1
CHEMBL3792731,10000.0,10000.0,10000.0,10000.0,2
CHEMBL3792751,10000.0,10000.0,10000.0,10000.0,2
CHEMBL379286,2000.0,2000.0,2000.0,2000.0,1
CHEMBL3794079,10000.0,10000.0,10000.0,10000.0,2
CHEMBL379560,1126.0,1126.0,1126.0,1126.0,1
CHEMBL379593,998.0,998.0,998.0,998.0,1
CHEMBL379602,9.5,9.5,8.0,11.0,2
CHEMBL379662,164.0,164.0,164.0,164.0,1
CHEMBL3797205,203.0,203.0,96.0,310.0,2
CHEMBL3797209,74.295,74.295,2.59,146.0,2
CHEMBL3797293,2000.0,2000.0,2000.0,2000.0,1
CHEMBL3797435,205.0,205.0,205.0,205.0,1
CHEMBL3797651,22.0,22.0,22.0,22.0,1
CHEMBL3797717,367.0,367.0,367.0,367.0,1
CHEMBL3797740,596.25,596.25,12.5,1180.0,2
CHEMBL3797758,66.5,66.5,48.0,85.0,2
CHEMBL3797876,535.0,535.0,430.0,640.0,2
CHEMBL3798017,26.0,26.0,26.0,26.0,1
CHEMBL3798018,5120.0,5120.0,5120.0,5120.0,1
CHEMBL3798179,2117.89,2117.89,5.78,4230.0,2
CHEMBL3798478,382.0,382.0,382.0,382.0,1
CHEMBL3798490,52.0,52.0,52.0,52.0,1
CHEMBL379850,1000.0,1000.0,1000.0,1000.0,1
CHEMBL379862,3000.0,3000.0,3000.0,3000.0,1
CHEMBL379874,1474.0,1474.0,1474.0,1474.0,1
CHEMBL3798748,97.5,97.5,65.0,130.0,2
CHEMBL379875,5561.0,5561.0,5561.0,5561.0,1
CHEMBL3798803,186.9,186.9,12.8,361.0,2
CHEMBL3798840,630.0,630.0,630.0,630.0,1
CHEMBL3798953,614.0,614.0,614.0,614.0,1
CHEMBL3799120,25.0,25.0,25.0,25.0,1
CHEMBL3799125,49.0,49.0,49.0,49.0,1
CHEMBL3799157,382.1,382.1,13.2,751.0,2
CHEMBL3799271,6107.0,6107.0,114.0,12100.0,2
CHEMBL3799330,2000.0,2000.0,2000.0,2000.0,1
CHEMBL379942,175.0,175.0,175.0,175.0,1
CHEMBL3799427,1800.0,1800.0,1700.0,1900.0,2
CHEMBL3799430,2000.0,2000.0,2000.0,2000.0,1
CHEMBL3799448,2000.0,2000.0,2000.0,2000.0,1
CHEMBL3799455,112.0,112.0,64.0,160.0,2
CHEMBL3799529,1700.0,1700.0,1700.0,1700.0,1
CHEMBL3799547,113.0,113.0,113.0,113.0,1
CHEMBL3799593,275.0,275.0,200.0,350.0,2
CHEMBL3799626,1852.735,1852.735,5.47,3700.0,2
CHEMBL3799638,547.0,547.0,547.0,547.0,1
CHEMBL379984,5000.0,5000.0,5000.0,5000.0,1
CHEMBL3800055,2000.0,2000.0,2000.0,2000.0,1
CHEMBL3800150,86.0,86.0,86.0,86.0,1
CHEMBL3800153,1231.0,1231.0,1231.0,1231.0,1
CHEMBL3800165,438.04,438.04,8.08,868.0,2
CHEMBL3800251,640.0,640.0,640.0,640.0,1
CHEMBL3800303,88.5,88.5,67.0,110.0,2
CHEMBL3800341,14.5,14.5,12.0,17.0,2
CHEMBL3800400,4450.0,4450.0,3200.0,5700.0,2
CHEMBL3800442,2000.0,2000.0,2000.0,2000.0,1
CHEMBL3800468,2600.0,2600.0,2300.0,2900.0,2
CHEMBL3800539,108.0,108.0,108.0,108.0,1
CHEMBL380054,20000.0,20000.0,19000.0,21000.0,2
CHEMBL3800576,2000.0,2000.0,2000.0,2000.0,1
CHEMBL3800633,7357.75,7357.75,15.5,14700.0,2
CHEMBL3800636,91.5,91.5,63.0,120.0,2
CHEMBL380171,168.0,168.0,168.0,168.0,1
CHEMBL380236,1362.0,1362.0,1362.0,1362.0,1
CHEMBL380287,7900.0,7900.0,7800.0,8000.0,2
CHEMBL380330,13.0,12.97,12.88,13.0,4
CHEMBL380464,0.99,0.99,0.99,0.99,1
CHEMBL380511,1000.0,1000.0,1000.0,1000.0,1
CHEMBL380597,118.0,118.0,118.0,118.0,1
CHEMBL380682,1000.0,1000.0,1000.0,1000.0,1
CHEMBL381019,60.0,60.0,60.0,60.0,1
CHEMBL381514,91.3,91.3,91.3,91.3,1
CHEMBL3817898,250.095,250.095,249.0,251.19,2
CHEMBL3817911,10000.0,10000.0,10000.0,10000.0,1
CHEMBL3818047,125.945,125.945,125.89,126.0,2
CHEMBL3818056,364.53999999999996,364.53999999999996,363.08,366.0,2
CHEMBL3818124,18.1,18.1,18.0,18.2,2
CHEMBL3818128,317.615,317.615,316.23,319.0,2
CHEMBL3818200,1450.72,1450.72,1445.44,1456.0,2
CHEMBL3818398,214.4,214.4,213.8,215.0,2
CHEMBL3818478,22.195,22.195,22.0,22.39,2
CHEMBL3818710,424.28999999999996,424.28999999999996,422.0,426.58,2
CHEMBL3818799,194.99,194.99,194.98,195.0,2
CHEMBL3818805,134.45,134.45,134.0,134.9,2
CHEMBL3818881,180.985,180.985,180.0,181.97,2
CHEMBL3818935,10.115,10.115,10.0,10.23,2
CHEMBL3818940,438.0,438.0,438.0,438.0,1
CHEMBL3818989,645.825,645.825,645.65,646.0,2
CHEMBL3818994,49.0,49.0,49.0,49.0,1
CHEMBL3819082,1150.0,1150.0,1150.0,1150.0,1
CHEMBL3819153,95.25,95.25,95.0,95.5,2
CHEMBL381936,58.7,58.7,58.7,58.7,1
CHEMBL3819366,165.98000000000002,165.98000000000002,165.96,166.0,2
CHEMBL3819403,158.745,158.745,158.49,159.0,2
CHEMBL3819427,218.39,218.39,218.0,218.78,2
CHEMBL3819434,44.335,44.335,44.0,44.67,2
CHEMBL381946,62.0,62.0,62.0,62.0,1
CHEMBL3819494,164.245,164.245,158.49,170.0,2
CHEMBL3819556,123.015,123.015,123.0,123.03,2
CHEMBL3819567,23.994999999999997,23.994999999999997,23.99,24.0,2
CHEMBL3819642,760.79,760.79,758.58,763.0,2
CHEMBL382010,36.9,36.9,36.9,36.9,1
CHEMBL382146,1000.0,1000.0,1000.0,1000.0,1
CHEMBL382568,646.0,646.0,646.0,646.0,1
CHEMBL382591,354.0,354.0,354.0,354.0,1
CHEMBL38262,1842.0,1842.0,1842.0,1842.0,2
CHEMBL382748,100.0,100.0,100.0,100.0,1
CHEMBL382773,62.6,62.6,62.6,62.6,1
CHEMBL382850,253.0,253.0,253.0,253.0,1
CHEMBL383188,196.0,196.0,196.0,196.0,2
CHEMBL383205,126.0,126.0,126.0,126.0,1
CHEMBL383396,11.4,11.4,11.4,11.4,1
CHEMBL383451,88.0,88.0,88.0,88.0,1
CHEMBL38349,5000.0,5000.0,5000.0,5000.0,1
CHEMBL383530,1000.0,1000.0,1000.0,1000.0,1
CHEMBL383805,100000.0,100000.0,100000.0,100000.0,2
CHEMBL384046,6800.0,6800.0,6800.0,6800.0,1
CHEMBL384069,139.0,139.0,139.0,139.0,1
CHEMBL38409,10.0,10.0,10.0,10.0,1
CHEMBL384248,28425.0,28425.0,28425.0,28425.0,1
CHEMBL384269,533.0,533.0,533.0,533.0,1
CHEMBL38428,128.0,128.0,128.0,128.0,1
CHEMBL384500,630.0,630.0,630.0,630.0,1
CHEMBL384538,5000.0,5000.0,5000.0,5000.0,1
CHEMBL384634,8.0,8.0,8.0,8.0,1
CHEMBL38465,1000.0,1000.0,1000.0,1000.0,1
CHEMBL384916,78.0,78.0,78.0,78.0,1
CHEMBL385289,39.33,39.33,17.0,61.66,2
CHEMBL385295,1571.0,1571.0,1571.0,1571.0,1
CHEMBL385590,3000.0,3000.0,3000.0,3000.0,1
CHEMBL38580,47.5,47.5,47.5,47.5,1
CHEMBL386122,240.0,240.0,240.0,240.0,1
CHEMBL386336,3000.0,3000.0,3000.0,3000.0,1
CHEMBL386424,1600.0,1600.0,1600.0,1600.0,1
CHEMBL38656,1360.0,1360.0,1360.0,1360.0,1
CHEMBL386986,12.44,12.44,3.0,21.88,2
CHEMBL387052,5000.0,5000.0,5000.0,5000.0,1
CHEMBL387250,2500.0,2500.0,2500.0,2500.0,1
CHEMBL387569,49.0,49.0,49.0,49.0,1
CHEMBL387738,1000.0,1000.0,1000.0,1000.0,1
CHEMBL387784,68.0,68.0,68.0,68.0,1
CHEMBL387832,154.0,154.0,154.0,154.0,1
CHEMBL387833,252.0,252.0,228.0,276.0,2
CHEMBL388247,897.165,897.165,794.33,1000.0,2
CHEMBL388361,55.0,55.0,55.0,55.0,2
CHEMBL3883955,5.0,5.0,5.0,5.0,1
CHEMBL38855,1000.0,1000.0,1000.0,1000.0,1
CHEMBL388674,398.11,398.11,398.11,398.11,1
CHEMBL388897,129.0,129.0,129.0,129.0,1
CHEMBL3889852,794.33,794.33,794.33,794.33,1
CHEMBL3890178,39.81,39.81,39.81,39.81,1
CHEMBL3890882,15848.93,15848.93,15848.93,15848.93,1
CHEMBL389104,66.0,66.0,66.0,66.0,1
CHEMBL389110,1000.0,1000.0,1000.0,1000.0,1
CHEMBL389128,120.0,120.0,120.0,120.0,1
CHEMBL389129,2900.0,2900.0,2900.0,2900.0,1
CHEMBL3891542,4.1,4.1,4.1,4.1,1
CHEMBL3891773,4.6,4.6,4.6,4.6,1
CHEMBL3892201,177.0,177.0,177.0,177.0,1
CHEMBL3892440,8.9,8.9,8.9,8.9,1
CHEMBL389356,518.0,518.0,518.0,518.0,1
CHEMBL389357,24.775,24.775,24.55,25.0,2
CHEMBL3894257,1230.27,1230.27,1230.27,1230.27,1
CHEMBL3894679,393.0,393.0,393.0,393.0,1
CHEMBL3894853,2238.72,2238.72,2238.72,2238.72,1
CHEMBL3895172,345.0,345.0,345.0,345.0,1
CHEMBL3895173,10000.0,10000.0,10000.0,10000.0,1
CHEMBL3895540,0.3,0.3,0.3,0.3,1
CHEMBL3895585,467.74,467.74,467.74,467.74,1
CHEMBL389559,382.0,382.0,382.0,382.0,1
CHEMBL3896355,260.0,260.0,260.0,260.0,1
CHEMBL3896638,331.13,331.13,331.13,331.13,1
CHEMBL3896746,15.0,15.0,15.0,15.0,1
CHEMBL3896937,0.88,0.7566666666666667,0.51,0.88,3
CHEMBL3897134,660.69,660.69,660.69,660.69,1
CHEMBL389718,68.0,68.0,68.0,68.0,1
CHEMBL3897426,522.0,522.0,522.0,522.0,1
CHEMBL3897499,10000.0,10000.0,10000.0,10000.0,1
CHEMBL3897772,1445.44,1445.44,1445.44,1445.44,1
CHEMBL3897805,485.43,485.43,485.43,485.43,1
CHEMBL3898054,20.0,20.0,20.0,20.0,1
CHEMBL3898250,950.495,950.495,946.0,954.99,2
CHEMBL3899099,270.575,270.575,269.15,272.0,2
CHEMBL3899117,72.0,72.0,72.0,72.0,1
CHEMBL3899125,354.81,354.81,354.81,354.81,1
CHEMBL3899169,3675.0,3675.0,2780.0,4570.0,2
CHEMBL3899336,61.66,61.66,61.66,61.66,1
CHEMBL390015,1000.0,1000.0,1000.0,1000.0,1
CHEMBL3900752,0.72,0.72,0.72,0.72,1
CHEMBL3901211,2438.475,2438.475,707.95,4169.0,2
CHEMBL390129,154.5,154.5,144.0,165.0,2
CHEMBL3901587,794.0,644.4133333333333,162.0,977.24,3
CHEMBL390181,400.0,400.0,400.0,400.0,1
CHEMBL390184,79.0,79.0,79.0,79.0,1
CHEMBL390192,82.0,82.0,82.0,82.0,1
CHEMBL390212,1000.0,1000.0,1000.0,1000.0,1
CHEMBL390213,1000.0,1000.0,1000.0,1000.0,1
CHEMBL3902496,18.0,18.0,18.0,18.0,1
CHEMBL390253,28.4,28.4,28.4,28.4,1
CHEMBL3903297,239.9,239.9,239.9,239.9,1
CHEMBL3903542,145.0,145.0,145.0,145.0,1
CHEMBL3903560,9.6,9.6,9.6,9.6,1
CHEMBL3903779,639.155,639.155,537.0,741.31,2
CHEMBL3904094,537.0,537.0,537.0,537.0,1
CHEMBL390473,94.0,94.0,94.0,94.0,1
CHEMBL3905196,1584.89,1584.89,1584.89,1584.89,1
CHEMBL3905247,0.43,0.43,0.43,0.43,3
CHEMBL3905582,128.82,128.82,128.82,128.82,1
CHEMBL3906408,64.0,64.0,64.0,64.0,1
CHEMBL3908174,851.14,851.14,851.14,851.14,1
CHEMBL3908548,606.5550000000001,606.5550000000001,537.03,676.08,2
CHEMBL3908862,977.24,977.24,977.24,977.24,1
CHEMBL3908870,2942.105,2942.105,2933.0,2951.21,2
CHEMBL3908917,10000.0,10000.0,10000.0,10000.0,1
CHEMBL3909821,2.2,2.2,2.2,2.2,1
CHEMBL391016,55.0,55.0,55.0,55.0,1
CHEMBL391017,43.0,43.0,43.0,43.0,1
CHEMBL3910287,251.19,251.19,251.19,251.19,1
CHEMBL391035,42.0,42.0,42.0,42.0,1
CHEMBL391057,590.0,590.0,590.0,590.0,1
CHEMBL3910730,1385.0,1385.0,1385.0,1385.0,1
CHEMBL391107,191.0,191.0,191.0,191.0,1
CHEMBL391120,619.0,619.0,619.0,619.0,1
CHEMBL3911264,74.1,74.1,74.1,74.1,1
CHEMBL391190,1900.0,1900.0,1900.0,1900.0,1
CHEMBL391192,300000.0,300000.0,300000.0,300000.0,1
CHEMBL3912029,1041.165,1041.165,794.33,1288.0,2
CHEMBL3912435,0.45,0.45,0.45,0.45,1
CHEMBL391256,109.0,109.0,78.0,140.0,2
CHEMBL391257,740.0,740.0,280.0,1200.0,2
CHEMBL3912801,457.09,457.09,457.09,457.09,1
CHEMBL3912897,3311.31,3311.31,3311.31,3311.31,1
CHEMBL3913062,933.25,6213.23,724.0,16982.44,3
CHEMBL3913100,4346.0,4346.0,4346.0,4346.0,1
CHEMBL3913542,1230.27,1230.27,1230.27,1230.27,1
CHEMBL3913607,660.69,579.3133333333334,186.0,891.25,3
CHEMBL3913691,1.7,1.7,1.7,1.7,1
CHEMBL3913849,1348.96,1348.96,1348.96,1348.96,1
CHEMBL3914155,631.0,631.0,631.0,631.0,1
CHEMBL3914195,423.735,423.735,123.03,724.44,2
CHEMBL3914241,10.0,10.0,10.0,10.0,1
CHEMBL3914556,304.28999999999996,304.28999999999996,182.0,426.58,2
CHEMBL391530,136.0,346.6666666666667,94.0,810.0,3
CHEMBL3915863,4.5,4.5,4.5,4.5,1
CHEMBL3916047,3.4,3.4,3.4,3.4,1
CHEMBL3916231,693.0,693.0,693.0,693.0,2
CHEMBL391661,3162.28,3162.28,3162.28,3162.28,1
CHEMBL3916787,10000.0,10000.0,10000.0,10000.0,1
CHEMBL3917887,180.61,180.61,66.1,295.12,2
CHEMBL3918282,78.6,78.6,78.6,78.6,2
CHEMBL3918755,1.06,0.9166666666666666,0.63,1.06,3
CHEMBL3918805,8.3,8.3,8.3,8.3,1
CHEMBL391895,313.0,313.0,313.0,313.0,1
CHEMBL391984,10000.0,10000.0,10000.0,10000.0,2
CHEMBL391985,120.23,120.23,120.23,120.23,2
CHEMBL3920167,501.19,501.19,501.19,501.19,1
CHEMBL3920252,0.33,0.33,0.33,0.33,1
CHEMBL3920432,1.9,1.9,1.9,1.9,1
CHEMBL392066,139.0,139.0,139.0,139.0,1
CHEMBL392158,1.0985,1.1042500000000002,0.02,2.2,4
CHEMBL3921885,524.81,524.81,524.81,524.81,1
CHEMBL3921903,0.93,0.93,0.93,0.93,1
CHEMBL3922143,426.58,2870.7966666666666,57.5,8128.31,3
CHEMBL3922535,691.83,691.83,691.83,691.83,1
CHEMBL3922670,685.0,685.0,685.0,685.0,1
CHEMBL3922838,870.96,870.96,870.96,870.96,1
CHEMBL3923145,2450.0,2450.0,2450.0,2450.0,1
CHEMBL3923240,1.97,2.6466666666666665,1.97,4.0,3
CHEMBL3923578,1190.405,1190.405,759.0,1621.81,2
CHEMBL392377,58.0,58.0,58.0,58.0,1
CHEMBL392401,88000.0,88000.0,88000.0,88000.0,1
CHEMBL392437,19.5,19.5,15.0,24.0,2
CHEMBL3924375,293.0,293.0,293.0,293.0,1
CHEMBL3924565,3563.065,3563.065,3548.13,3578.0,2
CHEMBL392579,1570.0,1570.0,1570.0,1570.0,1
CHEMBL3926847,257.04,257.04,257.04,257.04,1
CHEMBL3927895,331.13,1573.9966666666667,25.7,4365.16,3
CHEMBL392791,2288.0,2288.0,2288.0,2288.0,1
CHEMBL392822,382.0,382.0,382.0,382.0,1
CHEMBL392823,5360.0,5360.0,5360.0,5360.0,1
CHEMBL392887,1700.0,1700.0,1700.0,1700.0,1
CHEMBL392888,59000.0,59000.0,59000.0,59000.0,1
CHEMBL3929083,616.6,616.6,616.6,616.6,1
CHEMBL3929168,0.94,0.94,0.94,0.94,1
CHEMBL3929237,35.2,35.2,35.2,35.2,1
CHEMBL392970,14000.0,14000.0,14000.0,14000.0,1
CHEMBL3929710,5.7,5.7,5.7,5.7,1
CHEMBL3929918,1995.26,1995.26,1995.26,1995.26,1
CHEMBL393027,201.0,201.0,201.0,201.0,1
CHEMBL3930825,1778.28,1778.28,1778.28,1778.28,1
CHEMBL393104,76.0,76.0,76.0,76.0,1
CHEMBL393105,271.0,271.0,271.0,271.0,1
CHEMBL3931765,298.0,298.0,298.0,298.0,2
CHEMBL3932186,2.1,2.1,2.1,2.1,1
CHEMBL3932551,295.0,295.0,295.0,295.0,1
CHEMBL393275,1500.0,1500.0,1500.0,1500.0,1
CHEMBL3933256,0.35,0.35,0.35,0.35,1
CHEMBL393365,17.0,17.0,11.0,23.0,2
CHEMBL3934712,25.0,25.0,25.0,25.0,1
CHEMBL393492,319.0,319.0,319.0,319.0,1
CHEMBL3935170,4.4,4.4,4.4,4.4,1
CHEMBL393539,1258.93,1258.93,1258.93,1258.93,1
CHEMBL3935692,254.46,254.46,213.8,295.12,2
CHEMBL3935776,312.63,312.63,309.03,316.23,2
CHEMBL3936289,10000.0,10000.0,10000.0,10000.0,1
CHEMBL3936812,524.81,524.81,524.81,524.81,1
CHEMBL393725,110.0,110.0,110.0,110.0,1
CHEMBL3937643,1.7,1.7,1.7,1.7,1
CHEMBL393774,4925.0,4925.0,4925.0,4925.0,1
CHEMBL393775,1149.0,1149.0,1149.0,1149.0,1
CHEMBL3938107,891.25,891.25,891.25,891.25,1
CHEMBL3938210,0.21,0.21,0.21,0.21,3
CHEMBL3938498,10000.0,10000.0,10000.0,10000.0,1
CHEMBL3939830,2570.4,2570.4,2570.4,2570.4,1
CHEMBL394019,587.0,587.0,587.0,587.0,1
CHEMBL394065,120.0,120.0,120.0,120.0,1
CHEMBL394066,548.0,548.0,548.0,548.0,1
CHEMBL3940712,1.4,1.3999999999999997,1.4,1.4,3
CHEMBL394080,405.0,405.0,405.0,405.0,1
CHEMBL3940897,1548.82,1548.82,1548.82,1548.82,1
CHEMBL394110,38.0,38.0,38.0,38.0,2
CHEMBL3941102,2766.0,2766.0,2766.0,2766.0,1
CHEMBL3941190,14.0,14.0,14.0,14.0,1
CHEMBL394139,356.0,356.0,356.0,356.0,1
CHEMBL3941520,1148.15,1148.15,1148.15,1148.15,1
CHEMBL3941529,53.0,53.0,53.0,53.0,1
CHEMBL3941795,1091.74,1091.74,1087.0,1096.48,2
CHEMBL3941818,363.08,363.08,363.08,363.08,1
CHEMBL394189,136.0,136.0,136.0,136.0,1
CHEMBL3942236,15.0,15.0,15.0,15.0,1
CHEMBL394292,21.0,21.0,15.0,27.0,2
CHEMBL3943838,4.6,4.6,4.6,4.6,1
CHEMBL3944009,3.6,3.6,3.6,3.6,1
CHEMBL394435,1000.0,1000.0,1000.0,1000.0,1
CHEMBL3944642,509.98,509.98,389.0,630.96,2
CHEMBL394473,101.5,101.5,83.0,120.0,2
CHEMBL394541,69.0,69.0,69.0,69.0,1
CHEMBL394569,610.0,610.0,610.0,610.0,1
CHEMBL3945775,1183.995,1183.995,954.99,1413.0,2
CHEMBL3945776,3801.89,3801.89,3801.89,3801.89,1
CHEMBL3946313,954.99,954.99,954.99,954.99,1
CHEMBL3946901,524.81,524.81,524.81,524.81,1
CHEMBL3946995,2.9,2.9,2.9,2.9,3
CHEMBL394729,1000.0,1000.0,1000.0,1000.0,1
CHEMBL3947670,1959.0,1959.0,1959.0,1959.0,1
CHEMBL394777,10000.0,10000.0,10000.0,10000.0,1
CHEMBL394779,63.0,63.0,63.0,63.0,1
CHEMBL3947961,870.96,870.96,870.96,870.96,1
CHEMBL3948056,0.42,0.42,0.42,0.42,1
CHEMBL3948167,752.415,752.415,692.0,812.83,2
CHEMBL394862,84.0,84.0,84.0,84.0,1
CHEMBL394863,1050.0,1050.0,1050.0,1050.0,1
CHEMBL3948819,1000.0,1000.0,1000.0,1000.0,1
CHEMBL3949662,724.44,724.44,724.44,724.44,1
CHEMBL3950020,268.0,268.0,268.0,268.0,1
CHEMBL3950254,549.54,549.54,549.54,549.54,1
CHEMBL3950264,1036.8600000000001,1036.8600000000001,977.24,1096.48,2
CHEMBL3950540,346.74,346.74,346.74,346.74,1
CHEMBL3950977,0.82,2.6466666666666665,0.82,6.3,3
CHEMBL3952251,1172.45,1172.45,1170.0,1174.9,2
CHEMBL3952761,0.87,0.87,0.87,0.87,1
CHEMBL3953365,463.165,463.165,132.0,794.33,2
CHEMBL3953773,1.45,1.7666666666666666,1.45,2.4,3
CHEMBL3953892,102.85,102.85,102.85,102.85,1
CHEMBL3954123,14.0,14.0,14.0,14.0,1
CHEMBL3954490,1737.8,1737.8,1737.8,1737.8,1
CHEMBL3954568,512.86,528.5333333333333,95.5,977.24,3
CHEMBL395458,2000.0,2000.0,2000.0,2000.0,1
CHEMBL395459,2000.0,2000.0,2000.0,2000.0,1
CHEMBL395501,199.53,199.53,199.53,199.53,1
CHEMBL395525,15.85,15.85,15.85,15.85,1
CHEMBL3955505,5111.935,5111.935,223.87,10000.0,2
CHEMBL3955608,293.87,293.87,120.0,467.74,2
CHEMBL3955917,375.0,375.0,375.0,375.0,1
CHEMBL3956612,1348.96,1348.96,1348.96,1348.96,1
CHEMBL3956720,0.85,0.85,0.85,0.85,1
CHEMBL3956758,537.03,537.03,537.03,537.03,1
CHEMBL3957278,2.1,2.1,2.1,2.1,1
CHEMBL3958201,355.92,355.92,123.0,588.84,2
CHEMBL3958215,754.29,754.29,750.0,758.58,2
CHEMBL3958309,295.12,295.12,295.12,295.12,1
CHEMBL3958494,1000.0,985.9533333333334,512.86,1445.0,3
CHEMBL3958949,1148.15,1148.15,1148.15,1148.15,1
CHEMBL3958956,178.0,178.0,178.0,178.0,1
CHEMBL3959209,863.915,863.915,812.83,915.0,2
CHEMBL3959240,218.78,218.78,218.78,218.78,1
CHEMBL395933,162.0,162.0,162.0,162.0,1
CHEMBL3959698,8.9,8.9,8.9,8.9,1
CHEMBL3959919,417.435,417.435,416.87,418.0,2
CHEMBL3960056,116.0,116.0,116.0,116.0,1
CHEMBL396024,319.0,319.0,319.0,319.0,1
CHEMBL3960785,0.53,0.53,0.53,0.53,1
CHEMBL396092,129.0,129.0,129.0,129.0,1
CHEMBL3961596,2511.89,2511.89,2511.89,2511.89,1
CHEMBL3962525,2.8,2.8,2.8,2.8,1
CHEMBL3963243,1000.0,1000.0,1000.0,1000.0,1
CHEMBL3963688,6309.57,6309.57,6309.57,6309.57,1
CHEMBL3963783,239.88,239.88,239.88,239.88,1
CHEMBL3964512,548.71,548.71,338.84,758.58,2
CHEMBL3964649,7585.78,7585.78,7585.78,7585.78,1
CHEMBL396560,11.9,11.9,11.9,11.9,1
CHEMBL396561,22.8,22.8,22.8,22.8,1
CHEMBL3965773,15.1,15.1,15.1,15.1,1
CHEMBL3966484,15848.93,15848.93,15848.93,15848.93,1
CHEMBL3966647,2187.76,2187.76,2187.76,2187.76,1
CHEMBL3966842,0.43,0.43,0.43,0.43,3
CHEMBL3966956,0.4,0.4,0.4,0.4,1
CHEMBL3967683,630.96,630.96,630.96,630.96,1
CHEMBL3967779,0.85,0.85,0.85,0.85,1
CHEMBL3967806,478.63,478.63,478.63,478.63,1
CHEMBL3968272,1479.11,1479.11,1479.11,1479.11,1
CHEMBL3968569,75.0,75.0,75.0,75.0,1
CHEMBL3969386,1380.38,1380.38,1380.38,1380.38,1
CHEMBL396950,857.0,857.0,857.0,857.0,1
CHEMBL3970299,138.01999999999998,138.01999999999998,138.0,138.04,2
CHEMBL3970323,630.96,630.96,630.96,630.96,1
CHEMBL3970746,26.0,26.0,26.0,26.0,1
CHEMBL3970994,5635.205,5635.205,5623.41,5647.0,2
CHEMBL397103,14.5,14.5,14.0,15.0,2
CHEMBL3971039,10000.0,10000.0,10000.0,10000.0,1
CHEMBL397112,2000.0,2000.0,2000.0,2000.0,1
CHEMBL3971125,243.0,243.0,243.0,243.0,1
CHEMBL3971383,852.0699999999999,852.0699999999999,851.14,853.0,2
CHEMBL397180,10000.0,10000.0,10000.0,10000.0,1
CHEMBL3971907,0.51,0.51,0.51,0.51,1
CHEMBL397207,1028.0,1028.0,1028.0,1028.0,1
CHEMBL3973357,4.0,4.0,4.0,4.0,1
CHEMBL3973487,25.0,25.0,25.0,25.0,1
CHEMBL397476,100.0,100.0,100.0,100.0,1
CHEMBL3975147,1288.25,1288.25,1288.25,1288.25,1
CHEMBL397543,398.11,398.11,398.11,398.11,2
CHEMBL397592,25.0,25.0,23.0,27.0,2
CHEMBL3975989,63.1,63.1,63.1,63.1,1
CHEMBL3976192,933.0,1076.48,851.0,1445.44,3
CHEMBL3976282,0.19,0.19000000000000003,0.19,0.19,3
CHEMBL3976319,346.74,346.74,346.74,346.74,1
CHEMBL3976948,3460.0,3460.0,3460.0,3460.0,1
CHEMBL3976966,3248.0,3248.0,3248.0,3248.0,1
CHEMBL3977072,136.0,136.0,136.0,136.0,1
CHEMBL397770,26.1,26.1,26.1,26.1,1
CHEMBL3978288,1.29,1.29,1.29,1.29,1
CHEMBL3978613,209.0,277.17,97.7,524.81,3
CHEMBL3978642,2583.5,2583.5,2583.5,2583.5,1
CHEMBL3979230,10000.0,10000.0,10000.0,10000.0,1
CHEMBL3979307,243.0,243.0,243.0,243.0,1
CHEMBL3979523,446.68,446.68,446.68,446.68,1
CHEMBL398175,105.0,105.0,105.0,105.0,1
CHEMBL3981856,467.74,467.74,467.74,467.74,1
CHEMBL3982119,334.38,334.38,334.38,334.38,1
CHEMBL3982360,0.3,0.3,0.3,0.3,1
CHEMBL3982486,0.71,0.71,0.71,0.71,3
CHEMBL3983121,66.07,66.07,66.07,66.07,1
CHEMBL3983496,321.0,321.0,321.0,321.0,1
CHEMBL3983588,0.47,0.47,0.47,0.47,1
CHEMBL398368,159.0,159.0,159.0,159.0,1
CHEMBL3983684,1698.24,1698.24,1698.24,1698.24,1
CHEMBL3983937,794.33,794.33,794.33,794.33,1
CHEMBL3984236,480.76,480.76,436.52,525.0,2
CHEMBL3984387,117.49,117.49,117.49,117.49,1
CHEMBL3984541,419.0,419.0,419.0,419.0,1
CHEMBL39847,398.0,398.0,398.0,398.0,1
CHEMBL3985152,36.0,36.0,36.0,36.0,1
CHEMBL3985419,501.19,501.19,501.19,501.19,1
CHEMBL3985877,165.96,165.96,165.96,165.96,1
CHEMBL398615,0.07,0.07,0.07,0.07,1
CHEMBL398618,15.0,15.0,15.0,15.0,1
CHEMBL398619,6.0,6.0,6.0,6.0,1
CHEMBL3986254,308.0,308.0,308.0,308.0,1
CHEMBL3986927,5384.66,5384.66,5370.32,5399.0,2
CHEMBL398711,8.0,8.0,8.0,8.0,1
CHEMBL398744,5.0,5.0,5.0,5.0,1
CHEMBL398813,73.0,73.0,73.0,73.0,1
CHEMBL399164,35.8,44.68666666666667,9.56,88.7,3
CHEMBL399195,149.0,149.0,149.0,149.0,1
CHEMBL399396,58.8,58.8,58.8,58.8,1
CHEMBL399601,2000.0,2000.0,2000.0,2000.0,1
CHEMBL400235,27.0,27.0,27.0,27.0,1
CHEMBL400236,67.0,67.0,67.0,67.0,1
CHEMBL400826,165.0,165.0,165.0,165.0,1
CHEMBL400827,29.6,29.6,29.6,29.6,1
CHEMBL401031,23.9,23.9,23.9,23.9,1
CHEMBL401223,161.0,161.0,161.0,161.0,1
CHEMBL401224,633.0,633.0,633.0,633.0,1
CHEMBL402143,10000.0,10000.0,10000.0,10000.0,1
CHEMBL40229,1600.0,1600.0,1600.0,1600.0,1
CHEMBL40284,1600.0,1600.0,1600.0,1600.0,1
CHEMBL403280,18.095,18.095,0.69,35.5,2
CHEMBL403550,5170.0,5170.0,340.0,10000.0,2
CHEMBL404000,21.0,21.0,21.0,21.0,1
CHEMBL404352,10000.0,10000.0,10000.0,10000.0,1
CHEMBL404888,21000.0,21000.0,21000.0,21000.0,1
CHEMBL405260,62.5,62.5,46.0,79.0,2
CHEMBL405292,2550.0,2550.0,1700.0,3400.0,2
CHEMBL405345,44.0,44.0,44.0,44.0,1
CHEMBL405355,279.64,279.64,279.64,279.64,1
CHEMBL405751,2084.0,2084.0,2084.0,2084.0,1
CHEMBL40584,350.0,350.0,350.0,350.0,1
CHEMBL4059581,37.2,37.2,37.2,37.2,1
CHEMBL4060194,4351.0,4351.0,4351.0,4351.0,1
CHEMBL4060403,0.355,0.355,0.3,0.41,2
CHEMBL4060461,0.44,0.5435,0.094,1.2,4
CHEMBL4060603,121.0,121.0,121.0,121.0,1
CHEMBL4060649,17.0,17.0,17.0,17.0,1
CHEMBL4060837,5400.0,5400.0,4500.0,6300.0,2
CHEMBL4061131,1011.0,1011.0,1011.0,1011.0,1
CHEMBL4061189,6698.0,6698.0,6698.0,6698.0,1
CHEMBL4061986,29.0,29.0,25.0,33.0,2
CHEMBL4062165,8300.0,8300.0,8300.0,8300.0,1
CHEMBL4062553,6168.0,6168.0,6168.0,6168.0,1
CHEMBL4062602,3.218,3.218,3.2,3.236,2
CHEMBL4062817,0.3,0.3,0.3,0.3,1
CHEMBL4063145,0.9299999999999999,0.8775,0.67,0.98,4
CHEMBL4063235,0.20500000000000002,0.20500000000000002,0.16,0.25,2
CHEMBL4063282,41.0,41.0,36.0,46.0,2
CHEMBL40634,58.8,58.8,58.8,58.8,1
CHEMBL4063564,1400.0,1400.0,1400.0,1400.0,1
CHEMBL4064186,2.45,2.45,1.5,3.4,2
CHEMBL4064191,3250.0,3250.0,1200.0,5300.0,2
CHEMBL4064742,1.6,1.6,1.6,1.6,2
CHEMBL4064759,2350.0,2350.0,1500.0,3200.0,2
CHEMBL4064919,13400.0,13400.0,13400.0,13400.0,1
CHEMBL4064974,30.0,30.0,21.0,39.0,2
CHEMBL40650,19.7,19.7,19.7,19.7,1
CHEMBL4065353,18.5,18.5,18.5,18.5,1
CHEMBL4065455,1500.0,1500.0,1500.0,1500.0,2
CHEMBL4065568,3.3,3.3,3.3,3.3,1
CHEMBL4065797,208.0,208.0,56.0,360.0,2
CHEMBL4066426,121.0,121.0,121.0,121.0,1
CHEMBL4066435,42.68,42.68,42.66,42.7,2
CHEMBL4066532,23.0,23.0,23.0,23.0,1
CHEMBL4066916,6450.0,6450.0,6000.0,6900.0,2
CHEMBL4066971,2.5,2.5,2.5,2.5,1
CHEMBL4067439,7.75,7.75,7.7,7.8,2
CHEMBL4067700,180.0,180.0,180.0,180.0,1
CHEMBL4067792,1440.0,1440.0,1440.0,1440.0,1
CHEMBL4068455,86.8,86.8,86.8,86.8,1
CHEMBL4068561,1.4500000000000002,1.71,0.54,3.4,4
CHEMBL4068702,210.0,210.0,200.0,220.0,2
CHEMBL4068843,14.4,14.4,14.4,14.4,1
CHEMBL4068850,4287.0,4287.0,4287.0,4287.0,1
CHEMBL4068924,5882.0,5882.0,5882.0,5882.0,1
CHEMBL4069091,0.5349999999999999,0.5349999999999999,0.5,0.57,2
CHEMBL4069145,2.95,2.95,1.7,4.2,2
CHEMBL4069237,2.8,2.8,2.8,2.8,1
CHEMBL4069306,1300.0,1300.0,1300.0,1300.0,1
CHEMBL4070091,0.8250000000000001,0.8250000000000001,0.55,1.1,2
CHEMBL4070254,1.0,1.0,1.0,1.0,1
CHEMBL4070604,395.0,395.0,350.0,440.0,2
CHEMBL4070715,4.5,4.5,4.5,4.5,1
CHEMBL4071185,1.67,1.67,0.94,2.4,2
CHEMBL4071189,37579.0,37579.0,37579.0,37579.0,1
CHEMBL4071243,60.6,60.6,60.6,60.6,1
CHEMBL4071451,14.0,14.0,14.0,14.0,1
CHEMBL4071729,1850.0,1850.0,1500.0,2200.0,2
CHEMBL4071868,1.67,1.67,0.84,2.5,2
CHEMBL4072171,588.0,588.0,588.0,588.0,1
CHEMBL4072780,0.77,0.77,0.67,0.87,2
CHEMBL4072785,11450.0,11450.0,8900.0,14000.0,2
CHEMBL4072821,7.75,7.75,7.4,8.1,2
CHEMBL4073330,29.5,29.5,19.0,40.0,2
CHEMBL4073520,100000.0,100000.0,100000.0,100000.0,1
CHEMBL4073927,9792.0,9792.0,9792.0,9792.0,1
CHEMBL4074195,2.6,2.6,2.6,2.6,1
CHEMBL4075144,1.7,1.7,1.7,1.7,1
CHEMBL4075422,1218.0,1218.0,1218.0,1218.0,1
CHEMBL4075673,3.0,3.0,3.0,3.0,1
CHEMBL4076086,57101.0,57101.0,57101.0,57101.0,1
CHEMBL4076129,23.8,23.8,23.8,23.8,1
CHEMBL4076408,76.0,76.0,76.0,76.0,1
CHEMBL407641,5.4,5.4,5.4,5.4,1
CHEMBL4076516,6370.0,6370.0,6370.0,6370.0,1
CHEMBL4076525,223.0,223.0,223.0,223.0,1
CHEMBL4076527,83671.0,83671.0,83671.0,83671.0,1
CHEMBL4076796,53800.0,53800.0,53800.0,53800.0,1
CHEMBL4076903,1237.0,1237.0,1237.0,1237.0,1
CHEMBL4077040,5.5,5.5,5.5,5.5,1
CHEMBL4077251,21216.0,21216.0,21216.0,21216.0,1
CHEMBL4077430,338.0,338.0,338.0,338.0,1
CHEMBL4077536,8.41,8.41,8.41,8.41,1
CHEMBL4077538,1821.0,1821.0,1821.0,1821.0,1
CHEMBL4077937,3.5,3.5,3.5,3.5,1
CHEMBL407818,46550.0,46550.0,6100.0,87000.0,2
CHEMBL4078348,1.4,1.4,0.7,2.1,2
CHEMBL4078379,21.8,21.8,21.8,21.8,1
CHEMBL4078873,20.0,20.0,20.0,20.0,1
CHEMBL4079301,12.0,12.0,12.0,12.0,2
CHEMBL4079375,0.915,0.915,0.73,1.1,2
CHEMBL4079495,10000.0,10000.0,10000.0,10000.0,1
CHEMBL4079631,5162.0,5162.0,5162.0,5162.0,1
CHEMBL4079637,190.0,190.0,190.0,190.0,1
CHEMBL4079642,114945.0,114945.0,114945.0,114945.0,1
CHEMBL4079972,99.0,99.0,99.0,99.0,1
CHEMBL4080034,133.0,133.0,133.0,133.0,1
CHEMBL4080369,2.5,2.5,2.5,2.5,1
CHEMBL4080398,141.0,141.0,141.0,141.0,1
CHEMBL4080399,2.6,2.6,2.6,2.6,1
CHEMBL4080762,16.0,16.0,14.0,18.0,2
CHEMBL4081383,149.0,149.0,149.0,149.0,1
CHEMBL4081424,202.0,202.0,202.0,202.0,1
CHEMBL4081987,67.0,67.0,67.0,67.0,1
CHEMBL4082245,970.0,970.0,940.0,1000.0,2
CHEMBL4082456,36.0,36.0,36.0,36.0,1
CHEMBL4083059,1489.0,1489.0,1489.0,1489.0,1
CHEMBL4083239,0.9450000000000001,0.9450000000000001,0.89,1.0,2
CHEMBL4083252,260.0,260.0,260.0,260.0,1
CHEMBL4083727,89.0,89.0,68.0,110.0,2
CHEMBL4083890,832.0,832.0,832.0,832.0,1
CHEMBL4083903,19.9,19.9,19.9,19.9,1
CHEMBL4084262,10895.0,10895.0,10895.0,10895.0,1
CHEMBL4084492,44.0,44.0,44.0,44.0,1
CHEMBL4084690,68.5,68.5,37.0,100.0,2
CHEMBL4084712,4900.0,4900.0,3400.0,6400.0,2
CHEMBL4085184,317.0,317.0,317.0,317.0,1
CHEMBL4085282,34.7,34.7,34.7,34.7,1
CHEMBL4085752,8.85,11.95,1.1,29.0,4
CHEMBL4085780,1096.48,1096.48,1096.48,1096.48,2
CHEMBL4085802,11.0,11.0,11.0,11.0,1
CHEMBL4085920,315.0,315.0,200.0,430.0,2
CHEMBL4086211,145.0,145.0,145.0,145.0,1
CHEMBL4086515,1950.0,1950.0,1950.0,1950.0,1
CHEMBL4086613,493.0,493.0,493.0,493.0,1
CHEMBL4086894,156.5,156.5,73.0,240.0,2
CHEMBL4086953,124.0,124.0,124.0,124.0,1
CHEMBL4087187,5.3,5.3,5.1,5.5,2
CHEMBL4087217,77.5,77.5,35.0,120.0,2
CHEMBL4087513,9500.0,9500.0,9500.0,9500.0,1
CHEMBL4087852,1.8,1.8,1.8,1.8,1
CHEMBL4088249,10.0,10.0,10.0,10.0,1
CHEMBL4088416,10000.0,10000.0,10000.0,10000.0,1
CHEMBL4088639,1.45,1.45,1.4,1.5,2
CHEMBL4088925,100.0,100.0,100.0,100.0,1
CHEMBL4089290,60152.0,60152.0,60152.0,60152.0,1
CHEMBL4089427,418.0,418.0,418.0,418.0,1
CHEMBL4089939,182.0,182.0,182.0,182.0,1
CHEMBL4090208,1.5999999999999999,1.5999999999999999,0.9,2.3,2
CHEMBL4090568,17.740000000000002,17.740000000000002,17.7,17.78,2
CHEMBL4090862,10000.0,10000.0,10000.0,10000.0,1
CHEMBL4091064,0.7150000000000001,0.7150000000000001,0.52,0.91,2
CHEMBL4091155,7.949999999999999,7.949999999999999,7.8,8.1,2
CHEMBL4091193,5.6,5.6,5.6,5.6,1
CHEMBL4091507,62.0,62.0,46.0,78.0,2
CHEMBL4091933,2.55,2.55,2.2,2.9,2
CHEMBL4092015,29300.0,29300.0,29300.0,29300.0,1
CHEMBL4092243,0.7,0.7,0.7,0.7,1
CHEMBL4092441,6.0,6.0,3.7,8.3,2
CHEMBL4092462,1190.0,1190.0,480.0,1900.0,2
CHEMBL4092619,100000.0,100000.0,100000.0,100000.0,1
CHEMBL4092928,93.1,93.1,93.1,93.1,1
CHEMBL4093223,54.8,54.8,54.8,54.8,1
CHEMBL4093477,8.43,8.43,8.43,8.43,1
CHEMBL4093493,5050.0,5050.0,1800.0,8300.0,2
CHEMBL4093656,10.0,10.0,10.0,10.0,1
CHEMBL4093971,30.0,30.0,30.0,30.0,1
CHEMBL4093980,274.21000000000004,274.21000000000004,273.0,275.42,2
CHEMBL4094407,515.0,515.0,250.0,780.0,2
CHEMBL4094869,67.5,67.5,39.0,96.0,2
CHEMBL4094900,10350.0,10350.0,5700.0,15000.0,2
CHEMBL4095082,1842.0,1842.0,1842.0,1842.0,1
CHEMBL4095216,695.0,695.0,695.0,695.0,1
CHEMBL4095452,306.0,306.0,306.0,306.0,1
CHEMBL4095555,2.4,2.4,2.4,2.4,1
CHEMBL4095881,4.3,4.3,2.9,5.7,2
CHEMBL4095979,4.4,4.4,4.4,4.4,1
CHEMBL4096141,10000.0,10000.0,10000.0,10000.0,1
CHEMBL4096353,0.745,0.745,0.52,0.97,2
CHEMBL4096422,40.1,40.1,40.1,40.1,1
CHEMBL4096479,2.3,2.3,2.3,2.3,1
CHEMBL4096543,784.0,784.0,568.0,1000.0,2
CHEMBL409662,950.0,950.0,950.0,950.0,1
CHEMBL4096858,3350.0,3350.0,2700.0,4000.0,2
CHEMBL4096866,37.0,37.0,37.0,37.0,1
CHEMBL4097330,0.69,0.69,0.63,0.75,2
CHEMBL4097572,38.7,38.7,38.7,38.7,1
CHEMBL4097669,476.0,476.0,476.0,476.0,1
CHEMBL4098236,2.05,2.05,1.8,2.3,2
CHEMBL4098399,109574.0,109574.0,109574.0,109574.0,1
CHEMBL4098803,1.27,1.27,0.74,1.8,2
CHEMBL4098859,1.5350000000000001,1.5350000000000001,0.87,2.2,2
CHEMBL4099491,4890.0,4890.0,4890.0,4890.0,1
CHEMBL4099666,3.4,3.4,2.0,4.8,2
CHEMBL4099711,5.9,5.9,5.8,6.0,2
CHEMBL4099997,56.0,56.0,56.0,56.0,1
CHEMBL4100183,1.43,1.43,0.86,2.0,2
CHEMBL4100263,200.0,200.0,140.0,260.0,2
CHEMBL4100322,111.0,111.0,111.0,111.0,1
CHEMBL4100358,30000.0,30000.0,30000.0,30000.0,1
CHEMBL4100470,148.0,148.0,148.0,148.0,1
CHEMBL4100699,104847.0,104847.0,104847.0,104847.0,1
CHEMBL4100734,284.0,284.0,284.0,284.0,1
CHEMBL4100951,3.7,3.7,3.7,3.7,1
CHEMBL4101993,7501.0,7501.0,7501.0,7501.0,1
CHEMBL4102616,84.0,84.0,48.0,120.0,2
CHEMBL4102628,1.205,1.205,0.81,1.6,2
CHEMBL4102646,415.0,415.0,200.0,630.0,2
CHEMBL4103639,0.79,0.79,0.58,1.0,2
CHEMBL4103725,2.7,2.7,2.7,2.7,1
CHEMBL4103891,10000.0,10000.0,10000.0,10000.0,1
CHEMBL4104013,1.7189999999999999,1.7189999999999999,1.7,1.738,2
CHEMBL4104216,37.0,37.0,37.0,37.0,1
CHEMBL4104272,400.0,400.0,400.0,400.0,1
CHEMBL4104596,350.0,350.0,350.0,350.0,1
CHEMBL4104622,1.5,1.5,1.5,1.5,1
CHEMBL4105030,2.5999999999999996,2.5999999999999996,1.9,3.3,2
CHEMBL4105375,2290.0,2290.0,2290.0,2290.0,1
CHEMBL4105681,316.0,316.0,316.0,316.0,1
CHEMBL411,4440.0,4440.0,4440.0,4440.0,1
CHEMBL4110066,79.7,79.7,79.7,79.7,1
CHEMBL41120,1000.0,1000.0,1000.0,1000.0,1
CHEMBL41134,590.0,590.0,590.0,590.0,1
CHEMBL411437,165.0,165.0,150.0,180.0,2
CHEMBL411663,330.0,330.0,330.0,330.0,1
CHEMBL41200,1090.0,1090.0,1090.0,1090.0,1
CHEMBL412665,2011.0,2011.0,2011.0,2011.0,1
CHEMBL413275,31.62,31.62,31.62,31.62,1
CHEMBL413343,225.0,225.0,120.0,330.0,2
CHEMBL413483,142.5,142.5,98.0,187.0,2
CHEMBL414433,25.0,25.0,25.0,25.0,1
CHEMBL414628,2511.89,2511.89,2511.89,2511.89,1
CHEMBL414838,54.5,54.5,54.5,54.5,1
CHEMBL414839,3.7,3.7,3.7,3.7,1
CHEMBL41491,1000.0,1000.0,1000.0,1000.0,1
CHEMBL415,138.0,138.0,138.0,138.0,1
CHEMBL415014,1440.0,1440.0,1440.0,1440.0,1
CHEMBL415300,47.0,47.0,47.0,47.0,1
CHEMBL415520,50.2,50.2,50.2,50.2,1
CHEMBL4159188,10000.0,10000.0,10000.0,10000.0,1
CHEMBL4159365,10000.0,10000.0,10000.0,10000.0,1
CHEMBL4159893,3129.0,3129.0,3129.0,3129.0,1
CHEMBL4159967,366.0,366.0,366.0,366.0,1
CHEMBL4160262,301.0,301.0,301.0,301.0,1
CHEMBL4160967,1522.0,1522.0,1522.0,1522.0,1
CHEMBL4161308,2941.0,2941.0,2941.0,2941.0,1
CHEMBL4161436,3231.0,3231.0,3231.0,3231.0,1
CHEMBL4161676,1996.0,1996.0,1996.0,1996.0,1
CHEMBL4161837,2233.0,2233.0,2233.0,2233.0,1
CHEMBL4162279,1690.0,1690.0,1690.0,1690.0,1
CHEMBL4162548,534.0,534.0,534.0,534.0,1
CHEMBL4162575,10000.0,10000.0,10000.0,10000.0,1
CHEMBL4163265,37.0,37.0,37.0,37.0,1
CHEMBL4163626,931.0,931.0,931.0,931.0,1
CHEMBL4163778,1165.0,1165.0,1165.0,1165.0,1
CHEMBL4164366,10000.0,10000.0,10000.0,10000.0,1
CHEMBL4164541,6100.0,6100.0,6100.0,6100.0,1
CHEMBL4164695,6787.0,6787.0,6787.0,6787.0,1
CHEMBL4164849,5698.0,5698.0,5698.0,5698.0,1
CHEMBL416508,100.0,100.0,100.0,100.0,1
CHEMBL4165273,5947.0,5947.0,5947.0,5947.0,1
CHEMBL4165881,10000.0,10000.0,10000.0,10000.0,1
CHEMBL4166021,10000.0,10000.0,10000.0,10000.0,1
CHEMBL4166178,4918.0,4918.0,4918.0,4918.0,1
CHEMBL4166411,3683.0,3683.0,3683.0,3683.0,1
CHEMBL4166804,601.0,601.0,601.0,601.0,1
CHEMBL416732,5400.0,5400.0,5400.0,5400.0,1
CHEMBL4167807,5044.0,5044.0,5044.0,5044.0,1
CHEMBL416842,316.23,316.23,316.23,316.23,1
CHEMBL4168691,1821.0,1821.0,1821.0,1821.0,1
CHEMBL4168743,1033.0,1033.0,1033.0,1033.0,1
CHEMBL4169236,3436.0,3436.0,3436.0,3436.0,1
CHEMBL416939,2529.0,2529.0,2529.0,2529.0,1
CHEMBL4169603,5596.0,5596.0,5596.0,5596.0,1
CHEMBL4169755,3195.0,3195.0,3195.0,3195.0,1
CHEMBL4169834,10000.0,10000.0,10000.0,10000.0,1
CHEMBL4170001,10000.0,10000.0,10000.0,10000.0,1
CHEMBL417001,10000.0,10000.0,10000.0,10000.0,1
CHEMBL4170484,497.0,497.0,497.0,497.0,1
CHEMBL4170613,506.0,506.0,506.0,506.0,1
CHEMBL4170657,267.0,267.0,267.0,267.0,1
CHEMBL4171171,53.0,53.0,53.0,53.0,1
CHEMBL4171581,10000.0,10000.0,10000.0,10000.0,1
CHEMBL4171652,782.0,782.0,782.0,782.0,1
CHEMBL4173176,334.0,334.0,334.0,334.0,1
CHEMBL4173260,10000.0,10000.0,10000.0,10000.0,1
CHEMBL4173442,6912.0,6912.0,6912.0,6912.0,1
CHEMBL4174055,1285.0,1285.0,1285.0,1285.0,1
CHEMBL4174330,3420.0,3420.0,3420.0,3420.0,1
CHEMBL4174681,269.0,269.0,269.0,269.0,1
CHEMBL417473,26.0,26.0,26.0,26.0,1
CHEMBL4175018,1245.0,1245.0,1245.0,1245.0,1
CHEMBL4175327,10000.0,10000.0,10000.0,10000.0,1
CHEMBL4175829,3482.0,3482.0,3482.0,3482.0,1
CHEMBL41759,1000.0,1000.0,1000.0,1000.0,1
CHEMBL4176490,2187.0,2187.0,2187.0,2187.0,1
CHEMBL4176546,7881.0,7881.0,7881.0,7881.0,1
CHEMBL4176588,876.0,876.0,876.0,876.0,1
CHEMBL4176800,7745.0,7745.0,7745.0,7745.0,1
CHEMBL4176950,303.0,303.0,303.0,303.0,1
CHEMBL41802,87.0,87.0,87.0,87.0,1
CHEMBL418321,275.655,275.655,50.12,501.19,2
CHEMBL418671,31.62,31.62,31.62,31.62,1
CHEMBL418705,77.0,77.0,77.0,77.0,1
CHEMBL418758,1438.0,1438.0,1438.0,1438.0,1
CHEMBL418802,6.7,6.7,6.7,6.7,1
CHEMBL418854,13.2,13.2,13.2,13.2,1
CHEMBL419275,3.0,3.0,3.0,3.0,1
CHEMBL419316,1000.0,1000.0,1000.0,1000.0,1
CHEMBL419356,71.0,71.0,71.0,71.0,1
CHEMBL419487,199.53,199.53,199.53,199.53,1
CHEMBL419505,262.0,262.0,262.0,262.0,2
CHEMBL419706,630.96,630.96,630.96,630.96,1
CHEMBL419760,100.0,100.0,100.0,100.0,1
CHEMBL419792,63.449999999999996,5458.833333333333,9.0,16300.0,6
CHEMBL419908,620.0,620.0,620.0,620.0,1
CHEMBL419911,1000.0,1000.0,1000.0,1000.0,1
CHEMBL419916,1918.0,1918.0,1918.0,1918.0,1
CHEMBL42,100.0,145.9753164556962,7.11,1000.0,79
CHEMBL420016,2.0,2.0,2.0,2.0,1
CHEMBL420067,980.0,980.0,980.0,980.0,1
CHEMBL4204059,37.0,37.0,37.0,37.0,1
CHEMBL4204595,10000.0,10000.0,10000.0,10000.0,1
CHEMBL4205526,4963.0,4963.0,4963.0,4963.0,1
CHEMBL4207653,189.0,189.0,189.0,189.0,1
CHEMBL420789,398.11,398.11,398.11,398.11,1
CHEMBL4208744,250.0,250.0,250.0,250.0,1
CHEMBL4208934,466.0,466.0,466.0,466.0,1
CHEMBL420954,120.0,120.0,120.0,120.0,1
CHEMBL420986,3.0,3.0,3.0,3.0,1
CHEMBL4209888,97.0,97.0,97.0,97.0,1
CHEMBL421085,23.0,23.0,23.0,23.0,1
CHEMBL4212199,343.0,343.0,343.0,343.0,1
CHEMBL4212812,299.0,299.0,299.0,299.0,1
CHEMBL4213352,162.0,162.0,162.0,162.0,1
CHEMBL4213647,219.0,219.0,219.0,219.0,1
CHEMBL4216126,328.0,328.0,328.0,328.0,1
CHEMBL4216263,4872.5,4872.5,4847.0,4898.0,2
CHEMBL421667,117.0,117.0,117.0,117.0,1
CHEMBL4216870,8210.0,8210.0,8210.0,8210.0,1
CHEMBL4217761,1206.0,1206.0,1206.0,1206.0,1
CHEMBL421801,457.09,464.93333333333334,436.52,501.19,3
CHEMBL421902,40.0,40.0,40.0,40.0,1
CHEMBL422274,5825.0,5825.0,5825.0,5825.0,1
CHEMBL422310,635.0,635.0,635.0,635.0,1
CHEMBL422334,1.905,1.905,1.905,1.905,1
CHEMBL422344,12.0,12.0,12.0,12.0,1
CHEMBL4224763,368.0,368.0,368.0,368.0,1
CHEMBL4225278,62.0,67.33333333333333,42.0,98.0,3
CHEMBL4225830,2877.0,2877.0,2877.0,2877.0,1
CHEMBL422618,40.0,40.0,40.0,40.0,1
CHEMBL4226226,345.0,349.3333333333333,343.0,360.0,3
CHEMBL4226336,369.0,369.0,369.0,369.0,1
CHEMBL4227192,3555.0,3555.0,3555.0,3555.0,1
CHEMBL422788,10.8,10.8,10.8,10.8,1
CHEMBL4228054,10000.0,10000.0,10000.0,10000.0,1
CHEMBL422883,354.0,354.0,354.0,354.0,1
CHEMBL4229178,464.0,464.0,464.0,464.0,1
CHEMBL422959,57000.0,57000.0,49000.0,65000.0,2
CHEMBL423040,210.0,210.0,210.0,210.0,1
CHEMBL423198,100.0,100.0,100.0,100.0,1
CHEMBL423206,1800.0,1800.0,1800.0,1800.0,1
CHEMBL423247,4900.0,4932.596666666667,4897.79,5000.0,3
CHEMBL423287,10000.0,10000.0,10000.0,10000.0,1
CHEMBL423440,1750.0,1750.0,1500.0,2000.0,2
CHEMBL423632,374.0,374.0,374.0,374.0,1
CHEMBL423642,1000.0,1000.0,1000.0,1000.0,1
CHEMBL423659,3599.975,3599.975,3019.95,4180.0,2
CHEMBL423671,25.12,25.12,25.12,25.12,1
CHEMBL423706,40.0,40.0,40.0,40.0,1
CHEMBL423735,87.5,87.5,65.0,110.0,2
CHEMBL4238029,42.0,42.0,42.0,42.0,1
CHEMBL4238124,12.0,12.0,12.0,12.0,1
CHEMBL4238479,5.0,5.0,5.0,5.0,1
CHEMBL4238679,0.9,0.9,0.9,0.9,1
CHEMBL4238897,11.0,11.0,11.0,11.0,1
CHEMBL423890,7.2,7.2,7.2,7.2,1
CHEMBL4239091,0.3,0.3,0.3,0.3,1
CHEMBL4239573,269.0,269.0,186.0,352.0,2
CHEMBL4239705,29.0,29.0,29.0,29.0,1
CHEMBL4239823,11.0,11.0,11.0,11.0,2
CHEMBL4239987,218.5,218.5,142.0,295.0,2
CHEMBL4240162,4.0,4.0,4.0,4.0,1
CHEMBL4240642,5.0,5.0,5.0,5.0,1
CHEMBL4240910,9.0,9.0,9.0,9.0,1
CHEMBL4240954,16.0,16.0,16.0,16.0,1
CHEMBL4241050,1.7,1.7,1.7,1.7,1
CHEMBL4241081,7.0,7.0,7.0,7.0,1
CHEMBL4241180,120.5,120.5,94.0,147.0,2
CHEMBL4241497,10.0,10.0,10.0,10.0,1
CHEMBL4241776,325.0,325.0,252.0,398.0,2
CHEMBL4241830,13.0,13.0,13.0,13.0,1
CHEMBL4241844,31.5,31.5,13.0,50.0,2
CHEMBL4242170,37.0,37.0,37.0,37.0,1
CHEMBL4242192,18.0,18.0,17.0,19.0,2
CHEMBL4242268,22.0,22.0,22.0,22.0,1
CHEMBL4242392,0.5,0.5,0.5,0.5,1
CHEMBL4242453,209.0,209.0,115.0,303.0,2
CHEMBL4242858,0.7,0.7,0.7,0.7,1
CHEMBL424294,79.5,69.68333333333334,25.0,95.0,6
CHEMBL4243036,12.0,12.0,12.0,12.0,1
CHEMBL4243497,10.0,10.0,10.0,10.0,1
CHEMBL4243579,3.0,3.0,3.0,3.0,1
CHEMBL424384,2.3,2.3,2.3,2.3,1
CHEMBL4243848,4.0,4.0,4.0,4.0,1
CHEMBL4243932,24.0,24.0,24.0,24.0,1
CHEMBL4244280,23.0,23.0,23.0,23.0,1
CHEMBL424458,100.0,100.0,100.0,100.0,1
CHEMBL4244691,5.0,5.0,5.0,5.0,1
CHEMBL4245263,0.1,0.1,0.1,0.1,1
CHEMBL4245607,6.0,6.0,6.0,6.0,1
CHEMBL4245622,15.0,15.0,15.0,15.0,1
CHEMBL424575,190.0,190.0,190.0,190.0,2
CHEMBL4245997,3.0,3.0,3.0,3.0,1
CHEMBL4246185,125.0,125.0,79.0,171.0,2
CHEMBL4246202,1.0,1.0,1.0,1.0,1
CHEMBL4246630,12.0,12.0,12.0,12.0,1
CHEMBL4246655,0.14,0.14,0.14,0.14,1
CHEMBL424667,515.5,515.5,31.0,1000.0,2
CHEMBL424678,137.0,137.0,137.0,137.0,1
CHEMBL4246881,88.5,88.5,45.0,132.0,2
CHEMBL424690,174.0,174.0,174.0,174.0,1
CHEMBL4247275,5.0,5.0,5.0,5.0,1
CHEMBL4247770,19.0,19.0,19.0,19.0,1
CHEMBL424808,5000.0,5000.0,5000.0,5000.0,1
CHEMBL4248491,6.0,6.0,6.0,6.0,1
CHEMBL4248544,21.0,21.0,21.0,21.0,1
CHEMBL4248597,8.0,8.0,8.0,8.0,1
CHEMBL4249179,4.0,4.0,4.0,4.0,1
CHEMBL4249426,11.0,11.0,11.0,11.0,1
CHEMBL4249547,344.5,344.5,251.0,438.0,2
CHEMBL4249640,3.0,3.0,3.0,3.0,1
CHEMBL4250062,73.0,73.0,69.0,77.0,2
CHEMBL4250244,13.0,13.0,13.0,13.0,1
CHEMBL4250274,3.0,3.0,3.0,3.0,1
CHEMBL4250475,2.0,2.0,2.0,2.0,1
CHEMBL425057,338.84,289.6133333333333,190.0,340.0,3
CHEMBL425064,52000.0,52000.0,49000.0,55000.0,2
CHEMBL425069,340.0,340.0,340.0,340.0,3
CHEMBL425143,43.7,43.7,43.7,43.7,1
CHEMBL425190,3162.28,3162.28,3162.28,3162.28,1
CHEMBL425208,92.0,92.0,92.0,92.0,1
CHEMBL425285,10.265,10.265,6.4,14.13,2
CHEMBL42557,1300.0,1300.0,1300.0,1300.0,1
CHEMBL425731,55.5,55.5,45.0,66.0,2
CHEMBL426062,70.0,70.0,70.0,70.0,1
CHEMBL426111,261.0,261.0,261.0,261.0,1
CHEMBL426317,2575.0,2575.0,2575.0,2575.0,1
CHEMBL426473,356.0,356.0,356.0,356.0,1
CHEMBL426510,101.0,101.0,101.0,101.0,1
CHEMBL426834,1000.0,1000.0,1000.0,1000.0,1
CHEMBL426863,77.5,77.5,35.0,120.0,2
CHEMBL426868,837.0,837.0,837.0,837.0,1
CHEMBL426994,18.2,18.2,18.2,18.2,1
CHEMBL427048,221.0,221.0,221.0,221.0,1
CHEMBL427230,608.0,608.0,608.0,608.0,1
CHEMBL427522,3700.0,3700.0,3700.0,3700.0,1
CHEMBL427555,4460.0,4460.0,4460.0,4460.0,1
CHEMBL4277264,8300.0,8300.0,8300.0,8300.0,1
CHEMBL4278465,550.0,550.0,550.0,550.0,1
CHEMBL428197,27.0,27.0,27.0,27.0,1
CHEMBL4282702,460.0,460.0,460.0,460.0,1
CHEMBL4282887,860.0,860.0,860.0,860.0,1
CHEMBL4283982,1100.0,1100.0,1100.0,1100.0,1
CHEMBL428561,30.0,30.0,30.0,30.0,2
CHEMBL42857,1000.0,1000.0,1000.0,1000.0,1
CHEMBL4285942,202.3,202.3,202.3,202.3,1
CHEMBL4287055,23889.0,23889.0,23889.0,23889.0,1
CHEMBL4287062,700.0,700.0,700.0,700.0,1
CHEMBL4287471,800.0,800.0,800.0,800.0,1
CHEMBL4287623,317.0,317.0,317.0,317.0,1
CHEMBL4289498,2.9,2.9,2.9,2.9,1
CHEMBL429076,36.0,36.0,36.0,36.0,1
CHEMBL4291048,148.0,148.0,148.0,148.0,1
CHEMBL4291172,10000.0,10000.0,10000.0,10000.0,1
CHEMBL4293307,417.0,417.0,417.0,417.0,1
CHEMBL4293999,2.9,2.9,2.9,2.9,1
CHEMBL429453,113.0,113.0,113.0,113.0,1
CHEMBL429462,435.0,435.0,435.0,435.0,1
CHEMBL4294744,2163.1,2163.1,2163.1,2163.1,1
CHEMBL429623,45.0,45.0,45.0,45.0,1
CHEMBL429644,3100.0,3100.0,3100.0,3100.0,1
CHEMBL4297310,14800.0,14800.0,14800.0,14800.0,1
CHEMBL430198,184.0,184.0,184.0,184.0,1
CHEMBL430242,6530.0,6530.0,6530.0,6530.0,1
CHEMBL430371,1000.0,1000.0,1000.0,1000.0,1
CHEMBL430439,4.5,4.5,4.5,4.5,1
CHEMBL430444,4324.0,4324.0,4324.0,4324.0,1
CHEMBL430522,595.0,612.5,260.0,1000.0,4
CHEMBL43064,259.0,259.0,259.0,259.0,1
CHEMBL43073,763.0,763.0,763.0,763.0,1
CHEMBL431095,1900.0,1900.0,1900.0,1900.0,1
CHEMBL431298,1485.945,1485.945,460.0,2511.89,2
CHEMBL431640,271.0,271.0,271.0,271.0,1
CHEMBL432059,14000.0,14000.0,13000.0,15000.0,2
CHEMBL432579,2066.0,2066.0,2066.0,2066.0,1
CHEMBL432713,15.85,15.85,15.85,15.85,1
CHEMBL432762,94.0,94.0,94.0,94.0,2
CHEMBL433012,10000.0,10000.0,10000.0,10000.0,1
CHEMBL433121,137.1,137.1,59.2,215.0,2
CHEMBL433255,7943.28,7943.28,7943.28,7943.28,1
CHEMBL433376,28.0,28.0,28.0,28.0,1
CHEMBL433552,1000.0,1000.0,1000.0,1000.0,1
CHEMBL43359,1000.0,1000.0,1000.0,1000.0,1
CHEMBL433741,77.0,77.0,77.0,77.0,1
CHEMBL434,30000.0,30000.0,12000.0,48000.0,2
CHEMBL434403,19.95,19.95,19.95,19.95,1
CHEMBL434665,2.78,811.7600000000001,2.5,2430.0,3
CHEMBL43475,30.0,30.0,30.0,30.0,1
CHEMBL435272,10000.0,10000.0,10000.0,10000.0,1
CHEMBL435301,5.9,5.9,5.9,5.9,1
CHEMBL435505,10000.0,10000.0,10000.0,10000.0,1
CHEMBL435598,293.56,293.56,292.0,295.12,2
CHEMBL435779,1000.0,1000.0,1000.0,1000.0,1
CHEMBL435939,1000.0,1000.0,1000.0,1000.0,1
CHEMBL436157,125.89,125.89,125.89,125.89,1
CHEMBL436274,892.0,892.0,892.0,892.0,2
CHEMBL43697,1700.0,1700.0,1700.0,1700.0,1
CHEMBL436998,663.0,663.0,663.0,663.0,1
CHEMBL437007,10000.0,10000.0,10000.0,10000.0,1
CHEMBL437112,180.0,180.0,180.0,180.0,1
CHEMBL437490,446.68,432.2266666666667,400.0,450.0,3
CHEMBL437525,33.975,33.975,13.0,54.95,2
CHEMBL437532,19.4,19.4,19.4,19.4,1
CHEMBL437687,112.0,112.0,112.0,112.0,1
CHEMBL437917,1616.0,1616.0,1616.0,1616.0,1
CHEMBL43819,28.0,28.0,28.0,28.0,1
CHEMBL438673,192.0,192.0,192.0,192.0,1
CHEMBL438980,15.0,15.0,15.0,15.0,1
CHEMBL439197,57.0,57.0,57.0,57.0,1
CHEMBL439338,351.0,351.0,351.0,351.0,1
CHEMBL439646,201.0,201.0,201.0,201.0,1
CHEMBL439680,12.0,12.0,12.0,12.0,1
CHEMBL439849,666.0,666.0,666.0,666.0,1
CHEMBL440120,8375.0,8375.0,4000.0,12750.0,2
CHEMBL440389,11.0,11.0,11.0,11.0,1
CHEMBL440506,5800.0,5800.0,5800.0,5800.0,2
CHEMBL440511,4130.0,4130.0,4130.0,4130.0,1
CHEMBL440512,119.0,119.0,119.0,119.0,1
CHEMBL440687,15000.0,22053.333333333332,160.0,51000.0,3
CHEMBL441089,251.19,251.19,251.19,251.19,1
CHEMBL441092,1492.0,1492.0,1492.0,1492.0,1
CHEMBL441274,187.0,187.0,187.0,187.0,1
CHEMBL441529,368.0,368.0,368.0,368.0,1
CHEMBL441618,44.5,44.098333333333336,41.69,44.7,6
CHEMBL442,1.433,1.433,1.433,1.433,1
CHEMBL442059,69.0,69.0,69.0,69.0,1
CHEMBL442093,300000.0,300000.0,300000.0,300000.0,1
CHEMBL442290,6.0,6.0,6.0,6.0,1
CHEMBL442535,703.0,703.0,703.0,703.0,1
CHEMBL443006,25.12,25.12,25.12,25.12,1
CHEMBL443034,2.8,2.8,2.8,2.8,1
CHEMBL44310,500.0,500.0,500.0,500.0,1
CHEMBL4434714,30.5,30.5,19.0,42.0,2
CHEMBL4434735,15.0,15.0,15.0,15.0,1
CHEMBL4434865,6300.0,6300.0,6300.0,6300.0,1
CHEMBL4435010,1202.0,1202.0,1202.0,1202.0,1
CHEMBL4435235,10000.0,10000.0,10000.0,10000.0,1
CHEMBL4435367,2754.23,2754.23,2754.23,2754.23,1
CHEMBL4435528,391.0,391.0,391.0,391.0,1
CHEMBL443567,356.1,356.1,356.1,356.1,1
CHEMBL4436025,1620.0,1620.0,1620.0,1620.0,1
CHEMBL4436241,0.4467,0.4467,0.4467,0.4467,1
CHEMBL4436317,21400.0,21400.0,21400.0,21400.0,2
CHEMBL4436319,336.0,336.0,336.0,336.0,1
CHEMBL4436610,0.3236,0.3236,0.3236,0.3236,1
CHEMBL4437202,41686.94,41686.94,41686.94,41686.94,1
CHEMBL4437233,59.5,59.5,46.0,73.0,2
CHEMBL4437341,743.0,743.0,743.0,743.0,1
CHEMBL4437523,376.0,376.0,376.0,376.0,1
CHEMBL4437740,35715.5,35715.5,831.0,70600.0,2
CHEMBL4438037,757.0,757.0,757.0,757.0,1
CHEMBL4438349,10000.0,10000.0,10000.0,10000.0,1
CHEMBL4438361,14.7,14.7,14.7,14.7,1
CHEMBL443843,10000.0,10000.0,10000.0,10000.0,1
CHEMBL4438602,20000.0,20000.0,20000.0,20000.0,1
CHEMBL4438630,16318.0,16318.0,16318.0,16318.0,1
CHEMBL4438968,2511.89,2511.89,2511.89,2511.89,1
CHEMBL4439144,950.0,950.0,950.0,950.0,1
CHEMBL4439535,4823.0,4823.0,4823.0,4823.0,1
CHEMBL4439544,537.0,537.0,537.0,537.0,1
CHEMBL4439577,18.2,18.2,18.2,18.2,1
CHEMBL4439644,44.5,44.5,34.0,55.0,2
CHEMBL4439728,705.0,705.0,620.0,790.0,2
CHEMBL4439795,28.0,28.0,28.0,28.0,1
CHEMBL4440130,302.0,302.0,302.0,302.0,1
CHEMBL4440301,29.8,29.8,29.8,29.8,1
CHEMBL4440402,10000.0,10000.0,10000.0,10000.0,1
CHEMBL4440695,9.0,9.0,9.0,9.0,1
CHEMBL4440698,5000.0,5000.0,5000.0,5000.0,1
CHEMBL4440708,29.51,29.51,29.51,29.51,1
CHEMBL4441060,87.0,87.0,87.0,87.0,1
CHEMBL444128,60500.0,60500.0,21000.0,100000.0,2
CHEMBL4441358,139.0,139.0,139.0,139.0,1
CHEMBL4441655,50140.0,50140.0,50140.0,50140.0,1
CHEMBL4441888,2187.76,2187.76,2187.76,2187.76,1
CHEMBL4442062,204.0,204.0,204.0,204.0,1
CHEMBL4442148,10000.0,10000.0,10000.0,10000.0,1
CHEMBL4442321,27359.0,27359.0,27359.0,27359.0,1
CHEMBL4442332,1318.0,1318.0,1318.0,1318.0,1
CHEMBL4442337,10000.0,10000.0,10000.0,10000.0,1
CHEMBL4442385,867.0,867.0,867.0,867.0,1
CHEMBL4442408,3144.0,3144.0,3144.0,3144.0,1
CHEMBL4442419,130.0,130.0,110.0,150.0,2
CHEMBL4442456,1410.0,1410.0,1410.0,1410.0,1
CHEMBL4442460,75.0,75.0,73.0,77.0,2
CHEMBL4442470,69.5,69.5,47.0,92.0,2
CHEMBL4442855,505.0,505.0,505.0,505.0,1
CHEMBL4442936,1161.4,1161.4,1161.4,1161.4,1
CHEMBL4443039,550.0,550.0,550.0,550.0,1
CHEMBL444309,1700.0,8880.255714285715,1700.0,20579.0,7
CHEMBL4443185,180.0,180.0,180.0,180.0,1
CHEMBL444342,5.9,5.9,5.9,5.9,1
CHEMBL4443944,510.0,510.0,440.0,580.0,2
CHEMBL4444268,10000.0,10000.0,10000.0,10000.0,1
CHEMBL4444351,141.0,141.0,141.0,141.0,1
CHEMBL4444691,5000.0,5000.0,5000.0,5000.0,1
CHEMBL4444768,2.63,2.63,2.63,2.63,1
CHEMBL4445706,180.0,180.0,110.0,250.0,2
CHEMBL4445841,12.0,12.0,12.0,12.0,1
CHEMBL4446215,10000.0,10000.0,10000.0,10000.0,1
CHEMBL4446350,12046.0,12046.0,12046.0,12046.0,1
CHEMBL4446597,32.36,32.36,32.36,32.36,1
CHEMBL4446609,891.0,891.0,891.0,891.0,2
CHEMBL4447330,40040.0,40040.0,40040.0,40040.0,1
CHEMBL4447416,1001.0,1000.6666666666666,1000.0,1001.0,3
CHEMBL4447594,496.0,496.0,496.0,496.0,1
CHEMBL4447659,304.0,304.0,304.0,304.0,1
CHEMBL4447846,240.0,240.0,240.0,240.0,1
CHEMBL4447975,10000.0,10000.0,10000.0,10000.0,1
CHEMBL4448120,3.236,3.236,3.236,3.236,1
CHEMBL4448166,127.0,127.0,94.0,160.0,2
CHEMBL4448285,1025.0,1025.0,1025.0,1025.0,1
CHEMBL4448853,844.6,844.6,844.6,844.6,1
CHEMBL4449148,264.0,264.0,264.0,264.0,1
CHEMBL4449590,220.0,220.0,220.0,220.0,1
CHEMBL4449936,148.0,148.0,148.0,148.0,1
CHEMBL4450047,12.02,12.02,12.02,12.02,1
CHEMBL4450429,380.2,380.2,380.2,380.2,1
CHEMBL4450777,169.0,169.0,169.0,169.0,1
CHEMBL4450907,3981.0,3981.0,3981.0,3981.0,1
CHEMBL445102,11.2,20.135714285714283,2.4,87.45,7
CHEMBL445111,1258.93,1258.93,1258.93,1258.93,1
CHEMBL4451231,17670.0,17670.0,17670.0,17670.0,1
CHEMBL4451351,151.36,151.36,151.36,151.36,1
CHEMBL4451384,0.05248,0.05248,0.05248,0.05248,1
CHEMBL4451666,10000.0,10000.0,10000.0,10000.0,1
CHEMBL4451683,132.0,134.0,119.0,151.0,3
CHEMBL4451939,2344.0,2344.0,2344.0,2344.0,1
CHEMBL4452121,10000.0,10000.0,10000.0,10000.0,1
CHEMBL4452329,5000.0,5000.0,5000.0,5000.0,1
CHEMBL4452569,7080.0,7080.0,7080.0,7080.0,1
CHEMBL4452683,407.4,407.4,407.4,407.4,1
CHEMBL4453250,10000.0,10000.0,10000.0,10000.0,1
CHEMBL4453290,1.479,1.479,1.479,1.479,1
CHEMBL4453405,512.9,512.9,512.9,512.9,1
CHEMBL4453478,3494.0,3494.0,3494.0,3494.0,1
CHEMBL4453687,121.0,121.0,121.0,121.0,1
CHEMBL4453733,3981.0,3981.0,3981.0,3981.0,1
CHEMBL4454000,151.0,151.0,151.0,151.0,1
CHEMBL4454096,91.0,91.0,42.0,140.0,2
CHEMBL4454105,8.0,8.0,8.0,8.0,1
CHEMBL4454176,20.0,20.0,20.0,20.0,1
CHEMBL4454380,676.0,676.0,676.0,676.0,1
CHEMBL4454872,1083.9,1083.9,1083.9,1083.9,1
CHEMBL4455588,10000.0,10000.0,10000.0,10000.0,1
CHEMBL4455658,896.0,896.0,896.0,896.0,1
CHEMBL4455699,3162.0,3162.0,3162.0,3162.0,1
CHEMBL4455719,2105.0,2105.0,2105.0,2105.0,1
CHEMBL4455788,1.0,1.0,1.0,1.0,1
CHEMBL4455845,142.0,142.0,142.0,142.0,1
CHEMBL4456007,1502.0,1502.0,1502.0,1502.0,1
CHEMBL4456046,113.0,113.0,113.0,113.0,1
CHEMBL4456585,397.52,394.69666666666666,389.05,397.52,3
CHEMBL4456964,1116.0,1116.0,1116.0,1116.0,1
CHEMBL4457109,45.0,45.0,45.0,45.0,1
CHEMBL4457754,10000.0,10000.0,10000.0,10000.0,1
CHEMBL4457881,321.0,321.0,321.0,321.0,1
CHEMBL4458938,82.0,82.0,82.0,82.0,1
CHEMBL4459381,3449.0,3449.0,3449.0,3449.0,1
CHEMBL4459533,137.0,137.0,137.0,137.0,1
CHEMBL445977,266.0,266.0,266.0,266.0,1
CHEMBL4460564,112.0,112.0,112.0,112.0,1
CHEMBL4460592,5495.41,5495.41,5495.41,5495.41,1
CHEMBL4460743,32.0,32.0,19.0,45.0,2
CHEMBL4460839,299.0,299.0,299.0,299.0,1
CHEMBL4461327,10000.0,10000.0,10000.0,10000.0,1
CHEMBL4461461,12.2,12.2,12.2,12.2,1
CHEMBL4461948,3.311,3.311,3.311,3.311,1
CHEMBL4462108,193.99,193.99,193.0,194.98,2
CHEMBL4462139,963.0,963.0,963.0,963.0,1
CHEMBL4462404,656.0,656.0,656.0,656.0,1
CHEMBL4462814,676.0,676.0,676.0,676.0,1
CHEMBL4462820,10000.0,10000.0,10000.0,10000.0,1
CHEMBL4462839,27.0,27.0,27.0,27.0,1
CHEMBL4462851,5000.0,5000.0,5000.0,5000.0,1
CHEMBL4462915,2.818,2.818,2.818,2.818,1
CHEMBL4463030,7.0,7.0,7.0,7.0,1
CHEMBL4463034,58.0,58.0,58.0,58.0,1
CHEMBL4463187,7.762,7.762,7.762,7.762,1
CHEMBL4463200,53.5,53.5,30.0,77.0,2
CHEMBL4463276,205.0,205.0,140.0,270.0,2
CHEMBL4463620,537.0,537.0,537.0,537.0,1
CHEMBL4463737,3802.0,3802.0,3802.0,3802.0,1
CHEMBL4464060,1740.0,1740.0,1740.0,1740.0,1
CHEMBL4464370,927.0,927.0,927.0,927.0,1
CHEMBL4464377,10000.0,10000.0,10000.0,10000.0,1
CHEMBL4464512,39.0,39.0,39.0,39.0,1
CHEMBL4464971,364.0,364.0,364.0,364.0,2
CHEMBL4465002,85.5,85.5,71.0,100.0,2
CHEMBL4465127,2.4,2.4,2.4,2.4,1
CHEMBL4465181,105.0,105.0,105.0,105.0,1
CHEMBL4465318,169.82,169.82,169.82,169.82,1
CHEMBL4465414,757.0,757.0,757.0,757.0,1
CHEMBL4465596,1440.0,1440.0,1440.0,1440.0,1
CHEMBL4465638,10000.0,10000.0,10000.0,10000.0,1
CHEMBL4465929,1348.0,1348.0,1348.0,1348.0,1
CHEMBL4466071,10000.0,10000.0,10000.0,10000.0,1
CHEMBL4466114,500.0,500.0,490.0,510.0,2
CHEMBL4466356,132.0,132.0,132.0,132.0,1
CHEMBL4466483,8700.0,8700.0,8700.0,8700.0,1
CHEMBL4466677,112.2,112.2,112.2,112.2,1
CHEMBL4467359,10000.0,10000.0,10000.0,10000.0,1
CHEMBL4467437,33.5,33.5,22.0,45.0,2
CHEMBL4467486,5000.0,5000.0,5000.0,5000.0,1
CHEMBL4467528,5000.0,5000.0,5000.0,5000.0,1
CHEMBL4467883,550.0,550.0,550.0,550.0,1
CHEMBL4467984,0.84,0.84,0.84,0.84,1
CHEMBL4468036,431.0,431.0,431.0,431.0,1
CHEMBL4468396,5129.0,5129.0,5129.0,5129.0,1
CHEMBL4468416,83.18,83.18,83.18,83.18,1
CHEMBL4469147,5248.0,5248.0,5248.0,5248.0,1
CHEMBL4469309,3319.0,3319.0,3319.0,3319.0,1
CHEMBL4469537,1977.0,1977.0,1977.0,1977.0,1
CHEMBL4469539,141.0,141.0,141.0,141.0,1
CHEMBL4469584,4606.0,4606.0,4606.0,4606.0,1
CHEMBL4469633,1651.0,1651.0,1651.0,1651.0,1
CHEMBL4469777,58.1,58.1,58.1,58.1,1
CHEMBL4469792,10000.0,10000.0,10000.0,10000.0,1
CHEMBL4469813,1129.0,1129.0,1129.0,1129.0,1
CHEMBL4469847,10000.0,10000.0,10000.0,10000.0,2
CHEMBL4469848,7600.0,7600.0,7600.0,7600.0,1
CHEMBL4469860,1585.0,1585.0,1585.0,1585.0,1
CHEMBL4470231,27.5,27.5,23.0,32.0,2
CHEMBL4470304,188.0,188.0,188.0,188.0,1
CHEMBL4470321,19.05,19.05,19.05,19.05,1
CHEMBL4470437,10000.0,10000.0,10000.0,10000.0,1
CHEMBL4470439,5000.0,5000.0,5000.0,5000.0,1
CHEMBL4470487,51.0,51.0,51.0,51.0,2
CHEMBL4471055,1175.0,1175.0,1175.0,1175.0,1
CHEMBL4471658,138.01999999999998,138.01999999999998,138.0,138.04,2
CHEMBL4471669,2.93,2.93,2.93,2.93,1
CHEMBL4471755,1802.0,1802.0,1802.0,1802.0,1
CHEMBL4472043,6309.57,6309.57,6309.57,6309.57,1
CHEMBL4472206,2.455,2.455,2.455,2.455,1
CHEMBL4472382,1.514,1.514,1.514,1.514,1
CHEMBL4472580,255.0,255.0,210.0,300.0,2
CHEMBL4472585,3.548,3.548,3.548,3.548,1
CHEMBL4472629,708.0,708.0,708.0,708.0,1
CHEMBL4472703,10000.0,10000.0,10000.0,10000.0,1
CHEMBL4472900,3162.0,3162.0,3162.0,3162.0,1
CHEMBL4473026,24.0,24.0,24.0,24.0,1
CHEMBL4473083,1234.0,1234.0,1234.0,1234.0,1
CHEMBL4473519,186.10500000000002,186.10500000000002,186.0,186.21,2
CHEMBL44739,10000.0,10000.0,10000.0,10000.0,1
CHEMBL4474014,600.78,600.78,599.0,602.56,2
CHEMBL4474020,11.22,11.22,11.22,11.22,1
CHEMBL4474618,178.0,178.0,178.0,178.0,1
CHEMBL447476,190.0,190.0,130.0,250.0,4
CHEMBL4474827,5561.0,5561.0,5561.0,5561.0,1
CHEMBL4474829,10000.0,10000.0,10000.0,10000.0,1
CHEMBL4475042,29.5,29.5,24.0,35.0,2
CHEMBL4475262,177.83,177.83,177.83,177.83,1
CHEMBL4475406,1349.0,1349.0,1349.0,1349.0,1
CHEMBL4475451,74.13,74.13,74.13,74.13,1
CHEMBL4475608,3.548,3.548,3.548,3.548,1
CHEMBL4475699,216.0,216.0,216.0,216.0,1
CHEMBL4475978,260.0,260.0,180.0,340.0,2
CHEMBL4476164,2349.0,2349.0,2349.0,2349.0,1
CHEMBL4476278,625.0,625.0,520.0,730.0,2
CHEMBL4476372,9333.0,9333.0,9333.0,9333.0,1
CHEMBL4476394,11400.0,12000.0,11400.0,13200.0,3
CHEMBL4476432,27.0,27.0,27.0,27.0,1
CHEMBL4476520,10000.0,10000.0,10000.0,10000.0,1
CHEMBL4476605,261.0,261.0,261.0,261.0,1
CHEMBL4476699,6.34,6.34,6.34,6.34,1
CHEMBL447809,395.0,395.0,69.0,721.0,2
CHEMBL447907,100.0,100.0,100.0,100.0,1
CHEMBL4482896,112.2,112.2,112.2,112.2,1
CHEMBL4483304,3631.0,3631.0,3631.0,3631.0,1
CHEMBL4483496,411.0,411.0,411.0,411.0,1
CHEMBL4483554,16.0,16.0,16.0,16.0,1
CHEMBL4483569,219.0,212.66666666666666,200.0,219.0,3
CHEMBL448891,419.0,419.0,305.0,533.0,2
CHEMBL449250,758.58,758.58,758.58,758.58,1
CHEMBL449920,6354.785,6354.785,6309.57,6400.0,2
CHEMBL450021,110.0,110.0,110.0,110.0,1
CHEMBL451149,308.115,308.115,300.0,316.23,2
CHEMBL4514517,7.943,7.943,7.943,7.943,1
CHEMBL4514586,253.1,253.1,253.1,253.1,1
CHEMBL4514800,323.6,323.6,323.6,323.6,1
CHEMBL4515075,520.0,520.0,520.0,520.0,1
CHEMBL4515160,19.0,19.0,19.0,19.0,1
CHEMBL4515234,247.0,206.0,124.0,247.0,3
CHEMBL45156,10000.0,10000.0,10000.0,10000.0,1
CHEMBL4516621,10000.0,10000.0,10000.0,10000.0,1
CHEMBL4516784,1622.0,1622.0,1622.0,1622.0,1
CHEMBL4516799,150.0,150.0,150.0,150.0,1
CHEMBL45168,10000.0,10000.0,10000.0,10000.0,1
CHEMBL4517102,164.0,164.0,164.0,164.0,1
CHEMBL4517296,56.114999999999995,56.114999999999995,56.0,56.23,2
CHEMBL4517552,10000.0,10000.0,10000.0,10000.0,1
CHEMBL4517898,193.0,193.0,193.0,193.0,1
CHEMBL4518618,424.0,424.0,424.0,424.0,2
CHEMBL4519004,2138.0,2138.0,2138.0,2138.0,1
CHEMBL4519266,1365.0,1365.0,1365.0,1365.0,1
CHEMBL4519312,75.0,75.0,75.0,75.0,1
CHEMBL4519420,21.88,21.88,21.88,21.88,1
CHEMBL4519916,245.0,245.0,245.0,245.0,1
CHEMBL4519938,75.8,73.23333333333333,68.1,75.8,3
CHEMBL4520003,1175.0,1175.0,1175.0,1175.0,1
CHEMBL4520293,369.37,365.73,354.81,369.37,4
CHEMBL4520460,165.0,165.0,120.0,210.0,2
CHEMBL4520580,1592.0,1592.0,1592.0,1592.0,1
CHEMBL4520788,2333.64,2220.846666666667,1995.26,2333.64,3
CHEMBL4520796,1092.0,1092.0,1090.0,1094.0,2
CHEMBL4521199,10000.0,10000.0,10000.0,10000.0,1
CHEMBL4521477,257.0,257.0,257.0,257.0,1
CHEMBL4521525,30000.0,30000.0,30000.0,30000.0,1
CHEMBL4521947,27.8,27.8,27.8,27.8,1
CHEMBL4522558,1023.0,1023.0,1023.0,1023.0,1
CHEMBL4522568,566.0,566.0,566.0,566.0,1
CHEMBL4522930,341.44,338.00333333333333,331.13,341.44,3
CHEMBL45244,3740.0,3783.9928571428572,1100.0,6480.0,7
CHEMBL4524906,10000.0,10000.0,10000.0,10000.0,1
CHEMBL4524981,674.0,674.0,674.0,674.0,1
CHEMBL4525624,4012.0,4012.0,4012.0,4012.0,1
CHEMBL4525992,355.0,355.0,355.0,355.0,1
CHEMBL4526012,1862.0,1862.0,1862.0,1862.0,1
CHEMBL4526351,10000.0,10000.0,10000.0,10000.0,3
CHEMBL4527078,18900.0,18900.0,18900.0,18900.0,2
CHEMBL4527124,1224.0,1224.0,1224.0,1224.0,1
CHEMBL4527244,2362.0,2362.0,2362.0,2362.0,1
CHEMBL4527257,166.0,166.0,166.0,166.0,1
CHEMBL4528162,10000.0,10000.0,10000.0,10000.0,1
CHEMBL4528651,10000.0,10000.0,10000.0,10000.0,1
CHEMBL4528793,254.0,254.0,254.0,254.0,1
CHEMBL4528835,0.1585,0.1585,0.1585,0.1585,1
CHEMBL4529368,1.023,1.023,1.023,1.023,1
CHEMBL4529615,10000.0,10000.0,10000.0,10000.0,1
CHEMBL45305,8000.0,15750.0,1000.0,46000.0,4
CHEMBL4530770,90.0,90.0,90.0,90.0,1
CHEMBL4531363,507.0,507.0,507.0,507.0,1
CHEMBL4531898,10000.0,10000.0,10000.0,10000.0,1
CHEMBL4532712,740.0,740.0,740.0,740.0,1
CHEMBL4532741,271.0,271.0,271.0,271.0,1
CHEMBL4533305,190.265,190.265,181.0,199.53,2
CHEMBL4534566,20800.0,22900.0,20800.0,27100.0,3
CHEMBL4534703,80.5,80.5,51.0,110.0,2
CHEMBL4534733,211.0,211.0,211.0,211.0,1
CHEMBL4535174,63.1,63.1,63.1,63.1,1
CHEMBL4536315,167.0,167.0,167.0,167.0,1
CHEMBL4536530,410.0,410.0,390.0,430.0,2
CHEMBL4536834,324.0,324.0,324.0,324.0,1
CHEMBL4537230,29.51,29.51,29.51,29.51,1
CHEMBL4537294,180.0,180.0,180.0,180.0,1
CHEMBL4538667,2.0,2.0,2.0,2.0,1
CHEMBL4540218,29.255000000000003,29.255000000000003,29.0,29.51,2
CHEMBL4540404,48.0,48.0,48.0,48.0,1
CHEMBL4540679,2.138,2.138,2.138,2.138,1
CHEMBL4541515,2.2,2.2,2.2,2.2,1
CHEMBL4541526,10000.0,10000.0,10000.0,10000.0,1
CHEMBL4541606,320.0,320.0,320.0,320.0,1
CHEMBL4541924,408.0,408.0,408.0,408.0,1
CHEMBL4542754,114.0,114.0,114.0,114.0,1
CHEMBL4543263,142.0,142.0,142.0,142.0,1
CHEMBL4543524,12.5,12.5,12.5,12.5,1
CHEMBL4543685,233.0,233.0,233.0,233.0,1
CHEMBL4543870,5000.0,5000.0,5000.0,5000.0,1
CHEMBL4544086,125.0,125.0,110.0,140.0,2
CHEMBL4544491,0.1549,0.1549,0.1549,0.1549,1
CHEMBL4544583,5.5,5.5,5.5,5.5,1
CHEMBL4544802,10000.0,10000.0,10000.0,10000.0,1
CHEMBL4545270,945.0,945.0,945.0,945.0,1
CHEMBL4545775,24994.0,24994.0,24994.0,24994.0,1
CHEMBL4545912,10000.0,10000.0,10000.0,10000.0,1
CHEMBL4546210,10800.0,10446.666666666666,9740.0,10800.0,3
CHEMBL4546749,1502.0,1502.0,1502.0,1502.0,1
CHEMBL4546775,94.0,94.0,94.0,94.0,1
CHEMBL4546839,1.1,1.1,1.1,1.1,1
CHEMBL4548041,2362.0,2362.0,2362.0,2362.0,1
CHEMBL4548353,197.0,197.0,197.0,197.0,1
CHEMBL4548632,165.0,165.0,165.0,165.0,1
CHEMBL4548837,10000.0,10000.0,10000.0,10000.0,1
CHEMBL45491,101.0,101.0,2.0,200.0,2
CHEMBL4549734,310.0,310.0,310.0,310.0,1
CHEMBL4550187,5623.0,5623.0,5623.0,5623.0,1
CHEMBL4550561,1826.0,1826.0,1826.0,1826.0,1
CHEMBL4550633,86.0,86.0,62.0,110.0,2
CHEMBL4550815,5500.0,5500.0,5500.0,5500.0,1
CHEMBL4551160,848.9,848.9,87.8,1610.0,2
CHEMBL4551220,136.0,136.0,136.0,136.0,1
CHEMBL4552041,368.0,368.0,368.0,368.0,1
CHEMBL4552542,26.9,26.9,26.9,26.9,1
CHEMBL455288,47.0,47.0,47.0,47.0,1
CHEMBL4552939,6.83,6.83,6.83,6.83,1
CHEMBL4553059,328.0,317.0,295.0,328.0,3
CHEMBL455318,10000.0,10000.0,10000.0,10000.0,1
CHEMBL4554053,66.035,66.035,66.0,66.07,2
CHEMBL4554558,71.9,71.9,71.9,71.9,1
CHEMBL4555115,10000.0,10000.0,10000.0,10000.0,1
CHEMBL4555307,5.64,5.64,5.64,5.64,1
CHEMBL4555349,3020.0,3020.0,3020.0,3020.0,1
CHEMBL4555827,10800.0,10600.0,10200.0,10800.0,3
CHEMBL4555890,30.0,30.0,30.0,30.0,1
CHEMBL4556173,17.78,17.78,17.78,17.78,1
CHEMBL4557247,734.0,734.0,734.0,734.0,1
CHEMBL4558031,363.53999999999996,363.53999999999996,363.08,364.0,2
CHEMBL4558202,10000.0,10000.0,10000.0,10000.0,1
CHEMBL4558215,10000.0,10000.0,10000.0,10000.0,1
CHEMBL4558444,465.0,465.0,465.0,465.0,1
CHEMBL4558518,1219.0,1232.3100000000002,1219.0,1258.93,3
CHEMBL4559278,323.59,323.59,323.59,323.59,1
CHEMBL4559312,10000.0,10000.0,10000.0,10000.0,1
CHEMBL4560883,4369.0,4369.0,4369.0,4369.0,1
CHEMBL4561808,380.0,380.0,380.0,380.0,1
CHEMBL456232,89.4,89.4,89.4,89.4,1
CHEMBL456233,5.92,5.92,5.92,5.92,1
CHEMBL4562787,438.0,438.0,438.0,438.0,1
CHEMBL4563944,5.449999999999999,5.449999999999999,4.3,6.6,2
CHEMBL4564093,1302.0,1302.0,1302.0,1302.0,1
CHEMBL456429,1231.0,1231.0,1231.0,1231.0,1
CHEMBL456430,1050.0,1050.0,1050.0,1050.0,1
CHEMBL4564507,16.1,16.1,16.1,16.1,1
CHEMBL4565126,87.3,87.3,87.3,87.3,1
CHEMBL4565200,213.9,213.9,213.8,214.0,2
CHEMBL4565558,31.0,31.0,1.0,61.0,2
CHEMBL4565881,10000.0,10000.0,10000.0,10000.0,1
CHEMBL4565997,4753.0,4753.0,4753.0,4753.0,1
CHEMBL4566363,1042.0,1042.0,1042.0,1042.0,1
CHEMBL456647,6300.0,6300.0,6300.0,6300.0,1
CHEMBL456673,1324000.0,1324000.0,1324000.0,1324000.0,1
CHEMBL456674,629000.0,629000.0,629000.0,629000.0,1
CHEMBL456675,20000.0,20000.0,20000.0,20000.0,1
CHEMBL4566992,84.0,84.0,84.0,84.0,1
CHEMBL4567345,58.0,58.0,58.0,58.0,1
CHEMBL4567758,370.0,370.0,310.0,430.0,2
CHEMBL4567895,38.6,38.6,38.6,38.6,1
CHEMBL456825,40.6,40.6,40.6,40.6,1
CHEMBL4568709,5.248,5.248,5.248,5.248,1
CHEMBL4568916,5000.0,5000.0,5000.0,5000.0,1
CHEMBL4569006,5934.0,5934.0,5934.0,5934.0,1
CHEMBL4569757,132.0,132.0,132.0,132.0,1
CHEMBL4570073,33.5,33.5,26.0,41.0,2
CHEMBL4570209,11160.0,11160.0,11160.0,11160.0,1
CHEMBL457024,26.0,26.0,26.0,26.0,1
CHEMBL457025,26.0,26.0,26.0,26.0,1
CHEMBL4570273,0.1202,0.1202,0.1202,0.1202,1
CHEMBL4570411,647.325,647.325,645.65,649.0,2
CHEMBL4570430,1832.0,1832.0,1832.0,1832.0,1
CHEMBL4570554,13500.0,12866.666666666666,11600.0,13500.0,3
CHEMBL4570584,4247.0,4247.0,4247.0,4247.0,1
CHEMBL4570930,64.57,64.57,64.57,64.57,1
CHEMBL4571077,118.0,118.0,118.0,118.0,1
CHEMBL4571321,62.0,62.0,62.0,62.0,1
CHEMBL4571469,10000.0,10000.0,10000.0,10000.0,1
CHEMBL4571568,92.9,92.9,92.9,92.9,1
CHEMBL4571862,190.0,190.0,190.0,190.0,1
CHEMBL4572158,1168.0,1168.0,1168.0,1168.0,1
CHEMBL4572167,10000.0,10000.0,10000.0,10000.0,1
CHEMBL4572614,9600.0,9600.0,9600.0,9600.0,1
CHEMBL4572629,1230.0,1230.0,1230.0,1230.0,1
CHEMBL4572646,680.0,680.0,670.0,690.0,2
CHEMBL4572887,22.39,22.39,22.39,22.39,1
CHEMBL4573441,287.7,287.7,287.0,288.4,2
CHEMBL4573880,10000.0,10000.0,10000.0,10000.0,1
CHEMBL4573883,10000.0,10000.0,10000.0,10000.0,1
CHEMBL4574793,40.870000000000005,40.870000000000005,40.74,41.0,2
CHEMBL4576555,2752.0,2616.1966666666667,2344.23,2752.36,3
CHEMBL4576998,63.1,63.1,63.1,63.1,1
CHEMBL4577162,1421.0,1421.0,1421.0,1421.0,1
CHEMBL4577206,17000.0,17000.0,17000.0,17000.0,1
CHEMBL4577414,4.65,4.65,4.65,4.65,1
CHEMBL4578143,108.0,108.0,108.0,108.0,1
CHEMBL4578364,238.0,238.0,238.0,238.0,1
CHEMBL457889,1000000.0,1000000.0,1000000.0,1000000.0,1
CHEMBL457890,1000000.0,1000000.0,1000000.0,1000000.0,1
CHEMBL457891,1000000.0,1000000.0,1000000.0,1000000.0,1
CHEMBL457899,1412000.0,1412000.0,1412000.0,1412000.0,1
CHEMBL457921,655000.0,655000.0,655000.0,655000.0,1
CHEMBL4579251,140.0,140.0,140.0,140.0,1
CHEMBL457957,904.0,904.0,904.0,904.0,1
CHEMBL4579585,4.2,4.2,4.2,4.2,1
CHEMBL457974,100.0,100.0,100.0,100.0,1
CHEMBL4579883,42.0,42.0,42.0,42.0,1
CHEMBL4579971,61.66,61.66,61.66,61.66,1
CHEMBL4579981,10000.0,10000.0,10000.0,10000.0,3
CHEMBL458001,5248.07,5248.07,5248.07,5248.07,1
CHEMBL458002,4897.79,4897.79,4897.79,4897.79,1
CHEMBL4580817,1148.0,1148.0,1148.0,1148.0,1
CHEMBL4580959,506.0,506.0,506.0,506.0,1
CHEMBL4582096,135.0,135.0,110.0,160.0,2
CHEMBL458220,5128.61,5128.61,5128.61,5128.61,1
CHEMBL4582567,1047.0,1047.0,1047.0,1047.0,1
CHEMBL4582714,85.11,85.11,85.11,85.11,1
CHEMBL4583082,220.0,220.0,220.0,220.0,1
CHEMBL458342,10000.0,10000.0,10000.0,10000.0,1
CHEMBL4583507,10000.0,10000.0,10000.0,10000.0,1
CHEMBL458354,1341.0,1341.0,1341.0,1341.0,1
CHEMBL4583596,122.0,122.0,94.0,150.0,2
CHEMBL4583609,2049.0,2049.0,2049.0,2049.0,1
CHEMBL4584060,281.84,281.84,281.84,281.84,1
CHEMBL4584325,2916.0,2916.0,2916.0,2916.0,1
CHEMBL4584372,233.0,233.0,233.0,233.0,1
CHEMBL4584481,5000.0,5000.0,5000.0,5000.0,1
CHEMBL4584497,80.2,80.2,80.2,80.2,2
CHEMBL4584504,446.0,446.0,446.0,446.0,1
CHEMBL4584719,10.0,10.0,10.0,10.0,1
CHEMBL4584746,10000.0,10000.0,10000.0,10000.0,1
CHEMBL4585051,161.0,161.0,161.0,161.0,1
CHEMBL4585289,2435.9,2435.9,2435.9,2435.9,1
CHEMBL4585384,47.0,47.0,35.0,59.0,2
CHEMBL458554,100.0,100.0,100.0,100.0,1
CHEMBL4585956,10000.0,10000.0,10000.0,10000.0,1
CHEMBL4586276,458.0,458.0,458.0,458.0,1
CHEMBL4586327,619.0,619.0,619.0,619.0,1
CHEMBL4586353,794.0,794.0,794.0,794.0,1
CHEMBL4586531,8434.0,8434.0,8434.0,8434.0,1
CHEMBL4586582,992.0,992.0,992.0,992.0,1
CHEMBL4586990,10000.0,10000.0,10000.0,10000.0,1
CHEMBL458758,196.0,196.0,196.0,196.0,1
CHEMBL458759,100.0,100.0,100.0,100.0,1
CHEMBL4587635,190.0,190.0,190.0,190.0,1
CHEMBL4587645,525.0,525.0,410.0,640.0,2
CHEMBL4587772,11.0,11.0,11.0,11.0,1
CHEMBL458792,298000.0,298000.0,298000.0,298000.0,1
CHEMBL458991,1000000.0,1000000.0,1000000.0,1000000.0,1
CHEMBL458992,1000000.0,1000000.0,1000000.0,1000000.0,1
CHEMBL4589982,440.0,440.0,380.0,500.0,2
CHEMBL4590085,46.77,46.77,46.77,46.77,1
CHEMBL4590192,99.7,99.7,99.7,99.7,1
CHEMBL4590211,2105.0,2105.0,2105.0,2105.0,1
CHEMBL4590356,660.7,660.7,660.7,660.7,1
CHEMBL4590839,3494.0,3494.0,3494.0,3494.0,1
CHEMBL4590882,7079.0,7079.0,7079.0,7079.0,1
CHEMBL4590966,275.4,275.4,275.4,275.4,1
CHEMBL4591250,95.0,95.0,95.0,95.0,1
CHEMBL4591410,1730.0,1730.0,1730.0,1730.0,1
CHEMBL4591440,217.0,217.0,217.0,217.0,1
CHEMBL4591554,287.2,287.2,286.0,288.4,2
CHEMBL459158,1000000.0,1000000.0,1000000.0,1000000.0,1
CHEMBL4591878,329.0,329.0,329.0,329.0,1
CHEMBL4592085,10000.0,10000.0,10000.0,10000.0,1
CHEMBL4592256,8710.0,8710.0,8710.0,8710.0,1
CHEMBL4592941,239.0,239.0,239.0,239.0,1
CHEMBL4592962,246.0,246.0,246.0,246.0,1
CHEMBL4593394,1230.0,1230.0,1230.0,1230.0,1
CHEMBL459350,101.0,101.0,101.0,101.0,1
CHEMBL4593671,571.0,571.0,571.0,571.0,1
CHEMBL459373,41.0,41.0,41.0,41.0,1
CHEMBL459871,389.05,389.05,389.05,389.05,1
CHEMBL459930,213.8,213.8,213.8,213.8,1
CHEMBL46,10000.0,10000.0,10000.0,10000.0,1
CHEMBL460223,970.0,970.0,970.0,970.0,1
CHEMBL460402,1000.0,1000.0,1000.0,1000.0,1
CHEMBL460644,1170.0,1170.0,1170.0,1170.0,1
CHEMBL460854,53.0,53.0,53.0,53.0,1
CHEMBL461627,85.11,85.11,85.11,85.11,1
CHEMBL4632519,370.0,370.0,370.0,370.0,1
CHEMBL4633772,854.0,854.0,854.0,854.0,2
CHEMBL4634039,679.0,679.0,679.0,679.0,1
CHEMBL4635363,225.0,225.0,225.0,225.0,1
CHEMBL4635603,33.0,33.0,33.0,33.0,1
CHEMBL4636031,31.0,31.0,31.0,31.0,1
CHEMBL4636318,963.0,963.0,963.0,963.0,1
CHEMBL4636435,168.0,168.0,168.0,168.0,1
CHEMBL4636589,431.0,431.0,431.0,431.0,1
CHEMBL4636778,11900.0,11900.0,11900.0,11900.0,1
CHEMBL4636881,100000.0,100000.0,100000.0,100000.0,1
CHEMBL4636948,320.0,320.0,320.0,320.0,1
CHEMBL4637208,889.915,889.915,812.83,967.0,2
CHEMBL4637246,231.0,231.0,231.0,231.0,2
CHEMBL4637294,56.0,56.0,56.0,56.0,1
CHEMBL46374,10000.0,10000.0,10000.0,10000.0,1
CHEMBL4637673,978.0,978.0,978.0,978.0,1
CHEMBL4638308,16.0,16.0,16.0,16.0,1
CHEMBL4638388,106.0,106.0,106.0,106.0,1
CHEMBL4638749,2048.0,2048.0,2048.0,2048.0,1
CHEMBL4639203,55.0,55.0,55.0,55.0,1
CHEMBL4639398,260.0,260.0,260.0,260.0,1
CHEMBL4641296,31.0,31.0,31.0,31.0,1
CHEMBL4641502,1740.0,1740.0,1740.0,1740.0,1
CHEMBL4641609,1.0,1.0,1.0,1.0,1
CHEMBL4642292,10000.0,10000.0,10000.0,10000.0,1
CHEMBL4642594,18.0,18.0,18.0,18.0,1
CHEMBL4642981,1.0,1.0,1.0,1.0,1
CHEMBL4643450,16.0,16.0,16.0,16.0,1
CHEMBL4644906,39.0,39.0,39.0,39.0,1
CHEMBL4645139,1507.8,1507.8,1507.8,1507.8,1
CHEMBL4645292,41.0,41.0,41.0,41.0,1
CHEMBL4645308,35.0,35.0,35.0,35.0,1
CHEMBL4645525,27.0,27.0,27.0,27.0,1
CHEMBL4645793,14.0,14.0,14.0,14.0,1
CHEMBL4646868,59.0,59.0,59.0,59.0,1
CHEMBL4646927,478.0,478.0,478.0,478.0,1
CHEMBL464811,285.0,285.0,285.0,285.0,1
CHEMBL4648390,164.0,164.0,164.0,164.0,1
CHEMBL4648581,9.0,9.0,9.0,9.0,1
CHEMBL4649785,759.0,759.0,759.0,759.0,1
CHEMBL465014,121.0,121.0,121.0,121.0,1
CHEMBL465054,88.0,88.0,88.0,88.0,1
CHEMBL46519,10000.0,10000.0,10000.0,10000.0,1
CHEMBL46523,1600.0,1600.0,1600.0,1600.0,1
CHEMBL46559,10000.0,10000.0,10000.0,10000.0,1
CHEMBL46596,10000.0,10000.0,10000.0,10000.0,1
CHEMBL467094,858.0,858.0,858.0,858.0,1
CHEMBL46880,10000.0,10000.0,10000.0,10000.0,1
CHEMBL47050,159.0,159.0,159.0,159.0,1
CHEMBL4739908,1000.0,1000.0,1000.0,1000.0,1
CHEMBL4740097,1000.0,1000.0,1000.0,1000.0,2
CHEMBL4740430,1000.0,1000.0,1000.0,1000.0,1
CHEMBL4740785,59.0,59.0,59.0,59.0,1
CHEMBL4740880,124.0,124.0,124.0,124.0,1
CHEMBL4741142,100.0,100.0,100.0,100.0,1
CHEMBL4741279,8830.0,8830.0,8830.0,8830.0,1
CHEMBL4741673,25.3,25.3,25.3,25.3,1
CHEMBL4741702,2.9,2.9,2.9,2.9,1
CHEMBL4741857,1000.0,1000.0,1000.0,1000.0,2
CHEMBL4741978,813.0,813.0,813.0,813.0,1
CHEMBL4742056,135.0,135.0,135.0,135.0,1
CHEMBL4742112,1000.0,1000.0,1000.0,1000.0,1
CHEMBL4742122,1000.0,1000.0,1000.0,1000.0,2
CHEMBL4742201,65300.0,65300.0,65300.0,65300.0,1
CHEMBL4742856,9.12,9.12,9.12,9.12,1
CHEMBL4743127,120.0,120.0,120.0,120.0,1
CHEMBL4743284,643.325,643.325,641.0,645.65,2
CHEMBL4743651,91.1,91.1,91.1,91.1,1
CHEMBL4743868,640.0,640.0,640.0,640.0,1
CHEMBL4744007,3.09,3.09,3.09,3.09,1
CHEMBL4744067,1000.0,1000.0,1000.0,1000.0,1
CHEMBL4744811,95.1,95.1,86.2,104.0,2
CHEMBL4744824,2900.0,2900.0,2900.0,2900.0,1
CHEMBL4745099,1000.0,1000.0,1000.0,1000.0,2
CHEMBL4745124,63.0,63.0,63.0,63.0,1
CHEMBL4745242,1400.0,1400.0,1400.0,1400.0,1
CHEMBL4745313,10000.0,10000.0,10000.0,10000.0,1
CHEMBL4745489,110.0,110.0,110.0,110.0,1
CHEMBL4745809,20.6,20.6,20.6,20.6,1
CHEMBL4746373,13.1,13.1,13.1,13.1,1
CHEMBL4746386,1000.0,1000.0,1000.0,1000.0,1
CHEMBL4746734,1000.0,1000.0,1000.0,1000.0,2
CHEMBL4746800,11600.0,11600.0,11600.0,11600.0,1
CHEMBL4747083,1000.0,1000.0,1000.0,1000.0,1
CHEMBL4747225,0.1995,0.1995,0.1995,0.1995,1
CHEMBL4747425,1000.0,1000.0,1000.0,1000.0,1
CHEMBL4747978,0.631,0.631,0.631,0.631,1
CHEMBL4748107,102.33,102.33,102.33,102.33,1
CHEMBL47482,10000.0,10000.0,10000.0,10000.0,1
CHEMBL4748201,270.0,270.0,270.0,270.0,1
CHEMBL4748379,1.738,1.738,1.738,1.738,1
CHEMBL4748858,1000.0,1000.0,1000.0,1000.0,3
CHEMBL4748915,1380.0,1380.0,1380.0,1380.0,1
CHEMBL4749033,2000.0,2000.0,2000.0,2000.0,1
CHEMBL4749824,38.02,38.02,38.02,38.02,1
CHEMBL4750444,1000.0,1000.0,1000.0,1000.0,1
CHEMBL4750587,169.82,169.82,169.82,169.82,1
CHEMBL4750607,4020.0,4020.0,4020.0,4020.0,1
CHEMBL4750660,12400.0,12400.0,12400.0,12400.0,1
CHEMBL4750664,31.62,31.62,31.62,31.62,1
CHEMBL4750939,23.9,23.9,23.9,23.9,1
CHEMBL4751063,8.318,8.318,8.318,8.318,1
CHEMBL4751170,3.981,3.981,3.981,3.981,1
CHEMBL4751777,570.0,570.0,570.0,570.0,1
CHEMBL4752177,1000.0,1000.0,1000.0,1000.0,1
CHEMBL4752414,5.8,5.8,5.8,5.8,1
CHEMBL4752919,10000.0,10000.0,10000.0,10000.0,1
CHEMBL4753094,5.623,5.623,5.623,5.623,1
CHEMBL4753299,1400.0,1400.0,1400.0,1400.0,1
CHEMBL4753328,1000.0,1000.0,1000.0,1000.0,2
CHEMBL4753384,2000.0,2000.0,2000.0,2000.0,1
CHEMBL4753394,1000.0,1000.0,1000.0,1000.0,1
CHEMBL4753414,1000.0,1000.0,1000.0,1000.0,2
CHEMBL4753808,12.1,12.1,12.1,12.1,1
CHEMBL4753988,1000.0,1000.0,1000.0,1000.0,1
CHEMBL4754138,20.42,20.42,20.42,20.42,1
CHEMBL4754193,1.413,1.413,1.413,1.413,1
CHEMBL4754363,1000.0,1000.0,1000.0,1000.0,2
CHEMBL4754941,1000.0,1000.0,1000.0,1000.0,2
CHEMBL4755058,1000.0,1000.0,1000.0,1000.0,1
CHEMBL4755062,10000.0,10000.0,10000.0,10000.0,1
CHEMBL4755336,48.0,48.0,48.0,48.0,1
CHEMBL4755563,188.7,188.7,188.7,188.7,1
CHEMBL4756041,1000.0,1000.0,1000.0,1000.0,1
CHEMBL4756233,1000.0,1000.0,1000.0,1000.0,1
CHEMBL4756254,98.0,98.0,98.0,98.0,1
CHEMBL4756322,1000.0,1000.0,1000.0,1000.0,1
CHEMBL4756417,1987.0,1987.0,1987.0,1987.0,1
CHEMBL4756446,9000.0,9000.0,9000.0,9000.0,1
CHEMBL4756826,9.8,9.8,9.8,9.8,1
CHEMBL4756987,167.5,167.5,167.5,167.5,1
CHEMBL4757297,69.0,69.0,69.0,69.0,1
CHEMBL4758402,95.5,95.5,95.5,95.5,1
CHEMBL4758723,127.0,127.0,127.0,127.0,1
CHEMBL4758774,6610.0,6610.0,6610.0,6610.0,1
CHEMBL4758966,47.0,47.0,47.0,47.0,1
CHEMBL4759208,241.0,241.0,241.0,241.0,1
CHEMBL4759492,0.9333,0.9333,0.9333,0.9333,1
CHEMBL4759629,1000.0,1000.0,1000.0,1000.0,2
CHEMBL4759730,31.0,31.0,31.0,31.0,1
CHEMBL4759975,2.8,2.8,2.8,2.8,1
CHEMBL4760271,1000.0,1000.0,1000.0,1000.0,1
CHEMBL4760590,10000.0,10000.0,10000.0,10000.0,1
CHEMBL4760621,1000.0,1000.0,1000.0,1000.0,1
CHEMBL4760655,2.57,2.57,2.57,2.57,1
CHEMBL4760666,1000.0,1000.0,1000.0,1000.0,1
CHEMBL4760689,150.3,150.3,150.3,150.3,1
CHEMBL4760903,28.0,28.0,28.0,28.0,1
CHEMBL476108,43.3,43.3,43.3,43.3,1
CHEMBL476109,178.4,178.4,178.4,178.4,1
CHEMBL4761213,11.9,11.9,11.9,11.9,1
CHEMBL4761274,84.0,84.0,84.0,84.0,1
CHEMBL4761382,1000.0,1000.0,1000.0,1000.0,1
CHEMBL4761618,2000.0,2000.0,2000.0,2000.0,1
CHEMBL476185,229.09,229.09,229.09,229.09,1
CHEMBL4762024,14.1,14.1,14.1,14.1,1
CHEMBL4762226,17.78,17.78,17.78,17.78,1
CHEMBL4762918,99.3,99.3,99.3,99.3,1
CHEMBL4763085,14.13,14.13,14.13,14.13,1
CHEMBL4763106,34.67,34.67,34.67,34.67,1
CHEMBL476393,151.36,151.36,151.36,151.36,1
CHEMBL476394,36.31,36.31,36.31,36.31,1
CHEMBL4764006,1.23,1.23,1.23,1.23,1
CHEMBL4764468,16.22,16.22,16.22,16.22,1
CHEMBL4764557,56.23,56.23,56.23,56.23,1
CHEMBL4764639,1589.0,1589.0,1589.0,1589.0,1
CHEMBL4764679,1.0,1.0,1.0,1.0,1
CHEMBL4764692,16.3,16.3,16.3,16.3,1
CHEMBL4764883,1010.0,1010.0,1010.0,1010.0,2
CHEMBL4765081,6070.0,6070.0,6070.0,6070.0,1
CHEMBL476641,794.33,794.33,794.33,794.33,1
CHEMBL476642,100000.0,100000.0,100000.0,100000.0,1
CHEMBL476808,20.42,20.42,20.42,20.42,1
CHEMBL476839,10000.0,10000.0,10000.0,10000.0,1
CHEMBL476933,155.0,155.0,155.0,155.0,1
CHEMBL476934,170.0,170.0,170.0,170.0,1
CHEMBL476935,158.15,152.38500000000002,29.51,254.0,6
CHEMBL477055,218.78,218.78,218.78,218.78,1
CHEMBL477206,3.631,3.010333333333333,1.5,3.9,3
CHEMBL477250,12.3,13.433333333333332,7.0,21.0,3
CHEMBL4775997,56.23,56.23,56.23,56.23,1
CHEMBL4776090,453.0,453.0,453.0,453.0,1
CHEMBL4776225,32.36,32.36,32.36,32.36,1
CHEMBL477646,11.48,11.48,11.48,11.48,1
CHEMBL4777055,79.1,79.1,79.1,79.1,1
CHEMBL4777080,156000.0,156000.0,156000.0,156000.0,1
CHEMBL4777084,1000.0,1000.0,1000.0,1000.0,1
CHEMBL4777373,54.8,54.8,54.8,54.8,1
CHEMBL4777581,1000.0,1000.0,1000.0,1000.0,1
CHEMBL4778076,19100.0,19100.0,19100.0,19100.0,1
CHEMBL477820,10000.0,10000.0,10000.0,10000.0,1
CHEMBL4778204,1654.0,1654.0,1654.0,1654.0,1
CHEMBL4778398,5880.0,5880.0,5880.0,5880.0,1
CHEMBL4778418,15.14,15.14,15.14,15.14,1
CHEMBL4779001,479.0,479.0,479.0,479.0,1
CHEMBL4779051,10000.0,10000.0,10000.0,10000.0,1
CHEMBL4779083,1400.0,1400.0,1400.0,1400.0,1
CHEMBL4779364,167.2,167.2,167.2,167.2,1
CHEMBL4779739,104.71,104.71,104.71,104.71,1
CHEMBL4779912,290.5,290.5,290.5,290.5,1
CHEMBL478,10000.0,10000.0,10000.0,10000.0,1
CHEMBL4780335,93.9,93.9,93.9,93.9,1
CHEMBL478043,10000.0,10000.0,10000.0,10000.0,1
CHEMBL4780470,8.913,8.913,8.913,8.913,1
CHEMBL4781390,17.2,17.2,17.2,17.2,1
CHEMBL4781480,189.0,189.0,189.0,189.0,1
CHEMBL4781985,1000.0,1000.0,1000.0,1000.0,1
CHEMBL4782149,43.65,43.65,43.65,43.65,1
CHEMBL4782694,1180.0,1180.0,1180.0,1180.0,1
CHEMBL4783375,12.5,12.5,12.5,12.5,1
CHEMBL4783987,10000.0,10000.0,10000.0,10000.0,2
CHEMBL4784005,1400.0,1400.0,1400.0,1400.0,1
CHEMBL4784228,56.23,56.23,56.23,56.23,1
CHEMBL4784373,2.1,2.1,2.1,2.1,1
CHEMBL4784414,23.99,23.99,23.99,23.99,1
CHEMBL4784751,31.6,31.6,31.6,31.6,1
CHEMBL4785434,12.3,12.3,12.3,12.3,1
CHEMBL4786067,1000.0,1000.0,1000.0,1000.0,1
CHEMBL478617,2.3,2.3,2.3,2.3,1
CHEMBL4786420,66.0,66.0,66.0,66.0,1
CHEMBL4786537,1000.0,1000.0,1000.0,1000.0,2
CHEMBL478671,5027.75,5027.75,55.5,10000.0,2
CHEMBL478688,158.49,158.49,158.49,158.49,1
CHEMBL4788000,9.6,9.6,9.6,9.6,1
CHEMBL4788140,43.7,43.7,43.7,43.7,1
CHEMBL4789422,467.3,467.3,467.3,467.3,1
CHEMBL4789472,1253.9650000000001,1253.9650000000001,1249.0,1258.93,2
CHEMBL4789505,1000.0,1000.0,1000.0,1000.0,2
CHEMBL479,19.5,19.5,12.0,27.0,2
CHEMBL4790018,73.0,73.0,73.0,73.0,1
CHEMBL4790020,38.9,38.9,38.9,38.9,1
CHEMBL4790288,10000.0,10000.0,10000.0,10000.0,1
CHEMBL4790600,25.0,25.0,25.0,25.0,1
CHEMBL4790662,1000.0,1000.0,1000.0,1000.0,1
CHEMBL4790699,148.3,148.3,148.3,148.3,1
CHEMBL4791063,7440.0,7440.0,7440.0,7440.0,1
CHEMBL4791884,9420.0,9420.0,9420.0,9420.0,1
CHEMBL4792709,20.6,20.6,20.6,20.6,1
CHEMBL4792999,250.0,250.0,250.0,250.0,1
CHEMBL4793296,1171.45,1171.45,1168.0,1174.9,2
CHEMBL4793515,1000.0,1000.0,1000.0,1000.0,1
CHEMBL4793608,19.95,19.95,19.95,19.95,1
CHEMBL4793813,819.0,819.0,819.0,819.0,1
CHEMBL4794406,2920.0,2920.0,2920.0,2920.0,1
CHEMBL4794870,970.0,970.0,970.0,970.0,1
CHEMBL4794963,1143.0,1143.0,1143.0,1143.0,1
CHEMBL4795213,15.1,15.1,15.1,15.1,1
CHEMBL4795230,106.0,106.0,106.0,106.0,1
CHEMBL4795995,0.4467,0.4467,0.4467,0.4467,1
CHEMBL4796345,1000.0,1000.0,1000.0,1000.0,1
CHEMBL4796647,323.59,323.59,323.59,323.59,1
CHEMBL4796968,7500.0,7500.0,7500.0,7500.0,1
CHEMBL4797282,1000.0,1000.0,1000.0,1000.0,1
CHEMBL4797306,13.9,13.9,13.9,13.9,1
CHEMBL4797375,1218.0,1218.0,1218.0,1218.0,1
CHEMBL4797752,1000.0,1000.0,1000.0,1000.0,1
CHEMBL4797996,6.3,6.3,6.3,6.3,1
CHEMBL4798115,2000.0,2000.0,2000.0,2000.0,1
CHEMBL4798631,498.2,498.2,498.2,498.2,1
CHEMBL4798638,2270.0,2270.0,2270.0,2270.0,1
CHEMBL4799863,5.9,5.9,5.9,5.9,1
CHEMBL4799934,119.2,119.2,119.2,119.2,1
CHEMBL4800484,2000.0,2000.0,2000.0,2000.0,1
CHEMBL4800575,450.0,450.0,450.0,450.0,1
CHEMBL480434,260.595,260.595,251.19,270.0,2
CHEMBL482496,500.0,500.0,500.0,500.0,1
CHEMBL482556,1202.26,1202.26,1202.26,1202.26,1
CHEMBL482562,2000.0,2000.0,2000.0,2000.0,1
CHEMBL482977,10000.0,10000.0,10000.0,10000.0,1
CHEMBL482978,3090.3,3090.3,3090.3,3090.3,1
CHEMBL483593,290.0,290.0,220.0,360.0,2
CHEMBL484170,7943.28,7943.28,7943.28,7943.28,1
CHEMBL484202,390.0,390.0,170.0,610.0,2
CHEMBL484203,3100.0,3100.0,2100.0,4100.0,2
CHEMBL484204,9250.0,9250.0,8800.0,9700.0,2
CHEMBL484345,2000.0,2000.0,2000.0,2000.0,1
CHEMBL484357,5100.0,5100.0,4700.0,5500.0,2
CHEMBL484358,41.5,41.5,40.0,43.0,2
CHEMBL484538,210.0,210.0,210.0,210.0,1
CHEMBL4845711,1822.35,1822.35,1819.7,1825.0,2
CHEMBL4845741,675.04,675.04,674.0,676.08,2
CHEMBL4845838,897.0,897.0,897.0,897.0,1
CHEMBL4845947,10000.0,10000.0,10000.0,10000.0,2
CHEMBL484598,831.76,831.76,831.76,831.76,1
CHEMBL484599,1202.26,1202.26,1202.26,1202.26,1
CHEMBL4846101,426.59000000000003,426.59000000000003,426.58,426.6,2
CHEMBL4846146,375.0,375.0,375.0,375.0,2
CHEMBL4846153,1345.0,1345.0,1345.0,1345.0,1
CHEMBL4846201,588.84,588.84,588.84,588.84,1
CHEMBL4846380,1698.24,1698.24,1698.24,1698.24,1
CHEMBL4846472,33.004999999999995,33.004999999999995,32.9,33.11,2
CHEMBL4846561,0.947,0.947,0.947,0.947,1
CHEMBL4846574,46.0,46.0,46.0,46.0,1
CHEMBL4846638,263.03,263.03,263.03,263.03,1
CHEMBL4846823,1096.24,1096.24,1096.0,1096.48,2
CHEMBL4846866,1.9,1.9,1.9,1.9,1
CHEMBL484732,776.25,776.25,776.25,776.25,1
CHEMBL4847379,1506.0,1506.0,1506.0,1506.0,2
CHEMBL4847432,1.9,1.9,1.9,1.9,1
CHEMBL4848199,776.0,776.0,776.0,776.0,1
CHEMBL4848451,98.00999999999999,98.00999999999999,97.72,98.3,2
CHEMBL4848710,568.0,568.0,568.0,568.0,1
CHEMBL4848815,524.81,524.81,524.81,524.81,1
CHEMBL4848907,853.0,853.0,853.0,853.0,1
CHEMBL4848910,76.0,76.0,76.0,76.0,1
CHEMBL4849077,270.0,270.0,270.0,270.0,1
CHEMBL4849107,25.3,25.3,25.3,25.3,1
CHEMBL4849230,413.0,413.0,413.0,413.0,1
CHEMBL4849499,900.0,900.0,900.0,900.0,1
CHEMBL4849734,863.0,863.0,863.0,863.0,1
CHEMBL4849780,263.16499999999996,263.16499999999996,263.03,263.3,2
CHEMBL485017,10000.0,10000.0,10000.0,10000.0,1
CHEMBL485027,3388.44,3388.44,3388.44,3388.44,1
CHEMBL485028,10000.0,10000.0,10000.0,10000.0,1
CHEMBL485029,1862.09,1862.09,1862.09,1862.09,1
CHEMBL4850300,2.29,2.29,2.29,2.29,1
CHEMBL4850635,155.29,155.29,154.88,155.7,2
CHEMBL4851121,1226.01,1226.01,1122.02,1330.0,2
CHEMBL485127,501.19,501.19,501.19,501.19,1
CHEMBL485128,2041.74,2041.74,2041.74,2041.74,1
CHEMBL485227,5500.0,5500.0,4700.0,6300.0,2
CHEMBL4852472,803.0,803.0,803.0,803.0,1
CHEMBL4852524,43.724999999999994,43.724999999999994,43.65,43.8,2
CHEMBL4852663,12.2,12.2,12.2,12.2,1
CHEMBL4852808,32.28,32.28,32.2,32.36,2
CHEMBL4852835,362.5,244.0533333333333,6.58,363.08,3
CHEMBL4853107,501.19,501.19,501.19,501.19,1
CHEMBL485325,1479.11,1479.11,1479.11,1479.11,1
CHEMBL4853342,2.5,2.5,2.5,2.5,1
CHEMBL4853503,958.0,958.0,958.0,958.0,1
CHEMBL485352,794.33,794.33,794.33,794.33,1
CHEMBL485353,1000.0,1000.0,1000.0,1000.0,1
CHEMBL4853568,1.86,1.86,1.86,1.86,1
CHEMBL4853668,562.34,562.34,562.34,562.34,1
CHEMBL4853700,92.0,92.0,92.0,92.0,1
CHEMBL4853772,1174.9,1174.9,1174.9,1174.9,1
CHEMBL485384,680.0,680.0,670.0,690.0,2
CHEMBL4853938,27.6,27.6,27.6,27.6,1
CHEMBL4853993,785.0,785.0,785.0,785.0,1
CHEMBL4854126,1025.0,1025.0,1025.0,1025.0,1
CHEMBL4854351,732.0,732.0,732.0,732.0,1
CHEMBL4854391,382.245,382.245,380.19,384.3,2
CHEMBL4854456,3080.65,3080.65,3071.0,3090.3,2
CHEMBL4854512,100.0,100.0,100.0,100.0,1
CHEMBL4854935,47.0,47.0,47.0,47.0,1
CHEMBL4855019,310.0,310.0,310.0,310.0,1
CHEMBL4855361,84.0,84.0,84.0,84.0,1
CHEMBL4855393,432.0,432.0,432.0,432.0,1
CHEMBL4855583,213.9,213.9,213.8,214.0,2
CHEMBL4855711,417.0,417.0,417.0,417.0,1
CHEMBL4855775,455.495,455.495,453.9,457.09,2
CHEMBL4855879,962.0,962.0,962.0,962.0,1
CHEMBL4855891,27.0,27.0,27.0,27.0,1
CHEMBL4856005,602.56,602.56,602.56,602.56,1
CHEMBL4856059,154.88,154.88,154.88,154.88,1
CHEMBL4856161,420.0,420.0,420.0,420.0,1
CHEMBL4856753,2.0,2.0,2.0,2.0,1
CHEMBL4856983,7.24,7.24,7.24,7.24,1
CHEMBL4857166,74.0,74.0,74.0,74.0,1
CHEMBL485719,1000000.0,1000000.0,1000000.0,1000000.0,1
CHEMBL485720,114000.0,114000.0,114000.0,114000.0,1
CHEMBL485727,1000000.0,1000000.0,1000000.0,1000000.0,1
CHEMBL4857350,12.6,12.6,12.6,12.6,1
CHEMBL4857560,478.63,478.63,478.63,478.63,1
CHEMBL4857597,513.845,513.845,501.19,526.5,2
CHEMBL4857665,1051.565,1051.565,1047.13,1056.0,2
CHEMBL4857676,580.0,580.0,580.0,580.0,2
CHEMBL4857759,15.545,15.545,15.49,15.6,2
CHEMBL4857918,13.4,13.4,13.4,13.4,1
CHEMBL4858771,229.0,229.0,229.0,229.0,2
CHEMBL4858824,205.0,205.0,205.0,205.0,1
CHEMBL4858961,66.4,66.4,66.4,66.4,1
CHEMBL4859080,128.45999999999998,128.45999999999998,128.1,128.82,2
CHEMBL485918,1000000.0,1000000.0,1000000.0,1000000.0,1
CHEMBL4859348,10.3,10.3,10.3,10.3,1
CHEMBL4859394,258.12,258.12,257.04,259.2,2
CHEMBL4859410,38.010000000000005,38.010000000000005,38.0,38.02,2
CHEMBL4859567,177.91500000000002,177.91500000000002,177.83,178.0,2
CHEMBL4859722,2808.19,2808.19,2798.0,2818.38,2
CHEMBL4859988,1939.92,1939.92,1930.0,1949.84,2
CHEMBL4860006,157.0,157.0,157.0,157.0,2
CHEMBL4860225,83.0,83.0,83.0,83.0,1
CHEMBL4860275,320.0,320.0,320.0,320.0,4
CHEMBL4860478,2.54,2.54,2.54,2.54,1
CHEMBL4860528,446.68,446.68,446.68,446.68,1
CHEMBL4860626,26.0,26.0,26.0,26.0,1
CHEMBL4860687,967.0,967.0,967.0,967.0,1
CHEMBL4860719,206.0,206.0,206.0,206.0,1
CHEMBL4860754,20.0,20.0,20.0,20.0,1
CHEMBL4860828,1.9,1.9,1.9,1.9,1
CHEMBL4861193,7.4,7.4,7.4,7.4,1
CHEMBL4861311,9.7,9.7,9.7,9.7,1
CHEMBL4861431,754.0,754.0,754.0,754.0,2
CHEMBL4861553,364.34000000000003,364.34000000000003,363.08,365.6,2
CHEMBL4861573,2.26,2.26,2.26,2.26,1
CHEMBL4861643,2.7,2.7,2.7,2.7,1
CHEMBL4861794,1095.74,1095.74,1095.0,1096.48,2
CHEMBL4862275,688.0,688.0,688.0,688.0,1
CHEMBL4862301,61.78,61.78,61.66,61.9,2
CHEMBL4862320,568.0,568.0,568.0,568.0,1
CHEMBL4862399,563.0,563.0,563.0,563.0,1
CHEMBL4862405,1310.0,1310.0,1310.0,1310.0,1
CHEMBL4862439,49.14,49.14,48.98,49.3,2
CHEMBL4862770,11.49,11.49,11.48,11.5,2
CHEMBL4862790,744.0,744.0,744.0,744.0,1
CHEMBL4862839,280.0,280.0,280.0,280.0,1
CHEMBL4862890,20.845,20.845,20.8,20.89,2
CHEMBL4863032,708.0,708.0,708.0,708.0,1
CHEMBL486336,1000000.0,1000000.0,1000000.0,1000000.0,1
CHEMBL486337,1000000.0,1000000.0,1000000.0,1000000.0,1
CHEMBL4863636,300.95,300.95,299.9,302.0,2
CHEMBL4863748,190.0,190.0,190.0,190.0,1
CHEMBL4863832,6.593500000000001,6.593500000000001,6.58,6.607,2
CHEMBL4863920,832.0799999999999,832.0799999999999,831.76,832.4,2
CHEMBL4863980,5.4,5.4,5.4,5.4,1
CHEMBL4863992,125.795,125.795,125.7,125.89,2
CHEMBL4864074,1065.0,1065.0,1065.0,1065.0,1
CHEMBL4864112,697.0,697.0,697.0,697.0,1
CHEMBL4864320,2.57,2.57,2.57,2.57,1
CHEMBL4864366,162.0,162.0,162.0,162.0,1
CHEMBL4864369,977.22,977.22,977.2,977.24,2
CHEMBL4864436,27.47,27.47,27.4,27.54,2
CHEMBL4864448,377.0,377.0,377.0,377.0,2
CHEMBL4864813,589.0,589.0,589.0,589.0,1
CHEMBL4864863,103.0,103.0,103.0,103.0,1
CHEMBL4864969,642.0,642.0,642.0,642.0,1
CHEMBL4865118,158.745,158.745,158.49,159.0,2
CHEMBL486534,1000000.0,1000000.0,1000000.0,1000000.0,1
CHEMBL4865389,323.04499999999996,323.04499999999996,322.5,323.59,2
CHEMBL4865434,0.688,0.688,0.688,0.688,1
CHEMBL4865591,2679.2650000000003,2679.2650000000003,2667.0,2691.53,2
CHEMBL4865735,10.8,10.8,10.8,10.8,1
CHEMBL4865765,354.81,354.81,354.81,354.81,1
CHEMBL4865907,1.7,1.7,1.7,1.7,1
CHEMBL4866053,510.0,510.0,510.0,510.0,1
CHEMBL4866058,1232.135,1232.135,1230.27,1234.0,2
CHEMBL4866981,20.0,20.0,20.0,20.0,1
CHEMBL4867109,254.0,254.0,254.0,254.0,1
CHEMBL4867331,140.0,140.0,140.0,140.0,1
CHEMBL4867565,4392.0,4392.0,4392.0,4392.0,1
CHEMBL4867794,316.23,215.34333333333333,12.8,317.0,3
CHEMBL4867962,794.33,794.33,794.33,794.33,1
CHEMBL4867978,10.5,10.5,10.5,10.5,1
CHEMBL4868275,2590.0,2590.0,2590.0,2590.0,1
CHEMBL4868595,7.42,7.42,7.42,7.42,1
CHEMBL4868911,356.0,356.0,356.0,356.0,1
CHEMBL4869122,962.0,962.0,962.0,962.0,1
CHEMBL4869151,1760.0,1760.0,1760.0,1760.0,1
CHEMBL4869198,17.0,17.0,17.0,17.0,1
CHEMBL4869411,495.0,495.0,495.0,495.0,2
CHEMBL4869668,728.0,728.0,728.0,728.0,1
CHEMBL4870140,322.595,322.595,321.6,323.59,2
CHEMBL4870307,9.5,9.5,9.5,9.5,1
CHEMBL4870374,2156.0,2156.0,2156.0,2156.0,1
CHEMBL4870716,1.5,1.5,1.5,1.5,1
CHEMBL4870901,2299.935,2299.935,2290.87,2309.0,2
CHEMBL4871669,38.2,38.2,38.2,38.2,1
CHEMBL4871762,126.295,126.295,125.89,126.7,2
CHEMBL4871774,218.29000000000002,218.29000000000002,217.8,218.78,2
CHEMBL4871811,173.0,173.0,173.0,173.0,1
CHEMBL487182,1125.0,2171.0,388.0,5000.0,3
CHEMBL4871833,244.885,244.885,244.3,245.47,2
CHEMBL4871868,3247.9700000000003,3247.9700000000003,3235.94,3260.0,2
CHEMBL4872375,2511.89,2511.89,2511.89,2511.89,1
CHEMBL4872467,42.68,42.68,42.66,42.7,2
CHEMBL4872548,60.08,60.08,59.9,60.26,2
CHEMBL4872713,165.0,165.0,165.0,165.0,1
CHEMBL4873100,954.0,954.0,954.0,954.0,1
CHEMBL4873127,506.0,506.0,506.0,506.0,2
CHEMBL4873313,1.77,1.77,1.77,1.77,1
CHEMBL4873319,2.6,2.6,2.6,2.6,1
CHEMBL4873623,421.0,420.6666666666667,420.0,421.0,3
CHEMBL487387,80.78999999999999,355.3633333333333,11.0,974.0,6
CHEMBL4874021,25.75,25.75,25.7,25.8,2
CHEMBL4874069,695.415,695.415,691.83,699.0,2
CHEMBL4874131,2187.88,2187.88,2187.76,2188.0,2
CHEMBL4874914,34.0,34.0,34.0,34.0,1
CHEMBL4875008,785.0,785.0,785.0,785.0,1
CHEMBL4875079,1094.24,1094.24,1092.0,1096.48,2
CHEMBL4875081,12.84,12.84,12.8,12.88,2
CHEMBL4875181,923.0,923.0,923.0,923.0,1
CHEMBL4875195,217.0,217.0,217.0,217.0,1
CHEMBL4875600,316.23,316.23,316.23,316.23,1
CHEMBL4876116,30.15,30.15,30.1,30.2,2
CHEMBL4876207,52.0,52.0,52.0,52.0,1
CHEMBL4876260,56.0,56.0,56.0,56.0,1
CHEMBL4876297,4489.92,4489.92,4466.84,4513.0,2
CHEMBL4876353,74.4,74.4,74.4,74.4,1
CHEMBL4876545,2.0,2.0,2.0,2.0,1
CHEMBL4876546,190.0,190.0,190.0,190.0,1
CHEMBL4876611,1043.565,1043.565,1040.0,1047.13,2
CHEMBL4876719,11.6,11.6,11.6,11.6,1
CHEMBL4876727,368.0,368.0,368.0,368.0,2
CHEMBL4876799,1258.93,1258.93,1258.93,1258.93,1
CHEMBL4876926,150.0,150.0,150.0,150.0,1
CHEMBL4877460,39.0,39.0,39.0,39.0,1
CHEMBL487760,854000.0,854000.0,854000.0,854000.0,1
CHEMBL487761,1000000.0,1000000.0,1000000.0,1000000.0,1
CHEMBL4877715,861.0,861.0,861.0,861.0,1
CHEMBL4877827,95.35,95.35,95.2,95.5,2
CHEMBL4877940,6.2,6.2,6.2,6.2,1
CHEMBL4877973,3.1,3.1,3.1,3.1,1
CHEMBL4878121,78.0,78.0,78.0,78.0,1
CHEMBL4878215,549.54,549.54,549.54,549.54,1
CHEMBL4878271,2.0,2.0,2.0,2.0,1
CHEMBL4878501,723.0,723.0,723.0,723.0,1
CHEMBL4878577,663.0,663.0,663.0,663.0,1
CHEMBL4878587,50.0,50.0,50.0,50.0,1
CHEMBL4878826,473.0,473.0,473.0,473.0,1
CHEMBL4879054,14.1,14.1,14.1,14.1,1
CHEMBL487960,178000.0,178000.0,178000.0,178000.0,1
CHEMBL48807,2167.355,2167.355,1880.0,2454.71,2
CHEMBL48819,948.22,948.22,451.0,1445.44,2
CHEMBL4898361,10000.0,10000.0,10000.0,10000.0,1
CHEMBL49,174.0,304.0,13.0,1000.0,8
CHEMBL490417,316.23,316.23,316.23,316.23,1
CHEMBL490533,99.6,99.6,80.2,119.0,2
CHEMBL490632,10000.0,10000.0,10000.0,10000.0,1
CHEMBL491466,195.0,195.0,180.0,210.0,2
CHEMBL492033,515.0,515.0,515.0,515.0,1
CHEMBL492034,10000.0,10000.0,10000.0,10000.0,1
CHEMBL492282,1.3,1.3,1.3,1.3,1
CHEMBL49231,309.075,309.075,269.15,349.0,2
CHEMBL492480,362.0,362.0,362.0,362.0,1
CHEMBL492689,41.69,41.69,41.69,41.69,1
CHEMBL492690,22.0,22.0,22.0,22.0,1
CHEMBL492691,33.0,33.0,33.0,33.0,1
CHEMBL492871,503.0,503.0,503.0,503.0,1
CHEMBL492872,9.2,9.2,9.2,9.2,1
CHEMBL493,10.0,8.4895,0.527,15.0,6
CHEMBL493069,10000.0,10000.0,10000.0,10000.0,1
CHEMBL493305,40.0,40.0,40.0,40.0,1
CHEMBL493369,10000.0,10000.0,10000.0,10000.0,1
CHEMBL493384,10000.0,10000.0,10000.0,10000.0,1
CHEMBL493709,501.0,501.0,501.0,501.0,1
CHEMBL493909,5.3,5.3,5.3,5.3,1
CHEMBL494118,93.0,93.0,93.0,93.0,1
CHEMBL494119,65.0,65.0,65.0,65.0,1
CHEMBL494312,20.0,20.0,20.0,20.0,1
CHEMBL494316,730.0,730.0,730.0,730.0,1
CHEMBL494458,723.0,723.0,723.0,723.0,1
CHEMBL494512,311.0,311.0,311.0,311.0,1
CHEMBL494661,7.8,7.8,7.8,7.8,1
CHEMBL494701,10000.0,10000.0,10000.0,10000.0,1
CHEMBL494702,10000.0,10000.0,10000.0,10000.0,1
CHEMBL494709,185.0,185.0,185.0,185.0,1
CHEMBL49502,1593.935,1593.935,897.0,2290.87,2
CHEMBL495075,100.0,100.0,100.0,100.0,1
CHEMBL495120,226.0,226.0,226.0,226.0,1
CHEMBL495321,64.0,64.0,64.0,64.0,1
CHEMBL496687,1400.0,1400.0,1400.0,1400.0,1
CHEMBL496739,263.0,263.0,263.0,263.0,1
CHEMBL496852,1600.0,1600.0,1600.0,1600.0,1
CHEMBL496860,500.0,500.0,500.0,500.0,1
CHEMBL497054,1600.0,1600.0,1600.0,1600.0,1
CHEMBL497064,1600.0,1600.0,1600.0,1600.0,1
CHEMBL497338,146.0,146.0,146.0,146.0,1
CHEMBL497340,10000.0,10000.0,10000.0,10000.0,1
CHEMBL497549,10000.0,10000.0,10000.0,10000.0,1
CHEMBL497550,10000.0,10000.0,10000.0,10000.0,1
CHEMBL497749,132.0,132.0,132.0,132.0,1
CHEMBL497877,1700.0,1700.0,1700.0,1700.0,1
CHEMBL497878,1600.0,1600.0,1600.0,1600.0,1
CHEMBL497963,63.1,63.1,63.1,63.1,1
CHEMBL498048,1600.0,1600.0,1600.0,1600.0,1
CHEMBL498564,10000.0,10000.0,10000.0,10000.0,1
CHEMBL498565,516.0,516.0,516.0,516.0,1
CHEMBL498566,10000.0,10000.0,10000.0,10000.0,1
CHEMBL498729,1600.0,1600.0,1600.0,1600.0,1
CHEMBL49876,765.78,765.78,602.56,929.0,2
CHEMBL498774,213.0,213.0,213.0,213.0,1
CHEMBL498775,10000.0,10000.0,10000.0,10000.0,1
CHEMBL4998385,10000.0,10000.0,10000.0,10000.0,1
CHEMBL500627,10000.0,10000.0,10000.0,10000.0,1
CHEMBL503958,10000.0,10000.0,10000.0,10000.0,1
CHEMBL504699,1550.0,1550.0,1500.0,1600.0,2
CHEMBL5070377,3650.0,3650.0,3650.0,3650.0,1
CHEMBL5071238,285.5,285.5,114.0,457.0,2
CHEMBL5072449,1310.0,1310.0,1310.0,1310.0,1
CHEMBL5073337,112.2,112.2,112.2,112.2,1
CHEMBL5073754,33.5,33.5,23.1,43.9,2
CHEMBL5073904,903.0,903.0,903.0,903.0,1
CHEMBL5074399,53.150000000000006,53.150000000000006,44.2,62.1,2
CHEMBL5075014,4530.0,4530.0,4530.0,4530.0,1
CHEMBL5075726,51.6,51.6,51.6,51.6,1
CHEMBL5075990,297.85,297.85,93.7,502.0,2
CHEMBL5076359,5240.0,5240.0,5240.0,5240.0,1
CHEMBL5076846,53.7,53.7,53.7,53.7,1
CHEMBL5076882,154.88,154.88,154.88,154.88,1
CHEMBL5077104,1940.0,1940.0,1940.0,1940.0,1
CHEMBL5077114,2860.0,2860.0,2860.0,2860.0,1
CHEMBL5077178,257.04,257.04,257.04,257.04,1
CHEMBL507727,1600.0,1600.0,1600.0,1600.0,1
CHEMBL5077459,3845.92,3845.92,3845.92,3845.92,1
CHEMBL5077645,5085.0,5085.0,2790.0,7380.0,2
CHEMBL5077755,50.12,50.12,50.12,50.12,1
CHEMBL507898,1600.0,1600.0,1600.0,1600.0,1
CHEMBL5079053,2380.0,2380.0,2380.0,2380.0,1
CHEMBL5079536,53.7,53.7,53.7,53.7,1
CHEMBL5079903,2630.0,2630.0,2630.0,2630.0,1
CHEMBL5080305,93.33,93.33,93.33,93.33,1
CHEMBL5080654,411.0,411.0,186.0,636.0,2
CHEMBL5080719,30.2,30.2,30.2,30.2,1
CHEMBL5080955,134.9,134.9,134.9,134.9,1
CHEMBL508112,1955.0,1955.0,1955.0,1955.0,1
CHEMBL5081136,9.41,9.41,9.41,9.41,1
CHEMBL5082182,162.18,162.18,162.18,162.18,1
CHEMBL5082267,302.0,302.0,302.0,302.0,1
CHEMBL5082465,2950.0,2950.0,2950.0,2950.0,1
CHEMBL5082650,1586.0,1586.0,1586.0,1586.0,1
CHEMBL5083186,3890.0,3890.0,3890.0,3890.0,1
CHEMBL5083441,187.0,187.0,187.0,187.0,1
CHEMBL5083473,190.0,190.0,190.0,190.0,1
CHEMBL5083505,645.65,645.65,645.65,645.65,1
CHEMBL508399,77.62,77.62,77.62,77.62,1
CHEMBL5084145,2270.0,2270.0,2270.0,2270.0,1
CHEMBL5084167,5.248,5.248,5.248,5.248,1
CHEMBL5085390,154.88,154.88,154.88,154.88,1
CHEMBL5085974,53.0,53.0,31.3,74.7,2
CHEMBL5086564,4860.0,4860.0,4860.0,4860.0,1
CHEMBL5087408,100000.0,100000.0,100000.0,100000.0,1
CHEMBL5087504,987.0,987.0,987.0,987.0,1
CHEMBL5087543,433.5,433.5,167.0,700.0,2
CHEMBL5087742,53.7,53.7,53.7,53.7,1
CHEMBL5088070,31.65,31.65,20.3,43.0,2
CHEMBL5088232,46.77,46.77,46.77,46.77,1
CHEMBL5088622,1246.0,1246.0,1246.0,1246.0,1
CHEMBL5089348,95.5,95.5,95.5,95.5,1
CHEMBL5089655,92.65,92.65,36.3,149.0,2
CHEMBL5089932,1730.0,1730.0,1730.0,1730.0,1
CHEMBL5090215,1240.0,1240.0,1240.0,1240.0,1
CHEMBL5090346,17600.0,17600.0,17600.0,17600.0,1
CHEMBL5090557,54.95,54.95,54.95,54.95,1
CHEMBL5091335,100000.0,100000.0,100000.0,100000.0,2
CHEMBL5091479,100000.0,100000.0,100000.0,100000.0,1
CHEMBL5091656,12400.0,12400.0,12400.0,12400.0,1
CHEMBL5091775,100000.0,100000.0,100000.0,100000.0,2
CHEMBL5092243,170.0,170.0,170.0,170.0,1
CHEMBL5092755,19.95,19.95,19.95,19.95,1
CHEMBL5093017,128.82,128.82,128.82,128.82,1
CHEMBL5093200,42.7,42.7,42.7,42.7,1
CHEMBL5093250,426.58,426.58,426.58,426.58,1
CHEMBL5094044,100000.0,100000.0,100000.0,100000.0,1
CHEMBL509451,10000.0,10000.0,10000.0,10000.0,1
CHEMBL5094927,100000.0,100000.0,100000.0,100000.0,1
CHEMBL5095172,0.615,0.615,0.61,0.62,2
CHEMBL51,240.0,240.0,240.0,240.0,1
CHEMBL51023,232.39,232.39,173.78,291.0,2
CHEMBL514098,847000.0,847000.0,847000.0,847000.0,1
CHEMBL514286,427000.0,427000.0,427000.0,427000.0,1
CHEMBL51433,82.0,82.0,32.0,132.0,2
CHEMBL514382,35.48,35.48,35.48,35.48,1
CHEMBL514562,243.0,243.0,243.0,243.0,1
CHEMBL514590,588.0,588.0,588.0,588.0,1
CHEMBL514591,170.0,170.0,170.0,170.0,1
CHEMBL514747,62.0,62.0,62.0,62.0,1
CHEMBL514885,264.0,264.0,264.0,264.0,1
CHEMBL514908,133.0,133.0,133.0,133.0,1
CHEMBL515187,10000.0,10000.0,10000.0,10000.0,1
CHEMBL515342,10000.0,10000.0,10000.0,10000.0,1
CHEMBL51536,257.49,257.49,48.98,466.0,2
CHEMBL515472,2686.0,2686.0,2686.0,2686.0,1
CHEMBL515535,17.8,17.8,17.8,17.8,1
CHEMBL515853,1000000.0,1000000.0,1000000.0,1000000.0,1
CHEMBL516,83.5,83.5,55.0,112.0,2
CHEMBL516088,3828.0,3828.0,3828.0,3828.0,1
CHEMBL516334,67000.0,67000.0,67000.0,67000.0,1
CHEMBL516580,10000.0,10000.0,10000.0,10000.0,1
CHEMBL516809,12.02,12.02,12.02,12.02,1
CHEMBL516944,10000.0,10000.0,10000.0,10000.0,1
CHEMBL5169993,707.95,707.95,707.95,707.95,1
CHEMBL517028,3.8,3.8,3.8,3.8,1
CHEMBL5170580,1445.44,1445.44,1445.44,1445.44,1
CHEMBL5170808,7.0,7.0,7.0,7.0,1
CHEMBL5170927,81.0,81.0,81.0,81.0,1
CHEMBL5171439,5128.61,5128.61,5128.61,5128.61,1
CHEMBL5171456,13460.0,13460.0,13460.0,13460.0,1
CHEMBL5171721,12882.5,12882.5,12882.5,12882.5,1
CHEMBL5171734,5003.0,5003.0,5003.0,5003.0,1
CHEMBL5171776,328.0,328.0,328.0,328.0,1
CHEMBL5172201,138.04,138.04,138.04,138.04,1
CHEMBL517244,146.0,146.0,146.0,146.0,1
CHEMBL5172673,143.0,143.0,143.0,143.0,1
CHEMBL5172819,9.0,9.0,9.0,9.0,1
CHEMBL5172871,3981.07,3981.07,3981.07,3981.07,1
CHEMBL5173564,2100.0,2100.0,2100.0,2100.0,1
CHEMBL5173624,5500.0,5500.0,5500.0,5500.0,1
CHEMBL517407,52.0,52.0,52.0,52.0,1
CHEMBL5174637,13300.0,13300.0,13300.0,13300.0,1
CHEMBL5175009,23988.33,23988.33,23988.33,23988.33,1
CHEMBL5175054,954.99,954.99,954.99,954.99,1
CHEMBL5176100,2511.89,2511.89,2511.89,2511.89,1
CHEMBL5176229,954.99,954.99,954.99,954.99,1
CHEMBL5176374,770.0,770.0,770.0,770.0,1
CHEMBL51767,11.75,11.75,11.75,11.75,1
CHEMBL5177186,3077.0,3077.0,3077.0,3077.0,1
CHEMBL5177462,54.95,54.95,54.95,54.95,1
CHEMBL5177716,1390.0,1390.0,1390.0,1390.0,1
CHEMBL5178472,4570.88,4570.88,4570.88,4570.88,1
CHEMBL5178499,8749.0,8749.0,8749.0,8749.0,1
CHEMBL5178688,590.0,590.0,590.0,590.0,1
CHEMBL5178868,20892.96,20892.96,20892.96,20892.96,1
CHEMBL5178994,260.0,260.0,260.0,260.0,1
CHEMBL5179879,1698.24,1698.24,1698.24,1698.24,1
CHEMBL5179930,549.54,549.54,549.54,549.54,1
CHEMBL5180504,1071.52,1071.52,1071.52,1071.52,1
CHEMBL5181868,229.0,229.0,229.0,229.0,1
CHEMBL5182383,85.0,85.0,85.0,85.0,1
CHEMBL5182877,110.0,110.0,110.0,110.0,1
CHEMBL5183205,3467.37,3467.37,3467.37,3467.37,1
CHEMBL5184538,13.0,13.0,13.0,13.0,1
CHEMBL5184911,10000.0,10000.0,10000.0,10000.0,1
CHEMBL5185787,32.0,32.0,32.0,32.0,1
CHEMBL5186688,148.0,148.0,148.0,148.0,1
CHEMBL5186821,366.0,366.0,366.0,366.0,1
CHEMBL5187317,38.0,38.0,38.0,38.0,1
CHEMBL5187578,5.5,5.5,5.5,5.5,1
CHEMBL5188796,281.84,281.84,281.84,281.84,1
CHEMBL5188923,82.0,82.0,82.0,82.0,1
CHEMBL5189101,60.0,60.0,60.0,60.0,1
CHEMBL518931,565000.0,565000.0,565000.0,565000.0,1
CHEMBL5189417,1000.0,1000.0,1000.0,1000.0,1
CHEMBL5189520,4402.0,4402.0,4402.0,4402.0,1
CHEMBL5189614,81.28,81.28,81.28,81.28,1
CHEMBL5189648,52.0,52.0,52.0,52.0,1
CHEMBL5190020,3907.0,3907.0,3907.0,3907.0,1
CHEMBL5190788,10.0,10.0,10.0,10.0,1
CHEMBL5190996,559.0,559.0,559.0,559.0,1
CHEMBL5191141,4.1,4.1,4.1,4.1,1
CHEMBL5191299,354.81,354.81,354.81,354.81,1
CHEMBL5191370,115900.0,115900.0,115900.0,115900.0,1
CHEMBL5191408,3090.3,3090.3,3090.3,3090.3,1
CHEMBL5191557,8.0,8.0,8.0,8.0,1
CHEMBL519201,10000.0,10000.0,10000.0,10000.0,1
CHEMBL519228,1000000.0,1000000.0,1000000.0,1000000.0,1
CHEMBL5193103,62.0,62.0,62.0,62.0,1
CHEMBL5193798,1500.0,1500.0,1500.0,1500.0,1
CHEMBL5194270,5.0,5.0,5.0,5.0,1
CHEMBL5194614,39.0,39.0,39.0,39.0,1
CHEMBL5194826,8333.0,8333.0,8333.0,8333.0,1
CHEMBL5195091,120.0,120.0,120.0,120.0,1
CHEMBL519547,1000000.0,1000000.0,1000000.0,1000000.0,1
CHEMBL5196828,130.0,130.0,130.0,130.0,1
CHEMBL5196870,5495.41,5495.41,5495.41,5495.41,1
CHEMBL5196873,2754.23,2754.23,2754.23,2754.23,1
CHEMBL519688,4570.88,4570.88,4570.88,4570.88,1
CHEMBL5197266,4402.0,4402.0,4402.0,4402.0,1
CHEMBL51977,398.11,398.11,398.11,398.11,2
CHEMBL5197737,46.0,46.0,46.0,46.0,1
CHEMBL5197911,20.0,20.0,20.0,20.0,1
CHEMBL5197956,309.0,309.0,309.0,309.0,1
CHEMBL5198170,131.83,131.83,131.83,131.83,1
CHEMBL5198795,446.68,446.68,446.68,446.68,1
CHEMBL5199228,9.0,9.0,9.0,9.0,1
CHEMBL5199358,1122.02,1122.02,1122.02,1122.02,1
CHEMBL5199820,418.0,418.0,418.0,418.0,1
CHEMBL5200023,130.0,130.0,130.0,130.0,1
CHEMBL5200771,10000.0,10000.0,10000.0,10000.0,1
CHEMBL5200816,1778.28,1778.28,1778.28,1778.28,1
CHEMBL5201074,10000.0,10000.0,10000.0,10000.0,1
CHEMBL520129,2000.0,2000.0,2000.0,2000.0,1
CHEMBL5201464,235.0,235.0,235.0,235.0,1
CHEMBL5201719,3207.0,3207.0,3207.0,3207.0,1
CHEMBL5201798,2100.0,2100.0,2100.0,2100.0,1
CHEMBL5201983,11.0,11.0,11.0,11.0,1
CHEMBL5201984,18.0,18.0,18.0,18.0,1
CHEMBL5202003,860.0,860.0,860.0,860.0,1
CHEMBL5202054,137.0,137.0,137.0,137.0,1
CHEMBL5202120,1039.0,1039.0,1039.0,1039.0,1
CHEMBL5202417,81.1,81.1,81.1,81.1,1
CHEMBL5202592,489.78,489.78,489.78,489.78,1
CHEMBL5203856,6165.95,6165.95,6165.95,6165.95,1
CHEMBL5204088,253.0,253.0,253.0,253.0,1
CHEMBL5204274,1940.0,1940.0,1940.0,1940.0,1
CHEMBL5204418,758.58,758.58,758.58,758.58,1
CHEMBL5204599,1621.81,1621.81,1621.81,1621.81,1
CHEMBL5204696,182.0,182.0,182.0,182.0,1
CHEMBL5205324,1009.0,1009.0,1009.0,1009.0,1
CHEMBL5205590,724.44,724.44,724.44,724.44,1
CHEMBL5205697,210.0,210.0,210.0,210.0,1
CHEMBL520610,328.0,328.0,328.0,328.0,1
CHEMBL5206565,6309.57,6309.57,6309.57,6309.57,1
CHEMBL5207281,9549.93,9549.93,9549.93,9549.93,1
CHEMBL5207313,12022.64,12022.64,12022.64,12022.64,1
CHEMBL5207676,497.3,497.3,497.3,497.3,1
CHEMBL520821,29.0,29.0,29.0,29.0,1
CHEMBL5208845,10000.0,10000.0,10000.0,10000.0,1
CHEMBL5209074,398.11,398.11,398.11,398.11,1
CHEMBL5209272,1000.0,1000.0,1000.0,1000.0,1
CHEMBL5209381,630.0,630.0,630.0,630.0,1
CHEMBL52096,12.25,12.25,10.8,13.7,2
CHEMBL521025,1000000.0,1000000.0,1000000.0,1000000.0,1
CHEMBL52135,398.11,398.11,398.11,398.11,1
CHEMBL521687,30.0,30.0,30.0,30.0,1
CHEMBL5219240,300.0,300.0,300.0,300.0,1
CHEMBL5219924,1.7,1.7,1.7,1.7,1
CHEMBL522194,91.0,91.0,91.0,91.0,1
CHEMBL5222200,5495.41,5495.41,5495.41,5495.41,1
CHEMBL522343,21.0,21.0,21.0,21.0,1
CHEMBL522691,142.0,175.33333333333334,142.0,242.0,3
CHEMBL522708,501.19,501.19,501.19,501.19,1
CHEMBL523245,900.0,900.0,900.0,900.0,1
CHEMBL523381,96.0,96.0,96.0,96.0,1
CHEMBL523585,1600.0,1600.0,1600.0,1600.0,1
CHEMBL523680,15.85,15.85,15.85,15.85,1
CHEMBL523760,1600.0,1600.0,1600.0,1600.0,1
CHEMBL523993,935.0,935.0,935.0,935.0,1
CHEMBL523994,10000.0,10000.0,10000.0,10000.0,1
CHEMBL52466,158.49,158.49,158.49,158.49,1
CHEMBL52468,251.19,251.19,251.19,251.19,1
CHEMBL5266180,22900.0,22900.0,13500.0,32300.0,2
CHEMBL5267339,10000.0,10000.0,10000.0,10000.0,1
CHEMBL5267958,11340.4,11340.4,80.8,22600.0,2
CHEMBL526849,10000.0,10000.0,10000.0,10000.0,1
CHEMBL5272162,2100.0,2100.0,2100.0,2100.0,1
CHEMBL52724,125.89,125.89,125.89,125.89,1
CHEMBL5272829,10000.0,10000.0,10000.0,10000.0,1
CHEMBL5272965,26.9,26.9,26.9,26.9,1
CHEMBL5273118,427.515,427.515,2.03,853.0,2
CHEMBL5273758,12.88,12.88,12.88,12.88,1
CHEMBL5273776,662.29,662.29,4.58,1320.0,2
CHEMBL5274285,10000.0,10000.0,10000.0,10000.0,1
CHEMBL5274609,110.0,110.0,110.0,110.0,1
CHEMBL52770,501.19,501.19,501.19,501.19,1
CHEMBL5277325,10000.0,10000.0,10000.0,10000.0,1
CHEMBL5277640,1320.0,1320.0,1320.0,1320.0,1
CHEMBL5277789,10000.0,10000.0,10000.0,10000.0,1
CHEMBL5277859,10200.0,10200.0,10200.0,10200.0,1
CHEMBL5278853,4900.0,4900.0,4900.0,4900.0,1
CHEMBL5278957,10000.0,10000.0,10000.0,10000.0,1
CHEMBL5279691,11650.0,11650.0,7300.0,16000.0,2
CHEMBL5279818,316.23,316.23,316.23,316.23,1
CHEMBL5280364,22000.0,22000.0,22000.0,22000.0,1
CHEMBL5280481,12757.5,12757.5,115.0,25400.0,2
CHEMBL5280797,4900.0,4900.0,1870.0,7930.0,2
CHEMBL5283457,38.9,38.9,38.9,38.9,1
CHEMBL5283608,10000.0,10000.0,10000.0,10000.0,1
CHEMBL5285185,15.85,15.85,15.85,15.85,1
CHEMBL5285358,8800.0,8800.0,8800.0,8800.0,1
CHEMBL5286161,49.1,49.1,49.1,49.1,1
CHEMBL5286175,4700.0,4700.0,4700.0,4700.0,1
CHEMBL5286231,3801.89,3801.89,3801.89,3801.89,1
CHEMBL5286603,371.0,371.0,371.0,371.0,1
CHEMBL5287555,9.56,9.56,9.56,9.56,1
CHEMBL5288831,3987.95,3987.95,55.9,7920.0,2
CHEMBL5289845,10000.0,10000.0,10000.0,10000.0,2
CHEMBL5289958,10000.0,10000.0,10000.0,10000.0,1
CHEMBL52901,316.23,316.23,316.23,316.23,1
CHEMBL5290570,10000.0,10000.0,10000.0,10000.0,1
CHEMBL5290993,10000.0,10000.0,10000.0,10000.0,1
CHEMBL5291065,7543.35,7543.35,86.7,15000.0,2
CHEMBL52987,316.23,316.23,316.23,316.23,1
CHEMBL53,41.9,59.381904761904764,0.62,244.0,21
CHEMBL531,25.7,21.045714285714286,0.62,50.0,7
CHEMBL53351,501.19,501.19,501.19,501.19,1
CHEMBL53510,1070.0,1070.0,1070.0,1070.0,2
CHEMBL537182,189.8,189.8,189.8,189.8,1
CHEMBL537183,1050.0,1050.0,1050.0,1050.0,1
CHEMBL537975,95.0,95.0,95.0,95.0,1
CHEMBL538248,2110.0,2110.0,2110.0,2110.0,1
CHEMBL53833,501.19,501.19,501.19,501.19,1
CHEMBL538397,265.5,265.5,201.0,330.0,2
CHEMBL538474,3366.0,3366.0,3366.0,3366.0,1
CHEMBL538542,1.0010000000000001,2.43614125,0.07413,10.6,8
CHEMBL538723,119.0,119.0,119.0,119.0,1
CHEMBL538755,2030.0,2030.0,2030.0,2030.0,1
CHEMBL538977,1470.0,1470.0,1470.0,1470.0,1
CHEMBL539007,1530.0,1530.0,1530.0,1530.0,1
CHEMBL539057,82.0,82.0,82.0,82.0,1
CHEMBL539235,2530.0,2530.0,2530.0,2530.0,1
CHEMBL539288,600.0,600.0,600.0,600.0,1
CHEMBL5393856,293.56,293.56,292.0,295.12,2
CHEMBL5394229,44.0,44.0,36.0,52.0,2
CHEMBL5394387,13300.0,13300.0,13300.0,13300.0,1
CHEMBL5394431,85.5,85.5,31.0,140.0,2
CHEMBL5394961,0.2,0.2,0.2,0.2,1
CHEMBL539518,100000.0,100000.0,100000.0,100000.0,1
CHEMBL5395187,142.5,142.5,75.0,210.0,2
CHEMBL539521,152.0,152.0,152.0,152.0,1
CHEMBL539526,4200.0,4200.0,4200.0,4200.0,1
CHEMBL5395417,2283.935,2283.935,2277.0,2290.87,2
CHEMBL5395539,322.0,322.0,322.0,322.0,1
CHEMBL5395668,239.0,239.0,239.0,239.0,1
CHEMBL5395965,6.5,6.5,6.5,6.5,1
CHEMBL5396317,285.0,285.0,170.0,400.0,2
CHEMBL5396600,83.4,83.4,83.4,83.4,1
CHEMBL5396612,707.475,707.475,707.0,707.95,2
CHEMBL5396616,616.0,616.0,616.0,616.0,1
CHEMBL539744,964.0,964.0,964.0,964.0,1
CHEMBL5397609,978.0,978.0,978.0,978.0,1
CHEMBL5398100,1.86,1.86,1.86,1.86,1
CHEMBL5398291,69.7,69.7,69.7,69.7,1
CHEMBL5398747,4660.0,4660.0,4660.0,4660.0,1
CHEMBL5398913,851.0,851.0,851.0,851.0,1
CHEMBL5399129,175.0,175.0,175.0,175.0,1
CHEMBL5399166,2739.0,2739.0,2739.0,2739.0,1
CHEMBL5399270,121.0,121.0,121.0,121.0,1
CHEMBL5399568,1433.0,1433.0,1433.0,1433.0,1
CHEMBL5399689,6890.0,6890.0,6890.0,6890.0,1
CHEMBL5399720,427.0,427.0,427.0,427.0,1
CHEMBL5399833,66.0,66.0,46.0,86.0,2
CHEMBL539999,1461.0,1461.0,1461.0,1461.0,1
CHEMBL54,1.6,66.97350388349516,0.12,6400.0,103
CHEMBL5400232,155.0,155.0,100.0,210.0,2
CHEMBL540028,10000.0,10000.0,10000.0,10000.0,1
CHEMBL540033,10000.0,10000.0,10000.0,10000.0,1
CHEMBL5400356,1690.0,1690.0,1690.0,1690.0,1
CHEMBL540039,10500.0,11250.0,10000.0,14000.0,4
CHEMBL5400528,20.5,20.5,20.5,20.5,1
CHEMBL5400876,2930.0,2930.0,2930.0,2930.0,1
CHEMBL5400983,14000.0,14000.0,14000.0,14000.0,1
CHEMBL5401818,109.325,109.325,109.0,109.65,2
CHEMBL5402212,26.7,26.7,26.7,26.7,1
CHEMBL5402456,1346.48,1346.48,1344.0,1348.96,2
CHEMBL540285,10000.0,10000.0,10000.0,10000.0,1
CHEMBL5403204,104.0,104.0,78.0,130.0,2
CHEMBL5403268,479.0,479.0,479.0,479.0,1
CHEMBL5403404,10000.0,10000.0,10000.0,10000.0,1
CHEMBL5403504,519.0,519.0,519.0,519.0,1
CHEMBL5403610,49800.0,49800.0,49800.0,49800.0,1
CHEMBL5403986,2420.0,2420.0,2420.0,2420.0,1
CHEMBL5404031,9.93,9.93,9.93,9.93,1
CHEMBL5404054,7.8,7.8,7.8,7.8,1
CHEMBL5404724,2220.0,2220.0,2220.0,2220.0,1
CHEMBL5404807,0.87,0.87,0.87,0.87,1
CHEMBL5405086,76.5,76.5,67.0,86.0,2
CHEMBL5405133,181.485,181.485,181.0,181.97,2
CHEMBL5405333,375.0,375.0,290.0,460.0,2
CHEMBL540538,10000.0,10000.0,10000.0,10000.0,1
CHEMBL540612,200.0,174.41199999999998,61.0,247.0,5
CHEMBL5406129,1400.0,1400.0,1400.0,1400.0,1
CHEMBL5406300,669.0,669.0,669.0,669.0,1
CHEMBL5406355,442.84000000000003,442.84000000000003,439.0,446.68,2
CHEMBL5406501,2130.0,2130.0,2130.0,2130.0,1
CHEMBL5407131,1440.0,1440.0,1440.0,1440.0,1
CHEMBL5407341,71.0,71.0,53.0,89.0,2
CHEMBL5407747,963.0,963.0,963.0,963.0,1
CHEMBL5407845,13400.0,13400.0,13400.0,13400.0,1
CHEMBL540799,70.0,70.0,70.0,70.0,1
CHEMBL5408223,1.78,1.78,1.78,1.78,1
CHEMBL5408427,1.32,1.32,1.32,1.32,1
CHEMBL540857,1374.0,1374.0,1374.0,1374.0,1
CHEMBL5409134,4.12,4.12,4.12,4.12,1
CHEMBL5409227,108.0,108.0,108.0,108.0,1
CHEMBL5409322,465.0,465.0,465.0,465.0,1
CHEMBL5409419,39.555,39.555,39.3,39.81,2
CHEMBL5409755,5.3,5.3,5.3,5.3,1
CHEMBL5410159,7330.0,7330.0,7330.0,7330.0,1
CHEMBL5410179,120.0,120.0,90.0,150.0,2
CHEMBL5410217,26077.34,26077.34,25852.0,26302.68,2
CHEMBL541025,418.0,418.0,418.0,418.0,1
CHEMBL5410387,2682.0,2682.0,2682.0,2682.0,1
CHEMBL5410397,5000.0,5000.0,5000.0,5000.0,1
CHEMBL541055,10000.0,10000.0,10000.0,10000.0,1
CHEMBL5410716,1491.0,1491.0,1491.0,1491.0,1
CHEMBL5411002,76.4,76.4,76.4,76.4,1
CHEMBL5411404,115.0,115.0,110.0,120.0,2
CHEMBL5411545,1281.125,1281.125,1274.0,1288.25,2
CHEMBL5412359,62.95,62.95,62.8,63.1,2
CHEMBL5412606,2010.0,2010.0,2010.0,2010.0,1
CHEMBL541270,295.0,295.0,295.0,295.0,1
CHEMBL5412718,19.5,19.5,13.0,26.0,2
CHEMBL5412886,9.86,9.86,9.86,9.86,1
CHEMBL5412995,1550.0,1550.0,1550.0,1550.0,1
CHEMBL5413237,100000.0,100000.0,100000.0,100000.0,1
CHEMBL5413807,5430.0,5430.0,5430.0,5430.0,1
CHEMBL5414097,140.125,140.125,139.0,141.25,2
CHEMBL5414152,751.79,751.79,745.0,758.58,2
CHEMBL541435,316.23,316.23,316.23,316.23,1
CHEMBL5414422,944.995,944.995,935.0,954.99,2
CHEMBL5414796,141.0,141.0,141.0,141.0,1
CHEMBL5414943,585.4200000000001,585.4200000000001,582.0,588.84,2
CHEMBL5415178,3212.4700000000003,3212.4700000000003,3189.0,3235.94,2
CHEMBL541524,486.0,486.0,486.0,486.0,1
CHEMBL5415335,235.0,235.0,130.0,340.0,2
CHEMBL5415412,8.71,8.71,8.71,8.71,1
CHEMBL5415451,286.0,286.0,286.0,286.0,1
CHEMBL5415557,100000.0,100000.0,100000.0,100000.0,1
CHEMBL541559,1019.5,1019.5,39.0,2000.0,2
CHEMBL5415691,122.0,122.0,122.0,122.0,1
CHEMBL5415842,1240.0,1240.0,1240.0,1240.0,1
CHEMBL5415846,0.75,0.75,0.75,0.75,1
CHEMBL5416644,154.0,154.0,88.0,220.0,2
CHEMBL5416728,99.0,99.0,78.0,120.0,2
CHEMBL5417227,30.549999999999997,30.549999999999997,30.2,30.9,2
CHEMBL5417253,1480.0,1480.0,1480.0,1480.0,1
CHEMBL5417351,1.49,1.49,1.49,1.49,1
CHEMBL5417643,8640.0,8640.0,8640.0,8640.0,1
CHEMBL5417857,4.042,4.042,4.01,4.074,2
CHEMBL541791,1401.0,1401.0,1401.0,1401.0,1
CHEMBL541817,10000.0,10000.0,10000.0,10000.0,1
CHEMBL541826,94.0,94.0,94.0,94.0,1
CHEMBL5418730,4070.0,4070.0,4070.0,4070.0,1
CHEMBL5418748,6.5435,6.5435,6.48,6.607,2
CHEMBL5418819,117.0,117.0,117.0,117.0,1
CHEMBL5418890,2083.15,2083.15,2077.0,2089.3,2
CHEMBL5420183,7.34,7.34,7.34,7.34,1
CHEMBL542029,44.0,44.0,44.0,44.0,1
CHEMBL5420316,89.8,89.8,89.8,89.8,1
CHEMBL54206,7.586,7.586,7.586,7.586,1
CHEMBL5420627,557.0,557.0,557.0,557.0,1
CHEMBL5421272,175.0,175.0,140.0,210.0,2
CHEMBL542139,2511.89,2511.89,2511.89,2511.89,1
CHEMBL542148,10000.0,10000.0,10000.0,10000.0,1
CHEMBL5421574,442.34000000000003,442.34000000000003,438.0,446.68,2
CHEMBL5421714,272.0,272.0,272.0,272.0,1
CHEMBL5421827,125.0,125.0,125.0,125.0,1
CHEMBL5421925,5.76,5.76,5.76,5.76,1
CHEMBL5422150,6500.0,6500.0,6500.0,6500.0,1
CHEMBL542217,776.0,776.0,776.0,776.0,1
CHEMBL5422196,11.8,11.8,11.8,11.8,1
CHEMBL5422870,102.0,102.0,74.0,130.0,2
CHEMBL542324,4136.0,4136.0,4136.0,4136.0,1
CHEMBL542325,726.0,726.0,726.0,726.0,1
CHEMBL5423250,1310.0,1310.0,1310.0,1310.0,1
CHEMBL542395,2420.0,2420.0,2420.0,2420.0,1
CHEMBL542398,962.0,962.0,962.0,962.0,1
CHEMBL542399,10000.0,10000.0,10000.0,10000.0,1
CHEMBL542400,2330.0,2330.0,2330.0,2330.0,1
CHEMBL5424038,7.0595,7.0595,7.04,7.079,2
CHEMBL5424052,8.57,8.57,8.57,8.57,1
CHEMBL5424241,68.1,68.1,68.1,68.1,1
CHEMBL542462,389.0,389.0,389.0,389.0,1
CHEMBL5424897,15.2,15.2,15.2,15.2,1
CHEMBL5425134,0.48,0.48,0.48,0.48,1
CHEMBL5425252,155.0,155.0,120.0,190.0,2
CHEMBL5425375,591.0,591.0,591.0,591.0,1
CHEMBL5425434,33.59,33.59,33.3,33.88,2
CHEMBL542571,2618.0,2618.0,2618.0,2618.0,1
CHEMBL542573,2196.0,2196.0,2196.0,2196.0,1
CHEMBL5425920,1050.0,1050.0,1050.0,1050.0,1
CHEMBL5425944,58.8,58.8,58.8,58.8,1
CHEMBL5426242,84.705,84.705,84.3,85.11,2
CHEMBL5426286,424.78999999999996,424.78999999999996,423.0,426.58,2
CHEMBL542646,10000.0,10000.0,10000.0,10000.0,1
CHEMBL542647,7600.0,7600.0,7600.0,7600.0,1
CHEMBL5426481,830.0,830.0,830.0,830.0,1
CHEMBL5426620,38.4,38.4,38.4,38.4,1
CHEMBL542700,4480.0,4480.0,160.0,8800.0,2
CHEMBL5427065,114.0,114.0,114.0,114.0,1
CHEMBL542709,1417.0,1417.0,1417.0,1417.0,1
CHEMBL5427288,150.18,150.18,149.0,151.36,2
CHEMBL5427695,134.0,134.0,134.0,134.0,1
CHEMBL5427937,86.0,86.0,62.0,110.0,2
CHEMBL542809,341.0,341.0,341.0,341.0,1
CHEMBL542877,20000.0,20000.0,20000.0,20000.0,1
CHEMBL5428803,5045.0,5045.0,5045.0,5045.0,1
CHEMBL5429048,3.75,3.75,3.75,3.75,1
CHEMBL5429207,7460.0,7460.0,7460.0,7460.0,1
CHEMBL542942,10000.0,10000.0,10000.0,10000.0,1
CHEMBL542946,10000.0,10000.0,10000.0,10000.0,1
CHEMBL5429491,26.4,26.4,26.4,26.4,1
CHEMBL5429826,29.0,29.0,29.0,29.0,1
CHEMBL543040,620.0,620.0,620.0,620.0,1
CHEMBL543041,491.0,491.0,491.0,491.0,1
CHEMBL5430494,16.55,16.55,16.5,16.6,2
CHEMBL543109,10000.0,10000.0,10000.0,10000.0,1
CHEMBL5431103,2.85,2.85,2.85,2.85,1
CHEMBL543111,10000.0,10000.0,10000.0,10000.0,1
CHEMBL543113,767.36,767.36,767.36,767.36,1
CHEMBL5431474,32.0,32.0,18.0,46.0,2
CHEMBL5431642,596.0,596.0,596.0,596.0,1
CHEMBL543176,1079.0,1079.0,1079.0,1079.0,1
CHEMBL5432478,115.0,115.0,115.0,115.0,1
CHEMBL5432493,5000.0,5000.0,5000.0,5000.0,1
CHEMBL543277,9724.0,9724.0,9724.0,9724.0,1
CHEMBL543278,440.0,440.0,440.0,440.0,1
CHEMBL5432993,1180.0,1180.0,1180.0,1180.0,1
CHEMBL5433001,2089.0,2089.0,2089.0,2089.0,1
CHEMBL5433201,204.08499999999998,204.08499999999998,204.0,204.17,2
CHEMBL5433284,1.21,1.21,1.21,1.21,1
CHEMBL543343,3130.0,3130.0,3130.0,3130.0,1
CHEMBL543344,47.0,47.0,47.0,47.0,2
CHEMBL5433458,5520.0,5520.0,5520.0,5520.0,1
CHEMBL5433509,63.0,63.0,38.0,88.0,2
CHEMBL543398,1388.5,1388.5,77.0,2700.0,2
CHEMBL543412,1630.0,1630.0,1630.0,1630.0,1
CHEMBL5434229,127.0,127.0,127.0,127.0,1
CHEMBL5434650,870.0,870.0,870.0,870.0,1
CHEMBL543472,4408.0,4408.0,4408.0,4408.0,1
CHEMBL543473,629.0,629.0,629.0,629.0,1
CHEMBL5434856,17400.0,17400.0,17400.0,17400.0,1
CHEMBL5435054,99.65,99.65,99.3,100.0,2
CHEMBL5435235,146.0,146.0,146.0,146.0,1
CHEMBL5435325,88.965,88.965,88.8,89.13,2
CHEMBL5435580,109.0,109.0,109.0,109.0,1
CHEMBL5435745,86.0,86.0,86.0,86.0,1
CHEMBL543587,10000.0,10000.0,10000.0,10000.0,1
CHEMBL543591,8400.0,8400.0,8400.0,8400.0,1
CHEMBL5436551,8010.0,8010.0,8010.0,8010.0,1
CHEMBL5436641,162.0,162.0,162.0,162.0,1
CHEMBL5436702,408.0,408.0,408.0,408.0,1
CHEMBL5436809,140.0,140.0,110.0,170.0,2
CHEMBL5436957,7.2,7.2,7.2,7.2,1
CHEMBL5437265,1580.0,1580.0,1580.0,1580.0,1
CHEMBL5437660,5.8,5.8,5.8,5.8,1
CHEMBL5438081,19.4,19.4,19.4,19.4,1
CHEMBL5438205,56.5,56.5,40.0,73.0,2
CHEMBL543822,2900.0,2900.0,2900.0,2900.0,1
CHEMBL543823,1080.0,1080.0,1080.0,1080.0,1
CHEMBL5438433,68.54,68.54,67.9,69.18,2
CHEMBL5438487,811.0,811.0,811.0,811.0,1
CHEMBL5438499,239.44,239.44,239.0,239.88,2
CHEMBL543889,202.0,202.0,202.0,202.0,1
CHEMBL5439203,264.0,264.0,264.0,264.0,1
CHEMBL5439853,98.5,98.5,37.0,160.0,2
CHEMBL5440422,1.8,1.8,1.8,1.8,1
CHEMBL544055,100000.0,100000.0,100000.0,100000.0,1
CHEMBL5440936,544.27,544.27,539.0,549.54,2
CHEMBL544114,10509.5,10509.5,19.0,21000.0,2
CHEMBL5441140,0.1244,0.1244,0.12,0.1288,2
CHEMBL544115,677.5,677.5,55.0,1300.0,2
CHEMBL544118,810000.0,810000.0,810000.0,810000.0,1
CHEMBL544123,1969.0,1969.0,1969.0,1969.0,1
CHEMBL544184,680.0,680.0,680.0,680.0,1
CHEMBL544220,321.0,321.0,321.0,321.0,1
CHEMBL544418,110.0,110.0,110.0,110.0,1
CHEMBL544451,2108.0,2108.0,2108.0,2108.0,1
CHEMBL544532,10000.0,10000.0,10000.0,10000.0,1
CHEMBL544533,1460.0,1460.0,1460.0,1460.0,1
CHEMBL544594,1000.0,1000.0,1000.0,1000.0,1
CHEMBL544689,1727.0,1727.0,1727.0,1727.0,1
CHEMBL544761,10000.0,10000.0,10000.0,10000.0,1
CHEMBL544814,4020.0,4020.0,4020.0,4020.0,1
CHEMBL544925,3828.0,3828.0,3828.0,3828.0,1
CHEMBL544996,642.0,642.0,642.0,642.0,1
CHEMBL545000,1900.0,1900.0,1900.0,1900.0,1
CHEMBL545058,125.0,125.0,125.0,125.0,1
CHEMBL545222,7180.0,7180.0,7180.0,7180.0,1
CHEMBL545285,1137.0,1137.0,1137.0,1137.0,1
CHEMBL545287,61.0,61.0,61.0,61.0,1
CHEMBL545454,2690.0,2690.0,2690.0,2690.0,1
CHEMBL545457,10000.0,10000.0,10000.0,10000.0,1
CHEMBL545693,217.0,217.0,217.0,217.0,1
CHEMBL545695,1656.0,1656.0,1656.0,1656.0,1
CHEMBL545697,1496.0,1496.0,1496.0,1496.0,1
CHEMBL54715,1584.89,1584.89,1584.89,1584.89,1
CHEMBL54777,100.0,100.0,100.0,100.0,1
CHEMBL549438,158.49,158.49,158.49,158.49,1
CHEMBL54948,1000.0,1000.0,1000.0,1000.0,1
CHEMBL549638,4100.0,4100.0,3500.0,4700.0,2
CHEMBL5499005,7274.0,7274.0,7274.0,7274.0,1
CHEMBL550222,26.0,26.333333333333332,16.0,37.0,3
CHEMBL550392,9800.0,9800.0,8600.0,11000.0,2
CHEMBL55090,398.11,398.11,398.11,398.11,1
CHEMBL550920,11050.0,11050.0,9100.0,13000.0,2
CHEMBL551199,210.0,210.0,150.0,270.0,2
CHEMBL5518013,67.0,67.0,67.0,67.0,1
CHEMBL551927,15.85,15.85,15.85,15.85,1
CHEMBL551964,1306.0,1306.0,1306.0,1306.0,1
CHEMBL552268,150.0,150.0,130.0,170.0,2
CHEMBL552373,158.49,158.49,158.49,158.49,2
CHEMBL552572,577.0,577.0,577.0,577.0,1
CHEMBL552599,630.96,630.96,630.96,630.96,1
CHEMBL552631,10000.0,10000.0,10000.0,10000.0,1
CHEMBL552687,2370.0,2370.0,2370.0,2370.0,1
CHEMBL55276,316.23,316.23,316.23,316.23,1
CHEMBL552858,4100.0,4100.0,4100.0,4100.0,1
CHEMBL553082,32000.0,32000.0,32000.0,32000.0,1
CHEMBL553288,10000.0,10000.0,10000.0,10000.0,1
CHEMBL553311,25.0,25.0,25.0,25.0,1
CHEMBL553327,2.3,2.3,2.3,2.3,1
CHEMBL553372,550.0,550.0,550.0,550.0,1
CHEMBL553417,124.4,124.4,124.4,124.4,1
CHEMBL553500,10000.0,10000.0,10000.0,10000.0,1
CHEMBL553503,4155.0,4155.0,310.0,8000.0,2
CHEMBL553591,794.33,794.33,794.33,794.33,1
CHEMBL553666,24000.0,24000.0,24000.0,24000.0,1
CHEMBL553784,5320.0,5320.0,5320.0,5320.0,1
CHEMBL553810,1522.0,1522.0,1522.0,1522.0,1
CHEMBL553864,8780.0,8780.0,8780.0,8780.0,1
CHEMBL554009,2245.0,2245.0,490.0,4000.0,2
CHEMBL554016,585.0,585.0,585.0,585.0,1
CHEMBL554220,50.0,50.0,50.0,50.0,1
CHEMBL554415,1420.0,1420.0,1420.0,1420.0,1
CHEMBL554437,1168.0,1168.0,1168.0,1168.0,1
CHEMBL554670,89.0,89.0,89.0,89.0,1
CHEMBL554692,41500.0,41500.0,26000.0,57000.0,2
CHEMBL554693,100.0,100.0,100.0,100.0,1
CHEMBL554738,50.12,50.12,50.12,50.12,1
CHEMBL554873,2189.0,2189.0,2189.0,2189.0,1
CHEMBL554874,3506.0,3506.0,3506.0,3506.0,1
CHEMBL554897,5148.0,5148.0,5148.0,5148.0,1
CHEMBL555146,10000.0,10000.0,10000.0,10000.0,1
CHEMBL55524,316.23,316.23,316.23,316.23,1
CHEMBL555362,83.0,83.0,83.0,83.0,1
CHEMBL555614,4870.0,4870.0,4870.0,4870.0,1
CHEMBL555670,960.0,960.0,960.0,960.0,1
CHEMBL5556819,84.0,84.0,84.0,84.0,1
CHEMBL5557169,53.0,53.0,53.0,53.0,1
CHEMBL555744,79.43,79.43,79.43,79.43,1
CHEMBL5558071,15.0,15.0,15.0,15.0,1
CHEMBL5558524,160.0,160.0,160.0,160.0,1
CHEMBL555900,2600.0,2600.0,2600.0,2600.0,1
CHEMBL556035,2070.0,2070.0,2070.0,2070.0,1
CHEMBL5560998,210.0,210.0,210.0,210.0,1
CHEMBL556133,2900.0,2900.0,2900.0,2900.0,1
CHEMBL5562301,160.0,160.0,160.0,160.0,1
CHEMBL556288,285.0,285.0,180.0,390.0,2
CHEMBL5563072,1620.0,1620.0,1620.0,1620.0,1
CHEMBL556313,120.0,120.0,120.0,120.0,1
CHEMBL556361,1231.0,1231.0,1231.0,1231.0,1
CHEMBL5563974,1024.0,1024.0,708.0,1340.0,2
CHEMBL556496,25.12,25.12,25.12,25.12,1
CHEMBL556831,153.0,153.0,153.0,153.0,1
CHEMBL556969,61.0,61.0,61.0,61.0,1
CHEMBL557110,79.43,79.43,79.43,79.43,1
CHEMBL5571457,570.0,570.0,570.0,570.0,1
CHEMBL557409,3388.0,3388.0,3388.0,3388.0,1
CHEMBL557799,5760.0,5760.0,5760.0,5760.0,1
CHEMBL557829,194.0,194.0,194.0,194.0,1
CHEMBL558036,6512.0,6512.0,6512.0,6512.0,1
CHEMBL558058,19.95,19.95,19.95,19.95,1
CHEMBL558392,253.5,253.5,253.5,253.5,1
CHEMBL55840,1000.0,1000.0,1000.0,1000.0,1
CHEMBL558838,2750.0,2750.0,2600.0,2900.0,2
CHEMBL559021,7630.0,7630.0,7630.0,7630.0,1
CHEMBL559399,620.0,620.0,400.0,840.0,2
CHEMBL5596350,2174.0,2174.0,2174.0,2174.0,1
CHEMBL5597256,5199.0,5199.0,5199.0,5199.0,1
CHEMBL5597355,10770.0,10770.0,10770.0,10770.0,1
CHEMBL5597699,2699.0,2699.0,2699.0,2699.0,1
CHEMBL5598097,7687.0,7687.0,7687.0,7687.0,1
CHEMBL5598162,4334.0,4334.0,4334.0,4334.0,1
CHEMBL559868,2750.0,2750.0,2600.0,2900.0,2
CHEMBL559873,3.162,3.162,3.162,3.162,1
CHEMBL56,86.0,899.8,84.0,3243.0,5
CHEMBL560177,100.0,100.0,100.0,100.0,1
CHEMBL560270,251.19,251.19,251.19,251.19,1
CHEMBL561123,915.0,915.0,730.0,1100.0,2
CHEMBL561128,251.19,251.19,251.19,251.19,1
CHEMBL561132,3746.0,3824.3566666666666,3746.0,3981.07,3
CHEMBL56118,5850.0,5850.0,3700.0,8000.0,2
CHEMBL561262,46500.0,46500.0,40000.0,53000.0,2
CHEMBL561326,501.19,501.19,501.19,501.19,1
CHEMBL561622,190.0,190.0,160.0,220.0,2
CHEMBL561763,2.2,7.866666666666667,1.4,20.0,3
CHEMBL562384,13500.0,13500.0,10000.0,17000.0,2
CHEMBL562464,25.12,25.12,25.12,25.12,1
CHEMBL562620,350.0,1410.0,280.0,3600.0,3
CHEMBL562833,316.23,316.23,316.23,316.23,1
CHEMBL562836,630.96,630.96,630.96,630.96,1
CHEMBL562948,199.53,199.53,199.53,199.53,1
CHEMBL563078,4400.0,4400.0,3300.0,5500.0,2
CHEMBL563109,935.0,935.0,570.0,1300.0,2
CHEMBL5631327,4784.0,4784.0,4784.0,4784.0,1
CHEMBL5631884,530.0,530.0,530.0,530.0,1
CHEMBL5631952,897.0,897.0,897.0,897.0,1
CHEMBL5631953,663.0,663.0,663.0,663.0,1
CHEMBL5632197,362.0,362.0,362.0,362.0,1
CHEMBL5632496,971.0,971.0,971.0,971.0,1
CHEMBL563274,125.89,125.89,125.89,125.89,1
CHEMBL5632828,727.0,727.0,727.0,727.0,1
CHEMBL5632924,797.0,797.0,797.0,797.0,1
CHEMBL5633074,1004.0,1004.0,1004.0,1004.0,1
CHEMBL5633651,879.0,879.0,879.0,879.0,1
CHEMBL5633662,362.0,362.0,362.0,362.0,1
CHEMBL563435,125.89,125.89,125.89,125.89,1
CHEMBL563563,100.0,100.0,100.0,100.0,1
CHEMBL563580,5.012,5.012,5.012,5.012,1
CHEMBL563614,2600.0,2600.0,2300.0,2900.0,2
CHEMBL563635,25.12,25.12,25.12,25.12,1
CHEMBL563860,3.981,3.981,3.981,3.981,1
CHEMBL5639113,1788.0,1788.0,1788.0,1788.0,1
CHEMBL5639121,22.4,22.4,22.4,22.4,1
CHEMBL5639198,8.3,8.3,8.3,8.3,1
CHEMBL5639255,29.2,29.2,29.2,29.2,1
CHEMBL5639256,1079.0,1079.0,1079.0,1079.0,1
CHEMBL563926,50.12,50.12,50.12,50.12,1
CHEMBL5639281,2.5,2.5,2.5,2.5,1
CHEMBL5639282,1633.0,1633.0,1633.0,1633.0,1
CHEMBL5639328,811.0,811.0,811.0,811.0,1
CHEMBL5639353,2589.0,2589.0,2589.0,2589.0,1
CHEMBL5639487,1020.0,1020.0,1020.0,1020.0,1
CHEMBL5639508,1444.0,1444.0,1444.0,1444.0,1
CHEMBL5639514,2430.0,2430.0,2430.0,2430.0,1
CHEMBL5639544,1352.0,1352.0,1352.0,1352.0,1
CHEMBL5639547,2355.0,2355.0,2355.0,2355.0,1
CHEMBL5639584,602.0,602.0,602.0,602.0,1
CHEMBL5639676,797.0,797.0,797.0,797.0,1
CHEMBL5639697,7.0,7.0,7.0,7.0,1
CHEMBL5639716,14.0,14.0,14.0,14.0,1
CHEMBL5639786,32.1,32.1,32.1,32.1,1
CHEMBL5639796,16.9,16.9,16.9,16.9,1
CHEMBL5639881,10.1,10.1,10.1,10.1,1
CHEMBL564,168.0,168.0,168.0,168.0,1
CHEMBL5641522,16.2,16.2,16.2,16.2,1
CHEMBL5641575,14.2,14.2,14.2,14.2,1
CHEMBL5641587,931.0,931.0,931.0,931.0,1
CHEMBL5641620,3356.0,3356.0,3356.0,3356.0,1
CHEMBL5641706,7.4,7.4,7.4,7.4,1
CHEMBL5641714,416.0,416.0,416.0,416.0,1
CHEMBL5641743,595.0,595.0,595.0,595.0,1
CHEMBL5641844,2.9,2.9,2.9,2.9,1
CHEMBL5641883,8.3,8.3,8.3,8.3,1
CHEMBL5646389,9685.0,9685.0,9685.0,9685.0,1
CHEMBL5646461,9.5,9.5,9.5,9.5,1
CHEMBL5646653,408.0,408.0,408.0,408.0,1
CHEMBL5646712,189.0,189.0,189.0,189.0,1
CHEMBL5646785,472.0,472.0,472.0,472.0,1
CHEMBL5646837,28.8,28.8,28.8,28.8,1
CHEMBL5646847,260.0,260.0,260.0,260.0,1
CHEMBL564688,475.0,475.0,380.0,570.0,2
CHEMBL5646887,21.4,21.4,21.4,21.4,1
CHEMBL5646949,2.2,2.2,2.2,2.2,1
CHEMBL5646972,107.0,107.0,107.0,107.0,1
CHEMBL5647033,565.0,565.0,565.0,565.0,1
CHEMBL5647076,1305.0,1305.0,1305.0,1305.0,1
CHEMBL5647077,2079.0,2079.0,2079.0,2079.0,1
CHEMBL564709,210.0,210.0,160.0,260.0,2
CHEMBL5647099,820.0,820.0,820.0,820.0,1
CHEMBL5647154,10.1,10.1,10.1,10.1,1
CHEMBL5647189,18.6,18.6,18.6,18.6,1
CHEMBL5647307,41000.0,41000.0,41000.0,41000.0,1
CHEMBL5647346,30.0,30.0,30.0,30.0,1
CHEMBL5647349,8.4,8.4,8.4,8.4,1
CHEMBL5647367,7.3,7.3,7.3,7.3,1
CHEMBL5647399,18.7,18.7,18.7,18.7,1
CHEMBL5647418,12.7,12.7,12.7,12.7,1
CHEMBL5647430,421.0,421.0,421.0,421.0,1
CHEMBL5647451,12.6,12.6,12.6,12.6,1
CHEMBL5647458,411.0,411.0,411.0,411.0,1
CHEMBL5647487,817.0,817.0,817.0,817.0,1
CHEMBL5647611,13.4,13.4,13.4,13.4,1
CHEMBL5647616,7.7,7.7,7.7,7.7,1
CHEMBL5647639,723.0,723.0,723.0,723.0,1
CHEMBL564930,31.62,31.62,31.62,31.62,1
CHEMBL564948,1000.0,1000.0,1000.0,1000.0,1
CHEMBL565075,25.12,25.12,25.12,25.12,1
CHEMBL565553,310.0,310.0,310.0,310.0,1
CHEMBL565935,100.0,100.0,100.0,100.0,1
CHEMBL566155,36.0,36.0,36.0,36.0,1
CHEMBL566172,120.0,120.0,120.0,120.0,1
CHEMBL566356,14.0,14.0,14.0,14.0,1
CHEMBL566379,47.5,47.5,45.0,50.0,2
CHEMBL566380,220.0,220.0,220.0,220.0,1
CHEMBL566396,28.0,28.0,28.0,28.0,1
CHEMBL566508,32.36,32.36,32.36,32.36,1
CHEMBL566970,339.0,298.3333333333333,217.0,339.0,3
CHEMBL567286,81.0,81.0,42.0,120.0,2
CHEMBL567303,595.52,595.52,595.52,595.52,1
CHEMBL567454,140.0,140.0,140.0,140.0,1
CHEMBL567919,1584.89,1584.89,1584.89,1584.89,1
CHEMBL568103,50.0,50.0,50.0,50.0,1
CHEMBL56843,7.762,7.762,7.762,7.762,1
CHEMBL568538,24.0,24.0,24.0,24.0,1
CHEMBL568801,4.89,4.89,4.89,4.89,1
CHEMBL568822,5.22,5.22,5.22,5.22,1
CHEMBL569003,8.85,8.85,8.85,8.85,1
CHEMBL569107,57.7,57.7,57.7,57.7,1
CHEMBL569251,3.0,3.0,3.0,3.0,2
CHEMBL569270,10000.0,10000.0,10000.0,10000.0,1
CHEMBL569322,21.7,21.7,21.7,21.7,1
CHEMBL569476,720.0,720.0,720.0,720.0,1
CHEMBL569513,38.5,38.5,17.0,60.0,2
CHEMBL569746,47.5,47.5,47.5,47.5,1
CHEMBL569747,13.5,13.5,13.5,13.5,1
CHEMBL569977,3.74,3.74,3.74,3.74,1
CHEMBL570187,7.08,7.08,7.08,7.08,1
CHEMBL570188,270.0,270.0,270.0,270.0,1
CHEMBL57019,10000.0,10000.0,10000.0,10000.0,1
CHEMBL571464,15.0,15.0,15.0,15.0,1
CHEMBL57176,675.0,675.0,580.0,770.0,2
CHEMBL571992,269.0,269.0,269.0,269.0,1
CHEMBL57219,398.11,398.11,398.11,398.11,2
CHEMBL572270,2511.89,2511.89,2511.89,2511.89,1
CHEMBL5722937,10000.0,10000.0,10000.0,10000.0,1
CHEMBL5722940,10000.0,10000.0,10000.0,10000.0,1
CHEMBL5722942,10000.0,10000.0,10000.0,10000.0,1
CHEMBL5722945,10000.0,10000.0,10000.0,10000.0,1
CHEMBL5722948,10000.0,10000.0,10000.0,10000.0,1
CHEMBL5722949,10000.0,10000.0,10000.0,10000.0,1
CHEMBL5722957,10000.0,10000.0,10000.0,10000.0,1
CHEMBL5722958,10000.0,10000.0,10000.0,10000.0,1
CHEMBL5722959,10000.0,10000.0,10000.0,10000.0,1
CHEMBL5722960,10000.0,10000.0,10000.0,10000.0,1
CHEMBL5722961,10000.0,10000.0,10000.0,10000.0,1
CHEMBL5722962,10000.0,10000.0,10000.0,10000.0,1
CHEMBL5722963,10000.0,10000.0,10000.0,10000.0,1
CHEMBL5722967,10000.0,10000.0,10000.0,10000.0,1
CHEMBL5722971,10000.0,10000.0,10000.0,10000.0,1
CHEMBL5722979,10000.0,10000.0,10000.0,10000.0,1
CHEMBL5722980,10000.0,10000.0,10000.0,10000.0,1
CHEMBL5722982,10000.0,10000.0,10000.0,10000.0,1
CHEMBL5722983,10000.0,10000.0,10000.0,10000.0,1
CHEMBL5722985,10000.0,10000.0,10000.0,10000.0,1
CHEMBL5722986,10000.0,10000.0,10000.0,10000.0,1
CHEMBL5722990,10000.0,10000.0,10000.0,10000.0,1
CHEMBL5722994,10000.0,10000.0,10000.0,10000.0,1
CHEMBL5722998,10000.0,10000.0,10000.0,10000.0,1
CHEMBL5723000,10000.0,10000.0,10000.0,10000.0,1
CHEMBL5723003,10000.0,10000.0,10000.0,10000.0,1
CHEMBL5723004,10000.0,10000.0,10000.0,10000.0,1
CHEMBL5723006,10000.0,10000.0,10000.0,10000.0,1
CHEMBL5723009,10000.0,10000.0,10000.0,10000.0,1
CHEMBL5723012,10000.0,10000.0,10000.0,10000.0,1
CHEMBL5723013,10000.0,10000.0,10000.0,10000.0,1
CHEMBL5723014,10000.0,10000.0,10000.0,10000.0,1
CHEMBL5723018,10000.0,10000.0,10000.0,10000.0,1
CHEMBL5723020,10000.0,10000.0,10000.0,10000.0,1
CHEMBL5723021,10000.0,10000.0,10000.0,10000.0,1
CHEMBL5723023,10000.0,10000.0,10000.0,10000.0,1
CHEMBL5723030,10000.0,10000.0,10000.0,10000.0,1
CHEMBL5723033,10000.0,10000.0,10000.0,10000.0,1
CHEMBL572379,48.5,48.5,44.0,53.0,2
CHEMBL572708,158.49,158.49,158.49,158.49,1
CHEMBL572867,34.5,34.5,1.0,68.0,2
CHEMBL573791,143.25,143.25,6.5,280.0,2
CHEMBL573792,413.5,413.5,17.0,810.0,2
CHEMBL5739820,350.0,350.0,350.0,350.0,1
CHEMBL5739837,1700.0,1700.0,1700.0,1700.0,2
CHEMBL5740003,360.0,360.0,360.0,360.0,1
CHEMBL5740025,973.0,973.0,973.0,973.0,2
CHEMBL574030,874.5,874.5,49.0,1700.0,2
CHEMBL5740464,1400.0,1400.0,1400.0,1400.0,1
CHEMBL5740648,311.0,311.0,311.0,311.0,2
CHEMBL57407,1000.0,1000.0,1000.0,1000.0,1
CHEMBL5740725,977.0,977.0,977.0,977.0,2
CHEMBL5740838,1900.0,1900.0,1900.0,1900.0,2
CHEMBL5741668,222.0,222.0,222.0,222.0,2
CHEMBL5742462,230.0,230.0,230.0,230.0,1
CHEMBL5742496,2122.0,2122.0,2122.0,2122.0,1
CHEMBL5742721,1000.0,1000.0,1000.0,1000.0,2
CHEMBL5742783,1100.0,1100.0,1100.0,1100.0,2
CHEMBL5742873,1.1,1.1,1.1,1.1,1
CHEMBL5743097,2100.0,2100.0,2100.0,2100.0,1
CHEMBL5743403,690.0,690.0,690.0,690.0,1
CHEMBL5744021,305.0,305.0,305.0,305.0,2
CHEMBL5744250,2.09,2.09,2.09,2.09,2
CHEMBL5744335,2042.0,2042.0,2042.0,2042.0,2
CHEMBL5744745,830.0,830.0,830.0,830.0,1
CHEMBL5744851,1900.0,1900.0,1900.0,1900.0,2
CHEMBL5744969,5558.0,5558.0,5558.0,5558.0,2
CHEMBL5745240,240.0,240.0,240.0,240.0,2
CHEMBL574534,1385.0,1385.0,770.0,2000.0,2
CHEMBL5745580,10000.0,10000.0,10000.0,10000.0,1
CHEMBL5745610,1100.0,1100.0,1100.0,1100.0,1
CHEMBL574569,12500.0,12500.0,10000.0,15000.0,2
CHEMBL574595,39.1,39.1,39.1,39.1,1
CHEMBL5746233,2.96,2.96,2.96,2.96,2
CHEMBL5746341,668.0,668.0,668.0,668.0,2
CHEMBL574700,19.1,19.1,19.1,19.1,1
CHEMBL5747022,1800.0,1800.0,1800.0,1800.0,2
CHEMBL5747045,347.0,347.0,347.0,347.0,1
CHEMBL5747372,1.75,1.75,1.75,1.75,2
CHEMBL5747557,230.0,230.0,230.0,230.0,2
CHEMBL57478,5500.0,5500.0,5500.0,5500.0,1
CHEMBL5747857,676.0,676.0,676.0,676.0,2
CHEMBL5748406,676.0,676.0,676.0,676.0,1
CHEMBL5748412,1600.0,1600.0,1600.0,1600.0,1
CHEMBL5748515,355.0,355.0,355.0,355.0,2
CHEMBL5749015,3.15,3.15,3.15,3.15,2
CHEMBL5749296,590.0,590.0,590.0,590.0,2
CHEMBL5749383,802.0,802.0,802.0,802.0,2
CHEMBL5749531,240.0,240.0,240.0,240.0,1
CHEMBL5750025,804.0,804.0,804.0,804.0,2
CHEMBL5750360,20000.0,20000.0,20000.0,20000.0,1
CHEMBL5750440,960.0,960.0,960.0,960.0,1
CHEMBL5750573,852.0,852.0,852.0,852.0,2
CHEMBL5750695,1700.0,1700.0,1700.0,1700.0,1
CHEMBL5750884,2291.0,2291.0,2291.0,2291.0,2
CHEMBL5750899,2122.0,2122.0,2122.0,2122.0,1
CHEMBL5751323,10000.0,10000.0,10000.0,10000.0,1
CHEMBL5751756,1681.0,1681.0,1681.0,1681.0,2
CHEMBL5751862,59.3,59.3,59.3,59.3,2
CHEMBL5752215,2.07,2.07,2.07,2.07,2
CHEMBL5752263,10000.0,10000.0,10000.0,10000.0,2
CHEMBL5753002,10000.0,10000.0,10000.0,10000.0,2
CHEMBL5753045,6.9,6.9,6.9,6.9,1
CHEMBL5753132,91.0,91.0,91.0,91.0,1
CHEMBL5753449,226.0,226.0,226.0,226.0,1
CHEMBL5753470,200.0,200.0,200.0,200.0,1
CHEMBL57535,1300.0,1300.0,1300.0,1300.0,1
CHEMBL5754091,1800.0,1800.0,1800.0,1800.0,1
CHEMBL5754216,450.0,450.0,450.0,450.0,1
CHEMBL5754241,574.0,574.0,574.0,574.0,2
CHEMBL5754294,1000.0,1000.0,1000.0,1000.0,2
CHEMBL5754351,100.0,100.0,100.0,100.0,1
CHEMBL5754389,1171.0,1171.0,1171.0,1171.0,2
CHEMBL57546,2200.0,2200.0,2200.0,2200.0,1
CHEMBL5755159,1700.0,1700.0,1700.0,1700.0,1
CHEMBL5755574,540.0,540.0,540.0,540.0,1
CHEMBL5755795,720.0,720.0,720.0,720.0,1
CHEMBL5756065,550.0,550.0,550.0,550.0,1
CHEMBL5756186,58.0,58.0,58.0,58.0,1
CHEMBL5756683,1300.0,1300.0,1300.0,1300.0,1
CHEMBL5757240,20000.0,20000.0,20000.0,20000.0,1
CHEMBL575760,630.96,630.96,630.96,630.96,1
CHEMBL5757857,12888.0,12888.0,12888.0,12888.0,2
CHEMBL575788,33.88,33.88,33.88,33.88,1
CHEMBL5758059,2089.0,2089.0,2089.0,2089.0,2
CHEMBL5758210,219.0,219.0,219.0,219.0,2
CHEMBL5758329,100.0,100.0,100.0,100.0,1
CHEMBL5758482,45.7,45.7,45.7,45.7,2
CHEMBL5758623,16.1,16.1,16.1,16.1,1
CHEMBL5758914,1274.0,1274.0,1274.0,1274.0,2
CHEMBL5759035,479.0,479.0,479.0,479.0,2
CHEMBL5759521,6.8,6.8,6.8,6.8,1
CHEMBL5759775,65.7,65.7,65.7,65.7,1
CHEMBL5759917,220.0,220.0,220.0,220.0,1
CHEMBL5760184,990.0,990.0,990.0,990.0,2
CHEMBL5760252,128.75,128.75,57.5,200.0,4
CHEMBL5760835,1500.0,1500.0,1500.0,1500.0,1
CHEMBL5760982,1288.0,1288.0,1288.0,1288.0,1
CHEMBL5761193,99.0,99.0,99.0,99.0,2
CHEMBL5761449,15163.5,15163.5,13200.0,17127.0,2
CHEMBL5761714,55.0,55.0,55.0,55.0,1
CHEMBL5762619,2440.0,2440.0,2440.0,2440.0,1
CHEMBL5763156,10000.0,10000.0,10000.0,10000.0,1
CHEMBL5763173,1108.0,1108.0,1108.0,1108.0,2
CHEMBL5763694,136.0,136.0,136.0,136.0,2
CHEMBL5764071,1290.0,1290.0,1290.0,1290.0,2
CHEMBL5764090,10000.0,10000.0,10000.0,10000.0,2
CHEMBL5765085,1000.0,1000.0,1000.0,1000.0,2
CHEMBL5765355,933.0,933.0,933.0,933.0,2
CHEMBL5765463,4.65,4.65,4.65,4.65,2
CHEMBL5766295,167.0,167.0,167.0,167.0,2
CHEMBL5766303,8.67,8.67,8.67,8.67,2
CHEMBL5766304,37.0,37.0,37.0,37.0,1
CHEMBL5766477,461.0,461.0,461.0,461.0,2
CHEMBL5766722,670.0,670.0,670.0,670.0,1
CHEMBL5766810,103.0,103.0,103.0,103.0,2
CHEMBL5766981,12.5,12.5,12.5,12.5,1
CHEMBL5767315,195.0,195.0,195.0,195.0,1
CHEMBL576756,48.98,48.98,48.98,48.98,1
CHEMBL5767729,1800.0,1800.0,1800.0,1800.0,2
CHEMBL5768042,150.0,150.0,150.0,150.0,1
CHEMBL5768208,77.5,77.5,55.0,100.0,2
CHEMBL5768271,560.0,560.0,560.0,560.0,1
CHEMBL5768282,1700.0,1700.0,1700.0,1700.0,1
CHEMBL5768526,1549.0,1549.0,1549.0,1549.0,2
CHEMBL5768736,75.0,75.0,75.0,75.0,1
CHEMBL5768768,194.0,194.0,194.0,194.0,2
CHEMBL5769392,1200.0,1200.0,1200.0,1200.0,1
CHEMBL5769559,290.0,290.0,290.0,290.0,2
CHEMBL5769957,2300.0,2300.0,2300.0,2300.0,2
CHEMBL5770088,220.0,220.0,220.0,220.0,1
CHEMBL5770250,1600.0,1600.0,1600.0,1600.0,1
CHEMBL5770514,54.0,54.0,54.0,54.0,2
CHEMBL577073,109.0,109.0,109.0,109.0,1
CHEMBL5770832,370.0,370.0,370.0,370.0,2
CHEMBL5770882,5000.0,5000.0,5000.0,5000.0,2
CHEMBL5771610,37.0,37.0,37.0,37.0,1
CHEMBL5771788,678.04,678.04,676.08,680.0,2
CHEMBL5773072,417.0,417.0,417.0,417.0,2
CHEMBL5773648,16218.0,16218.0,16218.0,16218.0,1
CHEMBL5774136,100.0,100.0,100.0,100.0,1
CHEMBL5774440,2461.0,2461.0,2461.0,2461.0,2
CHEMBL5774739,55.0,55.0,55.0,55.0,1
CHEMBL5776224,2200.0,2200.0,2200.0,2200.0,1
CHEMBL5776728,10000.0,10000.0,10000.0,10000.0,2
CHEMBL5776805,12.4,12.4,12.4,12.4,2
CHEMBL5776853,550.0,550.0,550.0,550.0,1
CHEMBL5777028,10000.0,10000.0,10000.0,10000.0,1
CHEMBL5777100,55.0,55.0,55.0,55.0,1
CHEMBL5778251,1300.0,1300.0,1300.0,1300.0,1
CHEMBL5779117,76.0,76.0,76.0,76.0,2
CHEMBL5779139,2239.0,2239.0,2239.0,2239.0,2
CHEMBL5779786,55.0,55.0,55.0,55.0,1
CHEMBL5780460,860.0,860.0,860.0,860.0,1
CHEMBL5780626,2200.0,2200.0,2200.0,2200.0,1
CHEMBL5780742,342.0,342.0,342.0,342.0,2
CHEMBL5781214,204.0,204.0,204.0,204.0,2
CHEMBL5781514,20000.0,20000.0,20000.0,20000.0,1
CHEMBL5781886,5500.0,5500.0,5500.0,5500.0,1
CHEMBL5783520,4365.0,4365.0,4365.0,4365.0,2
CHEMBL5783780,330.0,330.0,330.0,330.0,2
CHEMBL5783925,1440.0,1440.0,1440.0,1440.0,1
CHEMBL5784405,550.0,550.0,550.0,550.0,1
CHEMBL5784542,850.0,850.0,850.0,850.0,2
CHEMBL5784850,2200.0,2200.0,2200.0,2200.0,1
CHEMBL5784881,1.4,1.4,1.4,1.4,1
CHEMBL5785194,646.0,646.0,646.0,646.0,1
CHEMBL5785643,1290.0,1290.0,1290.0,1290.0,2
CHEMBL5787369,230.0,230.0,230.0,230.0,2
CHEMBL5787390,290.0,290.0,290.0,290.0,1
CHEMBL5787400,309.0,309.0,309.0,309.0,1
CHEMBL5787430,724.0,724.0,724.0,724.0,2
CHEMBL5787908,223.0,223.0,223.0,223.0,1
CHEMBL5788028,1034.0,1034.0,1034.0,1034.0,2
CHEMBL5788059,738.0,738.0,738.0,738.0,2
CHEMBL5788233,1445.0,1445.0,1445.0,1445.0,1
CHEMBL5788513,294.0,294.0,294.0,294.0,2
CHEMBL5788653,235.0,235.0,235.0,235.0,1
CHEMBL5788692,820.0,820.0,820.0,820.0,1
CHEMBL5788865,308.0,308.0,308.0,308.0,1
CHEMBL5789154,1341.0,1341.0,1341.0,1341.0,2
CHEMBL5789364,690.0,690.0,690.0,690.0,2
CHEMBL5789483,78.0,78.0,78.0,78.0,1
CHEMBL5789899,1.1,1.1,1.1,1.1,1
CHEMBL5790061,1000.0,1000.0,1000.0,1000.0,1
CHEMBL5790341,5.6,5.6,5.6,5.6,1
CHEMBL5790345,1100.0,1100.0,1100.0,1100.0,1
CHEMBL5790487,10000.0,10000.0,10000.0,10000.0,2
CHEMBL5790545,170.0,170.0,170.0,170.0,1
CHEMBL5790673,89.1,89.1,89.1,89.1,2
CHEMBL5791870,300.0,300.0,300.0,300.0,1
CHEMBL5792283,1700.0,1700.0,1700.0,1700.0,2
CHEMBL5792319,366.0,366.0,366.0,366.0,2
CHEMBL5792767,1.6,1.6,1.6,1.6,2
CHEMBL5792884,1000.0,1000.0,1000.0,1000.0,2
CHEMBL5793795,1022.0,1022.0,1022.0,1022.0,2
CHEMBL5794309,2200.0,2200.0,2200.0,2200.0,1
CHEMBL5794366,1.73,1.73,1.73,1.73,2
CHEMBL5795064,1000.0,1000.0,1000.0,1000.0,1
CHEMBL5795868,310.0,310.0,310.0,310.0,1
CHEMBL5796343,760.0,760.0,760.0,760.0,1
CHEMBL5796462,202.5,202.5,117.0,288.0,2
CHEMBL5796612,10000.0,10000.0,10000.0,10000.0,2
CHEMBL5796826,1800.0,1800.0,1800.0,1800.0,2
CHEMBL5796846,1148.0,926.3333333333334,117.0,1514.0,3
CHEMBL5797348,7249.0,7249.0,7249.0,7249.0,2
CHEMBL5797662,1000.0,1000.0,1000.0,1000.0,2
CHEMBL5797951,236.0,236.0,236.0,236.0,2
CHEMBL5798159,0.4,0.4,0.4,0.4,1
CHEMBL5798184,337.0,337.0,337.0,337.0,2
CHEMBL5798258,680.0,680.0,680.0,680.0,2
CHEMBL5798273,310.0,310.0,310.0,310.0,1
CHEMBL5798443,55.0,55.0,55.0,55.0,1
CHEMBL5798520,689.0,689.0,689.0,689.0,2
CHEMBL5798541,853.0,853.0,853.0,853.0,2
CHEMBL5798578,780.0,780.0,780.0,780.0,2
CHEMBL5798666,692.0,692.0,692.0,692.0,2
CHEMBL5799726,1100.0,1100.0,1100.0,1100.0,2
CHEMBL5799799,107.0,107.0,107.0,107.0,1
CHEMBL5800878,100.0,100.0,100.0,100.0,1
CHEMBL5801091,150.0,150.0,150.0,150.0,2
CHEMBL5801333,360.0,360.0,360.0,360.0,1
CHEMBL5801439,1000.0,1000.0,1000.0,1000.0,1
CHEMBL5801625,290.0,290.0,290.0,290.0,1
CHEMBL5801686,188.0,188.0,188.0,188.0,1
CHEMBL5801773,470.0,470.0,470.0,470.0,2
CHEMBL5801823,216.0,216.0,216.0,216.0,2
CHEMBL5801901,670.0,670.0,670.0,670.0,2
CHEMBL5802454,1479.0,1479.0,1479.0,1479.0,2
CHEMBL5802670,316.0,316.0,316.0,316.0,2
CHEMBL5802711,1700.0,1700.0,1700.0,1700.0,1
CHEMBL5803741,5500.0,5500.0,5500.0,5500.0,1
CHEMBL5804011,191.0,191.0,191.0,191.0,2
CHEMBL5804136,278.0,278.0,278.0,278.0,1
CHEMBL5804145,2582.0,2582.0,2582.0,2582.0,2
CHEMBL5804146,903.0,903.0,903.0,903.0,2
CHEMBL5804436,190.0,190.0,190.0,190.0,2
CHEMBL5804443,2311.0,2311.0,2311.0,2311.0,2
CHEMBL5804584,718.0,718.0,718.0,718.0,2
CHEMBL5804662,5.04,5.04,5.04,5.04,2
CHEMBL5804691,10000.0,10000.0,10000.0,10000.0,1
CHEMBL5805100,863.0,863.0,863.0,863.0,2
CHEMBL5805419,1900.0,1900.0,1900.0,1900.0,2
CHEMBL5805467,9.43,9.43,9.43,9.43,2
CHEMBL5806186,1743.0,1743.0,1743.0,1743.0,2
CHEMBL5806254,53.7,53.7,53.7,53.7,2
CHEMBL5806473,871.0,871.0,871.0,871.0,2
CHEMBL5806479,347.0,347.0,347.0,347.0,2
CHEMBL5806801,550.0,550.0,550.0,550.0,1
CHEMBL5806804,1100.0,1100.0,1100.0,1100.0,2
CHEMBL5806809,730.0,730.0,730.0,730.0,1
CHEMBL5807396,494.0,494.0,494.0,494.0,2
CHEMBL5807409,170.0,170.0,170.0,170.0,2
CHEMBL5807606,591.0,591.0,591.0,591.0,2
CHEMBL5808334,1122.0,1122.0,1122.0,1122.0,1
CHEMBL5808335,690.0,690.0,690.0,690.0,1
CHEMBL5808693,170.0,170.0,170.0,170.0,2
CHEMBL5808795,1200.0,1200.0,1200.0,1200.0,2
CHEMBL5809368,97.7,97.7,97.7,97.7,1
CHEMBL5810427,62.0,62.0,62.0,62.0,2
CHEMBL5810433,280.0,280.0,280.0,280.0,2
CHEMBL5810780,550.0,550.0,550.0,550.0,1
CHEMBL5810837,270.0,270.0,270.0,270.0,1
CHEMBL5811527,1100.0,1100.0,1100.0,1100.0,1
CHEMBL5811972,88.0,88.0,88.0,88.0,1
CHEMBL5812507,55.0,55.0,55.0,55.0,1
CHEMBL5812691,1861.0,1861.0,1861.0,1861.0,2
CHEMBL5813094,1700.0,1700.0,1700.0,1700.0,2
CHEMBL5813200,1700.0,1700.0,1700.0,1700.0,1
CHEMBL5813483,560.0,560.0,560.0,560.0,1
CHEMBL5813774,1660.0,1660.0,1660.0,1660.0,1
CHEMBL5814002,780.0,780.0,780.0,780.0,1
CHEMBL5814275,430.0,853.3333333333334,430.0,1700.0,3
CHEMBL5814635,10.8,10.8,10.8,10.8,2
CHEMBL5815426,1622.0,1622.0,1622.0,1622.0,2
CHEMBL5815670,215.0,215.0,215.0,215.0,2
CHEMBL5815825,230.0,230.0,230.0,230.0,1
CHEMBL5815869,103.0,103.0,103.0,103.0,2
CHEMBL5815880,1202.0,1202.0,1202.0,1202.0,2
CHEMBL5816029,1.78,1.78,1.78,1.78,2
CHEMBL5816312,10.4,10.4,10.4,10.4,1
CHEMBL5816324,376.0,376.0,376.0,376.0,2
CHEMBL5816455,331.0,331.0,331.0,331.0,1
CHEMBL5816624,1800.0,1800.0,1800.0,1800.0,2
CHEMBL5816980,550.0,550.0,550.0,550.0,2
CHEMBL5817019,878.0,878.0,878.0,878.0,2
CHEMBL5817080,21.0,21.0,21.0,21.0,1
CHEMBL5817174,234.0,234.0,234.0,234.0,2
CHEMBL5817276,738.0,738.0,738.0,738.0,2
CHEMBL5817384,6.77,6.77,6.77,6.77,2
CHEMBL5817624,7.1,7.1,7.1,7.1,1
CHEMBL5817807,457.0,457.0,457.0,457.0,2
CHEMBL5817877,510.0,510.0,510.0,510.0,2
CHEMBL5818092,389.0,389.0,389.0,389.0,2
CHEMBL5818912,209.0,209.0,209.0,209.0,1
CHEMBL5819427,97.4,97.4,97.4,97.4,2
CHEMBL5820551,2200.0,2200.0,2200.0,2200.0,1
CHEMBL5820626,2200.0,2200.0,2200.0,2200.0,1
CHEMBL5820954,2.07,2.07,2.07,2.07,2
CHEMBL5821204,530.0,530.0,530.0,530.0,2
CHEMBL5821312,1400.0,1400.0,1400.0,1400.0,2
CHEMBL5821492,310.0,310.0,310.0,310.0,2
CHEMBL5821495,225.4,225.4,70.8,380.0,2
CHEMBL5821584,3.03,3.03,3.03,3.03,2
CHEMBL5821609,5485.0,5485.0,5485.0,5485.0,2
CHEMBL5821806,68.3,68.3,68.3,68.3,1
CHEMBL5821968,220.0,220.0,220.0,220.0,2
CHEMBL5822377,550.0,550.0,550.0,550.0,1
CHEMBL5822480,2200.0,2200.0,2200.0,2200.0,1
CHEMBL5822694,1700.0,1700.0,1700.0,1700.0,2
CHEMBL5822791,1400.0,1400.0,1400.0,1400.0,1
CHEMBL5822807,480.0,480.0,480.0,480.0,1
CHEMBL5823313,2.54,2.54,2.54,2.54,2
CHEMBL5823420,1889.0,1889.0,1889.0,1889.0,1
CHEMBL5823486,500.0,500.0,500.0,500.0,2
CHEMBL5823647,1800.0,1800.0,1800.0,1800.0,2
CHEMBL5823796,140.0,140.0,140.0,140.0,2
CHEMBL5823916,0.4,0.4,0.4,0.4,1
CHEMBL5823979,970.0,970.0,970.0,970.0,1
CHEMBL5824458,4958.0,4172.0,2600.0,4958.0,3
CHEMBL5824779,307.0,307.0,307.0,307.0,2
CHEMBL5825042,635.0,635.0,635.0,635.0,2
CHEMBL5825714,5162.0,5162.0,5162.0,5162.0,2
CHEMBL5825727,300.0,300.0,300.0,300.0,1
CHEMBL5825746,310.0,310.0,310.0,310.0,2
CHEMBL5826229,10000.0,10000.0,10000.0,10000.0,2
CHEMBL5826858,740.0,740.0,740.0,740.0,2
CHEMBL5827131,138.0,138.0,138.0,138.0,1
CHEMBL5827197,472.0,472.0,472.0,472.0,2
CHEMBL5827336,93.0,93.0,93.0,93.0,2
CHEMBL5827826,100.0,100.0,100.0,100.0,1
CHEMBL5828332,55.0,55.0,55.0,55.0,1
CHEMBL5828638,850.0,850.0,850.0,850.0,1
CHEMBL5828803,500.0,500.0,500.0,500.0,2
CHEMBL5829089,6945.0,6945.0,6945.0,6945.0,2
CHEMBL582945,80.0,80.0,80.0,80.0,1
CHEMBL5829484,121.0,121.0,121.0,121.0,1
CHEMBL5829577,1386.5,1260.5,772.0,1497.0,4
CHEMBL58296,160.0,160.0,160.0,160.0,2
CHEMBL5829956,1000.0,1000.0,1000.0,1000.0,2
CHEMBL5830118,380.0,380.0,380.0,380.0,1
CHEMBL5830146,1100.0,1100.0,1100.0,1100.0,2
CHEMBL5830481,81.3,81.3,81.3,81.3,1
CHEMBL5830831,55.0,55.0,55.0,55.0,1
CHEMBL5830898,1181.0,966.0,536.0,1181.0,3
CHEMBL5831227,1400.0,1400.0,1400.0,1400.0,2
CHEMBL5831281,1800.0,1800.0,1800.0,1800.0,1
CHEMBL5831775,670.0,670.0,670.0,670.0,1
CHEMBL5832039,350.0,350.0,350.0,350.0,1
CHEMBL5832273,1000.0,1000.0,1000.0,1000.0,2
CHEMBL5832379,1200.0,1200.0,1200.0,1200.0,1
CHEMBL5832431,203.0,203.0,203.0,203.0,2
CHEMBL5832778,950.0,950.0,950.0,950.0,1
CHEMBL5833227,2200.0,2200.0,2200.0,2200.0,1
CHEMBL5833403,692.0,692.0,692.0,692.0,2
CHEMBL5833667,280.0,280.0,280.0,280.0,1
CHEMBL5833755,2200.0,2200.0,2200.0,2200.0,1
CHEMBL5833883,2300.0,2300.0,2300.0,2300.0,1
CHEMBL5833970,137.0,137.0,137.0,137.0,1
CHEMBL5834120,303.0,303.0,303.0,303.0,2
CHEMBL5834214,1049.0,1049.0,1049.0,1049.0,2
CHEMBL5834577,2300.0,2300.0,2300.0,2300.0,1
CHEMBL5834688,1000.0,1000.0,1000.0,1000.0,1
CHEMBL5834769,977.0,977.0,977.0,977.0,1
CHEMBL5835478,1200.0,1200.0,1200.0,1200.0,1
CHEMBL5836285,530.0,530.0,530.0,530.0,1
CHEMBL5836417,100.0,100.0,100.0,100.0,1
CHEMBL5837140,550.0,550.0,550.0,550.0,1
CHEMBL5837630,1230.0,1230.0,1230.0,1230.0,2
CHEMBL58377,5.0,5.0,5.0,5.0,1
CHEMBL583772,234.42,234.42,234.42,234.42,1
CHEMBL5837758,1600.0,1600.0,1600.0,1600.0,1
CHEMBL5838058,335.0,335.0,335.0,335.0,2
CHEMBL5838094,860.0,860.0,860.0,860.0,1
CHEMBL5838466,282.0,282.0,282.0,282.0,2
CHEMBL5838572,1700.0,1700.0,1700.0,1700.0,2
CHEMBL5838618,55.0,55.0,55.0,55.0,1
CHEMBL5838643,860.0,860.0,860.0,860.0,1
CHEMBL5838692,950.0,950.0,950.0,950.0,1
CHEMBL5838950,2300.0,2300.0,2300.0,2300.0,1
CHEMBL5839093,1600.0,1600.0,1600.0,1600.0,1
CHEMBL5839179,550.0,550.0,550.0,550.0,1
CHEMBL5839464,640.0,640.0,640.0,640.0,1
CHEMBL5840380,21.8,21.8,21.8,21.8,1
CHEMBL5840586,1.05,1.05,1.05,1.05,2
CHEMBL5840631,136.0,720.3333333333334,136.0,1889.0,3
CHEMBL5840923,2300.0,2300.0,2300.0,2300.0,1
CHEMBL5840994,27.0,27.0,27.0,27.0,1
CHEMBL5841187,507.0,507.0,507.0,507.0,2
CHEMBL5841720,1920.0,1920.0,1920.0,1920.0,2
CHEMBL5841759,140.0,140.0,140.0,140.0,2
CHEMBL5841988,1000.0,1000.0,1000.0,1000.0,1
CHEMBL5842457,308.0,308.0,308.0,308.0,1
CHEMBL5842929,772.0,772.0,772.0,772.0,1
CHEMBL5843084,233.0,233.0,233.0,233.0,1
CHEMBL5843261,450.0,450.0,450.0,450.0,1
CHEMBL5843343,1900.0,1900.0,1900.0,1900.0,2
CHEMBL5843487,330.0,330.0,330.0,330.0,2
CHEMBL5843538,460.0,460.0,460.0,460.0,1
CHEMBL5843758,1100.0,1100.0,1100.0,1100.0,1
CHEMBL5843842,605.0,605.0,605.0,605.0,2
CHEMBL5843878,1400.0,1400.0,1400.0,1400.0,1
CHEMBL5844083,389.0,389.0,389.0,389.0,1
CHEMBL5844335,2200.0,2200.0,2200.0,2200.0,1
CHEMBL5844516,10000.0,10000.0,10000.0,10000.0,2
CHEMBL5844582,198.0,198.0,198.0,198.0,1
CHEMBL5844828,1900.0,1900.0,1900.0,1900.0,2
CHEMBL5845180,43.7,43.7,43.7,43.7,2
CHEMBL5845230,1800.0,1800.0,1800.0,1800.0,2
CHEMBL5845312,2.26,2.26,2.26,2.26,2
CHEMBL5845340,71.0,71.0,71.0,71.0,2
CHEMBL5845863,1800.0,1800.0,1800.0,1800.0,2
CHEMBL5846002,1000.0,1000.0,1000.0,1000.0,1
CHEMBL5846368,162.0,162.0,162.0,162.0,1
CHEMBL5846531,372.0,372.0,372.0,372.0,2
CHEMBL5846610,2000.0,2000.0,2000.0,2000.0,1
CHEMBL5847014,38.9,38.9,38.9,38.9,2
CHEMBL5848372,55.0,55.0,55.0,55.0,1
CHEMBL5849098,5500.0,5500.0,5500.0,5500.0,1
CHEMBL5849102,239.0,239.0,239.0,239.0,2
CHEMBL5849237,1500.0,1500.0,1500.0,1500.0,1
CHEMBL5849356,1800.0,1800.0,1800.0,1800.0,1
CHEMBL5849707,2344.0,2344.0,2344.0,2344.0,1
CHEMBL5849711,175.0,175.0,175.0,175.0,1
CHEMBL5849814,1200.0,1200.0,1200.0,1200.0,1
CHEMBL5850778,1262.0,1262.0,1262.0,1262.0,1
CHEMBL5851268,2200.0,2200.0,2200.0,2200.0,1
CHEMBL5852144,7182.5,7101.25,2291.0,11749.0,4
CHEMBL5852231,10000.0,10000.0,10000.0,10000.0,1
CHEMBL5852437,124.0,124.0,124.0,124.0,2
CHEMBL5852484,480.0,480.0,480.0,480.0,1
CHEMBL5852486,234.0,234.0,234.0,234.0,2
CHEMBL5852993,1170.0,1170.0,1170.0,1170.0,2
CHEMBL5853083,920.0,920.0,920.0,920.0,1
CHEMBL5853312,10000.0,10000.0,10000.0,10000.0,2
CHEMBL5853768,0.3,0.3,0.3,0.3,1
CHEMBL5854151,6.49,6.49,6.49,6.49,2
CHEMBL5854198,430.0,430.0,430.0,430.0,2
CHEMBL5854979,330.0,330.0,330.0,330.0,2
CHEMBL5855446,0.27,0.27,0.27,0.27,2
CHEMBL5855629,13804.0,13804.0,13804.0,13804.0,1
CHEMBL5855827,3092.0,3092.0,3092.0,3092.0,2
CHEMBL5856123,610.0,610.0,610.0,610.0,1
CHEMBL5856130,1000.0,1000.0,1000.0,1000.0,2
CHEMBL5856298,100.0,100.0,100.0,100.0,1
CHEMBL5856641,912.0,912.0,912.0,912.0,2
CHEMBL5856810,10000.0,10000.0,10000.0,10000.0,1
CHEMBL5857085,10000.0,10000.0,10000.0,10000.0,2
CHEMBL5857292,970.0,970.0,970.0,970.0,2
CHEMBL585740,115.0,115.0,115.0,115.0,1
CHEMBL585741,200.0,200.0,200.0,200.0,1
CHEMBL5857735,697.0,697.0,697.0,697.0,2
CHEMBL5857774,826.0,826.0,826.0,826.0,2
CHEMBL5857927,740.0,740.0,740.0,740.0,2
CHEMBL5857950,780.0,780.0,780.0,780.0,1
CHEMBL5858782,789.0,789.0,789.0,789.0,1
CHEMBL5859017,129.0,129.0,129.0,129.0,1
CHEMBL5859047,155.5,155.5,141.0,170.0,4
CHEMBL5859243,129.0,129.0,129.0,129.0,2
CHEMBL5859405,67.0,67.0,67.0,67.0,1
CHEMBL5859686,117.0,117.0,117.0,117.0,1
CHEMBL5859960,1902.0,1902.0,1902.0,1902.0,1
CHEMBL5860105,778.0,778.0,778.0,778.0,2
CHEMBL5860548,290.0,290.0,290.0,290.0,1
CHEMBL5860563,1400.0,1400.0,1400.0,1400.0,2
CHEMBL5861015,270.0,270.0,270.0,270.0,1
CHEMBL5861241,646.0,646.0,646.0,646.0,2
CHEMBL5862008,1300.0,1300.0,1300.0,1300.0,2
CHEMBL5862224,210.0,210.0,210.0,210.0,1
CHEMBL5862479,2200.0,2200.0,2200.0,2200.0,1
CHEMBL5862580,100.0,100.0,100.0,100.0,1
CHEMBL5862694,700.0,700.0,700.0,700.0,1
CHEMBL5862779,1445.0,1299.6666666666667,676.0,1778.0,3
CHEMBL5863181,193.0,193.0,193.0,193.0,1
CHEMBL5863961,841.0,841.0,841.0,841.0,2
CHEMBL5864045,550.0,550.0,550.0,550.0,1
CHEMBL5864297,100.0,100.0,100.0,100.0,1
CHEMBL5864588,560.0,560.0,560.0,560.0,1
CHEMBL5864883,1.98,1.98,1.98,1.98,2
CHEMBL5865544,1600.0,1600.0,1600.0,1600.0,1
CHEMBL5865586,291.5,291.5,288.0,295.0,4
CHEMBL5866064,170.0,170.0,170.0,170.0,2
CHEMBL58662,655.0,655.0,550.0,760.0,2
CHEMBL5866375,870.0,870.0,870.0,870.0,1
CHEMBL58669,25.12,25.12,25.12,25.12,1
CHEMBL5867414,1600.0,1600.0,1600.0,1600.0,1
CHEMBL5867462,105.0,105.0,105.0,105.0,1
CHEMBL5867579,1100.0,1100.0,1100.0,1100.0,2
CHEMBL5868052,1200.0,1200.0,1200.0,1200.0,1
CHEMBL5868102,1800.0,1800.0,1800.0,1800.0,2
CHEMBL5868152,382.0,382.0,382.0,382.0,2
CHEMBL5868242,789.0,789.0,789.0,789.0,1
CHEMBL5868680,2000.0,2000.0,2000.0,2000.0,1
CHEMBL5868777,1000.0,1000.0,1000.0,1000.0,2
CHEMBL5869368,550.0,550.0,550.0,550.0,1
CHEMBL5869487,10000.0,10000.0,10000.0,10000.0,2
CHEMBL5869550,460.0,460.0,460.0,460.0,1
CHEMBL5869713,25.5,25.5,25.5,25.5,1
CHEMBL5870040,1178.0,1178.0,1178.0,1178.0,1
CHEMBL5870203,63.0,63.0,63.0,63.0,1
CHEMBL5870352,86.0,86.0,86.0,86.0,1
CHEMBL5870378,1000.0,1000.0,1000.0,1000.0,2
CHEMBL5870404,164.0,164.0,164.0,164.0,1
CHEMBL5870476,550.0,550.0,550.0,550.0,1
CHEMBL5870651,690.0,690.0,690.0,690.0,1
CHEMBL5870694,550.0,550.0,550.0,550.0,1
CHEMBL5871355,80.0,80.0,80.0,80.0,1
CHEMBL5871654,0.8,0.8,0.8,0.8,1
CHEMBL5872154,417.0,417.0,417.0,417.0,1
CHEMBL5872408,1000.0,1000.0,1000.0,1000.0,2
CHEMBL5872819,536.0,536.0,536.0,536.0,1
CHEMBL5873012,1000.0,1000.0,1000.0,1000.0,1
CHEMBL5874683,940.0,940.0,940.0,940.0,1
CHEMBL5875273,2200.0,2200.0,2200.0,2200.0,1
CHEMBL5875702,190.0,190.0,190.0,190.0,1
CHEMBL5875861,55.0,55.0,55.0,55.0,1
CHEMBL5876040,520.0,520.0,520.0,520.0,2
CHEMBL5876794,2874.0,2874.0,2874.0,2874.0,1
CHEMBL5876989,1.02,1.02,1.02,1.02,2
CHEMBL5877053,230.0,230.0,230.0,230.0,2
CHEMBL5877262,5402.0,5402.0,5402.0,5402.0,2
CHEMBL5878087,26.0,26.0,26.0,26.0,1
CHEMBL5878716,1300.0,1300.0,1300.0,1300.0,1
CHEMBL5878962,730.0,730.0,730.0,730.0,1
CHEMBL5879609,1208.0,1208.0,1208.0,1208.0,2
CHEMBL5879756,10.8,10.8,10.8,10.8,2
CHEMBL588,810.0,810.0,810.0,810.0,1
CHEMBL5880152,810.0,810.0,810.0,810.0,2
CHEMBL5880427,12750.0,12750.0,5500.0,20000.0,2
CHEMBL5880657,500.0,500.0,500.0,500.0,2
CHEMBL5880786,650.0,650.0,650.0,650.0,1
CHEMBL5881332,1200.0,1200.0,1200.0,1200.0,1
CHEMBL5881419,630.0,630.0,630.0,630.0,1
CHEMBL5881455,430.0,430.0,430.0,430.0,1
CHEMBL5881552,1400.0,1400.0,1400.0,1400.0,1
CHEMBL5882167,300.0,300.0,300.0,300.0,1
CHEMBL5882179,138.0,138.0,138.0,138.0,2
CHEMBL5882234,550.0,550.0,550.0,550.0,2
CHEMBL5882264,1202.0,1202.0,1202.0,1202.0,2
CHEMBL5882367,890.0,890.0,890.0,890.0,1
CHEMBL5882421,520.0,520.0,520.0,520.0,2
CHEMBL5882462,41.7,41.7,41.7,41.7,1
CHEMBL5882508,224.0,224.0,224.0,224.0,2
CHEMBL5882744,870.0,870.0,870.0,870.0,1
CHEMBL5882802,100.0,100.0,100.0,100.0,1
CHEMBL5882899,598.0,598.0,598.0,598.0,2
CHEMBL5883189,10000.0,10000.0,10000.0,10000.0,1
CHEMBL5884250,348.0,348.0,348.0,348.0,1
CHEMBL5884830,1288.0,1288.0,1288.0,1288.0,2
CHEMBL5885188,8.54,8.54,8.54,8.54,2
CHEMBL5885320,230.0,230.0,230.0,230.0,1
CHEMBL5885436,1022.0,1022.0,1022.0,1022.0,2
CHEMBL5885535,6.34,6.34,6.34,6.34,1
CHEMBL5886130,850.5699999999999,850.5699999999999,850.0,851.14,2
CHEMBL5886479,1700.0,1700.0,1200.0,2200.0,2
CHEMBL5886490,540.0,540.0,540.0,540.0,2
CHEMBL5886810,1565.0,1565.0,1565.0,1565.0,1
CHEMBL5887227,1082.0,1082.0,1082.0,1082.0,2
CHEMBL5887371,730.0,730.0,730.0,730.0,1
CHEMBL5887973,212.0,212.0,212.0,212.0,1
CHEMBL5888355,163.0,151.33333333333334,128.0,163.0,3
CHEMBL5888473,1900.0,1900.0,1900.0,1900.0,2
CHEMBL5888503,532.0,532.0,532.0,532.0,1
CHEMBL5888634,55.0,55.0,55.0,55.0,1
CHEMBL5888905,79.0,79.0,79.0,79.0,1
CHEMBL5889007,1000.0,1000.0,1000.0,1000.0,1
CHEMBL5889124,490.0,490.0,490.0,490.0,2
CHEMBL5889410,290.0,290.0,290.0,290.0,1
CHEMBL5889491,116.0,116.0,116.0,116.0,1
CHEMBL5889832,3706.0,3706.0,3706.0,3706.0,2
CHEMBL589,7.2,234.24333333333337,3.7,691.83,3
CHEMBL5890036,116.0,116.0,116.0,116.0,1
CHEMBL5890045,1000.0,1000.0,1000.0,1000.0,2
CHEMBL5890223,148.0,148.0,148.0,148.0,2
CHEMBL5890328,550.0,550.0,550.0,550.0,1
CHEMBL5890342,1700.0,1700.0,1700.0,1700.0,1
CHEMBL5890606,260.0,260.0,260.0,260.0,2
CHEMBL5890745,3690.0,3690.0,3690.0,3690.0,2
CHEMBL5890912,100.0,100.0,100.0,100.0,1
CHEMBL5891297,0.58,0.58,0.58,0.58,2
CHEMBL5891323,205.0,205.0,205.0,205.0,1
CHEMBL5891513,400.0,400.0,400.0,400.0,2
CHEMBL5891581,152.0,152.0,152.0,152.0,1
CHEMBL5892027,1211.0,1211.0,1211.0,1211.0,2
CHEMBL5892529,1100.0,1100.0,1100.0,1100.0,2
CHEMBL5892765,100.0,100.0,100.0,100.0,1
CHEMBL5893297,1619.0,1619.0,1619.0,1619.0,1
CHEMBL5893403,6405.0,6405.0,6405.0,6405.0,2
CHEMBL589390,1089.355,1089.355,630.96,1547.75,2
CHEMBL5894025,6.83,6.83,6.83,6.83,1
CHEMBL5894035,920.0,920.0,920.0,920.0,1
CHEMBL5894117,513.0,513.0,513.0,513.0,2
CHEMBL5894121,2440.0,2440.0,2440.0,2440.0,1
CHEMBL5894636,1000.0,1000.0,1000.0,1000.0,1
CHEMBL5894798,1000.0,1000.0,1000.0,1000.0,2
CHEMBL5894978,528.0,528.0,528.0,528.0,1
CHEMBL5895160,1413.0,1413.0,1413.0,1413.0,2
CHEMBL5895923,57.7,57.7,53.7,61.7,4
CHEMBL5896046,1007.0,1007.0,1007.0,1007.0,2
CHEMBL5896293,1220.0,1220.0,1220.0,1220.0,2
CHEMBL5896571,2300.0,2300.0,2300.0,2300.0,1
CHEMBL5896782,260.0,260.0,260.0,260.0,1
CHEMBL5897117,141.5,141.5,132.0,151.0,2
CHEMBL5897293,145.0,145.0,145.0,145.0,2
CHEMBL5897917,912.0,912.0,912.0,912.0,2
CHEMBL5898048,1900.0,1900.0,1900.0,1900.0,1
CHEMBL5898142,60.0,60.0,60.0,60.0,1
CHEMBL5898295,1600.0,1600.0,1600.0,1600.0,1
CHEMBL5898619,1700.0,1700.0,1700.0,1700.0,2
CHEMBL5898673,100.0,100.0,100.0,100.0,1
CHEMBL5898773,170.0,170.0,170.0,170.0,2
CHEMBL5898812,1700.0,1700.0,1700.0,1700.0,1
CHEMBL5899067,924.0,924.0,776.0,1072.0,4
CHEMBL5899282,427.0,427.0,427.0,427.0,1
CHEMBL5899365,17.1,17.1,17.1,17.1,2
CHEMBL5899921,1096.0,1096.0,1096.0,1096.0,1
CHEMBL5899930,776.0,776.0,776.0,776.0,2
CHEMBL59,360.0,1854.4129032258063,1.89,15000.0,31
CHEMBL5900920,626.0,626.0,626.0,626.0,2
CHEMBL5901226,267.0,267.0,267.0,267.0,2
CHEMBL5901485,870.0,870.0,870.0,870.0,1
CHEMBL5901688,955.0,715.5,95.5,1096.0,3
CHEMBL5902206,131.0,131.0,131.0,131.0,2
CHEMBL5902278,380.0,380.0,380.0,380.0,2
CHEMBL5902415,2300.0,2300.0,2300.0,2300.0,1
CHEMBL5902557,641.0,641.0,641.0,641.0,2
CHEMBL5903085,10000.0,10000.0,10000.0,10000.0,1
CHEMBL5903090,640.0,640.0,640.0,640.0,2
CHEMBL5903653,310.0,310.0,310.0,310.0,1
CHEMBL5903693,14.8,14.8,14.8,14.8,2
CHEMBL5903901,770.0,770.0,770.0,770.0,2
CHEMBL5903952,1550.0,1550.0,1550.0,1550.0,2
CHEMBL5903966,100.0,100.0,100.0,100.0,1
CHEMBL5904079,707.0,707.0,707.0,707.0,2
CHEMBL5904162,281.0,281.0,281.0,281.0,2
CHEMBL5904365,5.5,5.5,5.5,5.5,1
CHEMBL5904436,45.0,45.0,45.0,45.0,1
CHEMBL5904674,480.0,480.0,480.0,480.0,2
CHEMBL5904768,191.0,191.0,191.0,191.0,2
CHEMBL5904843,1000.0,1000.0,1000.0,1000.0,1
CHEMBL5905068,10000.0,10000.0,10000.0,10000.0,2
CHEMBL5905073,468.0,468.0,468.0,468.0,2
CHEMBL5905127,1400.0,1400.0,1400.0,1400.0,1
CHEMBL5905167,327.0,327.0,327.0,327.0,2
CHEMBL5905275,7834.0,7834.0,7834.0,7834.0,2
CHEMBL5905387,711.0,711.0,711.0,711.0,1
CHEMBL5905556,121.0,121.0,121.0,121.0,2
CHEMBL5905756,1800.0,1800.0,1800.0,1800.0,1
CHEMBL5905825,1000.0,1000.0,1000.0,1000.0,2
CHEMBL5905828,1800.0,1800.0,1800.0,1800.0,2
CHEMBL5906276,630.0,630.0,630.0,630.0,1
CHEMBL5906442,524.0,524.0,524.0,524.0,2
CHEMBL5906646,730.0,730.0,730.0,730.0,2
CHEMBL5906915,1.22,1.22,1.22,1.22,2
CHEMBL5906963,50000.0,50000.0,50000.0,50000.0,1
CHEMBL5907030,1700.0,1700.0,1700.0,1700.0,1
CHEMBL59075,1584.89,1584.89,1584.89,1584.89,1
CHEMBL5907555,525.0,525.0,525.0,525.0,1
CHEMBL5908106,457.0,457.0,457.0,457.0,1
CHEMBL5908754,981.0,981.0,981.0,981.0,2
CHEMBL5908812,3878.0,3878.0,3878.0,3878.0,2
CHEMBL5909103,501.0,501.0,501.0,501.0,2
CHEMBL5909131,193.0,193.0,193.0,193.0,1
CHEMBL5909524,4.81,4.81,4.81,4.81,2
CHEMBL5909593,80.0,80.0,80.0,80.0,1
CHEMBL5909764,910.0,910.0,910.0,910.0,1
CHEMBL5909832,644.0,644.0,644.0,644.0,2
CHEMBL5909853,10000.0,10000.0,10000.0,10000.0,2
CHEMBL5909889,715.0,715.0,715.0,715.0,2
CHEMBL59103,110.0,110.0,110.0,110.0,1
CHEMBL5910493,5.5,5.5,5.5,5.5,1
CHEMBL5911170,650.0,650.0,650.0,650.0,1
CHEMBL5911465,1.4,1.4,1.4,1.4,1
CHEMBL5912634,457.0,457.0,457.0,457.0,2
CHEMBL5912644,832.0,832.0,832.0,832.0,1
CHEMBL5912674,1071.0,1071.0,1071.0,1071.0,2
CHEMBL5912861,1900.0,1900.0,1900.0,1900.0,1
CHEMBL5913015,330.0,330.0,330.0,330.0,1
CHEMBL5913332,800.0,800.0,800.0,800.0,2
CHEMBL5913353,1015.0,1015.0,1015.0,1015.0,2
CHEMBL5913523,1.9,1.9,1.9,1.9,2
CHEMBL5914038,359.0,359.0,359.0,359.0,2
CHEMBL591448,10000.0,10000.0,10000.0,10000.0,1
CHEMBL5915272,384.0,384.0,384.0,384.0,2
CHEMBL5915400,18.044999999999998,18.044999999999998,2.19,33.9,4
CHEMBL5915445,5248.0,5248.0,5248.0,5248.0,1
CHEMBL5915515,18.7,18.7,18.7,18.7,2
CHEMBL5915551,1519.0,1519.0,1519.0,1519.0,2
CHEMBL5916074,4634.0,4634.0,4634.0,4634.0,1
CHEMBL5916284,610.0,610.0,610.0,610.0,1
CHEMBL5916774,1262.0,1262.0,1262.0,1262.0,1
CHEMBL591685,2100.0,2100.0,2100.0,2100.0,1
CHEMBL5917338,427.0,427.0,427.0,427.0,1
CHEMBL5917496,138.0,138.0,138.0,138.0,2
CHEMBL5917680,463.0,463.0,463.0,463.0,2
CHEMBL5917777,1700.0,1700.0,1700.0,1700.0,2
CHEMBL5917824,10.0,10.0,10.0,10.0,1
CHEMBL5917993,1600.0,1600.0,1600.0,1600.0,1
CHEMBL5918398,33.0,33.0,33.0,33.0,1
CHEMBL5918571,1700.0,1700.0,1700.0,1700.0,1
CHEMBL5918951,508.0,508.0,508.0,508.0,2
CHEMBL5919040,1700.0,1700.0,1700.0,1700.0,2
CHEMBL5920163,1514.0,1514.0,1514.0,1514.0,2
CHEMBL5920206,10000.0,10000.0,10000.0,10000.0,2
CHEMBL5920322,250.0,250.0,250.0,250.0,1
CHEMBL5920535,1352.0,1352.0,1352.0,1352.0,2
CHEMBL5921899,290.0,290.0,290.0,290.0,2
CHEMBL5922032,134.0,134.0,134.0,134.0,1
CHEMBL5922226,1000.0,1000.0,1000.0,1000.0,2
CHEMBL5922306,570.0,570.0,570.0,570.0,2
CHEMBL5922377,1000.0,1000.0,1000.0,1000.0,2
CHEMBL5922662,770.0,770.0,770.0,770.0,1
CHEMBL5922735,134.0,134.0,134.0,134.0,2
CHEMBL5922928,1900.0,1900.0,1900.0,1900.0,1
CHEMBL5923288,483.0,483.0,483.0,483.0,1
CHEMBL5923691,1900.0,1900.0,1900.0,1900.0,1
CHEMBL5923764,210.0,210.0,210.0,210.0,2
CHEMBL592377,160.0,160.0,35.0,285.0,2
CHEMBL5923928,87.1,87.1,87.1,87.1,1
CHEMBL5924014,1405.0,1405.0,1405.0,1405.0,2
CHEMBL5924032,155.0,155.0,155.0,155.0,1
CHEMBL5924177,500.0,500.0,500.0,500.0,1
CHEMBL5924746,789.0,789.0,789.0,789.0,2
CHEMBL5925129,1100.0,1100.0,1100.0,1100.0,1
CHEMBL5925163,55.0,55.0,55.0,55.0,1
CHEMBL5925320,340.0,340.0,340.0,340.0,2
CHEMBL5925495,10000.0,10000.0,10000.0,10000.0,1
CHEMBL5926122,280.0,580.0,260.0,1200.0,3
CHEMBL592618,1459.5,1459.5,349.0,2570.0,2
CHEMBL5926436,1510.0,1510.0,1510.0,1510.0,2
CHEMBL5926623,1.4,1.4,1.4,1.4,1
CHEMBL5926747,427.0,427.0,427.0,427.0,1
CHEMBL5926812,310.0,310.0,310.0,310.0,2
CHEMBL5927110,906.0,906.0,906.0,906.0,2
CHEMBL5927126,340.0,340.0,340.0,340.0,1
CHEMBL5927237,330.0,330.0,330.0,330.0,1
CHEMBL5927311,1398.0,1398.0,1398.0,1398.0,2
CHEMBL5927410,1200.0,1200.0,1200.0,1200.0,2
CHEMBL5927481,270.0,270.0,270.0,270.0,1
CHEMBL592752,85.11,85.11,85.11,85.11,1
CHEMBL5928186,9302.0,9302.0,9302.0,9302.0,2
CHEMBL5928223,222.0,222.0,222.0,222.0,2
CHEMBL5928625,1.69,1.69,1.69,1.69,2
CHEMBL5928632,240.5,240.5,214.0,267.0,2
CHEMBL5928686,770.0,770.0,770.0,770.0,1
CHEMBL5929153,954.0,954.0,954.0,954.0,2
CHEMBL5929501,10000.0,10000.0,10000.0,10000.0,2
CHEMBL5929949,550.0,550.0,550.0,550.0,1
CHEMBL5930107,117.0,117.0,117.0,117.0,2
CHEMBL5930801,230.0,230.0,230.0,230.0,2
CHEMBL5931021,32.8,32.8,32.8,32.8,1
CHEMBL5931145,1100.0,1100.0,1100.0,1100.0,2
CHEMBL5931151,2331.0,2331.0,2331.0,2331.0,2
CHEMBL5931381,286.0,286.0,286.0,286.0,2
CHEMBL5931698,1500.0,1500.0,1500.0,1500.0,1
CHEMBL5932352,1000.0,1000.0,1000.0,1000.0,1
CHEMBL5932399,1849.0,1849.0,1849.0,1849.0,2
CHEMBL59324,120.0,120.0,120.0,120.0,1
CHEMBL5932539,5.8,5.8,5.8,5.8,1
CHEMBL59326,3162.28,3162.28,3162.28,3162.28,1
CHEMBL5933510,10000.0,10000.0,10000.0,10000.0,1
CHEMBL5933552,100.0,100.0,100.0,100.0,1
CHEMBL593394,10000.0,10000.0,10000.0,10000.0,1
CHEMBL593395,10000.0,10000.0,10000.0,10000.0,1
CHEMBL5934055,843.0,843.0,843.0,843.0,2
CHEMBL5934096,10000.0,10000.0,10000.0,10000.0,1
CHEMBL5934101,1621.0,1621.0,1621.0,1621.0,2
CHEMBL5934189,237.0,237.0,237.0,237.0,2
CHEMBL5934660,1700.0,1700.0,1700.0,1700.0,2
CHEMBL5934728,3.62,3.62,3.62,3.62,2
CHEMBL5934939,1100.0,1100.0,1100.0,1100.0,1
CHEMBL5935197,2200.0,2200.0,2200.0,2200.0,1
CHEMBL5935425,1707.0,1707.0,1175.0,2239.0,2
CHEMBL5935716,713.0,713.0,713.0,713.0,2
CHEMBL5936034,210.0,210.0,210.0,210.0,1
CHEMBL593626,10000.0,10000.0,10000.0,10000.0,1
CHEMBL5936552,210.0,210.0,210.0,210.0,2
CHEMBL5936745,1100.0,1100.0,1100.0,1100.0,1
CHEMBL5936786,537.0,537.0,537.0,537.0,2
CHEMBL5937229,560.0,560.0,560.0,560.0,2
CHEMBL5937360,1704.0,1270.0,402.0,1704.0,3
CHEMBL5937693,2100.0,2100.0,2100.0,2100.0,1
CHEMBL5937994,215.0,215.0,215.0,215.0,2
CHEMBL5938222,10000.0,10000.0,10000.0,10000.0,2
CHEMBL5938589,2200.0,2200.0,2200.0,2200.0,1
CHEMBL5938719,515.0,515.0,515.0,515.0,2
CHEMBL593897,486.0,486.0,486.0,486.0,1
CHEMBL5939017,871.0,871.0,871.0,871.0,1
CHEMBL5939540,125.0,125.0,125.0,125.0,2
CHEMBL5939566,1.78,1.78,1.78,1.78,2
CHEMBL5939627,550.0,550.0,550.0,550.0,1
CHEMBL5939973,692.0,686.6666666666666,676.0,692.0,3
CHEMBL5940122,1413.0,1413.0,1413.0,1413.0,2
CHEMBL5940523,10541.0,10541.0,10541.0,10541.0,2
CHEMBL5940672,1000.0,1000.0,1000.0,1000.0,1
CHEMBL5941070,1.86,1.86,1.86,1.86,2
CHEMBL5941113,27.8,27.8,27.8,27.8,1
CHEMBL5941123,550.0,550.0,550.0,550.0,1
CHEMBL594127,7371.0,7371.0,7371.0,7371.0,1
CHEMBL5941641,830.0,830.0,830.0,830.0,1
CHEMBL5941711,2000.0,2000.0,2000.0,2000.0,1
CHEMBL5941723,166.0,166.0,166.0,166.0,2
CHEMBL5942591,4044.0,4044.0,4044.0,4044.0,2
CHEMBL5942723,1188.0,1188.0,1188.0,1188.0,2
CHEMBL5943008,312.0,312.0,312.0,312.0,2
CHEMBL5943618,200.0,200.0,200.0,200.0,2
CHEMBL5943645,2782.0,2782.0,2782.0,2782.0,2
CHEMBL5943769,910.0,910.0,910.0,910.0,1
CHEMBL5943960,1900.0,1900.0,1900.0,1900.0,1
CHEMBL5944340,93.0,93.0,93.0,93.0,2
CHEMBL5944584,190.0,190.0,190.0,190.0,1
CHEMBL5944740,55.0,55.0,55.0,55.0,1
CHEMBL5945115,960.0,960.0,960.0,960.0,1
CHEMBL5945381,3.1,3.1,3.1,3.1,1
CHEMBL594557,10000.0,10000.0,10000.0,10000.0,1
CHEMBL5945834,617.0,617.0,617.0,617.0,2
CHEMBL5946159,582.0,582.0,582.0,582.0,2
CHEMBL5946198,260.0,260.0,260.0,260.0,1
CHEMBL5947081,1000.0,1000.0,1000.0,1000.0,1
CHEMBL5947240,15.0,15.0,15.0,15.0,1
CHEMBL5947779,1556.0,1556.0,1556.0,1556.0,2
CHEMBL594789,10000.0,10000.0,10000.0,10000.0,1
CHEMBL594798,2724.0,2724.0,2724.0,2724.0,1
CHEMBL594799,10000.0,10000.0,10000.0,10000.0,1
CHEMBL5948182,585.0,585.0,585.0,585.0,2
CHEMBL5948489,2300.0,2300.0,2300.0,2300.0,1
CHEMBL5948707,770.0,770.0,770.0,770.0,1
CHEMBL5948904,210.0,210.0,210.0,210.0,2
CHEMBL5948934,1800.0,1800.0,1800.0,1800.0,2
CHEMBL5948945,1200.0,1200.0,1200.0,1200.0,1
CHEMBL5949172,10000.0,10000.0,10000.0,10000.0,2
CHEMBL5949290,610.0,610.0,610.0,610.0,2
CHEMBL5949574,190.0,190.0,180.0,200.0,2
CHEMBL5949785,820.0,820.0,820.0,820.0,2
CHEMBL5949832,537.0,537.0,537.0,537.0,1
CHEMBL5950414,370.0,370.0,370.0,370.0,1
CHEMBL5950477,300.0,300.0,300.0,300.0,1
CHEMBL5950738,28.0,28.0,28.0,28.0,1
CHEMBL5950751,530.0,530.0,530.0,530.0,2
CHEMBL5951076,42.0,42.0,42.0,42.0,1
CHEMBL5951106,10000.0,10000.0,10000.0,10000.0,2
CHEMBL5951227,390.0,390.0,390.0,390.0,1
CHEMBL5951267,2300.0,2300.0,2300.0,2300.0,1
CHEMBL5951578,861.0,861.0,861.0,861.0,2
CHEMBL5951761,1000.0,1000.0,1000.0,1000.0,2
CHEMBL5952273,4.33,4.33,4.33,4.33,2
CHEMBL5952529,557.0,557.0,557.0,557.0,2
CHEMBL5952703,1700.0,1700.0,1700.0,1700.0,2
CHEMBL5952708,2250.0,2250.0,2250.0,2250.0,2
CHEMBL5952818,125.0,125.0,125.0,125.0,2
CHEMBL5952883,790.0,790.0,790.0,790.0,1
CHEMBL5953011,621.0,621.0,621.0,621.0,2
CHEMBL5953330,800.0,800.0,800.0,800.0,2
CHEMBL5953407,1797.0,1797.0,1797.0,1797.0,2
CHEMBL5953904,1000.0,1000.0,1000.0,1000.0,1
CHEMBL5954495,1700.0,1700.0,1700.0,1700.0,1
CHEMBL5954589,620.0,620.0,620.0,620.0,1
CHEMBL595489,115.5,115.5,115.5,115.5,1
CHEMBL5955136,670.0,670.0,670.0,670.0,1
CHEMBL5955137,19.1,19.1,19.1,19.1,1
CHEMBL5955382,724.0,724.0,724.0,724.0,2
CHEMBL59554,316.23,316.23,316.23,316.23,1
CHEMBL5955681,1500.0,1500.0,1500.0,1500.0,1
CHEMBL5955923,100.0,100.0,100.0,100.0,1
CHEMBL5956109,309.0,309.0,309.0,309.0,2
CHEMBL5956284,950.0,950.0,950.0,950.0,1
CHEMBL5956355,603.0,603.0,603.0,603.0,2
CHEMBL5956394,10000.0,10000.0,10000.0,10000.0,1
CHEMBL5956471,457.0,457.0,457.0,457.0,2
CHEMBL5956645,21.0,21.0,21.0,21.0,2
CHEMBL5956696,105.0,105.0,105.0,105.0,2
CHEMBL5956985,21.0,21.0,21.0,21.0,1
CHEMBL5956993,867.0,867.0,867.0,867.0,2
CHEMBL595720,10000.0,10000.0,10000.0,10000.0,1
CHEMBL5957311,240.0,240.0,240.0,240.0,1
CHEMBL5957439,740.0,740.0,740.0,740.0,1
CHEMBL5957512,36.0,36.0,36.0,36.0,1
CHEMBL5958138,427.0,427.0,427.0,427.0,2
CHEMBL5958689,34023.0,34023.0,34023.0,34023.0,2
CHEMBL5958700,24.8,24.8,24.8,24.8,1
CHEMBL5958709,575.0,575.0,575.0,575.0,2
CHEMBL5958714,44.0,44.0,44.0,44.0,2
CHEMBL5958853,146.0,146.0,146.0,146.0,1
CHEMBL5958993,914.0,914.0,914.0,914.0,2
CHEMBL5959032,1800.0,1800.0,1800.0,1800.0,2
CHEMBL5959282,1276.0,1276.0,1276.0,1276.0,1
CHEMBL5959637,750.0,750.0,750.0,750.0,2
CHEMBL5959945,10000.0,10000.0,10000.0,10000.0,1
CHEMBL5959979,124.0,124.0,124.0,124.0,1
CHEMBL596,21000.0,21000.0,21000.0,21000.0,1
CHEMBL59603,1819.7,1819.7,1819.7,1819.7,1
CHEMBL5960354,200.0,200.0,200.0,200.0,1
CHEMBL5960542,1700.0,1700.0,1700.0,1700.0,2
CHEMBL5960565,361.0,361.0,361.0,361.0,2
CHEMBL5960672,1700.0,1700.0,1700.0,1700.0,1
CHEMBL5961371,3.26,3.26,3.26,3.26,2
CHEMBL5961550,380.0,380.0,380.0,380.0,1
CHEMBL5961668,1800.0,1800.0,1800.0,1800.0,1
CHEMBL596179,10000.0,10000.0,10000.0,10000.0,1
CHEMBL5961963,1081.0,1081.0,1081.0,1081.0,2
CHEMBL5962159,6.0,6.0,6.0,6.0,1
CHEMBL5962220,1600.0,1600.0,1600.0,1600.0,1
CHEMBL5962388,442.0,442.0,442.0,442.0,2
CHEMBL5964100,276.0,276.0,276.0,276.0,1
CHEMBL59642,125.89,125.89,125.89,125.89,1
CHEMBL596448,320.0,320.0,320.0,320.0,1
CHEMBL5964833,190.0,190.0,190.0,190.0,1
CHEMBL5964838,1008.0,1008.0,1008.0,1008.0,2
CHEMBL5965086,284.0,284.0,87.0,481.0,4
CHEMBL5965120,10000.0,10000.0,10000.0,10000.0,1
CHEMBL5965478,153.0,153.0,153.0,153.0,1
CHEMBL5965553,610.0,610.0,610.0,610.0,1
CHEMBL5965675,2303.0,2303.0,2303.0,2303.0,2
CHEMBL5965882,9.76,9.76,9.76,9.76,2
CHEMBL5966019,794.0,794.0,794.0,794.0,2
CHEMBL5966143,410.0,410.0,410.0,410.0,1
CHEMBL59662,251.19,251.19,251.19,251.19,1
CHEMBL596622,2000.0,2000.0,2000.0,2000.0,1
CHEMBL5966386,52.0,52.0,52.0,52.0,1
CHEMBL596678,10000.0,10000.0,10000.0,10000.0,1
CHEMBL5967466,3.19,3.19,3.19,3.19,2
CHEMBL596800,616.5,616.5,392.0,841.0,2
CHEMBL596801,937.5,937.5,664.0,1211.0,2
CHEMBL596802,10000.0,12014.2,7500.0,17550.0,5
CHEMBL5968150,5500.0,5500.0,5500.0,5500.0,1
CHEMBL5968236,1900.0,1900.0,1900.0,1900.0,2
CHEMBL596824,159.0,159.0,159.0,159.0,1
CHEMBL5968576,41.0,41.0,41.0,41.0,1
CHEMBL596865,10000.0,10000.0,10000.0,10000.0,1
CHEMBL596866,10000.0,10000.0,10000.0,10000.0,1
CHEMBL596884,10000.0,10000.0,10000.0,10000.0,1
CHEMBL596885,10000.0,10000.0,10000.0,10000.0,1
CHEMBL596886,10000.0,10000.0,10000.0,10000.0,1
CHEMBL5969368,825.0,825.0,825.0,825.0,2
CHEMBL5969419,295.0,295.0,295.0,295.0,2
CHEMBL5970135,10000.0,7188.333333333333,1565.0,10000.0,3
CHEMBL5970185,530.0,530.0,530.0,530.0,1
CHEMBL59702,11325.0,11325.0,8650.0,14000.0,2
CHEMBL5970221,550.0,550.0,550.0,550.0,1
CHEMBL5970271,1000.0,1000.0,1000.0,1000.0,1
CHEMBL5970752,1148.0,1148.0,1148.0,1148.0,2
CHEMBL597094,10000.0,10000.0,10000.0,10000.0,1
CHEMBL597100,312.0,312.0,312.0,312.0,1
CHEMBL59713,58.8,58.8,58.8,58.8,2
CHEMBL5972199,1683.0,1683.0,1683.0,1683.0,2
CHEMBL5972240,223.0,223.0,223.0,223.0,2
CHEMBL5972372,460.0,460.0,460.0,460.0,2
CHEMBL59725,2600.0,2354.0523076923077,42.5,3630.78,13
CHEMBL5972558,1074.0,1074.0,1074.0,1074.0,2
CHEMBL5972761,541.0,541.0,541.0,541.0,2
CHEMBL5972904,210.0,210.0,210.0,210.0,1
CHEMBL597310,12.0,12.0,12.0,12.0,1
CHEMBL5973867,820.0,820.0,820.0,820.0,1
CHEMBL5974043,79.0,79.0,79.0,79.0,1
CHEMBL5974045,570.0,570.0,570.0,570.0,2
CHEMBL5974109,1700.0,1700.0,1700.0,1700.0,2
CHEMBL597413,1177.0,1177.0,431.0,1923.0,2
CHEMBL59749,7150.0,6825.0,5050.0,7950.0,4
CHEMBL5974904,151.0,151.0,151.0,151.0,2
CHEMBL597503,51.0,51.0,51.0,51.0,1
CHEMBL59752,4.25,4.25,4.25,4.25,1
CHEMBL5975258,80.0,80.0,80.0,80.0,1
CHEMBL5975498,10000.0,10000.0,10000.0,10000.0,2
CHEMBL5975641,1700.0,1700.0,1700.0,1700.0,1
CHEMBL5975724,2300.0,2300.0,2300.0,2300.0,2
CHEMBL5976918,0.23,0.23,0.23,0.23,2
CHEMBL5976926,20000.0,20000.0,20000.0,20000.0,1
CHEMBL597702,552.0,552.0,552.0,552.0,1
CHEMBL5977355,610.0,610.0,610.0,610.0,1
CHEMBL5977489,0.98,0.98,0.98,0.98,2
CHEMBL5977589,1000.0,1000.0,1000.0,1000.0,2
CHEMBL5977960,275.0,275.0,275.0,275.0,2
CHEMBL5978090,100.0,100.0,100.0,100.0,1
CHEMBL5978733,240.0,240.0,240.0,240.0,1
CHEMBL597881,10000.0,10000.0,10000.0,10000.0,1
CHEMBL597882,10000.0,10000.0,10000.0,10000.0,1
CHEMBL597900,93.0,93.0,93.0,93.0,1
CHEMBL597909,3000.0,3000.0,3000.0,3000.0,1
CHEMBL5979294,0.92,0.92,0.92,0.92,2
CHEMBL5979356,5500.0,5500.0,5500.0,5500.0,1
CHEMBL5979572,290.0,290.0,290.0,290.0,1
CHEMBL5979664,617.0,617.0,617.0,617.0,1
CHEMBL5979762,813.0,813.0,813.0,813.0,2
CHEMBL5980018,1900.0,1900.0,1900.0,1900.0,1
CHEMBL5980121,107.0,107.0,107.0,107.0,1
CHEMBL5980648,830.0,830.0,830.0,830.0,2
CHEMBL598104,223.0,223.0,223.0,223.0,1
CHEMBL598105,584.0,584.0,584.0,584.0,1
CHEMBL5981184,1700.0,1700.0,1700.0,1700.0,2
CHEMBL5982048,766.0,766.0,766.0,766.0,2
CHEMBL5982122,2200.0,2200.0,2200.0,2200.0,1
CHEMBL5982290,309.0,309.0,309.0,309.0,2
CHEMBL5982627,100.0,100.0,100.0,100.0,1
CHEMBL5982641,10000.0,10000.0,10000.0,10000.0,2
CHEMBL5982837,1800.0,1800.0,1800.0,1800.0,1
CHEMBL5983344,55.0,55.0,55.0,55.0,1
CHEMBL5983413,2300.0,2300.0,2300.0,2300.0,1
CHEMBL5983442,128.0,128.0,128.0,128.0,2
CHEMBL5983794,400.0,400.0,400.0,400.0,2
CHEMBL5984417,135.0,135.0,135.0,135.0,1
CHEMBL5985133,1900.0,1900.0,1900.0,1900.0,1
CHEMBL598515,5400.0,5400.0,5400.0,5400.0,1
CHEMBL598516,10000.0,10000.0,10000.0,10000.0,1
CHEMBL5985213,1800.0,1800.0,1800.0,1800.0,1
CHEMBL5985422,455.0,455.0,455.0,455.0,2
CHEMBL5986307,0.78,0.78,0.78,0.78,1
CHEMBL5986925,2200.0,2200.0,2200.0,2200.0,1
CHEMBL5987244,10000.0,10000.0,10000.0,10000.0,2
CHEMBL5987260,2000.0,2000.0,2000.0,2000.0,1
CHEMBL598730,923.0,923.0,923.0,923.0,1
CHEMBL5987307,2404.0,2404.0,2404.0,2404.0,1
CHEMBL598759,10000.0,10000.0,10000.0,10000.0,1
CHEMBL598760,10000.0,10000.0,10000.0,10000.0,1
CHEMBL5987739,1000.0,1000.0,1000.0,1000.0,1
CHEMBL5988653,1.93,1.93,1.93,1.93,2
CHEMBL5989101,780.0,780.0,780.0,780.0,1
CHEMBL598915,420.0,420.0,420.0,420.0,1
CHEMBL5989458,550.0,550.0,550.0,550.0,1
CHEMBL598949,1370.0,1370.0,1370.0,1370.0,1
CHEMBL5989674,350.0,350.0,350.0,350.0,1
CHEMBL5989971,1700.0,1700.0,1700.0,1700.0,1
CHEMBL5990491,500.0,500.0,500.0,500.0,1
CHEMBL599080,10000.0,10000.0,10000.0,10000.0,1
CHEMBL5990865,79.0,79.0,79.0,79.0,2
CHEMBL5991020,1289.0,1289.0,1289.0,1289.0,2
CHEMBL599116,1647.0,1647.0,1647.0,1647.0,1
CHEMBL5991172,1900.0,1900.0,1900.0,1900.0,1
CHEMBL5991226,1700.0,1700.0,1700.0,1700.0,2
CHEMBL599134,483.0,483.0,483.0,483.0,1
CHEMBL599135,69.0,69.0,69.0,69.0,1
CHEMBL5991784,104.0,104.0,104.0,104.0,1
CHEMBL5991828,380.0,380.0,380.0,380.0,1
CHEMBL5991990,7.38,7.38,7.38,7.38,2
CHEMBL5992622,10000.0,10000.0,10000.0,10000.0,2
CHEMBL599282,2000.0,2000.0,2000.0,2000.0,1
CHEMBL5992944,550.0,550.0,550.0,550.0,1
CHEMBL5993109,490.0,490.0,490.0,490.0,1
CHEMBL5993169,993.0,993.0,993.0,993.0,2
CHEMBL5993200,920.0,920.0,920.0,920.0,1
CHEMBL5993265,1800.0,1800.0,1800.0,1800.0,1
CHEMBL5993847,928.0,928.0,928.0,928.0,2
CHEMBL5994420,1300.0,1300.0,1300.0,1300.0,1
CHEMBL5994751,145.0,145.0,145.0,145.0,2
CHEMBL5994848,820.0,820.0,820.0,820.0,2
CHEMBL599487,331.0,331.0,331.0,331.0,1
CHEMBL5994895,6.4,6.4,6.4,6.4,2
CHEMBL5994982,1000.0,1000.0,1000.0,1000.0,1
CHEMBL5995141,1700.0,1700.0,1700.0,1700.0,1
CHEMBL599528,79.0,79.0,79.0,79.0,1
CHEMBL59960,630.96,630.96,630.96,630.96,1
CHEMBL5996343,920.0,920.0,920.0,920.0,2
CHEMBL599635,10.225,10.225,4.55,15.9,2
CHEMBL599636,13.8,12.75,3.75,20.7,3
CHEMBL5996474,813.0,813.0,813.0,813.0,2
CHEMBL5996566,650.0,650.0,650.0,650.0,2
CHEMBL5996970,2200.0,2200.0,2200.0,2200.0,1
CHEMBL5997193,428.0,428.0,428.0,428.0,2
CHEMBL5997476,994.0,994.0,994.0,994.0,2
CHEMBL5997830,1800.0,1800.0,1800.0,1800.0,1
CHEMBL5997935,2200.0,2200.0,2200.0,2200.0,1
CHEMBL599841,41.4,41.4,41.4,41.4,1
CHEMBL5998655,130.0,130.0,130.0,130.0,2
CHEMBL5998874,260.0,260.0,260.0,260.0,1
CHEMBL5999309,1100.0,1100.0,1100.0,1100.0,1
CHEMBL5999618,610.0,610.0,610.0,610.0,2
CHEMBL599977,1093.0,1093.0,1093.0,1093.0,1
CHEMBL6000169,3.01,3.01,3.01,3.01,2
CHEMBL6000555,100.0,100.0,100.0,100.0,1
CHEMBL6000645,550.0,550.0,550.0,550.0,1
CHEMBL6000718,427.0,427.0,427.0,427.0,1
CHEMBL600083,1693.0,1693.0,1693.0,1693.0,1
CHEMBL6001219,288.0,288.0,288.0,288.0,2
CHEMBL6001447,1000.0,1000.0,1000.0,1000.0,1
CHEMBL6001722,77.0,77.0,77.0,77.0,1
CHEMBL6001804,100.0,100.0,100.0,100.0,1
CHEMBL6001811,1200.0,1200.0,1200.0,1200.0,1
CHEMBL6002261,1000.0,1000.0,1000.0,1000.0,1
CHEMBL6002665,257.0,257.0,257.0,257.0,2
CHEMBL6002915,8.82,8.82,8.82,8.82,2
CHEMBL6003107,100000.0,100000.0,100000.0,100000.0,2
CHEMBL6003189,9.15,9.15,9.15,9.15,2
CHEMBL6003539,1800.0,1800.0,1800.0,1800.0,2
CHEMBL6003636,93.0,93.0,20.0,166.0,2
CHEMBL6003642,94.0,94.0,94.0,94.0,2
CHEMBL6003733,389.0,389.0,389.0,389.0,2
CHEMBL60038,251.19,251.19,251.19,251.19,1
CHEMBL6003918,1046.0,1046.0,1046.0,1046.0,2
CHEMBL6003931,448.0,448.0,448.0,448.0,2
CHEMBL6004129,0.3,0.3,0.3,0.3,2
CHEMBL6004365,550.0,550.0,550.0,550.0,1
CHEMBL6004625,703.0,703.0,703.0,703.0,2
CHEMBL6004699,120.0,120.0,120.0,120.0,2
CHEMBL6005077,1600.0,1600.0,1600.0,1600.0,1
CHEMBL6005240,360.0,360.0,360.0,360.0,1
CHEMBL6005497,278.0,278.0,278.0,278.0,1
CHEMBL6005669,580.0,580.0,580.0,580.0,1
CHEMBL6005766,402.0,402.0,402.0,402.0,1
CHEMBL6006534,791.0,791.0,791.0,791.0,2
CHEMBL6006928,10000.0,10000.0,10000.0,10000.0,1
CHEMBL6006998,240.0,240.0,240.0,240.0,1
CHEMBL6006999,1100.0,1100.0,1100.0,1100.0,1
CHEMBL6007111,331.0,331.0,331.0,331.0,2
CHEMBL6007270,447.0,447.0,447.0,447.0,2
CHEMBL6007302,160.0,160.0,160.0,160.0,1
CHEMBL6007515,2200.0,2200.0,2200.0,2200.0,1
CHEMBL6007994,10000.0,10000.0,10000.0,10000.0,1
CHEMBL6008191,490.0,490.0,490.0,490.0,2
CHEMBL6008815,10000.0,10000.0,10000.0,10000.0,2
CHEMBL6008861,410.0,410.0,410.0,410.0,2
CHEMBL6009051,550.0,550.0,550.0,550.0,1
CHEMBL6009219,0.4,0.4,0.4,0.4,1
CHEMBL6009476,21.3,21.3,21.3,21.3,2
CHEMBL6009540,240.0,240.0,240.0,240.0,1
CHEMBL6009636,603.0,603.0,603.0,603.0,2
CHEMBL6009732,570.0,570.0,570.0,570.0,2
CHEMBL6009739,605.0,605.0,605.0,605.0,2
CHEMBL600986,3300.0,3300.0,3300.0,3300.0,1
CHEMBL600987,6000.0,6000.0,6000.0,6000.0,1
CHEMBL600998,26.0,26.0,26.0,26.0,1
CHEMBL6010018,2.94,2.94,2.94,2.94,2
CHEMBL6010077,834.0,834.0,834.0,834.0,2
CHEMBL6010116,410.0,410.0,410.0,410.0,1
CHEMBL6011102,890.0,890.0,890.0,890.0,1
CHEMBL6011163,370.0,370.0,370.0,370.0,2
CHEMBL6011325,580.0,580.0,580.0,580.0,2
CHEMBL6011569,100.0,100.0,100.0,100.0,1
CHEMBL6011755,20000.0,20000.0,20000.0,20000.0,1
CHEMBL6012257,1000.0,1000.0,1000.0,1000.0,1
CHEMBL6012333,240.0,240.0,240.0,240.0,1
CHEMBL6012726,962.0,962.0,962.0,962.0,2
CHEMBL6012854,4.5,4.5,4.5,4.5,2
CHEMBL6012882,891.0,891.0,891.0,891.0,2
CHEMBL6013123,1700.0,1700.0,1700.0,1700.0,1
CHEMBL6013233,3475.0,3475.0,3475.0,3475.0,2
CHEMBL6013739,184.0,184.0,184.0,184.0,2
CHEMBL6013919,290.0,290.0,290.0,290.0,1
CHEMBL6014215,772.0,772.0,772.0,772.0,2
CHEMBL6014247,343.0,343.0,343.0,343.0,2
CHEMBL6014765,294.0,294.0,294.0,294.0,1
CHEMBL6014907,832.0,832.0,832.0,832.0,2
CHEMBL6014954,610.0,610.0,610.0,610.0,2
CHEMBL6015373,2300.0,2300.0,2300.0,2300.0,1
CHEMBL6015575,97.7,97.7,97.7,97.7,1
CHEMBL601634,500.0,500.0,500.0,500.0,1
CHEMBL601635,1.3,1.3,1.3,1.3,1
CHEMBL6016459,525.0,903.3333333333334,525.0,1660.0,3
CHEMBL6016489,1800.0,1800.0,1800.0,1800.0,1
CHEMBL6016539,1259.0,1259.0,1259.0,1259.0,1
CHEMBL6016582,640.0,640.0,640.0,640.0,1
CHEMBL6016595,1.01,1.01,1.01,1.01,2
CHEMBL6016619,1.81,1.81,1.81,1.81,2
CHEMBL6016908,730.0,730.0,730.0,730.0,1
CHEMBL6017022,819.0,819.0,819.0,819.0,2
CHEMBL6017747,2200.0,2200.0,2200.0,2200.0,1
CHEMBL6017765,480.0,480.0,480.0,480.0,1
CHEMBL6017904,1100.0,1100.0,1100.0,1100.0,1
CHEMBL60185,107.0,107.0,107.0,107.0,1
CHEMBL6018503,352.0,352.0,352.0,352.0,1
CHEMBL6018527,1800.0,1800.0,1800.0,1800.0,1
CHEMBL6018729,650.0,650.0,650.0,650.0,1
CHEMBL6018968,1136.0,1136.0,1136.0,1136.0,2
CHEMBL6019104,245.0,245.0,245.0,245.0,2
CHEMBL6019122,2600.0,2600.0,2600.0,2600.0,1
CHEMBL6020343,2400.0,2400.0,2400.0,2400.0,1
CHEMBL6020381,10000.0,10000.0,10000.0,10000.0,1
CHEMBL602052,618.0,618.0,618.0,618.0,1
CHEMBL602065,3.74,3.74,3.74,3.74,1
CHEMBL6020913,601.0,601.0,601.0,601.0,2
CHEMBL6021169,2200.0,2200.0,2200.0,2200.0,1
CHEMBL6021264,514.0,514.0,514.0,514.0,1
CHEMBL6021559,1318.0,1318.0,1318.0,1318.0,2
CHEMBL6021977,363.0,363.0,363.0,363.0,1
CHEMBL6022280,998.0,998.0,998.0,998.0,2
CHEMBL6022369,52.0,52.0,52.0,52.0,1
CHEMBL602264,86.0,86.0,86.0,86.0,1
CHEMBL6023129,425.0,425.0,425.0,425.0,2
CHEMBL6023207,10000.0,10000.0,10000.0,10000.0,1
CHEMBL6023233,603.0,603.0,603.0,603.0,2
CHEMBL6023248,380.0,380.0,380.0,380.0,2
CHEMBL6023273,276.0,276.0,276.0,276.0,1
CHEMBL6023282,894.0,894.0,894.0,894.0,2
CHEMBL6023879,1500.0,1500.0,1500.0,1500.0,2
CHEMBL6023930,910.0,910.0,910.0,910.0,1
CHEMBL6024171,840.0,840.0,840.0,840.0,1
CHEMBL6024220,3.64,3.64,3.64,3.64,2
CHEMBL6024625,661.0,661.0,661.0,661.0,2
CHEMBL6024771,550.0,550.0,550.0,550.0,1
CHEMBL6025123,1389.0,1389.0,1389.0,1389.0,1
CHEMBL6025384,3.07,3.07,3.07,3.07,2
CHEMBL6025845,68.0,68.0,68.0,68.0,1
CHEMBL6025855,510.0,510.0,510.0,510.0,1
CHEMBL6026010,2200.0,2200.0,2200.0,2200.0,1
CHEMBL6026088,910.0,910.0,910.0,910.0,1
CHEMBL6026273,4.65,4.65,4.65,4.65,1
CHEMBL6026396,1800.0,1800.0,1800.0,1800.0,1
CHEMBL6026417,100.0,100.0,100.0,100.0,1
CHEMBL602659,2137.0,2137.0,2137.0,2137.0,1
CHEMBL6026858,74.0,74.0,74.0,74.0,1
CHEMBL6026914,248.0,248.0,248.0,248.0,2
CHEMBL6027503,2300.0,2300.0,2300.0,2300.0,1
CHEMBL6027518,1800.0,1800.0,1800.0,1800.0,1
CHEMBL6027584,1800.0,1800.0,1800.0,1800.0,1
CHEMBL6027608,460.0,460.0,460.0,460.0,2
CHEMBL6027661,550.0,550.0,550.0,550.0,1
CHEMBL6027932,2608.0,2608.0,2608.0,2608.0,2
CHEMBL6029030,140.0,140.0,140.0,140.0,2
CHEMBL6029159,1300.0,1300.0,1300.0,1300.0,2
CHEMBL6029993,1.2,1.2,1.2,1.2,2
CHEMBL6030256,0.2,0.2,0.2,0.2,1
CHEMBL6030374,100.0,100.0,100.0,100.0,1
CHEMBL6031247,1398.0,1398.0,1398.0,1398.0,2
CHEMBL6031258,0.8,0.8,0.8,0.8,2
CHEMBL6031512,100.0,100.0,100.0,100.0,1
CHEMBL6031828,1100.0,1100.0,1100.0,1100.0,1
CHEMBL6031878,940.0,940.0,940.0,940.0,1
CHEMBL6031954,1100.0,1100.0,1100.0,1100.0,2
CHEMBL6032181,1015.0,1015.0,1015.0,1015.0,2
CHEMBL6032521,114.0,114.0,114.0,114.0,2
CHEMBL6032614,103.0,103.0,103.0,103.0,2
CHEMBL6032885,102.0,102.0,102.0,102.0,2
CHEMBL6032909,5354.0,5354.0,708.0,10000.0,2
CHEMBL6033170,247.0,247.0,247.0,247.0,1
CHEMBL6033858,2239.0,2239.0,2239.0,2239.0,1
CHEMBL6034023,759.0,759.0,759.0,759.0,2
CHEMBL6034072,76.0,76.0,76.0,76.0,2
CHEMBL6034277,1500.0,1500.0,1500.0,1500.0,1
CHEMBL6034447,1555.0,1555.0,1555.0,1555.0,2
CHEMBL6034513,350.0,350.0,350.0,350.0,2
CHEMBL6034537,385.0,385.0,385.0,385.0,2
CHEMBL6034636,2.57,2.57,2.57,2.57,2
CHEMBL603485,3900.0,3900.0,3900.0,3900.0,1
CHEMBL6034991,1700.0,1700.0,1700.0,1700.0,1
CHEMBL6035127,570.0,570.0,570.0,570.0,1
CHEMBL6035219,265.0,265.0,265.0,265.0,2
CHEMBL6035293,468.0,468.0,468.0,468.0,2
CHEMBL603542,10000.0,10000.0,10000.0,10000.0,1
CHEMBL6035743,290.0,290.0,290.0,290.0,1
CHEMBL6035783,550.0,550.0,550.0,550.0,1
CHEMBL6035987,1800.0,1800.0,1800.0,1800.0,1
CHEMBL6036214,100.0,100.0,100.0,100.0,1
CHEMBL6036428,859.85,859.85,97.7,1622.0,2
CHEMBL6036651,900.0,900.0,900.0,900.0,1
CHEMBL6036731,1200.0,1200.0,1200.0,1200.0,1
CHEMBL6037351,55.0,55.0,55.0,55.0,1
CHEMBL6037406,1100.0,1100.0,1100.0,1100.0,1
CHEMBL603752,10000.0,10000.0,10000.0,10000.0,1
CHEMBL6037525,780.0,780.0,780.0,780.0,1
CHEMBL6037650,640.0,640.0,640.0,640.0,2
CHEMBL6037816,2300.0,2300.0,2300.0,2300.0,1
CHEMBL6038185,5.64,5.64,5.64,5.64,1
CHEMBL6038690,2300.0,2300.0,2300.0,2300.0,1
CHEMBL603872,550.0,550.0,550.0,550.0,1
CHEMBL6038892,1349.0,1349.0,1349.0,1349.0,1
CHEMBL603901,6000.0,6000.0,6000.0,6000.0,1
CHEMBL6039332,244.0,205.33333333333334,128.0,244.0,3
CHEMBL6039981,125.0,125.0,125.0,125.0,2
CHEMBL6040249,2300.0,2300.0,2300.0,2300.0,1
CHEMBL6040678,690.0,690.0,690.0,690.0,2
CHEMBL6040751,1900.0,1900.0,1900.0,1900.0,2
CHEMBL604102,2910.0,2910.0,2910.0,2910.0,1
CHEMBL604108,2000.0,2000.0,2000.0,2000.0,1
CHEMBL6041109,2200.0,2200.0,2200.0,2200.0,1
CHEMBL604127,1328.0,1328.0,1328.0,1328.0,1
CHEMBL604129,566.0,566.0,566.0,566.0,1
CHEMBL604132,900.0,900.0,900.0,900.0,1
CHEMBL604135,1000.0,1000.0,1000.0,1000.0,1
CHEMBL6041377,762.0,762.0,762.0,762.0,2
CHEMBL6041648,139.0,139.0,139.0,139.0,2
CHEMBL6041693,1000.0,1000.0,1000.0,1000.0,1
CHEMBL604176,89.0,89.0,89.0,89.0,1
CHEMBL6041993,169.0,169.0,169.0,169.0,2
CHEMBL6042591,1600.0,1600.0,1600.0,1600.0,1
CHEMBL6042709,155.0,155.0,155.0,155.0,2
CHEMBL6042855,207.0,207.0,207.0,207.0,2
CHEMBL604314,440.0,440.0,440.0,440.0,1
CHEMBL604316,1371.0,1371.0,1371.0,1371.0,1
CHEMBL6043432,143.0,143.0,143.0,143.0,2
CHEMBL604383,1612.0,1612.0,1612.0,1612.0,1
CHEMBL6043897,1800.0,1800.0,1800.0,1800.0,1
CHEMBL6044314,15488.0,15488.0,15488.0,15488.0,1
CHEMBL6044734,490.0,490.0,490.0,490.0,2
CHEMBL604525,217.0,217.0,217.0,217.0,1
CHEMBL6045375,1995.0,1995.0,1995.0,1995.0,2
CHEMBL6045402,740.0,740.0,740.0,740.0,1
CHEMBL6045675,670.0,670.0,670.0,670.0,1
CHEMBL6045711,2200.0,2200.0,2200.0,2200.0,1
CHEMBL6045878,916.0,673.3333333333334,188.0,916.0,3
CHEMBL6046009,11.8,11.8,11.8,11.8,2
CHEMBL6046131,280.0,280.0,280.0,280.0,2
CHEMBL6046358,372.0,372.0,372.0,372.0,2
CHEMBL6046601,800.0,800.0,800.0,800.0,1
CHEMBL6047010,1050.0,1050.0,1050.0,1050.0,2
CHEMBL6047140,1700.0,1700.0,1700.0,1700.0,1
CHEMBL6047196,108.0,108.0,108.0,108.0,1
CHEMBL604732,882.0,882.0,882.0,882.0,1
CHEMBL6047349,110.0,110.0,110.0,110.0,1
CHEMBL6047884,10000.0,10000.0,10000.0,10000.0,2
CHEMBL6047939,37.2,37.2,37.2,37.2,2
CHEMBL6048169,55.0,55.0,55.0,55.0,1
CHEMBL6048434,5129.0,5129.0,5129.0,5129.0,2
CHEMBL6049060,483.0,483.0,483.0,483.0,1
CHEMBL6049395,3561.0,3561.0,3561.0,3561.0,2
CHEMBL6049838,350.0,350.0,350.0,350.0,1
CHEMBL6050432,340.0,340.0,340.0,340.0,1
CHEMBL6050605,1200.0,1200.0,1200.0,1200.0,1
CHEMBL6050804,370.0,370.0,370.0,370.0,1
CHEMBL6050876,12.2,12.2,12.2,12.2,1
CHEMBL6051037,132.0,132.0,132.0,132.0,1
CHEMBL605127,756.0,756.0,756.0,756.0,1
CHEMBL6051413,6.55,6.55,2.1,11.0,2
CHEMBL6051573,850.0,850.0,850.0,850.0,1
CHEMBL6051724,500.0,500.0,500.0,500.0,1
CHEMBL60518,1700.0,1700.0,1700.0,1700.0,1
CHEMBL6051809,625.0,625.0,625.0,625.0,2
CHEMBL6052229,1800.0,1800.0,1800.0,1800.0,1
CHEMBL6052546,0.32,0.32,0.32,0.32,2
CHEMBL6053280,2788.0,2788.0,2788.0,2788.0,2
CHEMBL6053282,32.0,32.0,32.0,32.0,1
CHEMBL605339,618.0,618.0,618.0,618.0,1
CHEMBL6053449,2164.0,2164.0,2164.0,2164.0,1
CHEMBL605354,124.0,124.0,124.0,124.0,1
CHEMBL6053631,48923.0,48923.0,48923.0,48923.0,2
CHEMBL6053782,930.0,930.0,930.0,930.0,1
CHEMBL605405,34.67,34.67,34.67,34.67,1
CHEMBL6054377,222.0,222.0,222.0,222.0,2
CHEMBL6054906,119.0,119.0,119.0,119.0,2
CHEMBL6055069,1800.0,1800.0,1800.0,1800.0,1
CHEMBL6055120,1178.0,1178.0,1178.0,1178.0,1
CHEMBL6055626,1600.0,1600.0,1600.0,1600.0,1
CHEMBL6055703,5.73,5.73,5.73,5.73,2
CHEMBL6056753,896.0,896.0,896.0,896.0,2
CHEMBL6057434,1000.0,1000.0,1000.0,1000.0,1
CHEMBL6058309,2000.0,2000.0,2000.0,2000.0,1
CHEMBL6058356,650.0,650.0,650.0,650.0,2
CHEMBL6058532,550.0,550.0,550.0,550.0,1
CHEMBL6058578,499.0,499.0,499.0,499.0,1
CHEMBL6058663,112.0,112.0,112.0,112.0,1
CHEMBL6058779,1700.0,1700.0,1700.0,1700.0,2
CHEMBL6059801,116.0,116.0,116.0,116.0,1
CHEMBL6060586,1000.0,1000.0,1000.0,1000.0,1
CHEMBL6060696,850.0,850.0,850.0,850.0,1
CHEMBL6060753,373.0,373.0,373.0,373.0,2
CHEMBL6060787,10000.0,10000.0,10000.0,10000.0,1
CHEMBL6061038,1700.0,1700.0,1700.0,1700.0,2
CHEMBL6061458,13.0,13.0,13.0,13.0,1
CHEMBL6061806,743.0,743.0,743.0,743.0,2
CHEMBL6062017,260.0,260.0,260.0,260.0,1
CHEMBL6062025,1700.0,1700.0,1700.0,1700.0,2
CHEMBL6062370,1700.0,1700.0,1700.0,1700.0,2
CHEMBL6062397,1800.0,1800.0,1800.0,1800.0,2
CHEMBL6062502,610.0,610.0,610.0,610.0,1
CHEMBL6062608,8.7,8.7,8.7,8.7,1
CHEMBL6062801,100.0,100.0,100.0,100.0,1
CHEMBL6062831,980.0,980.0,980.0,980.0,1
CHEMBL6062980,46.0,46.0,46.0,46.0,1
CHEMBL6063896,13.0,13.0,13.0,13.0,1
CHEMBL6064810,1023.0,1023.0,1023.0,1023.0,2
CHEMBL6064944,0.1,0.1,0.1,0.1,1
CHEMBL6065133,89.0,89.0,89.0,89.0,1
CHEMBL6065165,1.18,1.18,1.18,1.18,2
CHEMBL6065466,1175.0,1175.0,1175.0,1175.0,1
CHEMBL606547,2000.0,2000.0,2000.0,2000.0,1
CHEMBL606556,2000.0,2000.0,2000.0,2000.0,1
CHEMBL6065724,8390.0,8390.0,8390.0,8390.0,2
CHEMBL6065737,860.0,860.0,860.0,860.0,1
CHEMBL6065863,1260.0,1260.0,1260.0,1260.0,2
CHEMBL606939,60.0,60.0,60.0,60.0,1
CHEMBL60708,39.81,39.81,39.81,39.81,1
CHEMBL60713,316.23,316.23,316.23,316.23,1
CHEMBL607559,10000.0,10000.0,10000.0,10000.0,1
CHEMBL60815,200.0,200.0,170.0,230.0,4
CHEMBL608530,365.0,365.0,304.0,426.0,2
CHEMBL60859,3346.0,3346.0,3346.0,3346.0,1
CHEMBL608728,10000.0,10000.0,10000.0,10000.0,1
CHEMBL609151,2.0,2.0,2.0,2.0,1
CHEMBL609317,10000.0,10000.0,10000.0,10000.0,1
CHEMBL609611,10000.0,10000.0,10000.0,10000.0,1
CHEMBL609742,5000.0,5000.0,5000.0,5000.0,1
CHEMBL610449,10000.0,10000.0,10000.0,10000.0,2
CHEMBL61079,290.0,290.0,290.0,290.0,2
CHEMBL61080,240.0,240.0,240.0,240.0,2
CHEMBL61090,1258.93,1258.93,1258.93,1258.93,1
CHEMBL611207,773.6,847.35,1.2,1841.0,4
CHEMBL611801,340.0,340.0,340.0,340.0,1
CHEMBL61195,130.0,130.0,130.0,130.0,2
CHEMBL611973,10000.0,10000.0,10000.0,10000.0,1
CHEMBL611991,38.02,38.02,38.02,38.02,1
CHEMBL612083,11.05,11.05,2.1,20.0,2
CHEMBL61248,125.945,125.945,125.89,126.0,2
CHEMBL6133978,100000.0,100000.0,100000.0,100000.0,1
CHEMBL6142486,100000.0,100000.0,100000.0,100000.0,1
CHEMBL61440,1000.0,1000.0,1000.0,1000.0,1
CHEMBL61444,794.33,794.33,794.33,794.33,1
CHEMBL6144966,46773.51,46773.51,46773.51,46773.51,1
CHEMBL6150093,6165.95,6165.95,6165.95,6165.95,1
CHEMBL61565,39.81,39.81,39.81,39.81,1
CHEMBL6161894,100000.0,100000.0,100000.0,100000.0,1
CHEMBL6162815,75.86,75.86,75.86,75.86,1
CHEMBL6163657,100000.0,100000.0,100000.0,100000.0,1
CHEMBL6163737,100000.0,100000.0,100000.0,100000.0,1
CHEMBL6163844,114.82,114.82,114.82,114.82,1
CHEMBL6164304,100000.0,100000.0,100000.0,100000.0,1
CHEMBL6165568,4073.8,4073.8,4073.8,4073.8,1
CHEMBL6166355,29512.09,29512.09,29512.09,29512.09,1
CHEMBL6167299,28.84,28.84,28.84,28.84,1
CHEMBL6167995,1000.0,1000.0,1000.0,1000.0,1
CHEMBL6169741,600.0,600.0,600.0,600.0,1
CHEMBL6169814,25118.86,25118.86,25118.86,25118.86,1
CHEMBL6170631,10000.0,10000.0,10000.0,10000.0,1
CHEMBL61717,125.89,125.89,125.89,125.89,1
CHEMBL6174595,3162.28,3162.28,3162.28,3162.28,1
CHEMBL6175988,3235.94,3235.94,3235.94,3235.94,1
CHEMBL6177169,400.0,400.0,400.0,400.0,1
CHEMBL61789,3800.0,3800.0,3800.0,3800.0,1
CHEMBL62,945.625,945.625,891.25,1000.0,2
CHEMBL62416,12.59,12.59,12.59,12.59,1
CHEMBL62601,31500.0,31500.0,17500.0,45500.0,2
CHEMBL62602,282.5,282.5,245.0,320.0,2
CHEMBL62624,150.0,150.0,105.0,195.0,2
CHEMBL62703,24500.0,24500.0,21500.0,27500.0,2
CHEMBL62823,39.81,39.81,39.81,39.81,1
CHEMBL629,266.0,266.0,196.0,336.0,2
CHEMBL62919,62.0,62.0,62.0,62.0,1
CHEMBL62996,5525.0,5525.0,4400.0,6650.0,2
CHEMBL63209,7367.0,7367.0,7367.0,7367.0,1
CHEMBL633,6651.0,6651.0,6651.0,6651.0,1
CHEMBL63321,20.0,20.0,20.0,20.0,1
CHEMBL63329,5940.0,5940.0,5940.0,5940.0,1
CHEMBL63449,423.0,423.0,423.0,423.0,1
CHEMBL63576,2235.0,2235.0,2235.0,2235.0,1
CHEMBL64043,23750.0,23750.0,19500.0,28000.0,2
CHEMBL64117,144.54,144.54,144.54,144.54,1
CHEMBL64139,350.0,350.0,280.0,420.0,2
CHEMBL64157,25.12,25.12,25.12,25.12,1
CHEMBL6416,520.0,520.0,520.0,520.0,2
CHEMBL64249,0.67,0.67,0.67,0.67,1
CHEMBL64260,2850.0,2850.0,2850.0,2850.0,1
CHEMBL64283,81.8,81.8,81.8,81.8,1
CHEMBL64288,510.0,510.0,330.0,690.0,2
CHEMBL643,260.0,260.0,260.0,260.0,1
CHEMBL64325,525.0,525.0,440.0,610.0,2
CHEMBL6437,2197.0,2197.0,2197.0,2197.0,1
CHEMBL64376,1680.0,1680.0,1060.0,2300.0,2
CHEMBL64508,75.8,75.8,75.8,75.8,2
CHEMBL64553,10.4,10.4,10.4,10.4,2
CHEMBL64566,4500.0,4500.0,2750.0,6250.0,2
CHEMBL64668,3525.0,3525.0,3250.0,3800.0,2
CHEMBL64696,1145.0,1145.0,790.0,1500.0,2
CHEMBL64721,79.43,79.43,79.43,79.43,1
CHEMBL64752,2225.0,2225.0,2000.0,2450.0,2
CHEMBL64875,7.3,7.3,7.3,7.3,1
CHEMBL64894,1059.0,1059.0,1059.0,1059.0,1
CHEMBL65071,25.12,25.12,25.12,25.12,1
CHEMBL651,100000.0,100000.0,100000.0,100000.0,1
CHEMBL65122,39.81,39.81,39.81,39.81,1
CHEMBL65274,17.0,17.0,17.0,17.0,1
CHEMBL65280,31.62,31.62,31.62,31.62,1
CHEMBL65397,3715.35,3715.35,3715.35,3715.35,1
CHEMBL654,5454.0,5454.0,5454.0,5454.0,1
CHEMBL65547,10000.0,10000.0,10000.0,10000.0,1
CHEMBL65641,1085.0,1085.0,1070.0,1100.0,2
CHEMBL65847,297.0,297.0,179.0,415.0,4
CHEMBL65896,1160.0,1160.0,1010.0,1310.0,2
CHEMBL66080,50.12,50.12,50.12,50.12,1
CHEMBL66227,3310.0,3310.0,3310.0,3310.0,3
CHEMBL66957,1000.0,1000.0,1000.0,1000.0,1
CHEMBL67042,1000.0,1000.0,1000.0,1000.0,1
CHEMBL67222,1373.0,1373.0,1373.0,1373.0,1
CHEMBL67414,1000.0,1000.0,1000.0,1000.0,2
CHEMBL67429,1000.0,1000.0,1000.0,1000.0,1
CHEMBL67750,2570.0,2570.0,2570.0,2570.0,1
CHEMBL679,910.0,910.0,910.0,910.0,1
CHEMBL67923,43.05,43.05,22.0,64.1,2
CHEMBL67982,2000.0,2000.0,2000.0,2000.0,1
CHEMBL68131,10000.0,10000.0,10000.0,10000.0,1
CHEMBL68190,1000.0,1000.0,1000.0,1000.0,1
CHEMBL68191,21.0,21.0,21.0,21.0,2
CHEMBL68545,70.3,70.3,65.6,75.0,2
CHEMBL68573,26.175,26.175,6.35,46.0,2
CHEMBL68720,5.0,5.0,5.0,5.0,1
CHEMBL68740,36.8,36.8,36.8,36.8,1
CHEMBL68860,414.0,414.0,414.0,414.0,1
CHEMBL69259,10000.0,10000.0,10000.0,10000.0,1
CHEMBL69355,600.0,600.0,600.0,600.0,1
CHEMBL69356,1800.0,1800.0,1800.0,1800.0,1
CHEMBL69385,348.0,348.0,348.0,348.0,1
CHEMBL69451,24.8,33.9,24.8,61.2,4
CHEMBL69571,5031.45,5031.45,62.9,10000.0,2
CHEMBL69584,690.0,690.0,690.0,690.0,3
CHEMBL69705,5000.0,5000.0,5000.0,5000.0,2
CHEMBL69706,245.5,245.5,152.0,339.0,2
CHEMBL69717,120.0,120.0,120.0,120.0,1
CHEMBL69733,316.23,316.23,316.23,316.23,1
CHEMBL69759,5147.0,5147.0,5147.0,5147.0,1
CHEMBL69985,113.5,113.5,26.0,201.0,4
CHEMBL70215,2000.0,2000.0,2000.0,2000.0,1
CHEMBL70267,240.0,240.0,240.0,240.0,1
CHEMBL70565,611.5,2812.75,28.0,10000.0,4
CHEMBL708,2.95,4.224364285714286,0.8,12.59,14
CHEMBL70866,100.0,100.0,100.0,100.0,1
CHEMBL71,4.06,5.922666666666667,1.2,18.0,9
CHEMBL71173,1400.0,1400.0,1400.0,1400.0,1
CHEMBL71208,1700.0,1700.0,1700.0,1700.0,1
CHEMBL71209,1600.0,1600.0,1600.0,1600.0,1
CHEMBL71216,330.0,330.0,330.0,330.0,1
CHEMBL71275,98.15,98.15,82.3,114.0,2
CHEMBL71324,590.0,590.0,590.0,590.0,1
CHEMBL71327,2.9,9.733333333333333,2.9,23.4,3
CHEMBL715,20.0,34.61034482758621,2.1,173.9,29
CHEMBL71599,56.75,56.75,43.8,69.7,2
CHEMBL716,309.03,323.8255555555556,63.1,1000.0,9
CHEMBL71635,325.0,325.0,325.0,325.0,1
CHEMBL71707,1258.93,1258.93,1258.93,1258.93,1
CHEMBL71724,1431.0,1431.0,1431.0,1431.0,1
CHEMBL71798,158.0,158.0,158.0,158.0,1
CHEMBL71838,241.0,241.0,241.0,241.0,2
CHEMBL71865,8.85,8.85,2.5,15.2,2
CHEMBL71894,398.11,398.11,398.11,398.11,1
CHEMBL71907,386.0,386.0,386.0,386.0,1
CHEMBL71920,35.0,35.0,35.0,35.0,1
CHEMBL71960,39.81,39.81,39.81,39.81,1
CHEMBL723,49.0,49.0,49.0,49.0,1
CHEMBL726,1.44,1.1396666666666666,0.539,1.44,3
CHEMBL728,3.608,3.608,3.608,3.608,1
CHEMBL73538,2500.0,2500.0,2500.0,2500.0,1
CHEMBL73665,19.95,19.95,19.95,19.95,1
CHEMBL7430,560.0,560.0,560.0,560.0,1
CHEMBL74355,1300.0,1537.5,1300.0,2250.0,4
CHEMBL74805,2.9,2.9,2.9,2.9,1
CHEMBL7549,27.0,357.9857142857143,8.5,2268.0,7
CHEMBL75621,2.2,2.2,2.2,2.2,1
CHEMBL75678,10000.0,10000.0,10000.0,10000.0,1
CHEMBL75691,1800.0,1800.0,1800.0,1800.0,1
CHEMBL75860,620.0,620.0,620.0,620.0,1
CHEMBL76090,125.0,125.0,125.0,125.0,1
CHEMBL7617,1.0,1.0,1.0,1.0,1
CHEMBL76237,210.0,210.0,210.0,210.0,1
CHEMBL76355,120.0,120.0,120.0,120.0,1
CHEMBL76402,1.125,1.125,0.65,1.6,2
CHEMBL76475,10000.0,10000.0,10000.0,10000.0,1
CHEMBL76849,10000.0,10000.0,10000.0,10000.0,1
CHEMBL76908,10.0,10.0,10.0,10.0,1
CHEMBL76927,1837.0,1837.0,1837.0,1837.0,1
CHEMBL76982,10000.0,10000.0,10000.0,10000.0,1
CHEMBL76990,1.8,1.8,1.8,1.8,1
CHEMBL77015,650.0,650.0,650.0,650.0,1
CHEMBL77017,560.0,560.0,560.0,560.0,1
CHEMBL77148,310.0,310.0,310.0,310.0,1
CHEMBL77151,10000.0,10000.0,10000.0,10000.0,1
CHEMBL77204,10000.0,10000.0,10000.0,10000.0,1
CHEMBL77206,241.0,241.0,241.0,241.0,1
CHEMBL77334,12.0,12.0,12.0,12.0,1
CHEMBL77395,120.0,120.0,120.0,120.0,1
CHEMBL77411,339.0,339.0,339.0,339.0,1
CHEMBL77472,1.7,1.7,1.7,1.7,1
CHEMBL77563,10000.0,10000.0,10000.0,10000.0,1
CHEMBL77743,65.0,65.0,65.0,65.0,1
CHEMBL77744,61.0,61.0,61.0,61.0,1
CHEMBL77934,18.0,18.0,18.0,18.0,1
CHEMBL78058,4.6,4.6,4.6,4.6,1
CHEMBL7806,12.07,12.07,0.14,24.0,2
CHEMBL78067,131.0,131.0,131.0,131.0,1
CHEMBL78195,12.0,12.0,12.0,12.0,1
CHEMBL78241,10.0,10.0,10.0,10.0,1
CHEMBL7828,150.0,150.0,150.0,150.0,1
CHEMBL78287,570.0,570.0,570.0,570.0,1
CHEMBL78368,6.5,6.5,6.5,6.5,1
CHEMBL78406,71.0,71.0,71.0,71.0,1
CHEMBL78617,1.7,1.7,1.7,1.7,1
CHEMBL78655,18.0,18.0,18.0,18.0,1
CHEMBL78791,3.4,3.4,3.4,3.4,2
CHEMBL78800,1.0,1.0,1.0,1.0,1
CHEMBL78860,182.0,182.0,182.0,182.0,1
CHEMBL78916,10.0,10.0,10.0,10.0,1
CHEMBL78923,8.6,8.6,8.6,8.6,1
CHEMBL78933,35.0,35.0,35.0,35.0,1
CHEMBL78950,1.4,1.4,1.4,1.4,1
CHEMBL79098,1300.0,1300.0,1300.0,1300.0,1
CHEMBL7927,3200.0,3438.64875,2200.0,4300.0,16
CHEMBL79834,6.3095,6.3095,3.0,9.619,2
CHEMBL80156,6.0,6.0,6.0,6.0,1
CHEMBL80207,240.0,240.0,240.0,240.0,1
CHEMBL80230,0.41,0.41,0.41,0.41,1
CHEMBL80315,16.5,16.5,16.5,16.5,1
CHEMBL80318,90.0,90.0,90.0,90.0,1
CHEMBL80469,10000.0,10000.0,10000.0,10000.0,1
CHEMBL80552,590.0,590.0,590.0,590.0,1
CHEMBL80571,100.0,100.0,100.0,100.0,1
CHEMBL80615,5.6,5.6,5.6,5.6,1
CHEMBL80627,543.0,543.0,543.0,543.0,1
CHEMBL80645,2540.0,2540.0,2540.0,2540.0,1
CHEMBL80655,4000.0,4000.0,4000.0,4000.0,1
CHEMBL80656,554.0,554.0,554.0,554.0,1
CHEMBL80711,280.0,280.0,280.0,280.0,1
CHEMBL80722,1500.0,1500.0,1500.0,1500.0,1
CHEMBL80784,10000.0,10000.0,10000.0,10000.0,1
CHEMBL808,4269.0,4269.0,4269.0,4269.0,1
CHEMBL80833,960.0,960.0,960.0,960.0,1
CHEMBL80845,180.0,180.0,130.0,230.0,2
CHEMBL80863,3400.0,3400.0,3400.0,3400.0,1
CHEMBL80875,6.3,6.3,6.3,6.3,1
CHEMBL80919,0.6,0.6,0.6,0.6,1
CHEMBL80968,2183.0,2183.0,2183.0,2183.0,1
CHEMBL81,391.0,391.0,391.0,391.0,1
CHEMBL81330,910.405,913.9525,199.0,1636.0,4
CHEMBL81675,68.0,68.0,68.0,68.0,1
CHEMBL82527,1100.0,1105.0,720.0,1500.0,4
CHEMBL82564,3333.0,3333.0,3333.0,3333.0,1
CHEMBL82864,316.23,316.23,316.23,316.23,1
CHEMBL83,4628.0,4628.0,4628.0,4628.0,1
CHEMBL831,21.0,21.0,21.0,21.0,2
CHEMBL83306,1360.0,1560.0,320.0,3200.0,4
CHEMBL836,45.5,45.5,13.0,78.0,2
CHEMBL83617,4.7,4.7,4.7,4.7,1
CHEMBL83722,3945.0,3945.0,3945.0,3945.0,1
CHEMBL83894,590.0,590.0,180.0,1000.0,2
CHEMBL841,5790.0,5790.0,5790.0,5790.0,1
CHEMBL8412,1224.0,852.6666666666666,110.0,1224.0,3
CHEMBL84158,411.0,411.0,411.0,411.0,1
CHEMBL84819,1403.0,1403.0,1403.0,1403.0,2
CHEMBL85,3.9,4.762789473684211,0.44,11.6,19
CHEMBL8514,0.155,0.315,0.04,0.91,4
CHEMBL85441,406.0,406.0,406.0,406.0,2
CHEMBL85606,750.595,1262.53375,398.11,5160.0,8
CHEMBL85700,3333.0,3333.0,3333.0,3333.0,2
CHEMBL85711,1258.93,1258.93,1258.93,1258.93,1
CHEMBL85882,10000.0,10000.0,10000.0,10000.0,1
CHEMBL85972,269.0,269.0,269.0,269.0,2
CHEMBL86,53.0,53.0,42.0,64.0,2
CHEMBL86032,794.33,794.33,794.33,794.33,1
CHEMBL86060,895.0,955.0,330.0,1700.0,4
CHEMBL86127,1995.26,1995.26,1995.26,1995.26,1
CHEMBL86129,517.0,517.0,517.0,517.0,1
CHEMBL86183,501.19,501.19,501.19,501.19,1
CHEMBL86249,803.0,803.0,803.0,803.0,1
CHEMBL86402,3162.28,3162.28,3162.28,3162.28,1
CHEMBL86504,32.4,32.4,32.4,32.4,1
CHEMBL86760,6280.0,6280.0,6280.0,6280.0,1
CHEMBL87067,15.2,15.2,15.2,15.2,1
CHEMBL87137,79.8,79.8,79.8,79.8,1
CHEMBL87187,11.0,11.0,11.0,11.0,1
CHEMBL87192,1.75,1.75,1.75,1.75,1
CHEMBL87260,865.0,865.0,865.0,865.0,2
CHEMBL87478,8.0,8.0,8.0,8.0,2
CHEMBL87600,630.96,630.96,630.96,630.96,1
CHEMBL87625,4985.0,4985.0,4985.0,4985.0,1
CHEMBL87716,472.0,472.0,472.0,472.0,1
CHEMBL87753,501.19,501.19,501.19,501.19,1
CHEMBL88058,126.0,126.0,126.0,126.0,2
CHEMBL8809,12.7,14.922,1.21,31.0,5
CHEMBL88289,4.1,4.1,4.1,4.1,1
CHEMBL88296,5800.0,5800.0,5800.0,5800.0,1
CHEMBL88365,180.5,152.9,4.6,246.0,4
CHEMBL88464,8.7,8.7,8.7,8.7,1
CHEMBL88837,257.5,257.5,257.5,257.5,1
CHEMBL88870,290.0,290.0,290.0,290.0,1
CHEMBL88937,31000.0,43000.0,31000.0,67000.0,3
CHEMBL89037,6.5,6.5,6.5,6.5,1
CHEMBL89420,85.6,85.6,85.6,85.6,1
CHEMBL8946,0.117,0.15433333333333332,0.086,0.26,3
CHEMBL896,378.0,378.0,378.0,378.0,1
CHEMBL89719,730.0,730.0,730.0,730.0,1
CHEMBL89913,5800.0,5800.0,5800.0,5800.0,2
CHEMBL89921,1170.0,1170.0,1170.0,1170.0,2
CHEMBL89970,21.0,21.0,21.0,21.0,2
CHEMBL89971,38.0,38.0,38.0,38.0,1
CHEMBL90005,7.8,7.8,7.8,7.8,1
CHEMBL90092,1000.0,1000.0,1000.0,1000.0,1
CHEMBL90173,5800.0,5800.0,5800.0,5800.0,1
CHEMBL90263,21.0,21.0,21.0,21.0,1
CHEMBL90347,1000.0,1000.0,1000.0,1000.0,1
CHEMBL90359,48.0,48.0,48.0,48.0,1
CHEMBL90374,18500.0,18500.0,16000.0,21000.0,2
CHEMBL90433,199.53,199.53,199.53,199.53,1
CHEMBL90476,47.0,47.0,47.0,47.0,1
CHEMBL90569,5500.0,5500.0,5500.0,5500.0,2
CHEMBL90654,640.0,640.0,640.0,640.0,1
CHEMBL90662,628.5,628.5,217.0,1040.0,2
CHEMBL90711,1600.0,1600.0,1600.0,1600.0,1
CHEMBL90739,290.0,290.0,290.0,290.0,1
CHEMBL90746,125.89,125.89,125.89,125.89,1
CHEMBL90797,1034.5,1034.5,217.0,1852.0,2
CHEMBL90798,226.0,226.0,217.0,235.0,2
CHEMBL908,2.96,2.96,2.96,2.96,1
CHEMBL90837,39.0,39.0,39.0,39.0,1
CHEMBL90882,2.5,2.5,2.5,2.5,2
CHEMBL90897,1584.89,1584.89,1584.89,1584.89,1
CHEMBL90911,17.0,17.0,17.0,17.0,1
CHEMBL90977,730.0,730.0,730.0,730.0,1
CHEMBL90997,1000.0,1000.0,1000.0,1000.0,1
CHEMBL91,4168.0,4168.0,4168.0,4168.0,1
CHEMBL91067,5800.0,5800.0,5800.0,5800.0,2
CHEMBL91122,3000.0,3000.0,3000.0,3000.0,1
CHEMBL91155,900.0,900.0,900.0,900.0,1
CHEMBL91156,501.19,501.19,501.19,501.19,1
CHEMBL91157,230.0,230.0,230.0,230.0,1
CHEMBL91162,56.0,56.0,56.0,56.0,1
CHEMBL91197,150.0,150.0,150.0,150.0,1
CHEMBL91205,898.0,898.0,896.0,900.0,2
CHEMBL91228,697.5,697.5,217.0,1178.0,2
CHEMBL91229,220.0,220.0,220.0,220.0,1
CHEMBL91272,190.0,190.0,190.0,190.0,1
CHEMBL91273,5800.0,5800.0,5800.0,5800.0,2
CHEMBL91310,57.0,57.0,57.0,57.0,1
CHEMBL91350,680.0,680.0,680.0,680.0,1
CHEMBL91362,41000.0,41000.0,37000.0,45000.0,2
CHEMBL91446,92.0,92.0,92.0,92.0,1
CHEMBL91447,1000.0,1000.0,1000.0,1000.0,1
CHEMBL91460,158.49,158.49,158.49,158.49,1
CHEMBL91463,250.0,250.0,250.0,250.0,1
CHEMBL91498,26.0,26.0,26.0,26.0,1
CHEMBL91510,2511.89,2511.89,2511.89,2511.89,1
CHEMBL91542,0.42,0.42,0.42,0.42,1
CHEMBL91549,85.0,85.0,85.0,85.0,1
CHEMBL91553,270.0,270.0,270.0,270.0,1
CHEMBL91585,5800.0,5800.0,5800.0,5800.0,2
CHEMBL91621,86.0,86.0,86.0,86.0,1
CHEMBL91658,5800.0,5800.0,5800.0,5800.0,2
CHEMBL91669,11.0,11.0,11.0,11.0,1
CHEMBL91821,280.0,280.0,280.0,280.0,1
CHEMBL91938,3700.0,3700.0,3700.0,3700.0,2
CHEMBL92121,850.0,850.0,850.0,850.0,1
CHEMBL92139,1600.0,1600.0,1600.0,1600.0,1
CHEMBL92183,192.0,192.0,119.0,265.0,2
CHEMBL92189,290.0,290.0,290.0,290.0,1
CHEMBL92232,1034.5,1034.5,217.0,1852.0,2
CHEMBL92373,5800.0,5800.0,5800.0,5800.0,2
CHEMBL92411,850.0,850.0,850.0,850.0,1
CHEMBL92416,78.0,78.0,78.0,78.0,1
CHEMBL92417,1000.0,1000.0,1000.0,1000.0,1
CHEMBL92438,1258.93,1258.93,1258.93,1258.93,1
CHEMBL92439,1584.89,1584.89,1584.89,1584.89,1
CHEMBL92489,774.0,774.0,774.0,774.0,2
CHEMBL92578,145.0,145.0,145.0,145.0,1
CHEMBL92630,217.0,217.0,217.0,217.0,1
CHEMBL92649,0.66,0.66,0.66,0.66,1
CHEMBL92682,217.0,217.0,217.0,217.0,1
CHEMBL92713,3955.0,3955.0,3950.0,3960.0,2
CHEMBL92817,170.0,170.0,170.0,170.0,1
CHEMBL92859,95.0,95.0,95.0,95.0,1
CHEMBL92860,1000.0,1000.0,1000.0,1000.0,1
CHEMBL92887,20.975,20.975,19.95,22.0,2
CHEMBL92938,217.0,217.0,217.0,217.0,1
CHEMBL92939,600.5,600.5,217.0,984.0,2
CHEMBL93101,228.5,228.5,217.0,240.0,2
CHEMBL93212,235.5,235.5,217.0,254.0,2
CHEMBL93234,217.0,217.0,217.0,217.0,1
CHEMBL93254,217.0,217.0,217.0,217.0,1
CHEMBL93283,217.0,217.0,217.0,217.0,1
CHEMBL93336,2511.89,2511.89,2511.89,2511.89,1
CHEMBL93383,161.5,161.5,106.0,217.0,2
CHEMBL93403,1900.0,1900.0,1900.0,1900.0,2
CHEMBL93432,8.8,8.8,8.8,8.8,1
CHEMBL93534,217.0,217.0,217.0,217.0,1
CHEMBL93570,72.5,72.5,11.0,134.0,2
CHEMBL93582,409.5,409.5,217.0,602.0,2
CHEMBL93594,204.5,204.5,192.0,217.0,2
CHEMBL936,1097.0,1097.0,1097.0,1097.0,1
CHEMBL93646,119.5,119.5,22.0,217.0,2
CHEMBL93679,217.0,217.0,217.0,217.0,1
CHEMBL93682,265.5,265.5,217.0,314.0,2
CHEMBL93701,217.0,217.0,217.0,217.0,1
CHEMBL93703,1584.89,1584.89,1584.89,1584.89,1
CHEMBL93753,67.0,67.0,67.0,67.0,1
CHEMBL93779,5.0,5.0,5.0,5.0,1
CHEMBL93794,1584.89,1584.89,1584.89,1584.89,1
CHEMBL93832,1300.0,1300.0,1300.0,1300.0,1
CHEMBL93868,62.0,62.0,62.0,62.0,1
CHEMBL93900,1034.5,1034.5,217.0,1852.0,2
CHEMBL93917,143.0,143.0,69.0,217.0,2
CHEMBL93946,518.5,518.5,217.0,820.0,2
CHEMBL93958,82.0,82.0,82.0,82.0,1
CHEMBL93969,60.0,60.0,60.0,60.0,1
CHEMBL93970,1500.0,1500.0,1500.0,1500.0,1
CHEMBL94015,1183.0,1245.6299999999999,42.0,2511.89,3
CHEMBL94023,170.0,170.0,170.0,170.0,1
CHEMBL94067,570.0,612.5,520.0,790.0,4
CHEMBL94224,217.0,217.0,217.0,217.0,1
CHEMBL94265,850.0,850.0,850.0,850.0,2
CHEMBL94283,73.0,73.0,73.0,73.0,1
CHEMBL94371,131.83,131.83,131.83,131.83,1
CHEMBL94811,44.5,44.5,29.0,60.0,2
CHEMBL94984,630.96,630.96,630.96,630.96,1
CHEMBL95743,501.19,501.19,501.19,501.19,1
CHEMBL95759,501.19,501.19,501.19,501.19,1
CHEMBL95823,3162.28,3162.28,3162.28,3162.28,1
CHEMBL96191,217.0,217.0,217.0,217.0,1
CHEMBL96322,850.0,850.0,850.0,850.0,1
CHEMBL964,7673.0,7673.0,7673.0,7673.0,1
CHEMBL96462,5000.0,5000.0,5000.0,5000.0,1
CHEMBL9666,4073.8,2954.466666666667,679.6,4110.0,3
CHEMBL96726,858.5,858.5,217.0,1500.0,2
CHEMBL96799,3170.0,3170.0,3170.0,3170.0,1
CHEMBL97107,501.19,501.19,501.19,501.19,1
CHEMBL97118,630.96,630.96,630.96,630.96,1
CHEMBL97149,794.33,794.33,794.33,794.33,1
CHEMBL97158,10000.0,10000.0,10000.0,10000.0,1
CHEMBL97211,6309.57,6309.57,6309.57,6309.57,1
CHEMBL97424,8790.0,8790.0,7580.0,10000.0,2
CHEMBL97440,1995.26,1995.26,1995.26,1995.26,1
CHEMBL97596,5011.87,5011.87,5011.87,5011.87,1
CHEMBL97637,5011.87,5011.87,5011.87,5011.87,1
CHEMBL97840,794.33,794.33,794.33,794.33,1
CHEMBL97856,316.23,316.23,316.23,316.23,1
CHEMBL98197,854.0,854.0,854.0,854.0,1
CHEMBL98241,580.0,580.0,580.0,580.0,1
CHEMBL98305,1.14,1.14,1.14,1.14,1
CHEMBL98330,10000.0,10000.0,10000.0,10000.0,1
CHEMBL98331,10000.0,10000.0,10000.0,10000.0,1
CHEMBL98452,501.19,501.19,501.19,501.19,1
CHEMBL98830,462.0,462.0,462.0,462.0,1
CHEMBL98836,74.0,74.0,74.0,74.0,1
CHEMBL98945,489.0,489.0,489.0,489.0,1
CHEMBL98946,416.0,416.0,416.0,416.0,1
CHEMBL98965,1000.0,1000.0,1000.0,1000.0,1
CHEMBL99054,10000.0,10000.0,10000.0,10000.0,1
CHEMBL99085,10000.0,10000.0,10000.0,10000.0,1
CHEMBL99198,25.060000000000002,25.060000000000002,25.0,25.12,2
CHEMBL99208,402.0,402.0,402.0,402.0,1
CHEMBL99355,197.0,197.0,197.0,197.0,1
CHEMBL99649,555.0,555.0,555.0,555.0,1
CHEMBL99654,10000.0,10000.0,10000.0,10000.0,1
CHEMBL99849,37.6,37.6,37.6,37.6,1
CHEMBL99876,316.23,316.23,316.23,316.23,1
CHEMBL99913,75.8,75.8,75.8,75.8,1
CHEMBL99967,2190.0,2190.0,2190.0,2190.0,1
