molecule_chembl_id,ki_nm,pchembl_value,assay_chembl_id,document_chembl_id
CHEMBL156651,0.067,10.17,CHEMBL670962,CHEMBL1132286
CHEMBL156651,190.0,6.72,CHEMBL666181,CHEMBL1132286
CHEMBL156651,0.196,9.71,CHEMBL665377,CHEMBL1132286
CHEMBL156651,260.0,6.58,CHEMBL666183,CHEMBL1132286
CHEMBL156651,0.05,10.30,CHEMBL665376,CHEMBL1132286
CHEMBL156651,188.0,6.73,CHEMBL666182,CHEMBL1132286
CHEMBL156651,0.09,10.05,CHEMBL666180,CHEMBL1132286
CHEMBL156651,211.0,6.68,CHEMBL666183,CHEMBL1132286
CHEMBL349833,139.0,6.86,CHEMBL672162,CHEMBL1136593
CHEMBL439646,201.0,6.70,CHEMBL672162,CHEMBL1136593
CHEMBL87187,11.0,7.96,CHEMBL671377,CHEMBL1131962
CHEMBL351963,209.0,6.68,CHEMBL672162,CHEMBL1136593
CHEMBL309118,512.0,6.29,CHEMBL671385,CHEMBL1134599
CHEMBL315864,87.3,7.06,CHEMBL884862,CHEMBL1130595
CHEMBL322179,777.0,6.11,CHEMBL671385,CHEMBL1134599
CHEMBL419505,262.0,6.58,CHEMBL671385,CHEMBL1134599
CHEMBL108527,1680.0,5.78,CHEMBL671385,CHEMBL1134599
CHEMBL67414,1000.0,,CHEMBL672162,CHEMBL1136593
CHEMBL110411,217.0,6.66,CHEMBL671385,CHEMBL1134599
CHEMBL330108,540.0,6.27,CHEMBL884862,CHEMBL1130595
CHEMBL42,113.0,6.95,CHEMBL672162,CHEMBL1136593
CHEMBL267562,625.0,6.20,CHEMBL671385,CHEMBL1134599
CHEMBL156164,0.071,10.15,CHEMBL670962,CHEMBL1132286
CHEMBL156164,196.0,6.71,CHEMBL666181,CHEMBL1132286
CHEMBL156164,0.122,9.91,CHEMBL665377,CHEMBL1132286
CHEMBL156164,246.0,6.61,CHEMBL666183,CHEMBL1132286
CHEMBL156164,0.031,10.51,CHEMBL665376,CHEMBL1132286
CHEMBL156164,168.0,6.78,CHEMBL666182,CHEMBL1132286
CHEMBL156164,0.064,10.19,CHEMBL666180,CHEMBL1132286
CHEMBL156164,202.0,6.70,CHEMBL666183,CHEMBL1132286
CHEMBL292759,3981.07,5.40,CHEMBL674350,CHEMBL1132410
CHEMBL301242,89.0,7.05,CHEMBL671385,CHEMBL1134599
CHEMBL29846,794.33,6.10,CHEMBL674350,CHEMBL1132410
CHEMBL352207,116.0,6.94,CHEMBL672162,CHEMBL1136593
CHEMBL310310,1740.0,5.76,CHEMBL671385,CHEMBL1134599
CHEMBL108637,825.0,6.08,CHEMBL671385,CHEMBL1134599
CHEMBL67750,2570.0,5.59,CHEMBL671385,CHEMBL1134599
CHEMBL314952,8.0,8.10,CHEMBL884862,CHEMBL1130595
CHEMBL351989,165.0,6.78,CHEMBL672162,CHEMBL1136593
CHEMBL110120,180.0,6.75,CHEMBL671385,CHEMBL1134599
CHEMBL40650,19.7,7.71,CHEMBL670782,CHEMBL1130166
CHEMBL159742,952.0,6.02,CHEMBL672162,CHEMBL1136593
CHEMBL88837,257.5,6.59,CHEMBL884862,CHEMBL1130595
CHEMBL354699,220.0,6.66,CHEMBL672162,CHEMBL1136593
CHEMBL323997,927.0,6.03,CHEMBL671385,CHEMBL1134599
CHEMBL68191,21.0,7.68,CHEMBL672162,CHEMBL1136593
CHEMBL69584,690.0,6.16,CHEMBL672162,CHEMBL1136593
CHEMBL307800,10.0,8.00,CHEMBL671385,CHEMBL1134599
CHEMBL306672,11.0,7.96,CHEMBL671385,CHEMBL1134599
CHEMBL345438,26.0,7.58,CHEMBL672162,CHEMBL1136593
CHEMBL110435,1120.0,5.95,CHEMBL671385,CHEMBL1134599
CHEMBL69717,120.0,6.92,CHEMBL671385,CHEMBL1134599
CHEMBL302796,606.0,6.22,CHEMBL671385,CHEMBL1134599
CHEMBL88365,246.0,6.61,CHEMBL884862,CHEMBL1130595
CHEMBL328051,53.0,7.28,CHEMBL884862,CHEMBL1130595
CHEMBL320114,672.0,6.17,CHEMBL671385,CHEMBL1134599
CHEMBL542139,2511.89,5.60,CHEMBL674350,CHEMBL1132410
CHEMBL2308105,81.3,7.09,CHEMBL671385,CHEMBL1134599
CHEMBL68860,414.0,6.38,CHEMBL671385,CHEMBL1134599
CHEMBL90476,47.0,7.33,CHEMBL884862,CHEMBL1130595
CHEMBL88289,4.1,8.39,CHEMBL884862,CHEMBL1130595
CHEMBL106660,59.0,7.23,CHEMBL671385,CHEMBL1134599
CHEMBL351612,313.0,6.50,CHEMBL672162,CHEMBL1136593
CHEMBL68720,5.0,8.30,CHEMBL671385,CHEMBL1134599
CHEMBL311539,81.3,7.09,CHEMBL884862,CHEMBL1130595
CHEMBL110349,473.0,6.33,CHEMBL671385,CHEMBL1134599
CHEMBL12004,379.0,6.42,CHEMBL671385,CHEMBL1134599
CHEMBL109299,218.0,6.66,CHEMBL671385,CHEMBL1134599
CHEMBL12375,132.0,6.88,CHEMBL671385,CHEMBL1134599
CHEMBL317488,0.09,10.05,CHEMBL670962,CHEMBL1132286
CHEMBL317488,73.2,7.13,CHEMBL666181,CHEMBL1132286
CHEMBL317488,0.13,9.89,CHEMBL665377,CHEMBL1132286
CHEMBL317488,60.0,7.22,CHEMBL666183,CHEMBL1132286
CHEMBL317488,0.04,10.40,CHEMBL665376,CHEMBL1132286
CHEMBL317488,60.1,7.22,CHEMBL666182,CHEMBL1132286
CHEMBL317488,0.06,10.22,CHEMBL666180,CHEMBL1132286
CHEMBL317488,78.0,7.11,CHEMBL666183,CHEMBL1132286
CHEMBL92630,217.0,,CHEMBL678343,CHEMBL1127438
CHEMBL7549,39.0,7.41,CHEMBL678343,CHEMBL1127438
CHEMBL7549,8.5,8.07,CHEMBL679938,CHEMBL1127438
CHEMBL93254,217.0,,CHEMBL678343,CHEMBL1127438
CHEMBL311730,217.0,,CHEMBL678343,CHEMBL1127438
CHEMBL311730,447.0,6.35,CHEMBL679938,CHEMBL1127438
CHEMBL566970,217.0,,CHEMBL678344,CHEMBL1127438
CHEMBL566970,339.0,,CHEMBL679938,CHEMBL1127438
CHEMBL327245,2550.0,5.59,CHEMBL673083,CHEMBL1133667
CHEMBL96462,5000.0,5.30,CHEMBL673083,CHEMBL1133667
CHEMBL24222,217.0,,CHEMBL678344,CHEMBL1127438
CHEMBL24222,50.0,7.30,CHEMBL679938,CHEMBL1127438
CHEMBL49231,349.0,6.46,CHEMBL671981,CHEMBL1130052
CHEMBL93534,217.0,,CHEMBL678343,CHEMBL1127438
CHEMBL328894,217.0,,CHEMBL678343,CHEMBL1127438
CHEMBL328894,519.0,6.29,CHEMBL679938,CHEMBL1127438
CHEMBL27251,2250.0,5.65,CHEMBL672309,CHEMBL1145819
CHEMBL298763,1500.0,5.82,CHEMBL671981,CHEMBL1130052
CHEMBL92817,170.0,6.77,CHEMBL678343,CHEMBL1127438
CHEMBL96726,217.0,,CHEMBL678343,CHEMBL1127438
CHEMBL96726,1500.0,,CHEMBL679938,CHEMBL1127438
CHEMBL315879,2350.0,5.63,CHEMBL673083,CHEMBL1133667
CHEMBL93679,217.0,,CHEMBL678343,CHEMBL1127438
CHEMBL93917,217.0,,CHEMBL678343,CHEMBL1127438
CHEMBL93917,69.0,7.16,CHEMBL679938,CHEMBL1127438
CHEMBL90798,217.0,,CHEMBL678343,CHEMBL1127438
CHEMBL90798,235.0,6.63,CHEMBL679938,CHEMBL1127438
CHEMBL328119,73.0,7.14,CHEMBL678343,CHEMBL1127438
CHEMBL53,217.0,,CHEMBL678344,CHEMBL1127438
CHEMBL93900,217.0,,CHEMBL678343,CHEMBL1127438
CHEMBL93900,1852.0,,CHEMBL679938,CHEMBL1127438
CHEMBL93570,134.0,6.87,CHEMBL678343,CHEMBL1127438
CHEMBL93570,11.0,7.96,CHEMBL679938,CHEMBL1127438
CHEMBL92713,3950.0,5.40,CHEMBL673083,CHEMBL1133667
CHEMBL92121,850.0,,CHEMBL673083,CHEMBL1133667
CHEMBL328283,262.0,6.58,CHEMBL673083,CHEMBL1133667
CHEMBL300956,1150.0,5.94,CHEMBL671981,CHEMBL1130052
CHEMBL49876,929.0,6.03,CHEMBL671981,CHEMBL1130052
CHEMBL45244,3740.0,5.43,CHEMBL671981,CHEMBL1130052
CHEMBL315890,217.0,,CHEMBL678343,CHEMBL1127438
CHEMBL328785,217.0,,CHEMBL678343,CHEMBL1127438
CHEMBL92938,217.0,,CHEMBL678343,CHEMBL1127438
CHEMBL329443,91.0,7.04,CHEMBL678343,CHEMBL1127438
CHEMBL329443,227.0,6.64,CHEMBL679938,CHEMBL1127438
CHEMBL96191,217.0,,CHEMBL678343,CHEMBL1127438
CHEMBL281924,7.1,8.15,CHEMBL672309,CHEMBL1145819
CHEMBL281923,71.0,7.15,CHEMBL672309,CHEMBL1145819
CHEMBL298166,1330.0,5.88,CHEMBL671981,CHEMBL1130052
CHEMBL93383,217.0,,CHEMBL678343,CHEMBL1127438
CHEMBL93383,106.0,6.97,CHEMBL679938,CHEMBL1127438
CHEMBL22242,217.0,,CHEMBL678344,CHEMBL1127438
CHEMBL335545,25.5,7.59,CHEMBL672911,CHEMBL1128721
CHEMBL335545,8.4,8.08,CHEMBL672910,CHEMBL1128721
CHEMBL92183,265.0,6.58,CHEMBL678343,CHEMBL1127438
CHEMBL92183,119.0,6.92,CHEMBL679938,CHEMBL1127438
CHEMBL314536,217.0,,CHEMBL678343,CHEMBL1127438
CHEMBL314536,134.0,6.87,CHEMBL679938,CHEMBL1127438
CHEMBL91228,217.0,,CHEMBL678343,CHEMBL1127438
CHEMBL91228,1178.0,5.93,CHEMBL679938,CHEMBL1127438
CHEMBL329228,282.0,6.55,CHEMBL673083,CHEMBL1133667
CHEMBL328448,217.0,,CHEMBL678343,CHEMBL1127438
CHEMBL92682,217.0,,CHEMBL678343,CHEMBL1127438
CHEMBL54,5.6,8.25,CHEMBL673082,CHEMBL1133667
CHEMBL330470,3960.0,5.40,CHEMBL673083,CHEMBL1133667
CHEMBL94811,60.0,7.22,CHEMBL678343,CHEMBL1127438
CHEMBL94811,29.0,7.54,CHEMBL679938,CHEMBL1127438
CHEMBL96322,850.0,,CHEMBL673083,CHEMBL1133667
CHEMBL147159,10.3,7.99,CHEMBL672911,CHEMBL1128721
CHEMBL147159,2.2,8.66,CHEMBL672910,CHEMBL1128721
CHEMBL42,876.0,6.06,CHEMBL673082,CHEMBL1133667
CHEMBL96799,3170.0,5.50,CHEMBL673084,CHEMBL1133667
CHEMBL423659,4180.0,5.38,CHEMBL671981,CHEMBL1130052
CHEMBL93234,217.0,,CHEMBL678343,CHEMBL1127438
CHEMBL93101,217.0,,CHEMBL678343,CHEMBL1127438
CHEMBL93101,240.0,6.62,CHEMBL679938,CHEMBL1127438
CHEMBL92939,217.0,,CHEMBL678344,CHEMBL1127438
CHEMBL92939,984.0,6.01,CHEMBL679938,CHEMBL1127438
CHEMBL54,217.0,,CHEMBL678344,CHEMBL1127438
CHEMBL93582,217.0,,CHEMBL678343,CHEMBL1127438
CHEMBL93582,602.0,6.22,CHEMBL679938,CHEMBL1127438
CHEMBL93682,217.0,,CHEMBL678343,CHEMBL1127438
CHEMBL93682,314.0,6.50,CHEMBL679938,CHEMBL1127438
CHEMBL318747,2740.0,5.56,CHEMBL673083,CHEMBL1133667
CHEMBL51536,466.0,6.33,CHEMBL671981,CHEMBL1130052
CHEMBL93212,217.0,,CHEMBL678343,CHEMBL1127438
CHEMBL93212,254.0,6.59,CHEMBL679938,CHEMBL1127438
CHEMBL92411,850.0,,CHEMBL673083,CHEMBL1133667
CHEMBL328431,217.0,,CHEMBL678343,CHEMBL1127438
CHEMBL90662,217.0,,CHEMBL678343,CHEMBL1127438
CHEMBL90662,1040.0,5.98,CHEMBL679938,CHEMBL1127438
CHEMBL51023,291.0,6.54,CHEMBL671981,CHEMBL1130052
CHEMBL280955,217.0,,CHEMBL678344,CHEMBL1127438
CHEMBL280955,18.0,7.75,CHEMBL679938,CHEMBL1127438
CHEMBL329139,217.0,,CHEMBL678343,CHEMBL1127438
CHEMBL93594,217.0,,CHEMBL678343,CHEMBL1127438
CHEMBL93594,192.0,6.72,CHEMBL679938,CHEMBL1127438
CHEMBL94265,850.0,,CHEMBL673083,CHEMBL1133667
CHEMBL327263,217.0,,CHEMBL678343,CHEMBL1127438
CHEMBL93646,217.0,,CHEMBL678343,CHEMBL1127438
CHEMBL93646,22.0,7.66,CHEMBL679938,CHEMBL1127438
CHEMBL321557,3400.0,5.47,CHEMBL673083,CHEMBL1133667
CHEMBL90359,48.0,7.32,CHEMBL678343,CHEMBL1127438
CHEMBL92232,217.0,,CHEMBL678343,CHEMBL1127438
CHEMBL92232,1852.0,,CHEMBL679938,CHEMBL1127438
CHEMBL93946,217.0,,CHEMBL678343,CHEMBL1127438
CHEMBL93946,820.0,6.09,CHEMBL679938,CHEMBL1127438
CHEMBL356269,94.0,7.03,CHEMBL672911,CHEMBL1128721
CHEMBL356269,5.7,8.24,CHEMBL672910,CHEMBL1128721
CHEMBL93403,1900.0,5.72,CHEMBL673083,CHEMBL1133667
CHEMBL2112375,3180.0,5.50,CHEMBL673083,CHEMBL1133667
CHEMBL296506,835.0,6.08,CHEMBL671981,CHEMBL1130052
CHEMBL49502,897.0,6.05,CHEMBL671981,CHEMBL1130052
CHEMBL296953,495.0,6.30,CHEMBL671981,CHEMBL1130052
CHEMBL90797,217.0,,CHEMBL678343,CHEMBL1127438
CHEMBL90797,1852.0,,CHEMBL679938,CHEMBL1127438
CHEMBL93701,217.0,,CHEMBL678343,CHEMBL1127438
CHEMBL2111566,217.0,,CHEMBL678343,CHEMBL1127438
CHEMBL2111566,217.0,,CHEMBL678343,CHEMBL1127438
CHEMBL11845,217.0,,CHEMBL678344,CHEMBL1127438
CHEMBL413483,98.0,7.01,CHEMBL678343,CHEMBL1127438
CHEMBL413483,187.0,6.73,CHEMBL679938,CHEMBL1127438
CHEMBL281048,261.0,6.58,CHEMBL672309,CHEMBL1145819
CHEMBL48819,451.0,6.35,CHEMBL671981,CHEMBL1130052
CHEMBL295094,2420.0,5.62,CHEMBL671981,CHEMBL1130052
CHEMBL93283,217.0,,CHEMBL678343,CHEMBL1127438
CHEMBL357416,3.5,8.46,CHEMBL672911,CHEMBL1128721
CHEMBL357416,0.2,9.70,CHEMBL672910,CHEMBL1128721
CHEMBL92578,145.0,6.84,CHEMBL678343,CHEMBL1127438
CHEMBL94224,217.0,,CHEMBL678343,CHEMBL1127438
CHEMBL420067,980.0,6.01,CHEMBL673083,CHEMBL1133667
CHEMBL48807,1880.0,5.73,CHEMBL671981,CHEMBL1130052
CHEMBL90374,16000.0,4.80,CHEMBL672382,CHEMBL1134560
CHEMBL90374,21000.0,4.68,CHEMBL672572,CHEMBL1134560
CHEMBL7927,3200.0,5.50,CHEMBL672382,CHEMBL1134560
CHEMBL7927,4300.0,5.37,CHEMBL672572,CHEMBL1134560
CHEMBL38580,47.5,7.32,CHEMBL669149,CHEMBL1132392
CHEMBL41759,1000.0,,CHEMBL669149,CHEMBL1132392
CHEMBL41120,1000.0,,CHEMBL669149,CHEMBL1132392
CHEMBL100454,22.0,7.66,CHEMBL671419,CHEMBL1150510
CHEMBL88937,31000.0,4.51,CHEMBL672382,CHEMBL1134560
CHEMBL88937,67000.0,4.17,CHEMBL672572,CHEMBL1134560
CHEMBL300647,0.66,9.18,CHEMBL670964,CHEMBL1125700
CHEMBL39847,398.0,6.40,CHEMBL669149,CHEMBL1132392
CHEMBL310843,3400.0,5.47,CHEMBL672382,CHEMBL1134560
CHEMBL310843,6300.0,5.20,CHEMBL672572,CHEMBL1134560
CHEMBL41200,1090.0,5.96,CHEMBL669149,CHEMBL1132392
CHEMBL432059,13000.0,4.89,CHEMBL672382,CHEMBL1134560
CHEMBL432059,15000.0,4.82,CHEMBL672572,CHEMBL1134560
CHEMBL715,20.0,7.70,CHEMBL671419,CHEMBL1150510
CHEMBL348285,355.0,6.45,CHEMBL672313,CHEMBL1130416
CHEMBL1202783,10000.0,,CHEMBL670785,CHEMBL1131235
CHEMBL531,4.0,8.40,CHEMBL672313,CHEMBL1130416
CHEMBL281350,1000.0,,CHEMBL674349,CHEMBL1131324
CHEMBL157138,0.5,9.30,CHEMBL672313,CHEMBL1130416
CHEMBL419792,9.0,8.05,CHEMBL672313,CHEMBL1130416
CHEMBL38855,1000.0,,CHEMBL669149,CHEMBL1132392
CHEMBL91362,37000.0,4.43,CHEMBL672382,CHEMBL1134560
CHEMBL91362,45000.0,4.35,CHEMBL672572,CHEMBL1134560
CHEMBL300647,6.5,8.19,CHEMBL670963,CHEMBL1125700
CHEMBL345458,1281.0,5.89,CHEMBL672313,CHEMBL1130416
CHEMBL43359,1000.0,,CHEMBL669149,CHEMBL1132392
CHEMBL493,10.0,8.00,CHEMBL672313,CHEMBL1130416
CHEMBL1125,9.0,8.05,CHEMBL671419,CHEMBL1150510
CHEMBL42,41.0,7.39,CHEMBL672382,CHEMBL1134560
CHEMBL42,28.0,7.55,CHEMBL672572,CHEMBL1134560
CHEMBL38428,128.0,6.89,CHEMBL669149,CHEMBL1132392
CHEMBL1744087,10000.0,,CHEMBL670785,CHEMBL1131235
CHEMBL41491,1000.0,,CHEMBL669149,CHEMBL1132392
CHEMBL43073,763.0,6.12,CHEMBL669149,CHEMBL1132392
CHEMBL291251,1000.0,,CHEMBL669149,CHEMBL1132392
CHEMBL589,7.2,8.14,CHEMBL672313,CHEMBL1130416
CHEMBL422344,12.0,7.92,CHEMBL672313,CHEMBL1130416
CHEMBL38656,1360.0,5.87,CHEMBL669149,CHEMBL1132392
CHEMBL440512,119.0,6.92,CHEMBL671419,CHEMBL1150510
CHEMBL45491,2.0,8.70,CHEMBL670964,CHEMBL1125700
CHEMBL328925,39000.0,4.41,CHEMBL672382,CHEMBL1134560
CHEMBL328925,53000.0,4.28,CHEMBL672572,CHEMBL1134560
CHEMBL45491,200.0,6.70,CHEMBL670964,CHEMBL1125700
CHEMBL434665,2.5,8.60,CHEMBL672313,CHEMBL1130416
CHEMBL41134,590.0,6.23,CHEMBL669149,CHEMBL1132392
CHEMBL27995,3000.0,,CHEMBL669149,CHEMBL1132392
CHEMBL42857,1000.0,,CHEMBL669149,CHEMBL1132392
CHEMBL56,3243.0,5.49,CHEMBL673097,CHEMBL1126858
CHEMBL15928,10000.0,,CHEMBL670090,CHEMBL1127581
CHEMBL122533,0.2512,9.60,CHEMBL670399,CHEMBL1128138
CHEMBL1744038,1000.0,,CHEMBL670667,CHEMBL1126741
CHEMBL1744089,857.0,6.07,CHEMBL670667,CHEMBL1126741
CHEMBL1788325,1667.0,,CHEMBL670667,CHEMBL1126741
CHEMBL148694,149.0,6.83,CHEMBL673081,CHEMBL1135647
CHEMBL1788192,389.0,6.41,CHEMBL670667,CHEMBL1126741
CHEMBL358657,183.0,6.74,CHEMBL673081,CHEMBL1135647
CHEMBL146856,9943.0,5.00,CHEMBL673081,CHEMBL1135647
CHEMBL148042,19117.0,4.72,CHEMBL673081,CHEMBL1135647
CHEMBL285755,142.0,6.85,CHEMBL673097,CHEMBL1126858
CHEMBL422310,635.0,6.20,CHEMBL673081,CHEMBL1135647
CHEMBL26998,93.0,7.03,CHEMBL670667,CHEMBL1126741
CHEMBL347959,2596.0,5.59,CHEMBL673081,CHEMBL1135647
CHEMBL49,13.0,7.89,CHEMBL670667,CHEMBL1126741
CHEMBL436274,892.0,6.05,CHEMBL673081,CHEMBL1135647
CHEMBL63329,5940.0,5.23,CHEMBL673081,CHEMBL1135647
CHEMBL284716,1072.0,5.97,CHEMBL673097,CHEMBL1126858
CHEMBL148559,571.0,6.24,CHEMBL673081,CHEMBL1135647
CHEMBL42,372.0,6.43,CHEMBL673081,CHEMBL1135647
CHEMBL1788190,1000.0,,CHEMBL670667,CHEMBL1126741
CHEMBL1744088,44.0,7.36,CHEMBL670667,CHEMBL1126741
CHEMBL356149,1099.0,5.96,CHEMBL673081,CHEMBL1135647
CHEMBL1788324,333.0,,CHEMBL670667,CHEMBL1126741
CHEMBL148353,136.0,6.87,CHEMBL673081,CHEMBL1135647
CHEMBL1744037,38.0,7.42,CHEMBL670667,CHEMBL1126741
CHEMBL71920,35.0,7.46,CHEMBL670667,CHEMBL1126741
CHEMBL342536,183.0,6.74,CHEMBL673081,CHEMBL1135647
CHEMBL63576,2235.0,5.65,CHEMBL673081,CHEMBL1135647
CHEMBL54,8.5,8.07,CHEMBL673081,CHEMBL1135647
CHEMBL1744035,896.0,6.05,CHEMBL670667,CHEMBL1126741
CHEMBL131926,1.259,8.90,CHEMBL670399,CHEMBL1128138
CHEMBL1744036,215.0,6.67,CHEMBL670667,CHEMBL1126741
CHEMBL1788191,914.0,6.04,CHEMBL670667,CHEMBL1126741
CHEMBL280955,18.0,7.75,CHEMBL672485,CHEMBL1127015
CHEMBL131484,1320.0,5.88,CHEMBL671378,CHEMBL1130257
CHEMBL131997,299.0,6.52,CHEMBL671378,CHEMBL1130257
CHEMBL29336,5692.0,5.25,CHEMBL672800,CHEMBL1129096
CHEMBL128276,1950.0,5.71,CHEMBL671378,CHEMBL1130257
CHEMBL285873,75.0,7.12,CHEMBL672485,CHEMBL1127015
CHEMBL128222,5880.0,,CHEMBL671378,CHEMBL1130257
CHEMBL54,1.6,8.80,CHEMBL671378,CHEMBL1130257
CHEMBL283528,12.0,7.92,CHEMBL672310,CHEMBL1133417
CHEMBL416939,2529.0,5.60,CHEMBL672800,CHEMBL1129096
CHEMBL356945,460.0,6.34,CHEMBL672310,CHEMBL1133417
CHEMBL29649,10000.0,,CHEMBL672800,CHEMBL1129096
CHEMBL283034,1207.0,5.92,CHEMBL672800,CHEMBL1129096
CHEMBL30256,10000.0,,CHEMBL672800,CHEMBL1129096
CHEMBL282083,71.0,7.15,CHEMBL672800,CHEMBL1129096
CHEMBL442535,703.0,6.15,CHEMBL672800,CHEMBL1129096
CHEMBL54,1.5,8.82,CHEMBL672310,CHEMBL1133417
CHEMBL129931,519.0,6.29,CHEMBL671378,CHEMBL1130257
CHEMBL284896,7000.0,5.16,CHEMBL672800,CHEMBL1129096
CHEMBL275543,59.0,7.23,CHEMBL672485,CHEMBL1127015
CHEMBL24588,93.0,7.03,CHEMBL672485,CHEMBL1127015
CHEMBL29529,10000.0,,CHEMBL672800,CHEMBL1129096
CHEMBL281363,800.0,6.10,CHEMBL672310,CHEMBL1133417
CHEMBL128313,20.0,7.70,CHEMBL671378,CHEMBL1130257
CHEMBL128647,268.0,6.57,CHEMBL671378,CHEMBL1130257
CHEMBL30208,1892.0,5.72,CHEMBL672800,CHEMBL1129096
CHEMBL279937,57.0,7.24,CHEMBL672310,CHEMBL1133417
CHEMBL10570,78.0,7.11,CHEMBL672485,CHEMBL1127015
CHEMBL129757,245.0,6.61,CHEMBL671378,CHEMBL1130257
CHEMBL341225,5730.0,5.24,CHEMBL671378,CHEMBL1130257
CHEMBL128281,222.0,6.65,CHEMBL671378,CHEMBL1130257
CHEMBL42,91.0,7.04,CHEMBL671378,CHEMBL1130257
CHEMBL418705,77.0,7.11,CHEMBL672485,CHEMBL1127015
CHEMBL131357,391.0,6.41,CHEMBL671378,CHEMBL1130257
CHEMBL51,240.0,6.62,CHEMBL672310,CHEMBL1133417
CHEMBL132884,228.0,6.64,CHEMBL671378,CHEMBL1130257
CHEMBL24222,50.0,7.30,CHEMBL672488,CHEMBL1127015
CHEMBL131299,64.0,7.19,CHEMBL671378,CHEMBL1130257
CHEMBL148352,120.0,6.92,CHEMBL672310,CHEMBL1133417
CHEMBL28964,484.0,6.32,CHEMBL672800,CHEMBL1129096
CHEMBL29610,996.0,6.00,CHEMBL672800,CHEMBL1129096
CHEMBL30146,303.0,6.52,CHEMBL672800,CHEMBL1129096
CHEMBL279729,630.0,6.20,CHEMBL672310,CHEMBL1133417
CHEMBL56,86.0,7.07,CHEMBL672485,CHEMBL1127015
CHEMBL129534,22.0,7.66,CHEMBL671378,CHEMBL1130257
CHEMBL130370,277.0,6.56,CHEMBL671378,CHEMBL1130257
CHEMBL283738,25.0,7.60,CHEMBL672485,CHEMBL1127015
CHEMBL130347,352.0,6.45,CHEMBL671378,CHEMBL1130257
CHEMBL10408,108.0,6.97,CHEMBL672485,CHEMBL1127015
CHEMBL129927,143.0,6.84,CHEMBL671378,CHEMBL1130257
CHEMBL29182,1173.0,5.93,CHEMBL672800,CHEMBL1129096
CHEMBL149723,6.7,8.17,CHEMBL672310,CHEMBL1133417
CHEMBL10270,6.7,8.17,CHEMBL672485,CHEMBL1127015
CHEMBL63321,20.0,7.70,CHEMBL672307,CHEMBL1123996
CHEMBL128232,61.0,7.21,CHEMBL671378,CHEMBL1130257
CHEMBL334545,296.0,6.53,CHEMBL671378,CHEMBL1130257
CHEMBL132455,1400.0,5.85,CHEMBL671378,CHEMBL1130257
CHEMBL29435,1288.0,5.89,CHEMBL672800,CHEMBL1129096
CHEMBL53,26.0,7.58,CHEMBL670741,CHEMBL1127015
CHEMBL435598,292.0,6.54,CHEMBL671378,CHEMBL1130257
CHEMBL29849,1288.0,5.89,CHEMBL672800,CHEMBL1129096
CHEMBL29436,151.0,6.82,CHEMBL672800,CHEMBL1129096
CHEMBL287443,5692.0,5.25,CHEMBL672800,CHEMBL1129096
CHEMBL22892,556.0,6.25,CHEMBL671378,CHEMBL1130257
CHEMBL334989,364.0,6.44,CHEMBL671378,CHEMBL1130257
CHEMBL25483,4.1,8.39,CHEMBL672485,CHEMBL1127015
CHEMBL131396,112.0,6.95,CHEMBL671378,CHEMBL1130257
CHEMBL337627,227.0,6.64,CHEMBL671378,CHEMBL1130257
CHEMBL286205,8.5,8.07,CHEMBL672485,CHEMBL1127015
CHEMBL128524,251.0,6.60,CHEMBL671378,CHEMBL1130257
CHEMBL30206,517.0,6.29,CHEMBL672800,CHEMBL1129096
CHEMBL267086,339.0,,CHEMBL672485,CHEMBL1127015
CHEMBL566970,339.0,,CHEMBL672485,CHEMBL1127015
CHEMBL130402,118.0,6.93,CHEMBL671378,CHEMBL1130257
CHEMBL26560,218.0,6.66,CHEMBL672485,CHEMBL1127015
CHEMBL264394,310.0,6.51,CHEMBL671383,CHEMBL1146646
CHEMBL2368625,79.43,7.10,CHEMBL674348,CHEMBL1145891
CHEMBL2368626,125.89,6.90,CHEMBL674348,CHEMBL1145891
CHEMBL108242,550.0,6.26,CHEMBL671383,CHEMBL1146646
CHEMBL108242,1500.0,5.82,CHEMBL671381,CHEMBL1146646
CHEMBL2113364,63.1,7.20,CHEMBL674348,CHEMBL1145891
CHEMBL2113357,630.96,6.20,CHEMBL674348,CHEMBL1145891
CHEMBL107974,550.0,6.26,CHEMBL671383,CHEMBL1146646
CHEMBL108616,270.0,6.57,CHEMBL671383,CHEMBL1146646
CHEMBL29433,1584.89,5.80,CHEMBL670660,CHEMBL1135108
CHEMBL282971,1995.26,5.70,CHEMBL670660,CHEMBL1135108
CHEMBL2368617,125.89,6.90,CHEMBL674348,CHEMBL1145891
CHEMBL3084605,501.19,6.30,CHEMBL674348,CHEMBL1145891
CHEMBL108289,24.0,7.62,CHEMBL671383,CHEMBL1146646
CHEMBL108289,137.0,6.86,CHEMBL671381,CHEMBL1146646
CHEMBL44739,10000.0,,CHEMBL670745,CHEMBL1130041
CHEMBL46596,10000.0,,CHEMBL670745,CHEMBL1130041
CHEMBL110774,6700.0,5.17,CHEMBL671383,CHEMBL1146646
CHEMBL3084612,199.53,6.70,CHEMBL674348,CHEMBL1145891
CHEMBL3084626,158.49,6.80,CHEMBL674348,CHEMBL1145891
CHEMBL109189,800.0,6.10,CHEMBL671383,CHEMBL1146646
CHEMBL108979,330.0,6.48,CHEMBL671383,CHEMBL1146646
CHEMBL320734,6200.0,5.21,CHEMBL671383,CHEMBL1146646
CHEMBL320734,12000.0,,CHEMBL671381,CHEMBL1146646
CHEMBL2113358,630.96,6.20,CHEMBL674348,CHEMBL1145891
CHEMBL2368622,79.43,7.10,CHEMBL674348,CHEMBL1145891
CHEMBL2368633,100.0,7.00,CHEMBL674348,CHEMBL1145891
CHEMBL45168,10000.0,,CHEMBL670745,CHEMBL1130041
CHEMBL3084613,199.53,6.70,CHEMBL674348,CHEMBL1145891
CHEMBL3084620,630.96,6.20,CHEMBL674348,CHEMBL1145891
CHEMBL274585,10000.0,,CHEMBL670745,CHEMBL1130041
CHEMBL107973,43000.0,,CHEMBL671383,CHEMBL1146646
CHEMBL108243,8000.0,5.10,CHEMBL671383,CHEMBL1146646
CHEMBL108243,800.0,6.10,CHEMBL671381,CHEMBL1146646
CHEMBL2368620,158.49,6.80,CHEMBL674348,CHEMBL1145891
CHEMBL108297,1200.0,5.92,CHEMBL671383,CHEMBL1146646
CHEMBL29410,398.11,6.40,CHEMBL670660,CHEMBL1135108
CHEMBL417001,10000.0,,CHEMBL670745,CHEMBL1130041
CHEMBL46374,10000.0,,CHEMBL670745,CHEMBL1130041
CHEMBL45156,10000.0,,CHEMBL670745,CHEMBL1130041
CHEMBL46519,10000.0,,CHEMBL670745,CHEMBL1130041
CHEMBL321405,1100.0,5.96,CHEMBL671383,CHEMBL1146646
CHEMBL3084624,316.23,6.50,CHEMBL674348,CHEMBL1145891
CHEMBL3084597,199.53,6.70,CHEMBL674348,CHEMBL1145891
CHEMBL107988,1100.0,5.96,CHEMBL671383,CHEMBL1146646
CHEMBL3084598,199.53,6.70,CHEMBL674348,CHEMBL1145891
CHEMBL3084629,316.23,6.50,CHEMBL674348,CHEMBL1145891
CHEMBL46880,10000.0,,CHEMBL670745,CHEMBL1130041
CHEMBL3084625,199.53,6.70,CHEMBL674348,CHEMBL1145891
CHEMBL3084599,316.23,6.50,CHEMBL674348,CHEMBL1145891
CHEMBL2113356,31.62,7.50,CHEMBL674348,CHEMBL1145891
CHEMBL108678,42000.0,,CHEMBL671383,CHEMBL1146646
CHEMBL108564,1100.0,5.96,CHEMBL671383,CHEMBL1146646
CHEMBL111006,4200.0,5.38,CHEMBL671383,CHEMBL1146646
CHEMBL29846,794.33,6.10,CHEMBL670660,CHEMBL1135108
CHEMBL431298,2511.89,5.60,CHEMBL670660,CHEMBL1135108
CHEMBL3084596,251.19,6.60,CHEMBL674348,CHEMBL1145891
CHEMBL3084602,630.96,6.20,CHEMBL674348,CHEMBL1145891
CHEMBL108698,300.0,6.52,CHEMBL671383,CHEMBL1146646
CHEMBL108856,96.0,7.02,CHEMBL671383,CHEMBL1146646
CHEMBL79834,3.0,8.52,CHEMBL673098,CHEMBL1126779
CHEMBL2368618,63.1,7.20,CHEMBL674348,CHEMBL1145891
CHEMBL2368623,125.89,6.90,CHEMBL674348,CHEMBL1145891
CHEMBL2368619,398.11,6.40,CHEMBL674348,CHEMBL1145891
CHEMBL3084615,501.19,6.30,CHEMBL674348,CHEMBL1145891
CHEMBL324619,73.0,7.14,CHEMBL671383,CHEMBL1146646
CHEMBL324619,297.0,6.53,CHEMBL671381,CHEMBL1146646
CHEMBL110431,2600.0,5.58,CHEMBL671383,CHEMBL1146646
CHEMBL2368624,158.49,6.80,CHEMBL674348,CHEMBL1145891
CHEMBL108146,140.0,6.85,CHEMBL671383,CHEMBL1146646
CHEMBL2368629,79.43,7.10,CHEMBL674348,CHEMBL1145891
CHEMBL46559,10000.0,,CHEMBL670745,CHEMBL1130041
CHEMBL110063,1500.0,5.82,CHEMBL671383,CHEMBL1146646
CHEMBL110063,5400.0,5.27,CHEMBL671381,CHEMBL1146646
CHEMBL111054,38.0,7.42,CHEMBL671383,CHEMBL1146646
CHEMBL111054,67.0,7.17,CHEMBL671381,CHEMBL1146646
CHEMBL3084601,316.23,6.50,CHEMBL674348,CHEMBL1145891
CHEMBL2368627,251.19,6.60,CHEMBL674348,CHEMBL1145891
CHEMBL2113363,794.33,6.10,CHEMBL674348,CHEMBL1145891
CHEMBL267930,0.2,9.70,CHEMBL673098,CHEMBL1126779
CHEMBL3084616,398.11,6.40,CHEMBL674348,CHEMBL1145891
CHEMBL289196,10000.0,,CHEMBL670745,CHEMBL1130041
CHEMBL109179,3500.0,5.46,CHEMBL671383,CHEMBL1146646
CHEMBL160998,2511.89,5.60,CHEMBL672225,CHEMBL1134827
CHEMBL344602,2000.0,5.70,CHEMBL672383,CHEMBL1133533
CHEMBL344602,1400.0,5.85,CHEMBL672577,CHEMBL1133533
CHEMBL308980,948.0,6.02,CHEMBL878132,CHEMBL1127981
CHEMBL80656,554.0,6.26,CHEMBL878132,CHEMBL1127981
CHEMBL97856,316.23,6.50,CHEMBL674943,CHEMBL1130629
CHEMBL140258,500.0,6.30,CHEMBL672383,CHEMBL1133533
CHEMBL140258,220.0,6.66,CHEMBL672577,CHEMBL1133533
CHEMBL293828,1905.46,5.72,CHEMBL670683,CHEMBL1124647
CHEMBL308098,1062.0,5.97,CHEMBL878132,CHEMBL1127981
CHEMBL303993,1862.09,5.73,CHEMBL670683,CHEMBL1124647
CHEMBL42,31.62,7.50,CHEMBL670684,CHEMBL1134798
CHEMBL344270,790.0,6.10,CHEMBL672383,CHEMBL1133533
CHEMBL344270,480.0,6.32,CHEMBL672577,CHEMBL1133533
CHEMBL308185,10000.0,,CHEMBL878132,CHEMBL1127981
CHEMBL97840,794.33,6.10,CHEMBL670662,CHEMBL1130629
CHEMBL323356,31622.78,,CHEMBL674351,CHEMBL1128263
CHEMBL143355,1400.0,5.85,CHEMBL672383,CHEMBL1133533
CHEMBL143355,540.0,6.27,CHEMBL672577,CHEMBL1133533
CHEMBL140165,2400.0,5.62,CHEMBL672383,CHEMBL1133533
CHEMBL140165,1800.0,5.75,CHEMBL672577,CHEMBL1133533
CHEMBL65397,3715.35,5.43,CHEMBL670683,CHEMBL1124647
CHEMBL97118,630.96,6.20,CHEMBL674943,CHEMBL1130629
CHEMBL161916,199.53,6.70,CHEMBL672225,CHEMBL1134827
CHEMBL85606,1000.0,6.00,CHEMBL672225,CHEMBL1134827
CHEMBL99876,316.23,6.50,CHEMBL674943,CHEMBL1130629
CHEMBL161853,1000.0,6.00,CHEMBL672225,CHEMBL1134827
CHEMBL142217,34000.0,4.47,CHEMBL672383,CHEMBL1133533
CHEMBL142217,3500.0,5.46,CHEMBL672577,CHEMBL1133533
CHEMBL293158,19054.61,4.72,CHEMBL670683,CHEMBL1124647
CHEMBL77204,10000.0,,CHEMBL878132,CHEMBL1127981
CHEMBL75678,10000.0,,CHEMBL878132,CHEMBL1127981
CHEMBL318925,251.19,6.60,CHEMBL674943,CHEMBL1130629
CHEMBL97107,501.19,6.30,CHEMBL674943,CHEMBL1130629
CHEMBL329702,1000.0,6.00,CHEMBL674943,CHEMBL1130629
CHEMBL299879,63.0,7.20,CHEMBL672346,CHEMBL1135171
CHEMBL54,0.7943,9.10,CHEMBL670684,CHEMBL1134798
CHEMBL97149,794.33,6.10,CHEMBL674943,CHEMBL1130629
CHEMBL342001,4300.0,5.37,CHEMBL672383,CHEMBL1133533
CHEMBL342001,2600.0,5.58,CHEMBL672577,CHEMBL1133533
CHEMBL143761,28000.0,4.55,CHEMBL672383,CHEMBL1133533
CHEMBL143761,19000.0,4.72,CHEMBL672577,CHEMBL1133533
CHEMBL80968,2183.0,5.66,CHEMBL878132,CHEMBL1127981
CHEMBL419706,630.96,6.20,CHEMBL674943,CHEMBL1130629
CHEMBL59603,1819.7,5.74,CHEMBL670682,CHEMBL1124647
CHEMBL77206,241.0,6.62,CHEMBL878132,CHEMBL1127981
CHEMBL302393,263.03,6.58,CHEMBL670683,CHEMBL1124647
CHEMBL307444,10000.0,,CHEMBL878132,CHEMBL1127981
CHEMBL80784,10000.0,,CHEMBL878132,CHEMBL1127981
CHEMBL282927,100.0,7.00,CHEMBL670684,CHEMBL1134798
CHEMBL95759,501.19,6.30,CHEMBL674943,CHEMBL1130629
CHEMBL99198,25.12,7.60,CHEMBL674943,CHEMBL1130629
CHEMBL76475,10000.0,,CHEMBL878132,CHEMBL1127981
CHEMBL430444,4324.0,5.36,CHEMBL878132,CHEMBL1127981
CHEMBL76927,1837.0,5.74,CHEMBL878132,CHEMBL1127981
CHEMBL317996,398.11,6.40,CHEMBL674943,CHEMBL1130629
CHEMBL716,63.1,7.20,CHEMBL670684,CHEMBL1134798
CHEMBL141035,2300.0,5.64,CHEMBL672383,CHEMBL1133533
CHEMBL141035,950.0,6.02,CHEMBL672577,CHEMBL1133533
CHEMBL2111591,501.19,6.30,CHEMBL674943,CHEMBL1130629
CHEMBL161126,398.11,6.40,CHEMBL672225,CHEMBL1134827
CHEMBL343880,5600.0,5.25,CHEMBL672383,CHEMBL1133533
CHEMBL343880,2500.0,5.60,CHEMBL672577,CHEMBL1133533
CHEMBL42,41.0,7.39,CHEMBL672383,CHEMBL1133533
CHEMBL42,28.0,7.55,CHEMBL672578,CHEMBL1133533
CHEMBL140006,43000.0,4.37,CHEMBL672383,CHEMBL1133533
CHEMBL140006,36000.0,4.44,CHEMBL672577,CHEMBL1133533
CHEMBL64117,144.54,6.84,CHEMBL670683,CHEMBL1124647
CHEMBL62,891.25,6.05,CHEMBL670683,CHEMBL1124647
CHEMBL311508,1356.0,5.87,CHEMBL878132,CHEMBL1127981
CHEMBL140099,3100.0,5.51,CHEMBL672383,CHEMBL1133533
CHEMBL140099,290.0,6.54,CHEMBL672577,CHEMBL1133533
CHEMBL162193,630.96,6.20,CHEMBL672225,CHEMBL1134827
CHEMBL78067,131.0,6.88,CHEMBL878132,CHEMBL1127981
CHEMBL95743,501.19,6.30,CHEMBL674943,CHEMBL1130629
CHEMBL45244,3740.0,5.43,CHEMBL672163,CHEMBL1133786
CHEMBL319116,63.1,7.20,CHEMBL674943,CHEMBL1130629
CHEMBL140594,7900.0,5.10,CHEMBL672383,CHEMBL1133533
CHEMBL140594,7600.0,5.12,CHEMBL672577,CHEMBL1133533
CHEMBL2111592,316.23,6.50,CHEMBL674943,CHEMBL1130629
CHEMBL319355,1258.93,5.90,CHEMBL674943,CHEMBL1130629
CHEMBL97440,1995.26,5.70,CHEMBL674943,CHEMBL1130629
CHEMBL351722,2511.89,5.60,CHEMBL672225,CHEMBL1134827
CHEMBL158627,501.19,6.30,CHEMBL672225,CHEMBL1134827
CHEMBL98452,501.19,6.30,CHEMBL674943,CHEMBL1130629
CHEMBL351300,100.0,7.00,CHEMBL672225,CHEMBL1134827
CHEMBL76849,10000.0,,CHEMBL878132,CHEMBL1127981
CHEMBL309015,10000.0,,CHEMBL878132,CHEMBL1127981
CHEMBL75860,620.0,6.21,CHEMBL878132,CHEMBL1127981
CHEMBL89420,85.6,7.07,CHEMBL672205,CHEMBL1132669
CHEMBL278751,63.1,7.20,CHEMBL674345,CHEMBL1129777
CHEMBL37706,5000.0,,CHEMBL672174,CHEMBL1131363
CHEMBL37604,1209.0,5.92,CHEMBL672174,CHEMBL1131363
CHEMBL86504,32.4,7.49,CHEMBL672205,CHEMBL1132669
CHEMBL87137,79.8,7.10,CHEMBL672205,CHEMBL1132669
CHEMBL71275,82.3,7.08,CHEMBL669147,CHEMBL1131815
CHEMBL71275,114.0,6.94,CHEMBL669148,CHEMBL1131815
CHEMBL433121,215.0,6.67,CHEMBL669147,CHEMBL1131815
CHEMBL433121,59.2,7.23,CHEMBL669148,CHEMBL1131815
CHEMBL157293,68.4,7.17,CHEMBL670524,CHEMBL1135449
CHEMBL35093,2748.0,5.56,CHEMBL672174,CHEMBL1131363
CHEMBL129997,1258.93,5.90,CHEMBL674345,CHEMBL1129777
CHEMBL424458,100.0,7.00,CHEMBL674345,CHEMBL1129777
CHEMBL338938,6309.57,5.20,CHEMBL674345,CHEMBL1129777
CHEMBL37169,5000.0,,CHEMBL672174,CHEMBL1131363
CHEMBL422883,354.0,6.45,CHEMBL670524,CHEMBL1135449
CHEMBL314174,3.9,8.41,CHEMBL672205,CHEMBL1132669
CHEMBL130843,199.53,6.70,CHEMBL674345,CHEMBL1129777
CHEMBL69706,339.0,6.47,CHEMBL669147,CHEMBL1131815
CHEMBL69706,152.0,6.82,CHEMBL669148,CHEMBL1131815
CHEMBL334529,630.96,6.20,CHEMBL674345,CHEMBL1129777
CHEMBL64283,81.8,7.09,CHEMBL672205,CHEMBL1132669
CHEMBL336971,316.23,6.50,CHEMBL674345,CHEMBL1129777
CHEMBL338496,630.96,6.20,CHEMBL674345,CHEMBL1129777
CHEMBL35114,5000.0,,CHEMBL672174,CHEMBL1131363
CHEMBL267014,908.0,6.04,CHEMBL672174,CHEMBL1131363
CHEMBL158013,245.0,6.61,CHEMBL670524,CHEMBL1135449
CHEMBL87192,1.75,8.76,CHEMBL672205,CHEMBL1132669
CHEMBL133800,1000.0,6.00,CHEMBL674345,CHEMBL1129777
CHEMBL130678,199.53,6.70,CHEMBL674345,CHEMBL1129777
CHEMBL132574,630.96,6.20,CHEMBL674345,CHEMBL1129777
CHEMBL130101,251.19,6.60,CHEMBL674345,CHEMBL1129777
CHEMBL38349,5000.0,,CHEMBL672174,CHEMBL1131363
CHEMBL35182,5000.0,,CHEMBL672174,CHEMBL1131363
CHEMBL130423,1000.0,6.00,CHEMBL674345,CHEMBL1129777
CHEMBL67923,64.1,7.19,CHEMBL669147,CHEMBL1131815
CHEMBL67923,22.0,7.66,CHEMBL669148,CHEMBL1131815
CHEMBL129997,316.23,6.50,CHEMBL674345,CHEMBL1129777
CHEMBL68573,6.35,8.20,CHEMBL669147,CHEMBL1131815
CHEMBL68573,46.0,7.34,CHEMBL669148,CHEMBL1131815
CHEMBL327782,3.0,8.52,CHEMBL672205,CHEMBL1132669
CHEMBL89037,6.5,8.19,CHEMBL672205,CHEMBL1132669
CHEMBL132789,398.11,6.40,CHEMBL674345,CHEMBL1129777
CHEMBL37170,5882.0,5.23,CHEMBL672174,CHEMBL1131363
CHEMBL303502,118.0,6.93,CHEMBL669147,CHEMBL1131815
CHEMBL303502,125.0,6.90,CHEMBL669148,CHEMBL1131815
CHEMBL346512,622.0,6.21,CHEMBL670524,CHEMBL1135449
CHEMBL441089,251.19,6.60,CHEMBL674345,CHEMBL1129777
CHEMBL130304,316.23,6.50,CHEMBL674345,CHEMBL1129777
CHEMBL38262,1842.0,5.74,CHEMBL672174,CHEMBL1131363
CHEMBL155826,114.0,6.94,CHEMBL670524,CHEMBL1135449
CHEMBL37638,5000.0,,CHEMBL672174,CHEMBL1131363
CHEMBL36337,5000.0,,CHEMBL672174,CHEMBL1131363
CHEMBL156816,782.0,6.11,CHEMBL670524,CHEMBL1135449
CHEMBL157035,7.37,8.13,CHEMBL670524,CHEMBL1135449
CHEMBL329398,2.6,8.59,CHEMBL672205,CHEMBL1132669
CHEMBL287078,5000.0,,CHEMBL672174,CHEMBL1131363
CHEMBL59,1.89,8.72,CHEMBL669147,CHEMBL1131815
CHEMBL59,759.0,6.12,CHEMBL669148,CHEMBL1131815
CHEMBL87067,15.2,7.82,CHEMBL672205,CHEMBL1132669
CHEMBL133519,794.33,6.10,CHEMBL674345,CHEMBL1129777
CHEMBL131556,501.19,6.30,CHEMBL674345,CHEMBL1129777
CHEMBL156639,213.0,6.67,CHEMBL670524,CHEMBL1135449
CHEMBL64508,75.8,7.12,CHEMBL672205,CHEMBL1132669
CHEMBL68545,75.0,7.12,CHEMBL669147,CHEMBL1131815
CHEMBL68545,65.6,7.18,CHEMBL669148,CHEMBL1131815
CHEMBL156689,27.4,7.56,CHEMBL670524,CHEMBL1135449
CHEMBL71599,69.7,7.16,CHEMBL669147,CHEMBL1131815
CHEMBL71599,43.8,7.36,CHEMBL669148,CHEMBL1131815
CHEMBL54,0.16,9.80,CHEMBL669147,CHEMBL1131815
CHEMBL54,0.44,9.36,CHEMBL669148,CHEMBL1131815
CHEMBL132769,125.89,6.90,CHEMBL674345,CHEMBL1129777
CHEMBL132724,125.89,6.90,CHEMBL674345,CHEMBL1129777
CHEMBL130665,398.11,6.40,CHEMBL674345,CHEMBL1129777
CHEMBL69985,26.0,7.58,CHEMBL669147,CHEMBL1131815
CHEMBL69985,201.0,6.70,CHEMBL669148,CHEMBL1131815
CHEMBL157036,8.78,8.06,CHEMBL670524,CHEMBL1135449
CHEMBL59752,4.25,8.37,CHEMBL672205,CHEMBL1132669
CHEMBL69733,316.23,6.50,CHEMBL665381,CHEMBL1153669
CHEMBL65896,1310.0,5.88,CHEMBL669147,CHEMBL1131815
CHEMBL65896,1010.0,6.00,CHEMBL669148,CHEMBL1131815
CHEMBL65847,179.0,6.75,CHEMBL669145,CHEMBL1131815
CHEMBL65847,415.0,6.38,CHEMBL669146,CHEMBL1131815
CHEMBL290351,5000.0,,CHEMBL672174,CHEMBL1131363
CHEMBL69705,5000.0,,CHEMBL669147,CHEMBL1131815
CHEMBL69705,5000.0,,CHEMBL669148,CHEMBL1131815
CHEMBL130282,794.33,6.10,CHEMBL674345,CHEMBL1129777
CHEMBL133166,794.33,6.10,CHEMBL674345,CHEMBL1129777
CHEMBL444342,5.9,8.23,CHEMBL672312,CHEMBL1144968
CHEMBL558036,6512.0,5.19,CHEMBL672182,CHEMBL1135103
CHEMBL554016,585.0,6.23,CHEMBL672182,CHEMBL1135103
CHEMBL544925,3828.0,5.42,CHEMBL672182,CHEMBL1135103
CHEMBL407641,5.4,8.27,CHEMBL672311,CHEMBL1134832
CHEMBL38465,1000.0,,CHEMBL670783,CHEMBL1124975
CHEMBL80711,280.0,6.55,CHEMBL670396,CHEMBL1130531
CHEMBL15242,31.0,7.51,CHEMBL672311,CHEMBL1134832
CHEMBL80655,4000.0,,CHEMBL670396,CHEMBL1130531
CHEMBL15270,62.0,7.21,CHEMBL672311,CHEMBL1134832
CHEMBL80645,2540.0,5.59,CHEMBL670396,CHEMBL1130531
CHEMBL166310,4.1,8.39,CHEMBL672312,CHEMBL1144968
CHEMBL166366,60.0,7.22,CHEMBL672312,CHEMBL1144968
CHEMBL349057,16.0,7.80,CHEMBL672312,CHEMBL1144968
CHEMBL165723,15.0,7.82,CHEMBL672312,CHEMBL1144968
CHEMBL163261,20.0,7.70,CHEMBL672312,CHEMBL1144968
CHEMBL543277,9724.0,5.01,CHEMBL672182,CHEMBL1135103
CHEMBL164744,7.7,8.11,CHEMBL672312,CHEMBL1144968
CHEMBL543278,440.0,6.36,CHEMBL672182,CHEMBL1135103
CHEMBL541025,418.0,6.38,CHEMBL672182,CHEMBL1135103
CHEMBL412665,2011.0,5.70,CHEMBL670396,CHEMBL1130531
CHEMBL348977,68.0,7.17,CHEMBL672312,CHEMBL1144968
CHEMBL352686,63.0,7.20,CHEMBL672312,CHEMBL1144968
CHEMBL160817,246.0,6.61,CHEMBL672386,CHEMBL1145970
CHEMBL165126,14.0,7.85,CHEMBL672312,CHEMBL1144968
CHEMBL544689,1727.0,5.76,CHEMBL672182,CHEMBL1135103
CHEMBL309843,4000.0,,CHEMBL670396,CHEMBL1130531
CHEMBL352648,8.8,8.06,CHEMBL672312,CHEMBL1144968
CHEMBL162102,18.0,7.75,CHEMBL672312,CHEMBL1144968
CHEMBL354005,4.0,8.40,CHEMBL672312,CHEMBL1144968
CHEMBL349683,3.5,8.46,CHEMBL672312,CHEMBL1144968
CHEMBL310311,4000.0,,CHEMBL670396,CHEMBL1130531
CHEMBL541270,295.0,6.53,CHEMBL672182,CHEMBL1135103
CHEMBL541524,486.0,6.31,CHEMBL672182,CHEMBL1135103
CHEMBL165780,2.3,8.64,CHEMBL672312,CHEMBL1144968
CHEMBL538977,1470.0,5.83,CHEMBL672182,CHEMBL1135103
CHEMBL539744,964.0,6.02,CHEMBL672182,CHEMBL1135103
CHEMBL159022,78.1,7.11,CHEMBL672386,CHEMBL1145970
CHEMBL309858,2745.0,5.56,CHEMBL670396,CHEMBL1130531
CHEMBL424384,2.3,8.64,CHEMBL672312,CHEMBL1144968
CHEMBL166310,2.7,8.57,CHEMBL672312,CHEMBL1144968
CHEMBL554897,5148.0,5.29,CHEMBL672182,CHEMBL1135103
CHEMBL349151,4.7,8.33,CHEMBL672312,CHEMBL1144968
CHEMBL538474,3366.0,5.47,CHEMBL672182,CHEMBL1135103
CHEMBL542809,341.0,6.47,CHEMBL672182,CHEMBL1135103
CHEMBL350567,17.0,7.77,CHEMBL672312,CHEMBL1144968
CHEMBL543040,620.0,6.21,CHEMBL672182,CHEMBL1135103
CHEMBL274047,460.0,6.34,CHEMBL672311,CHEMBL1134832
CHEMBL352194,11.0,7.96,CHEMBL672312,CHEMBL1144968
CHEMBL14998,62.0,7.21,CHEMBL672311,CHEMBL1134832
CHEMBL163742,41.0,7.39,CHEMBL672312,CHEMBL1144968
CHEMBL351459,19.0,7.72,CHEMBL672312,CHEMBL1144968
CHEMBL163904,29.0,7.54,CHEMBL672312,CHEMBL1144968
CHEMBL553810,1522.0,5.82,CHEMBL672182,CHEMBL1135103
CHEMBL538723,119.0,6.92,CHEMBL672182,CHEMBL1135103
CHEMBL77563,10000.0,,CHEMBL672347,CHEMBL1149162
CHEMBL267014,448.0,6.35,CHEMBL672347,CHEMBL1149162
CHEMBL351247,14.0,7.85,CHEMBL672312,CHEMBL1144968
CHEMBL164338,15.1,7.82,CHEMBL672312,CHEMBL1144968
CHEMBL542324,4136.0,5.38,CHEMBL672182,CHEMBL1135103
CHEMBL544220,321.0,6.49,CHEMBL672182,CHEMBL1135103
CHEMBL541826,94.0,7.03,CHEMBL670396,CHEMBL1130531
CHEMBL163895,26.0,7.58,CHEMBL672312,CHEMBL1144968
CHEMBL351708,23.0,7.64,CHEMBL672312,CHEMBL1144968
CHEMBL544451,2108.0,5.68,CHEMBL672182,CHEMBL1135103
CHEMBL543041,491.0,6.31,CHEMBL672182,CHEMBL1135103
CHEMBL539235,2530.0,5.60,CHEMBL672182,CHEMBL1135103
CHEMBL76982,10000.0,,CHEMBL672347,CHEMBL1149162
CHEMBL80627,543.0,6.26,CHEMBL670396,CHEMBL1130531
CHEMBL542573,2196.0,5.66,CHEMBL672182,CHEMBL1135103
CHEMBL54,18.0,7.75,CHEMBL672182,CHEMBL1135103
CHEMBL165897,19.0,7.72,CHEMBL672312,CHEMBL1144968
CHEMBL557829,194.0,6.71,CHEMBL672182,CHEMBL1135103
CHEMBL352182,4.7,8.33,CHEMBL672312,CHEMBL1144968
CHEMBL168051,31.0,7.51,CHEMBL672312,CHEMBL1144968
CHEMBL351592,5.2,8.28,CHEMBL672312,CHEMBL1144968
CHEMBL542325,726.0,6.14,CHEMBL672182,CHEMBL1135103
CHEMBL537975,95.0,7.02,CHEMBL672182,CHEMBL1135103
CHEMBL77151,10000.0,,CHEMBL672347,CHEMBL1149162
CHEMBL80469,10000.0,,CHEMBL672347,CHEMBL1149162
CHEMBL164909,50.0,7.30,CHEMBL672312,CHEMBL1144968
CHEMBL557409,3388.0,5.47,CHEMBL672182,CHEMBL1135103
CHEMBL541791,1401.0,5.85,CHEMBL672182,CHEMBL1135103
CHEMBL539999,1461.0,5.83,CHEMBL672182,CHEMBL1135103
CHEMBL14899,188.0,6.73,CHEMBL672311,CHEMBL1134832
CHEMBL164185,6.0,8.22,CHEMBL672312,CHEMBL1144968
CHEMBL162768,3.4,8.47,CHEMBL672312,CHEMBL1144968
CHEMBL164185,15.0,7.82,CHEMBL672312,CHEMBL1144968
CHEMBL542571,2618.0,5.58,CHEMBL672182,CHEMBL1135103
CHEMBL310843,1310.0,5.88,CHEMBL672347,CHEMBL1149162
CHEMBL325104,6600.0,5.18,CHEMBL673074,CHEMBL1131871
CHEMBL325104,6300.0,5.20,CHEMBL672580,CHEMBL1131871
CHEMBL64566,6250.0,5.20,CHEMBL673073,CHEMBL1133305
CHEMBL64566,2750.0,5.56,CHEMBL672579,CHEMBL1133305
CHEMBL119455,58.5,7.23,CHEMBL670676,CHEMBL1128704
CHEMBL53510,1070.0,5.97,CHEMBL670676,CHEMBL1128704
CHEMBL107529,3400.0,5.47,CHEMBL673074,CHEMBL1131871
CHEMBL107529,3200.0,5.50,CHEMBL672580,CHEMBL1131871
CHEMBL84819,1403.0,5.85,CHEMBL670391,CHEMBL1149936
CHEMBL313620,8.8,8.06,CHEMBL670391,CHEMBL1149936
CHEMBL64376,2300.0,5.64,CHEMBL673073,CHEMBL1133305
CHEMBL64376,1060.0,5.97,CHEMBL672579,CHEMBL1133305
CHEMBL64043,28000.0,4.55,CHEMBL673073,CHEMBL1133305
CHEMBL64043,19500.0,4.71,CHEMBL672579,CHEMBL1133305
CHEMBL267044,120.0,6.92,CHEMBL673073,CHEMBL1133305
CHEMBL267044,51.0,7.29,CHEMBL672579,CHEMBL1133305
CHEMBL302186,23000.0,4.64,CHEMBL673073,CHEMBL1133305
CHEMBL302186,13500.0,4.87,CHEMBL672579,CHEMBL1133305
CHEMBL104092,10000.0,5.00,CHEMBL673074,CHEMBL1131871
CHEMBL104092,8300.0,5.08,CHEMBL672580,CHEMBL1131871
CHEMBL2111525,510.0,6.29,CHEMBL673073,CHEMBL1133305
CHEMBL2111525,210.0,6.68,CHEMBL672579,CHEMBL1133305
CHEMBL312877,293.0,6.53,CHEMBL670391,CHEMBL1149936
CHEMBL294780,3000.0,5.52,CHEMBL673073,CHEMBL1133305
CHEMBL294780,1750.0,5.76,CHEMBL672579,CHEMBL1133305
CHEMBL293225,940.0,6.03,CHEMBL673073,CHEMBL1133305
CHEMBL293225,630.0,6.20,CHEMBL672579,CHEMBL1133305
CHEMBL62602,320.0,6.50,CHEMBL673073,CHEMBL1133305
CHEMBL62602,245.0,6.61,CHEMBL672579,CHEMBL1133305
CHEMBL104453,610.0,6.21,CHEMBL673074,CHEMBL1131871
CHEMBL104453,320.0,6.50,CHEMBL672580,CHEMBL1131871
CHEMBL87260,865.0,6.06,CHEMBL670391,CHEMBL1149936
CHEMBL87478,8.0,8.10,CHEMBL670391,CHEMBL1149936
CHEMBL2111528,185.0,6.73,CHEMBL673073,CHEMBL1133305
CHEMBL2111528,92.0,7.04,CHEMBL672579,CHEMBL1133305
CHEMBL141537,779.0,6.11,CHEMBL672183,CHEMBL1129381
CHEMBL141537,2830.0,5.55,CHEMBL672184,CHEMBL1129381
CHEMBL85441,406.0,6.39,CHEMBL670391,CHEMBL1149936
CHEMBL42,41.0,7.39,CHEMBL673074,CHEMBL1131871
CHEMBL42,28.0,7.55,CHEMBL672580,CHEMBL1131871
CHEMBL64668,3800.0,5.42,CHEMBL673073,CHEMBL1133305
CHEMBL64668,3250.0,5.49,CHEMBL672579,CHEMBL1133305
CHEMBL422959,49000.0,4.31,CHEMBL673074,CHEMBL1131871
CHEMBL422959,65000.0,4.19,CHEMBL672580,CHEMBL1131871
CHEMBL85972,269.0,6.57,CHEMBL670391,CHEMBL1149936
CHEMBL64288,690.0,6.16,CHEMBL673073,CHEMBL1133305
CHEMBL64288,330.0,6.48,CHEMBL672579,CHEMBL1133305
CHEMBL69985,26.0,7.58,CHEMBL672183,CHEMBL1129381
CHEMBL69985,201.0,6.70,CHEMBL672184,CHEMBL1129381
CHEMBL139345,167.0,6.78,CHEMBL672183,CHEMBL1129381
CHEMBL139345,582.0,6.24,CHEMBL672184,CHEMBL1129381
CHEMBL139089,37.0,7.43,CHEMBL672183,CHEMBL1129381
CHEMBL139089,68.2,7.17,CHEMBL672794,CHEMBL1129381
CHEMBL326877,8500.0,5.07,CHEMBL673074,CHEMBL1131871
CHEMBL326877,9800.0,5.01,CHEMBL672580,CHEMBL1131871
CHEMBL85700,3333.0,,CHEMBL670391,CHEMBL1149936
CHEMBL64696,1500.0,5.82,CHEMBL673073,CHEMBL1133305
CHEMBL64696,790.0,6.10,CHEMBL672579,CHEMBL1133305
CHEMBL65641,1070.0,5.97,CHEMBL673073,CHEMBL1133305
CHEMBL65641,1100.0,5.96,CHEMBL672579,CHEMBL1133305
CHEMBL138998,4.94,8.31,CHEMBL672183,CHEMBL1129381
CHEMBL138998,16.9,7.77,CHEMBL672794,CHEMBL1129381
CHEMBL516,112.0,6.95,CHEMBL672315,CHEMBL1148436
CHEMBL62996,6650.0,5.18,CHEMBL673073,CHEMBL1133305
CHEMBL62996,4400.0,5.36,CHEMBL672579,CHEMBL1133305
CHEMBL64752,2450.0,5.61,CHEMBL673073,CHEMBL1133305
CHEMBL64752,2000.0,5.70,CHEMBL672579,CHEMBL1133305
CHEMBL109173,1400.0,5.85,CHEMBL673074,CHEMBL1131871
CHEMBL109173,1500.0,5.82,CHEMBL672580,CHEMBL1131871
CHEMBL108160,6200.0,5.21,CHEMBL673074,CHEMBL1131871
CHEMBL108160,4900.0,5.31,CHEMBL672580,CHEMBL1131871
CHEMBL345087,1530.0,5.82,CHEMBL672183,CHEMBL1129381
CHEMBL345087,4720.0,5.33,CHEMBL672184,CHEMBL1129381
CHEMBL62624,195.0,6.71,CHEMBL673073,CHEMBL1133305
CHEMBL62624,105.0,6.98,CHEMBL672579,CHEMBL1133305
CHEMBL138792,585.0,6.23,CHEMBL672183,CHEMBL1129381
CHEMBL138792,864.0,6.06,CHEMBL672184,CHEMBL1129381
CHEMBL53,41.9,7.38,CHEMBL670676,CHEMBL1128704
CHEMBL11,726.0,6.14,CHEMBL672315,CHEMBL1148436
CHEMBL326864,11000.0,4.96,CHEMBL673074,CHEMBL1131871
CHEMBL326864,7800.0,5.11,CHEMBL672580,CHEMBL1131871
CHEMBL65847,179.0,6.75,CHEMBL672183,CHEMBL1129381
CHEMBL65847,415.0,6.38,CHEMBL672184,CHEMBL1129381
CHEMBL342630,2450.0,5.61,CHEMBL672183,CHEMBL1129381
CHEMBL342630,5940.0,5.23,CHEMBL672184,CHEMBL1129381
CHEMBL2112936,3200.0,5.50,CHEMBL671655,CHEMBL1132065
CHEMBL62601,45500.0,4.34,CHEMBL673073,CHEMBL1133305
CHEMBL62601,17500.0,4.76,CHEMBL672579,CHEMBL1133305
CHEMBL307956,5000.0,5.30,CHEMBL672315,CHEMBL1148436
CHEMBL59,1.89,8.72,CHEMBL672183,CHEMBL1129381
CHEMBL59,572.0,6.24,CHEMBL672184,CHEMBL1129381
CHEMBL106635,8500.0,5.07,CHEMBL673074,CHEMBL1131871
CHEMBL106635,5300.0,5.28,CHEMBL672580,CHEMBL1131871
CHEMBL54,0.16,9.80,CHEMBL672183,CHEMBL1129381
CHEMBL54,0.66,9.18,CHEMBL672184,CHEMBL1129381
CHEMBL64325,610.0,6.21,CHEMBL673073,CHEMBL1133305
CHEMBL64325,440.0,6.36,CHEMBL672579,CHEMBL1133305
CHEMBL141510,45.6,7.34,CHEMBL672183,CHEMBL1129381
CHEMBL141510,210.0,6.68,CHEMBL672184,CHEMBL1129381
CHEMBL59702,14000.0,4.85,CHEMBL673073,CHEMBL1133305
CHEMBL59702,8650.0,5.06,CHEMBL672579,CHEMBL1133305
CHEMBL2111527,510.0,6.29,CHEMBL673073,CHEMBL1133305
CHEMBL2111527,310.0,6.51,CHEMBL672579,CHEMBL1133305
CHEMBL141511,254.0,6.59,CHEMBL672183,CHEMBL1129381
CHEMBL141511,790.0,6.10,CHEMBL672184,CHEMBL1129381
CHEMBL314983,70.0,7.16,CHEMBL670391,CHEMBL1149936
CHEMBL64139,420.0,6.38,CHEMBL673073,CHEMBL1133305
CHEMBL64139,280.0,6.55,CHEMBL672579,CHEMBL1133305
CHEMBL104201,13000.0,4.89,CHEMBL673074,CHEMBL1131871
CHEMBL104201,18000.0,4.75,CHEMBL672580,CHEMBL1131871
CHEMBL88058,126.0,6.90,CHEMBL670391,CHEMBL1149936
CHEMBL62703,27500.0,4.56,CHEMBL673073,CHEMBL1133305
CHEMBL62703,21500.0,4.67,CHEMBL672579,CHEMBL1133305
CHEMBL293645,210.0,6.68,CHEMBL673073,CHEMBL1133305
CHEMBL293645,85.0,7.07,CHEMBL672579,CHEMBL1133305
CHEMBL59749,7900.0,5.10,CHEMBL673073,CHEMBL1133305
CHEMBL59749,5050.0,5.30,CHEMBL672579,CHEMBL1133305
CHEMBL2111526,8250.0,5.08,CHEMBL673073,CHEMBL1133305
CHEMBL2111526,6600.0,5.18,CHEMBL672579,CHEMBL1133305
CHEMBL42,39.0,7.41,CHEMBL673073,CHEMBL1133305
CHEMBL42,28.0,7.55,CHEMBL672579,CHEMBL1133305
CHEMBL59749,7950.0,5.10,CHEMBL673073,CHEMBL1133305
CHEMBL59749,6400.0,5.19,CHEMBL672579,CHEMBL1133305
CHEMBL99654,10000.0,,CHEMBL672165,CHEMBL1136188
CHEMBL98946,416.0,6.38,CHEMBL672165,CHEMBL1136188
CHEMBL74355,1300.0,5.89,CHEMBL697295,CHEMBL1135811
CHEMBL150210,1000.0,6.00,CHEMBL697295,CHEMBL1135811
CHEMBL149423,840.0,6.08,CHEMBL697295,CHEMBL1135811
CHEMBL146448,1500.0,,CHEMBL697295,CHEMBL1135811
CHEMBL11608,17000.0,,CHEMBL670395,CHEMBL1129926
CHEMBL423206,1800.0,5.75,CHEMBL697295,CHEMBL1135811
CHEMBL150220,1500.0,,CHEMBL697295,CHEMBL1135811
CHEMBL98945,489.0,6.31,CHEMBL672165,CHEMBL1136188
CHEMBL98331,10000.0,,CHEMBL672165,CHEMBL1136188
CHEMBL708,9.7,8.01,CHEMBL672169,CHEMBL1149193
CHEMBL611801,340.0,6.47,CHEMBL672210,CHEMBL1131163
CHEMBL34095,350.0,6.46,CHEMBL672210,CHEMBL1131163
CHEMBL98830,462.0,6.33,CHEMBL672165,CHEMBL1136188
CHEMBL715,17.0,7.77,CHEMBL672169,CHEMBL1149193
CHEMBL612083,20.0,7.70,CHEMBL672210,CHEMBL1131163
CHEMBL316727,176.0,6.75,CHEMBL672165,CHEMBL1136188
CHEMBL145939,1400.0,5.85,CHEMBL697295,CHEMBL1135811
CHEMBL504699,1500.0,,CHEMBL697295,CHEMBL1135811
CHEMBL716,310.0,6.51,CHEMBL672169,CHEMBL1149193
CHEMBL416732,5400.0,5.27,CHEMBL670395,CHEMBL1129926
CHEMBL19844,1900.0,5.72,CHEMBL670395,CHEMBL1129926
CHEMBL148058,1000.0,6.00,CHEMBL697295,CHEMBL1135811
CHEMBL432579,2066.0,5.68,CHEMBL672165,CHEMBL1136188
CHEMBL25856,1700.0,5.77,CHEMBL672210,CHEMBL1131163
CHEMBL531,50.0,7.30,CHEMBL672210,CHEMBL1131163
CHEMBL100203,111.0,6.96,CHEMBL672165,CHEMBL1136188
CHEMBL317988,10000.0,,CHEMBL672165,CHEMBL1136188
CHEMBL343411,1100.0,5.96,CHEMBL697295,CHEMBL1135811
CHEMBL316942,10000.0,,CHEMBL672165,CHEMBL1136188
CHEMBL433376,28.0,7.55,CHEMBL672165,CHEMBL1136188
CHEMBL147048,1500.0,,CHEMBL697295,CHEMBL1135811
CHEMBL59,7940.0,5.10,CHEMBL672210,CHEMBL1131163
CHEMBL225230,50.0,7.30,CHEMBL672210,CHEMBL1131163
CHEMBL146144,1700.0,5.77,CHEMBL697295,CHEMBL1135811
CHEMBL609151,2.0,8.70,CHEMBL672210,CHEMBL1131163
CHEMBL99085,10000.0,,CHEMBL672165,CHEMBL1136188
CHEMBL358075,1500.0,,CHEMBL697295,CHEMBL1135811
CHEMBL42,150.0,6.82,CHEMBL672169,CHEMBL1149193
CHEMBL99649,555.0,6.26,CHEMBL672165,CHEMBL1136188
CHEMBL85,3.3,8.48,CHEMBL672169,CHEMBL1149193
CHEMBL24077,9550.0,5.02,CHEMBL672210,CHEMBL1131163
CHEMBL18174,10000.0,,CHEMBL672165,CHEMBL1136188
CHEMBL317597,10000.0,,CHEMBL672165,CHEMBL1136188
CHEMBL102162,10000.0,,CHEMBL672165,CHEMBL1136188
CHEMBL83894,180.0,6.75,CHEMBL697295,CHEMBL1135811
CHEMBL122761,1100.0,5.96,CHEMBL697295,CHEMBL1135811
CHEMBL145584,20000.0,4.70,CHEMBL672210,CHEMBL1131163
CHEMBL54,1.4,8.85,CHEMBL672169,CHEMBL1149193
CHEMBL99054,10000.0,,CHEMBL672165,CHEMBL1136188
CHEMBL285802,13.0,7.89,CHEMBL672169,CHEMBL1149193
CHEMBL317741,510.0,6.29,CHEMBL672210,CHEMBL1131163
CHEMBL11608,160000.0,,CHEMBL672210,CHEMBL1131163
CHEMBL329276,4166.0,5.38,CHEMBL672165,CHEMBL1136188
CHEMBL98330,10000.0,,CHEMBL672165,CHEMBL1136188
CHEMBL146595,1500.0,5.82,CHEMBL697295,CHEMBL1135811
CHEMBL358839,1500.0,,CHEMBL697295,CHEMBL1135811
CHEMBL1160787,8000.0,5.10,CHEMBL672210,CHEMBL1131163
CHEMBL42,250.0,6.60,CHEMBL670395,CHEMBL1129926
CHEMBL433012,10000.0,,CHEMBL672165,CHEMBL1136188
CHEMBL148565,1500.0,,CHEMBL697295,CHEMBL1135811
CHEMBL148348,490.0,6.31,CHEMBL697295,CHEMBL1135811
CHEMBL240773,2570.0,5.59,CHEMBL672210,CHEMBL1131163
CHEMBL1255588,0.6,9.22,CHEMBL670395,CHEMBL1129926
CHEMBL149510,1100.0,5.96,CHEMBL697295,CHEMBL1135811
CHEMBL19344,3900.0,5.41,CHEMBL670395,CHEMBL1129926
CHEMBL19068,3400.0,5.47,CHEMBL670395,CHEMBL1129926
CHEMBL317825,10000.0,,CHEMBL672165,CHEMBL1136188
CHEMBL19331,9400.0,5.03,CHEMBL670395,CHEMBL1129926
CHEMBL54,3.6,8.44,CHEMBL670395,CHEMBL1129926
CHEMBL317051,10000.0,,CHEMBL672165,CHEMBL1136188
CHEMBL147431,750.0,6.12,CHEMBL697295,CHEMBL1135811
CHEMBL357807,2.0,8.70,CHEMBL697295,CHEMBL1135811
CHEMBL146620,1500.0,,CHEMBL697295,CHEMBL1135811
CHEMBL12713,7.4,8.13,CHEMBL672169,CHEMBL1149193
CHEMBL99208,402.0,6.40,CHEMBL672165,CHEMBL1136188
CHEMBL317770,534.0,6.27,CHEMBL672165,CHEMBL1136188
CHEMBL148418,530.0,6.28,CHEMBL697295,CHEMBL1135811
CHEMBL146485,650.0,6.19,CHEMBL697295,CHEMBL1135811
CHEMBL318949,885.0,6.05,CHEMBL672165,CHEMBL1136188
CHEMBL149429,1100.0,5.96,CHEMBL697295,CHEMBL1135811
CHEMBL344127,1000.0,,CHEMBL672797,CHEMBL1129409
CHEMBL147164,710.0,6.15,CHEMBL697295,CHEMBL1135811
CHEMBL157138,0.8,9.10,CHEMBL672210,CHEMBL1131163
CHEMBL317078,641.0,6.19,CHEMBL672165,CHEMBL1136188
CHEMBL2303762,11400.0,4.94,CHEMBL670395,CHEMBL1129926
CHEMBL146233,570.0,6.24,CHEMBL697295,CHEMBL1135811
CHEMBL146998,680.0,6.17,CHEMBL697295,CHEMBL1135811
CHEMBL148280,1500.0,,CHEMBL697295,CHEMBL1135811
CHEMBL359270,650.0,6.19,CHEMBL697295,CHEMBL1135811
CHEMBL588,810.0,6.09,CHEMBL672210,CHEMBL1131163
CHEMBL294649,100000.0,,CHEMBL857790,CHEMBL1128795
CHEMBL70267,240.0,6.62,CHEMBL670393,CHEMBL1130515
CHEMBL67982,2000.0,,CHEMBL670393,CHEMBL1130515
CHEMBL80919,0.6,9.22,CHEMBL671651,CHEMBL1151542
CHEMBL78791,3.4,8.47,CHEMBL671651,CHEMBL1151542
CHEMBL309979,7.4,8.13,CHEMBL671651,CHEMBL1151542
CHEMBL311575,16.5,7.78,CHEMBL671651,CHEMBL1151542
CHEMBL349034,8.5,8.07,CHEMBL672206,CHEMBL1131565
CHEMBL309459,34.0,7.47,CHEMBL671651,CHEMBL1151542
CHEMBL321042,1600.0,5.80,CHEMBL671034,CHEMBL1125791
CHEMBL430439,4.5,8.35,CHEMBL671651,CHEMBL1151542
CHEMBL322760,710.0,6.15,CHEMBL671034,CHEMBL1125791
CHEMBL113196,0.3,9.52,CHEMBL671034,CHEMBL1125791
CHEMBL309336,11.4,7.94,CHEMBL671651,CHEMBL1151542
CHEMBL310401,37.5,7.43,CHEMBL671651,CHEMBL1151542
CHEMBL78860,182.0,6.74,CHEMBL671651,CHEMBL1151542
CHEMBL113527,3.2,8.49,CHEMBL671034,CHEMBL1125791
CHEMBL164723,25.0,7.60,CHEMBL672206,CHEMBL1131565
CHEMBL298612,100000.0,,CHEMBL857790,CHEMBL1128795
CHEMBL71173,1400.0,5.85,CHEMBL670393,CHEMBL1130515
CHEMBL305481,670.0,6.17,CHEMBL670393,CHEMBL1130515
CHEMBL78655,18.0,7.75,CHEMBL671651,CHEMBL1151542
CHEMBL309623,38.0,7.42,CHEMBL672206,CHEMBL1131565
CHEMBL311772,40.0,7.40,CHEMBL671651,CHEMBL1151542
CHEMBL2113347,100.0,7.00,CHEMBL673026,CHEMBL1132939
CHEMBL165664,5.7,8.24,CHEMBL672206,CHEMBL1131565
CHEMBL76908,10.0,8.00,CHEMBL671651,CHEMBL1151542
CHEMBL320779,110.0,6.96,CHEMBL670746,CHEMBL1125791
CHEMBL310680,81.0,7.09,CHEMBL671651,CHEMBL1151542
CHEMBL1159663,170.0,6.77,CHEMBL671033,CHEMBL1125791
CHEMBL164979,39.0,7.41,CHEMBL672206,CHEMBL1131565
CHEMBL355371,12.0,7.92,CHEMBL672206,CHEMBL1131565
CHEMBL2113349,794.33,6.10,CHEMBL673026,CHEMBL1132939
CHEMBL2368612,199.53,6.70,CHEMBL673026,CHEMBL1132939
CHEMBL2110308,320.0,6.50,CHEMBL672206,CHEMBL1131565
CHEMBL71209,1600.0,,CHEMBL670393,CHEMBL1130515
CHEMBL24077,6500.0,5.19,CHEMBL671033,CHEMBL1125791
CHEMBL2092940,6.7,8.17,CHEMBL671033,CHEMBL1125791
CHEMBL553591,794.33,6.10,CHEMBL673026,CHEMBL1132939
CHEMBL2368611,199.53,6.70,CHEMBL673026,CHEMBL1132939
CHEMBL165440,110.0,6.96,CHEMBL672206,CHEMBL1131565
CHEMBL70215,2000.0,5.70,CHEMBL670393,CHEMBL1130515
CHEMBL2113350,158.49,6.80,CHEMBL673026,CHEMBL1132939
CHEMBL2113352,316.23,6.50,CHEMBL673026,CHEMBL1132939
CHEMBL321223,5000.0,,CHEMBL671034,CHEMBL1125791
CHEMBL165679,5.2,8.28,CHEMBL672206,CHEMBL1131565
CHEMBL164792,3.0,8.52,CHEMBL672206,CHEMBL1131565
CHEMBL351617,6.0,8.22,CHEMBL672206,CHEMBL1131565
CHEMBL349980,240.0,6.62,CHEMBL672206,CHEMBL1131565
CHEMBL350352,11.0,7.96,CHEMBL672206,CHEMBL1131565
CHEMBL309727,5.0,8.30,CHEMBL671651,CHEMBL1151542
CHEMBL80875,6.3,8.20,CHEMBL671651,CHEMBL1151542
CHEMBL80615,5.6,8.25,CHEMBL671651,CHEMBL1151542
CHEMBL80315,16.5,7.78,CHEMBL671651,CHEMBL1151542
CHEMBL301559,0.5,9.30,CHEMBL671651,CHEMBL1151542
CHEMBL2113348,1584.89,5.80,CHEMBL673026,CHEMBL1132939
CHEMBL606939,60.0,7.22,CHEMBL671033,CHEMBL1125791
CHEMBL612083,2.1,8.68,CHEMBL671033,CHEMBL1125791
CHEMBL71216,330.0,6.48,CHEMBL670393,CHEMBL1130515
CHEMBL312752,19.0,7.72,CHEMBL671651,CHEMBL1151542
CHEMBL267930,0.06,10.22,CHEMBL671033,CHEMBL1125791
CHEMBL307869,340.0,6.47,CHEMBL670393,CHEMBL1130515
CHEMBL309623,38.0,7.42,CHEMBL671651,CHEMBL1151542
CHEMBL2112078,125.89,6.90,CHEMBL673026,CHEMBL1132939
CHEMBL166151,4800.0,5.32,CHEMBL672206,CHEMBL1131565
CHEMBL310204,15.0,7.82,CHEMBL671651,CHEMBL1151542
CHEMBL552599,630.96,6.20,CHEMBL673026,CHEMBL1132939
CHEMBL324017,1360.0,5.87,CHEMBL671033,CHEMBL1125791
CHEMBL165056,6.0,8.22,CHEMBL672206,CHEMBL1131565
CHEMBL78916,10.0,8.00,CHEMBL671651,CHEMBL1151542
CHEMBL2110366,1000.0,6.00,CHEMBL673026,CHEMBL1132939
CHEMBL111532,6.8,8.17,CHEMBL671033,CHEMBL1125791
CHEMBL164604,4.7,8.33,CHEMBL672206,CHEMBL1131565
CHEMBL166252,46.0,7.34,CHEMBL672206,CHEMBL1131565
CHEMBL80571,100.0,7.00,CHEMBL671651,CHEMBL1151542
CHEMBL78406,71.0,7.15,CHEMBL671651,CHEMBL1151542
CHEMBL312430,3.0,8.52,CHEMBL671651,CHEMBL1151542
CHEMBL71208,1700.0,,CHEMBL670393,CHEMBL1130515
CHEMBL109897,4.8,8.32,CHEMBL671034,CHEMBL1125791
CHEMBL78791,3.4,8.47,CHEMBL672206,CHEMBL1131565
CHEMBL349426,3.2,8.49,CHEMBL672206,CHEMBL1131565
CHEMBL3084971,28.0,7.55,CHEMBL672206,CHEMBL1131565
CHEMBL71324,590.0,6.23,CHEMBL670393,CHEMBL1130515
CHEMBL310158,41.5,7.38,CHEMBL671651,CHEMBL1151542
CHEMBL310577,12.0,7.92,CHEMBL671651,CHEMBL1151542
CHEMBL78800,1.0,9.00,CHEMBL671651,CHEMBL1151542
CHEMBL78617,1.7,8.77,CHEMBL671651,CHEMBL1151542
CHEMBL78195,12.0,7.92,CHEMBL671651,CHEMBL1151542
CHEMBL165689,180.0,6.75,CHEMBL672206,CHEMBL1131565
CHEMBL69355,600.0,6.22,CHEMBL670393,CHEMBL1130515
CHEMBL312803,177.0,6.75,CHEMBL671651,CHEMBL1151542
CHEMBL2113351,398.11,6.40,CHEMBL673026,CHEMBL1132939
CHEMBL109684,13.3,7.88,CHEMBL671033,CHEMBL1125791
CHEMBL165140,7.4,8.13,CHEMBL672206,CHEMBL1131565
CHEMBL309501,5.0,8.30,CHEMBL671651,CHEMBL1151542
CHEMBL69356,1800.0,,CHEMBL670393,CHEMBL1130515
CHEMBL306265,1600.0,,CHEMBL670393,CHEMBL1130515
CHEMBL165047,4.8,8.32,CHEMBL672206,CHEMBL1131565
CHEMBL77411,339.0,6.47,CHEMBL671651,CHEMBL1151542
CHEMBL78950,1.4,8.85,CHEMBL671651,CHEMBL1151542
CHEMBL78368,6.5,8.19,CHEMBL671651,CHEMBL1151542
CHEMBL109787,0.45,9.35,CHEMBL671034,CHEMBL1125791
CHEMBL92649,0.66,9.18,CHEMBL671034,CHEMBL1125791
CHEMBL165381,2400.0,5.62,CHEMBL672206,CHEMBL1131565
CHEMBL320526,7.0,8.15,CHEMBL671034,CHEMBL1125791
CHEMBL2110308,160.0,6.80,CHEMBL672206,CHEMBL1131565
CHEMBL284346,1600.0,5.80,CHEMBL671371,CHEMBL1132043
CHEMBL497877,1700.0,,CHEMBL671367,CHEMBL1134475
CHEMBL496852,1600.0,,CHEMBL671367,CHEMBL1134475
CHEMBL139600,30.0,7.52,CHEMBL672384,CHEMBL1135974
CHEMBL139600,25.0,7.60,CHEMBL672573,CHEMBL1135974
CHEMBL496687,1400.0,5.85,CHEMBL671367,CHEMBL1134475
CHEMBL507898,1600.0,,CHEMBL671367,CHEMBL1134475
CHEMBL279247,6.1,8.21,CHEMBL671371,CHEMBL1132043
CHEMBL40284,1600.0,5.80,CHEMBL671367,CHEMBL1134475
CHEMBL59725,3600.0,5.44,CHEMBL672384,CHEMBL1135974
CHEMBL59725,2600.0,5.58,CHEMBL672573,CHEMBL1135974
CHEMBL42,74.0,7.13,CHEMBL671371,CHEMBL1132043
CHEMBL25236,210.0,6.68,CHEMBL672384,CHEMBL1135974
CHEMBL25236,210.0,6.68,CHEMBL672573,CHEMBL1135974
CHEMBL295596,1300.0,,CHEMBL671367,CHEMBL1134475
CHEMBL143352,270.0,6.57,CHEMBL672384,CHEMBL1135974
CHEMBL143352,180.0,6.75,CHEMBL672573,CHEMBL1135974
CHEMBL139926,320.0,6.50,CHEMBL672384,CHEMBL1135974
CHEMBL139926,80.0,7.10,CHEMBL672573,CHEMBL1135974
CHEMBL40229,1600.0,,CHEMBL671367,CHEMBL1134475
CHEMBL25938,66.0,7.18,CHEMBL671371,CHEMBL1132043
CHEMBL25772,140.0,6.85,CHEMBL671371,CHEMBL1132043
CHEMBL523585,1600.0,,CHEMBL671367,CHEMBL1134475
CHEMBL140968,71.0,7.15,CHEMBL672384,CHEMBL1135974
CHEMBL140968,76.0,7.12,CHEMBL672573,CHEMBL1135974
CHEMBL141419,63.0,7.20,CHEMBL672384,CHEMBL1135974
CHEMBL141419,39.0,7.41,CHEMBL672573,CHEMBL1135974
CHEMBL24809,310.0,6.51,CHEMBL671371,CHEMBL1132043
CHEMBL342060,190.0,6.72,CHEMBL672384,CHEMBL1135974
CHEMBL342060,120.0,6.92,CHEMBL672573,CHEMBL1135974
CHEMBL337531,91.0,7.04,CHEMBL672384,CHEMBL1135974
CHEMBL337531,48.0,7.32,CHEMBL672573,CHEMBL1135974
CHEMBL25887,1200.0,5.92,CHEMBL671371,CHEMBL1132043
CHEMBL281195,90.0,7.05,CHEMBL671371,CHEMBL1132043
CHEMBL357684,830.0,6.08,CHEMBL672384,CHEMBL1135974
CHEMBL357684,970.0,6.01,CHEMBL672573,CHEMBL1135974
CHEMBL297784,10000.0,,CHEMBL674341,CHEMBL1128425
CHEMBL295559,1600.0,,CHEMBL671367,CHEMBL1134475
CHEMBL2368748,1600.0,,CHEMBL671367,CHEMBL1134475
CHEMBL336930,140.0,6.85,CHEMBL672384,CHEMBL1135974
CHEMBL336930,84.0,7.08,CHEMBL672573,CHEMBL1135974
CHEMBL24603,1800.0,,CHEMBL671371,CHEMBL1132043
CHEMBL23537,510.0,6.29,CHEMBL671371,CHEMBL1132043
CHEMBL24051,370.0,6.43,CHEMBL671371,CHEMBL1132043
CHEMBL2368734,1600.0,,CHEMBL671367,CHEMBL1134475
CHEMBL497054,1600.0,5.80,CHEMBL671367,CHEMBL1134475
CHEMBL507727,1600.0,,CHEMBL671367,CHEMBL1134475
CHEMBL296512,28.0,7.55,CHEMBL671367,CHEMBL1134475
CHEMBL24170,460.0,6.34,CHEMBL671371,CHEMBL1132043
CHEMBL24539,1100.0,5.96,CHEMBL671371,CHEMBL1132043
CHEMBL496860,500.0,6.30,CHEMBL671367,CHEMBL1134475
CHEMBL140612,11.0,7.96,CHEMBL672384,CHEMBL1135974
CHEMBL140612,3.9,8.41,CHEMBL672573,CHEMBL1135974
CHEMBL44310,500.0,6.30,CHEMBL671367,CHEMBL1134475
CHEMBL498729,1600.0,,CHEMBL671367,CHEMBL1134475
CHEMBL504699,1600.0,,CHEMBL671367,CHEMBL1134475
CHEMBL287412,15.0,7.82,CHEMBL671371,CHEMBL1132043
CHEMBL2368733,1700.0,,CHEMBL671367,CHEMBL1134475
CHEMBL523245,900.0,6.05,CHEMBL671367,CHEMBL1134475
CHEMBL287217,450.0,6.35,CHEMBL671371,CHEMBL1132043
CHEMBL523760,1600.0,,CHEMBL671367,CHEMBL1134475
CHEMBL423735,110.0,6.96,CHEMBL672384,CHEMBL1135974
CHEMBL423735,65.0,7.19,CHEMBL672573,CHEMBL1135974
CHEMBL424294,87.0,7.06,CHEMBL672384,CHEMBL1135974
CHEMBL424294,52.0,7.28,CHEMBL672573,CHEMBL1135974
CHEMBL2113667,1000.0,6.00,CHEMBL671367,CHEMBL1134475
CHEMBL344677,150.0,6.82,CHEMBL672384,CHEMBL1135974
CHEMBL344677,98.0,7.01,CHEMBL672573,CHEMBL1135974
CHEMBL26120,15.0,7.82,CHEMBL671371,CHEMBL1132043
CHEMBL40584,350.0,6.46,CHEMBL671367,CHEMBL1134475
CHEMBL24052,1700.0,,CHEMBL671371,CHEMBL1132043
CHEMBL497878,1600.0,,CHEMBL671367,CHEMBL1134475
CHEMBL43819,28.0,7.55,CHEMBL671367,CHEMBL1134475
CHEMBL139722,520.0,6.28,CHEMBL672384,CHEMBL1135974
CHEMBL139722,480.0,6.32,CHEMBL672573,CHEMBL1135974
CHEMBL46523,1600.0,5.80,CHEMBL671367,CHEMBL1134475
CHEMBL43697,1700.0,,CHEMBL671367,CHEMBL1134475
CHEMBL498048,1600.0,,CHEMBL671367,CHEMBL1134475
CHEMBL141845,290.0,6.54,CHEMBL672384,CHEMBL1135974
CHEMBL141845,140.0,6.85,CHEMBL672573,CHEMBL1135974
CHEMBL42557,1300.0,,CHEMBL671367,CHEMBL1134475
CHEMBL142020,310.0,6.51,CHEMBL672384,CHEMBL1135974
CHEMBL142020,310.0,6.51,CHEMBL672573,CHEMBL1135974
CHEMBL124444,110.0,6.96,CHEMBL672384,CHEMBL1135974
CHEMBL124444,84.0,7.08,CHEMBL672573,CHEMBL1135974
CHEMBL497064,1600.0,,CHEMBL671367,CHEMBL1134475
CHEMBL305392,10.0,8.00,CHEMBL670398,CHEMBL1131803
CHEMBL413275,31.62,7.50,CHEMBL670398,CHEMBL1131803
CHEMBL27247,7980.0,5.10,CHEMBL670677,CHEMBL1132996
CHEMBL126474,17.5,7.76,CHEMBL671730,CHEMBL1144878
CHEMBL126948,63.0,7.20,CHEMBL671730,CHEMBL1144878
CHEMBL127114,81.0,7.09,CHEMBL671730,CHEMBL1144878
CHEMBL127311,12.0,7.92,CHEMBL671730,CHEMBL1144878
CHEMBL292485,501.19,6.30,CHEMBL670398,CHEMBL1131803
CHEMBL417473,26.0,7.58,CHEMBL670677,CHEMBL1132996
CHEMBL263058,126.0,6.90,CHEMBL671730,CHEMBL1144878
CHEMBL125525,47.0,7.33,CHEMBL671730,CHEMBL1144878
CHEMBL127020,729.0,6.14,CHEMBL671730,CHEMBL1144878
CHEMBL53,41.6,7.38,CHEMBL664743,CHEMBL1132996
CHEMBL22778,3760.0,5.42,CHEMBL664743,CHEMBL1132996
CHEMBL340173,48.7,7.31,CHEMBL671730,CHEMBL1144878
CHEMBL126128,13.54,7.87,CHEMBL671730,CHEMBL1144878
CHEMBL304856,316.23,6.50,CHEMBL670398,CHEMBL1131803
CHEMBL64721,79.43,7.10,CHEMBL670398,CHEMBL1131803
CHEMBL66080,50.12,7.30,CHEMBL670398,CHEMBL1131803
CHEMBL127807,45.0,7.35,CHEMBL671730,CHEMBL1144878
CHEMBL285352,215.0,6.67,CHEMBL670677,CHEMBL1132996
CHEMBL126277,630.0,6.20,CHEMBL671730,CHEMBL1144878
CHEMBL129483,75.0,7.12,CHEMBL671730,CHEMBL1144878
CHEMBL127230,65.2,7.19,CHEMBL671730,CHEMBL1144878
CHEMBL27132,39.2,7.41,CHEMBL664743,CHEMBL1132996
CHEMBL27251,2250.0,5.65,CHEMBL670677,CHEMBL1132996
CHEMBL338841,161.0,6.79,CHEMBL671730,CHEMBL1144878
CHEMBL338063,21.0,7.68,CHEMBL671730,CHEMBL1144878
CHEMBL65071,25.12,7.60,CHEMBL670398,CHEMBL1131803
CHEMBL99198,25.0,7.60,CHEMBL671730,CHEMBL1144878
CHEMBL164736,11000.0,4.96,CHEMBL672527,CHEMBL1133710
CHEMBL164736,13000.0,4.89,CHEMBL670558,CHEMBL1133710
CHEMBL165171,5200.0,5.28,CHEMBL672527,CHEMBL1133710
CHEMBL165171,7300.0,5.14,CHEMBL670558,CHEMBL1133710
CHEMBL282375,3650.0,5.44,CHEMBL670677,CHEMBL1132996
CHEMBL341481,103.0,6.99,CHEMBL671730,CHEMBL1144878
CHEMBL127080,56.0,7.25,CHEMBL671730,CHEMBL1144878
CHEMBL273921,234.42,6.63,CHEMBL672229,CHEMBL1136643
CHEMBL126136,15.2,7.82,CHEMBL671730,CHEMBL1144878
CHEMBL126780,23.0,7.64,CHEMBL671730,CHEMBL1144878
CHEMBL126331,94.6,7.02,CHEMBL671730,CHEMBL1144878
CHEMBL340712,76.4,7.12,CHEMBL671730,CHEMBL1144878
CHEMBL127979,300.0,6.52,CHEMBL671730,CHEMBL1144878
CHEMBL129606,235.0,6.63,CHEMBL671730,CHEMBL1144878
CHEMBL126439,53.2,7.27,CHEMBL671730,CHEMBL1144878
CHEMBL129429,36.79,7.43,CHEMBL671730,CHEMBL1144878
CHEMBL126342,114.0,6.94,CHEMBL671730,CHEMBL1144878
CHEMBL126892,20.9,7.68,CHEMBL671730,CHEMBL1144878
CHEMBL126656,44.0,7.36,CHEMBL671730,CHEMBL1144878
CHEMBL126441,14.0,7.85,CHEMBL671730,CHEMBL1144878
CHEMBL421085,23.0,7.64,CHEMBL671730,CHEMBL1144878
CHEMBL126632,50.0,7.30,CHEMBL671730,CHEMBL1144878
CHEMBL418321,50.12,7.30,CHEMBL670398,CHEMBL1131803
CHEMBL281924,7.1,8.15,CHEMBL670677,CHEMBL1132996
CHEMBL280804,24.5,7.61,CHEMBL670677,CHEMBL1132996
CHEMBL127029,200.0,6.70,CHEMBL671730,CHEMBL1144878
CHEMBL65122,39.81,7.40,CHEMBL670398,CHEMBL1131803
CHEMBL284586,83.2,7.08,CHEMBL664743,CHEMBL1132996
CHEMBL26998,819.0,6.09,CHEMBL664743,CHEMBL1132996
CHEMBL303979,25.12,7.60,CHEMBL670398,CHEMBL1131803
CHEMBL443006,25.12,7.60,CHEMBL670398,CHEMBL1131803
CHEMBL2112210,19.95,7.70,CHEMBL670398,CHEMBL1131803
CHEMBL350161,20000.0,,CHEMBL672527,CHEMBL1133710
CHEMBL350161,20000.0,,CHEMBL670558,CHEMBL1133710
CHEMBL27309,182.0,6.74,CHEMBL670677,CHEMBL1132996
CHEMBL129502,330.0,6.48,CHEMBL671730,CHEMBL1144878
CHEMBL59,20.0,7.70,CHEMBL672527,CHEMBL1133710
CHEMBL59,17.0,7.77,CHEMBL670558,CHEMBL1133710
CHEMBL59,1900.0,5.72,CHEMBL672528,CHEMBL1133710
CHEMBL59,1100.0,5.96,CHEMBL670556,CHEMBL1133710
CHEMBL59,42.0,7.38,CHEMBL671447,CHEMBL1133710
CHEMBL59,34.0,7.47,CHEMBL872880,CHEMBL1133710
CHEMBL59,15000.0,4.82,CHEMBL672526,CHEMBL1133710
CHEMBL59,15000.0,4.82,CHEMBL670557,CHEMBL1133710
CHEMBL164631,20000.0,,CHEMBL672527,CHEMBL1133710
CHEMBL164631,20000.0,,CHEMBL670558,CHEMBL1133710
CHEMBL281357,527.0,6.28,CHEMBL664743,CHEMBL1132996
CHEMBL26751,23.8,7.62,CHEMBL670677,CHEMBL1132996
CHEMBL281048,261.0,6.58,CHEMBL670677,CHEMBL1132996
CHEMBL126502,68.0,7.17,CHEMBL671730,CHEMBL1144878
CHEMBL126746,37.0,7.43,CHEMBL671730,CHEMBL1144878
CHEMBL125459,8.0,8.10,CHEMBL671730,CHEMBL1144878
CHEMBL341299,11.1,7.96,CHEMBL671730,CHEMBL1144878
CHEMBL293159,19.95,7.70,CHEMBL670398,CHEMBL1131803
CHEMBL436157,125.89,6.90,CHEMBL670398,CHEMBL1131803
CHEMBL163087,160.0,6.80,CHEMBL672527,CHEMBL1133710
CHEMBL163087,970.0,6.01,CHEMBL670558,CHEMBL1133710
CHEMBL163087,20000.0,,CHEMBL672528,CHEMBL1133710
CHEMBL163087,20000.0,,CHEMBL670556,CHEMBL1133710
CHEMBL163087,16.0,7.80,CHEMBL672529,CHEMBL1133710
CHEMBL163087,17.0,7.77,CHEMBL872880,CHEMBL1133710
CHEMBL163087,20000.0,,CHEMBL672526,CHEMBL1133710
CHEMBL163087,20000.0,,CHEMBL670557,CHEMBL1133710
CHEMBL163087,20000.0,,CHEMBL673075,CHEMBL1133710
CHEMBL163087,20000.0,,CHEMBL672581,CHEMBL1133710
CHEMBL27940,201.0,6.70,CHEMBL664743,CHEMBL1132996
CHEMBL126313,71.9,7.14,CHEMBL671730,CHEMBL1144878
CHEMBL339103,35.0,7.46,CHEMBL671730,CHEMBL1144878
CHEMBL291417,31.62,7.50,CHEMBL670398,CHEMBL1131803
CHEMBL59662,251.19,6.60,CHEMBL670398,CHEMBL1131803
CHEMBL64157,25.12,7.60,CHEMBL670398,CHEMBL1131803
CHEMBL277790,79.43,7.10,CHEMBL670398,CHEMBL1131803
CHEMBL338606,20.7,7.68,CHEMBL671730,CHEMBL1144878
CHEMBL127038,10.3,7.99,CHEMBL671730,CHEMBL1144878
CHEMBL418671,31.62,7.50,CHEMBL670398,CHEMBL1131803
CHEMBL162762,270.0,6.57,CHEMBL672527,CHEMBL1133710
CHEMBL162762,250.0,6.60,CHEMBL670558,CHEMBL1133710
CHEMBL162762,14000.0,4.85,CHEMBL672528,CHEMBL1133710
CHEMBL162762,12000.0,4.92,CHEMBL670556,CHEMBL1133710
CHEMBL162762,38.0,7.42,CHEMBL672529,CHEMBL1133710
CHEMBL162762,34.0,7.47,CHEMBL872880,CHEMBL1133710
CHEMBL162762,19000.0,4.72,CHEMBL672526,CHEMBL1133710
CHEMBL162762,17000.0,4.77,CHEMBL670557,CHEMBL1133710
CHEMBL162762,2800.0,5.55,CHEMBL673075,CHEMBL1133710
CHEMBL162762,2900.0,5.54,CHEMBL672581,CHEMBL1133710
CHEMBL128133,56.0,7.25,CHEMBL671730,CHEMBL1144878
CHEMBL129465,14.0,7.85,CHEMBL671730,CHEMBL1144878
CHEMBL339062,11.5,7.94,CHEMBL671730,CHEMBL1144878
CHEMBL127912,20.0,7.70,CHEMBL671730,CHEMBL1144878
CHEMBL338552,9.5,8.02,CHEMBL671730,CHEMBL1144878
CHEMBL125580,145.0,6.84,CHEMBL671730,CHEMBL1144878
CHEMBL279247,6.1,8.21,CHEMBL671730,CHEMBL1144878
CHEMBL294275,199.53,6.70,CHEMBL670398,CHEMBL1131803
CHEMBL62823,39.81,7.40,CHEMBL670398,CHEMBL1131803
CHEMBL27254,146.0,6.84,CHEMBL671730,CHEMBL1144878
CHEMBL125676,128.0,6.89,CHEMBL671730,CHEMBL1144878
CHEMBL126280,13.0,7.89,CHEMBL671730,CHEMBL1144878
CHEMBL294515,31.62,7.50,CHEMBL670398,CHEMBL1131803
CHEMBL418321,501.19,6.30,CHEMBL670398,CHEMBL1131803
CHEMBL62416,12.59,7.90,CHEMBL670398,CHEMBL1131803
CHEMBL164950,20000.0,,CHEMBL672527,CHEMBL1133710
CHEMBL164950,15000.0,4.82,CHEMBL670558,CHEMBL1133710
CHEMBL302416,25.12,7.60,CHEMBL670398,CHEMBL1131803
CHEMBL341134,23.7,7.62,CHEMBL671730,CHEMBL1144878
CHEMBL340851,32.0,7.50,CHEMBL671730,CHEMBL1144878
CHEMBL415520,50.2,7.30,CHEMBL671730,CHEMBL1144878
CHEMBL61565,39.81,7.40,CHEMBL670398,CHEMBL1131803
CHEMBL26471,317.0,6.50,CHEMBL670677,CHEMBL1132996
CHEMBL129035,7.2,8.14,CHEMBL671730,CHEMBL1144878
CHEMBL126258,19.5,7.71,CHEMBL671730,CHEMBL1144878
CHEMBL129022,27.5,7.56,CHEMBL671730,CHEMBL1144878
CHEMBL341241,10.0,8.00,CHEMBL671730,CHEMBL1144878
CHEMBL341542,14.5,7.84,CHEMBL671730,CHEMBL1144878
CHEMBL129767,19.0,7.72,CHEMBL671730,CHEMBL1144878
CHEMBL126285,40.0,7.40,CHEMBL671730,CHEMBL1144878
CHEMBL302416,316.23,6.50,CHEMBL670398,CHEMBL1131803
CHEMBL281554,70.8,7.15,CHEMBL670677,CHEMBL1132996
CHEMBL127288,26.5,7.58,CHEMBL671730,CHEMBL1144878
CHEMBL340608,63.0,7.20,CHEMBL671730,CHEMBL1144878
CHEMBL127923,38.5,7.42,CHEMBL671730,CHEMBL1144878
CHEMBL126749,32.0,7.50,CHEMBL671730,CHEMBL1144878
CHEMBL434403,19.95,7.70,CHEMBL670398,CHEMBL1131803
CHEMBL166325,15000.0,4.82,CHEMBL672381,CHEMBL1133710
CHEMBL166325,15000.0,4.82,CHEMBL672954,CHEMBL1133710
CHEMBL126312,28.4,7.55,CHEMBL671730,CHEMBL1144878
CHEMBL340313,178.0,6.75,CHEMBL671730,CHEMBL1144878
CHEMBL127654,15.0,7.82,CHEMBL671730,CHEMBL1144878
CHEMBL65280,31.62,7.50,CHEMBL670398,CHEMBL1131803
CHEMBL282863,19.4,7.71,CHEMBL664743,CHEMBL1132996
CHEMBL127234,18.0,7.75,CHEMBL671730,CHEMBL1144878
CHEMBL25236,61.0,7.21,CHEMBL671730,CHEMBL1144878
CHEMBL165022,12000.0,4.92,CHEMBL672527,CHEMBL1133710
CHEMBL165022,20000.0,,CHEMBL670558,CHEMBL1133710
CHEMBL421667,117.0,6.93,CHEMBL671730,CHEMBL1144878
CHEMBL126834,18.0,7.75,CHEMBL671730,CHEMBL1144878
CHEMBL281923,71.0,7.15,CHEMBL670677,CHEMBL1132996
CHEMBL339620,200.0,6.70,CHEMBL671730,CHEMBL1144878
CHEMBL126725,22.6,7.65,CHEMBL671730,CHEMBL1144878
CHEMBL3085215,30100.0,4.52,CHEMBL670887,CHEMBL1133455
CHEMBL419760,100.0,7.00,CHEMBL674353,CHEMBL1129831
CHEMBL113606,19.95,7.70,CHEMBL674353,CHEMBL1129831
CHEMBL138989,330.0,6.48,CHEMBL670786,CHEMBL1135791
CHEMBL112219,25.12,7.60,CHEMBL674353,CHEMBL1129831
CHEMBL325859,25.12,7.60,CHEMBL674353,CHEMBL1129831
CHEMBL111884,39.81,7.40,CHEMBL674353,CHEMBL1129831
CHEMBL21967,0.7943,9.10,CHEMBL674353,CHEMBL1129831
CHEMBL1742470,50000.0,,CHEMBL670882,CHEMBL1133455
CHEMBL109532,7.943,8.10,CHEMBL674353,CHEMBL1129831
CHEMBL325060,1258.93,5.90,CHEMBL674353,CHEMBL1129831
CHEMBL3085218,1000.0,,CHEMBL670882,CHEMBL1133455
CHEMBL3085224,1000.0,,CHEMBL670882,CHEMBL1133455
CHEMBL113229,3.162,8.50,CHEMBL674353,CHEMBL1129831
CHEMBL2111582,50000.0,,CHEMBL670882,CHEMBL1133455
CHEMBL322070,1.0,9.00,CHEMBL674353,CHEMBL1129831
CHEMBL2112383,1000.0,,CHEMBL670882,CHEMBL1133455
CHEMBL74355,1300.0,5.89,CHEMBL671362,CHEMBL1132835
CHEMBL3085216,50000.0,,CHEMBL670882,CHEMBL1133455
CHEMBL325658,794.33,6.10,CHEMBL674353,CHEMBL1129831
CHEMBL3085223,1000.0,,CHEMBL670882,CHEMBL1133455
CHEMBL332270,10.0,8.00,CHEMBL674353,CHEMBL1129831
CHEMBL112735,1.995,8.70,CHEMBL674353,CHEMBL1129831
CHEMBL324044,31.62,7.50,CHEMBL674353,CHEMBL1129831
CHEMBL321244,25.12,7.60,CHEMBL674353,CHEMBL1129831
CHEMBL112505,79.43,7.10,CHEMBL674353,CHEMBL1129831
CHEMBL263881,120.0,6.92,CHEMBL670786,CHEMBL1135791
CHEMBL112705,0.3981,9.40,CHEMBL674353,CHEMBL1129831
CHEMBL91205,900.0,6.05,CHEMBL671362,CHEMBL1132835
CHEMBL2112388,1000.0,,CHEMBL670882,CHEMBL1133455
CHEMBL326662,39.81,7.40,CHEMBL674353,CHEMBL1129831
CHEMBL2367896,158.49,6.80,CHEMBL674353,CHEMBL1129831
CHEMBL113524,12.59,7.90,CHEMBL674353,CHEMBL1129831
CHEMBL343755,110.0,6.96,CHEMBL670786,CHEMBL1135791
CHEMBL323817,0.7943,9.10,CHEMBL674353,CHEMBL1129831
CHEMBL110793,15.85,7.80,CHEMBL674353,CHEMBL1129831
CHEMBL2112384,1000.0,,CHEMBL670882,CHEMBL1133455
CHEMBL112268,7.943,8.10,CHEMBL674353,CHEMBL1129831
CHEMBL137781,60.0,7.22,CHEMBL670784,CHEMBL1135791
CHEMBL22156,39.81,7.40,CHEMBL674353,CHEMBL1129831
CHEMBL3084312,1000.0,,CHEMBL670882,CHEMBL1133455
CHEMBL113523,6.31,8.20,CHEMBL674353,CHEMBL1129831
CHEMBL2113718,2400.0,5.62,CHEMBL671363,CHEMBL1135184
CHEMBL2113718,3400.0,5.47,CHEMBL671365,CHEMBL1135184
CHEMBL319043,59.0,7.23,CHEMBL675680,CHEMBL1134937
CHEMBL322222,1434.0,5.84,CHEMBL675680,CHEMBL1134937
CHEMBL107631,1178.0,5.93,CHEMBL675680,CHEMBL1134937
CHEMBL108282,191.0,6.72,CHEMBL675680,CHEMBL1134937
CHEMBL25856,1520.0,5.82,CHEMBL671379,CHEMBL1128531
CHEMBL92189,290.0,6.54,CHEMBL671375,CHEMBL1132306
CHEMBL103912,3107.0,5.51,CHEMBL671417,CHEMBL1135499
CHEMBL91621,86.0,7.07,CHEMBL671375,CHEMBL1132306
CHEMBL103441,1080.0,5.97,CHEMBL671417,CHEMBL1135499
CHEMBL58662,760.0,6.12,CHEMBL671363,CHEMBL1135184
CHEMBL58662,550.0,6.26,CHEMBL671365,CHEMBL1135184
CHEMBL431640,271.0,6.57,CHEMBL675680,CHEMBL1134937
CHEMBL107678,1000.0,,CHEMBL675680,CHEMBL1134937
CHEMBL321121,96.0,7.02,CHEMBL675680,CHEMBL1134937
CHEMBL91272,190.0,6.72,CHEMBL671375,CHEMBL1132306
CHEMBL93832,1300.0,5.89,CHEMBL671375,CHEMBL1132306
CHEMBL316584,3676.0,,CHEMBL671417,CHEMBL1135499
CHEMBL294394,3100.0,5.51,CHEMBL671363,CHEMBL1135184
CHEMBL294394,3000.0,5.52,CHEMBL671365,CHEMBL1135184
CHEMBL110712,1000.0,,CHEMBL675680,CHEMBL1134937
CHEMBL108011,218.0,6.66,CHEMBL675680,CHEMBL1134937
CHEMBL291143,1550.0,5.81,CHEMBL671379,CHEMBL1128531
CHEMBL105623,439.0,6.36,CHEMBL671417,CHEMBL1135499
CHEMBL320721,1096.0,5.96,CHEMBL675680,CHEMBL1134937
CHEMBL24077,4670.0,5.33,CHEMBL671379,CHEMBL1128531
CHEMBL327339,1600.0,,CHEMBL671375,CHEMBL1132306
CHEMBL90711,1600.0,,CHEMBL671375,CHEMBL1132306
CHEMBL91229,220.0,6.66,CHEMBL671375,CHEMBL1132306
CHEMBL322638,375.0,6.43,CHEMBL671417,CHEMBL1135499
CHEMBL57176,770.0,6.11,CHEMBL671363,CHEMBL1135184
CHEMBL57176,580.0,6.24,CHEMBL671365,CHEMBL1135184
CHEMBL91669,11.0,7.96,CHEMBL671375,CHEMBL1132306
CHEMBL94283,73.0,7.14,CHEMBL671375,CHEMBL1132306
CHEMBL102582,6.24,8.21,CHEMBL671417,CHEMBL1135499
CHEMBL107151,3027.0,5.52,CHEMBL675680,CHEMBL1134937
CHEMBL328739,15.0,7.82,CHEMBL671375,CHEMBL1132306
CHEMBL60815,230.0,6.64,CHEMBL671363,CHEMBL1135184
CHEMBL60815,170.0,6.77,CHEMBL671365,CHEMBL1135184
CHEMBL444309,1700.0,,CHEMBL671375,CHEMBL1132306
CHEMBL106169,758.0,6.12,CHEMBL675680,CHEMBL1134937
CHEMBL28338,710.0,6.15,CHEMBL671379,CHEMBL1128531
CHEMBL544814,4020.0,5.40,CHEMBL671379,CHEMBL1128531
CHEMBL319051,4780.0,,CHEMBL671417,CHEMBL1135499
CHEMBL42,74.0,7.13,CHEMBL671375,CHEMBL1132306
CHEMBL91553,270.0,6.57,CHEMBL671375,CHEMBL1132306
CHEMBL92859,95.0,7.02,CHEMBL671375,CHEMBL1132306
CHEMBL91155,900.0,6.05,CHEMBL671375,CHEMBL1132306
CHEMBL1303,0.06,10.22,CHEMBL671417,CHEMBL1135499
CHEMBL320597,113.0,6.95,CHEMBL672178,CHEMBL1134937
CHEMBL91821,280.0,6.55,CHEMBL671375,CHEMBL1132306
CHEMBL91498,26.0,7.58,CHEMBL671375,CHEMBL1132306
CHEMBL103622,20.0,7.70,CHEMBL671417,CHEMBL1135499
CHEMBL106862,273.0,6.56,CHEMBL675680,CHEMBL1134937
CHEMBL327310,1700.0,,CHEMBL671375,CHEMBL1132306
CHEMBL90005,7.8,8.11,CHEMBL671375,CHEMBL1132306
CHEMBL316125,83.0,7.08,CHEMBL671375,CHEMBL1132306
CHEMBL104678,43.0,7.37,CHEMBL675680,CHEMBL1134937
CHEMBL104323,2583.0,5.59,CHEMBL675680,CHEMBL1134937
CHEMBL319923,219.0,6.66,CHEMBL675680,CHEMBL1134937
CHEMBL94023,170.0,6.77,CHEMBL671375,CHEMBL1132306
CHEMBL105317,673.0,6.17,CHEMBL675680,CHEMBL1134937
CHEMBL301559,34.0,7.47,CHEMBL671417,CHEMBL1135499
CHEMBL104751,28.0,7.55,CHEMBL675680,CHEMBL1134937
CHEMBL450021,110.0,6.96,CHEMBL671375,CHEMBL1132306
CHEMBL54,1.0,9.00,CHEMBL675680,CHEMBL1134937
CHEMBL326010,271.0,6.57,CHEMBL675680,CHEMBL1134937
CHEMBL320515,199.0,6.70,CHEMBL675680,CHEMBL1134937
CHEMBL106827,1000.0,,CHEMBL675680,CHEMBL1134937
CHEMBL328667,150.0,6.82,CHEMBL671375,CHEMBL1132306
CHEMBL93970,1500.0,,CHEMBL671375,CHEMBL1132306
CHEMBL106119,9395.0,5.03,CHEMBL675680,CHEMBL1134937
CHEMBL104058,286.0,6.54,CHEMBL675680,CHEMBL1134937
CHEMBL105745,491.0,6.31,CHEMBL675680,CHEMBL1134937
CHEMBL91162,56.0,7.25,CHEMBL671375,CHEMBL1132306
CHEMBL105172,95.0,7.02,CHEMBL675680,CHEMBL1134937
CHEMBL59,260.0,6.58,CHEMBL671379,CHEMBL1128531
CHEMBL103857,27.0,7.57,CHEMBL671417,CHEMBL1135499
CHEMBL42,138.0,6.86,CHEMBL672178,CHEMBL1134937
CHEMBL105354,2364.0,5.63,CHEMBL675680,CHEMBL1134937
CHEMBL321201,1149.0,5.94,CHEMBL675680,CHEMBL1134937
CHEMBL102632,630.0,6.20,CHEMBL671417,CHEMBL1135499
CHEMBL42,41.0,7.39,CHEMBL671363,CHEMBL1135184
CHEMBL42,28.0,7.55,CHEMBL671365,CHEMBL1135184
CHEMBL431095,1900.0,,CHEMBL671375,CHEMBL1132306
CHEMBL7927,3200.0,5.50,CHEMBL671363,CHEMBL1135184
CHEMBL7927,4300.0,5.37,CHEMBL671365,CHEMBL1135184
CHEMBL105601,1000.0,6.00,CHEMBL675680,CHEMBL1134937
CHEMBL93432,8.8,8.06,CHEMBL671375,CHEMBL1132306
CHEMBL327176,330.0,6.48,CHEMBL671375,CHEMBL1132306
CHEMBL102414,3676.0,5.43,CHEMBL671417,CHEMBL1135499
CHEMBL93958,82.0,7.09,CHEMBL671375,CHEMBL1132306
CHEMBL89971,38.0,7.42,CHEMBL671375,CHEMBL1132306
CHEMBL104135,2037.0,5.69,CHEMBL671417,CHEMBL1135499
CHEMBL15136,14.0,7.85,CHEMBL671417,CHEMBL1135499
CHEMBL56118,3700.0,5.43,CHEMBL671363,CHEMBL1135184
CHEMBL56118,8000.0,5.10,CHEMBL671365,CHEMBL1135184
CHEMBL321698,747.0,6.13,CHEMBL675680,CHEMBL1134937
CHEMBL263162,52.0,7.28,CHEMBL671375,CHEMBL1132306
CHEMBL93969,60.0,7.22,CHEMBL671375,CHEMBL1132306
CHEMBL105454,5940.0,5.23,CHEMBL675680,CHEMBL1134937
CHEMBL326863,134.0,6.87,CHEMBL675680,CHEMBL1134937
CHEMBL317670,713.0,6.15,CHEMBL675680,CHEMBL1134937
CHEMBL269396,1400.0,5.85,CHEMBL671374,CHEMBL1127435
CHEMBL90654,640.0,6.19,CHEMBL671374,CHEMBL1127435
CHEMBL91350,680.0,6.17,CHEMBL671374,CHEMBL1127435
CHEMBL716,69.0,7.16,CHEMBL672179,CHEMBL1134342
CHEMBL543473,629.0,6.20,CHEMBL672777,CHEMBL1126025
CHEMBL831,21.0,7.68,CHEMBL675960,CHEMBL1127435
CHEMBL90882,2.5,8.60,CHEMBL675960,CHEMBL1127435
CHEMBL53,28.0,7.55,CHEMBL673248,CHEMBL1127372
CHEMBL2112882,3.162,8.50,CHEMBL672230,CHEMBL1145901
CHEMBL85,0.44,9.36,CHEMBL672179,CHEMBL1134342
CHEMBL418854,13.2,7.88,CHEMBL669156,CHEMBL1132360
CHEMBL42,220.0,6.66,CHEMBL671374,CHEMBL1127435
CHEMBL91310,57.0,7.24,CHEMBL675960,CHEMBL1127435
CHEMBL282199,316.23,6.50,CHEMBL672232,CHEMBL1133573
CHEMBL285802,11.0,7.96,CHEMBL672179,CHEMBL1134342
CHEMBL7828,150.0,6.82,CHEMBL675960,CHEMBL1127435
CHEMBL94067,520.0,6.28,CHEMBL671374,CHEMBL1127435
CHEMBL432762,94.0,7.03,CHEMBL675960,CHEMBL1127435
CHEMBL83894,1000.0,,CHEMBL672177,CHEMBL1134342
CHEMBL263881,125.89,6.90,CHEMBL672230,CHEMBL1145901
CHEMBL715,2.1,8.68,CHEMBL672179,CHEMBL1134342
CHEMBL94984,630.96,6.20,CHEMBL672232,CHEMBL1133573
CHEMBL89719,730.0,6.14,CHEMBL671374,CHEMBL1127435
CHEMBL335545,25.5,7.59,CHEMBL673248,CHEMBL1127372
CHEMBL836,13.0,7.89,CHEMBL672912,CHEMBL1133729
CHEMBL836,78.0,7.11,CHEMBL672575,CHEMBL1133729
CHEMBL7430,560.0,6.25,CHEMBL671374,CHEMBL1127435
CHEMBL88464,8.7,8.06,CHEMBL675960,CHEMBL1127435
CHEMBL12624,1584.89,5.80,CHEMBL674938,CHEMBL1133573
CHEMBL328246,690.0,6.16,CHEMBL675960,CHEMBL1127435
CHEMBL708,2.8,8.55,CHEMBL672179,CHEMBL1134342
CHEMBL73538,2500.0,5.60,CHEMBL671374,CHEMBL1127435
CHEMBL94067,790.0,6.10,CHEMBL671374,CHEMBL1127435
CHEMBL275696,520.0,6.28,CHEMBL675960,CHEMBL1127435
CHEMBL88870,290.0,6.54,CHEMBL675960,CHEMBL1127435
CHEMBL1788231,398.11,6.40,CHEMBL672232,CHEMBL1133573
CHEMBL543472,4408.0,5.36,CHEMBL672777,CHEMBL1126025
CHEMBL327713,250.0,6.60,CHEMBL671374,CHEMBL1127435
CHEMBL7617,1.0,9.00,CHEMBL675960,CHEMBL1127435
CHEMBL540857,1374.0,5.86,CHEMBL672778,CHEMBL1126025
CHEMBL42,190.0,6.72,CHEMBL672179,CHEMBL1134342
CHEMBL557799,5760.0,5.24,CHEMBL672777,CHEMBL1126025
CHEMBL54,0.5,9.30,CHEMBL673248,CHEMBL1127372
CHEMBL89970,21.0,7.68,CHEMBL675960,CHEMBL1127435
CHEMBL309106,23.0,7.64,CHEMBL672912,CHEMBL1133729
CHEMBL309106,25.0,7.60,CHEMBL672575,CHEMBL1133729
CHEMBL333784,1000.0,6.00,CHEMBL672232,CHEMBL1133573
CHEMBL94067,570.0,6.24,CHEMBL671374,CHEMBL1127435
CHEMBL90977,730.0,6.14,CHEMBL675960,CHEMBL1127435
CHEMBL266723,1100.0,5.96,CHEMBL671374,CHEMBL1127435
CHEMBL116448,794.33,6.10,CHEMBL672232,CHEMBL1133573
CHEMBL415300,47.0,7.33,CHEMBL671374,CHEMBL1127435
CHEMBL367129,199.53,6.70,CHEMBL672227,CHEMBL1132014
CHEMBL291545,199.53,6.70,CHEMBL672227,CHEMBL1132014
CHEMBL101910,300.0,,CHEMBL671654,CHEMBL1131356
CHEMBL432713,15.85,7.80,CHEMBL670679,CHEMBL1133914
CHEMBL330865,219.0,6.66,CHEMBL673013,CHEMBL1127316
CHEMBL543176,1079.0,5.97,CHEMBL673013,CHEMBL1127316
CHEMBL73665,19.95,7.70,CHEMBL670400,CHEMBL1128113
CHEMBL52987,316.23,6.50,CHEMBL672227,CHEMBL1132014
CHEMBL55840,1000.0,6.00,CHEMBL672227,CHEMBL1132014
CHEMBL52901,316.23,6.50,CHEMBL672227,CHEMBL1132014
CHEMBL413343,330.0,6.48,CHEMBL672913,CHEMBL1132075
CHEMBL413343,120.0,6.92,CHEMBL672576,CHEMBL1132075
CHEMBL53833,501.19,6.30,CHEMBL672227,CHEMBL1132014
CHEMBL52770,501.19,6.30,CHEMBL672227,CHEMBL1132014
CHEMBL423440,2000.0,5.70,CHEMBL672913,CHEMBL1132075
CHEMBL423440,1500.0,5.82,CHEMBL672576,CHEMBL1132075
CHEMBL100461,10000.0,,CHEMBL671654,CHEMBL1131356
CHEMBL54715,1584.89,5.80,CHEMBL672227,CHEMBL1132014
CHEMBL57219,398.11,6.40,CHEMBL672227,CHEMBL1132014
CHEMBL11066,2.4,8.62,CHEMBL672486,CHEMBL1126639
CHEMBL11363,235.0,6.63,CHEMBL672486,CHEMBL1126639
CHEMBL70866,100.0,7.00,CHEMBL670400,CHEMBL1128113
CHEMBL168566,820.0,6.09,CHEMBL672913,CHEMBL1132075
CHEMBL168566,540.0,6.27,CHEMBL672576,CHEMBL1132075
CHEMBL167414,1400.0,5.85,CHEMBL672913,CHEMBL1132075
CHEMBL167414,640.0,6.19,CHEMBL672576,CHEMBL1132075
CHEMBL169222,110.0,6.96,CHEMBL672913,CHEMBL1132075
CHEMBL169222,58.0,7.24,CHEMBL672576,CHEMBL1132075
CHEMBL101285,456.0,6.34,CHEMBL671654,CHEMBL1131356
CHEMBL99849,37.6,7.42,CHEMBL671654,CHEMBL1131356
CHEMBL53,26.0,7.58,CHEMBL670742,CHEMBL1126639
CHEMBL11065,917.0,6.04,CHEMBL672486,CHEMBL1126639
CHEMBL53351,501.19,6.30,CHEMBL672227,CHEMBL1132014
CHEMBL355566,51.0,7.29,CHEMBL672913,CHEMBL1132075
CHEMBL355566,21.0,7.68,CHEMBL672576,CHEMBL1132075
CHEMBL331470,344.0,6.46,CHEMBL673013,CHEMBL1127316
CHEMBL56,84.0,7.08,CHEMBL670781,CHEMBL1129976
CHEMBL354180,28.0,7.55,CHEMBL672913,CHEMBL1132075
CHEMBL354180,10.0,8.00,CHEMBL672576,CHEMBL1132075
CHEMBL168274,980.0,6.01,CHEMBL672913,CHEMBL1132075
CHEMBL168274,540.0,6.27,CHEMBL672576,CHEMBL1132075
CHEMBL543412,1630.0,5.79,CHEMBL673013,CHEMBL1127316
CHEMBL71960,39.81,7.40,CHEMBL670400,CHEMBL1128113
CHEMBL279925,100.0,7.00,CHEMBL672227,CHEMBL1132014
CHEMBL55276,316.23,6.50,CHEMBL672227,CHEMBL1132014
CHEMBL55090,398.11,6.40,CHEMBL672227,CHEMBL1132014
CHEMBL52468,251.19,6.60,CHEMBL672227,CHEMBL1132014
CHEMBL544594,1000.0,6.00,CHEMBL673013,CHEMBL1127316
CHEMBL553311,25.0,7.60,CHEMBL673013,CHEMBL1127316
CHEMBL293347,251.19,6.60,CHEMBL672227,CHEMBL1132014
CHEMBL52135,398.11,6.40,CHEMBL672227,CHEMBL1132014
CHEMBL122761,10000.0,,CHEMBL673013,CHEMBL1127316
CHEMBL275707,10000.0,,CHEMBL673013,CHEMBL1127316
CHEMBL54777,100.0,7.00,CHEMBL672227,CHEMBL1132014
CHEMBL168611,45.0,7.35,CHEMBL672913,CHEMBL1132075
CHEMBL168611,28.0,7.55,CHEMBL672576,CHEMBL1132075
CHEMBL297960,125.89,6.90,CHEMBL672227,CHEMBL1132014
CHEMBL300571,7.2,8.14,CHEMBL671654,CHEMBL1131356
CHEMBL11363,0.3,9.52,CHEMBL672486,CHEMBL1126639
CHEMBL542942,10000.0,,CHEMBL673013,CHEMBL1127316
CHEMBL71894,398.11,6.40,CHEMBL670400,CHEMBL1128113
CHEMBL52724,125.89,6.90,CHEMBL672227,CHEMBL1132014
CHEMBL353090,3100.0,5.51,CHEMBL672913,CHEMBL1132075
CHEMBL353090,1600.0,5.80,CHEMBL672576,CHEMBL1132075
CHEMBL424575,190.0,6.72,CHEMBL672913,CHEMBL1132075
CHEMBL424575,190.0,6.72,CHEMBL672576,CHEMBL1132075
CHEMBL123014,540.0,6.27,CHEMBL673013,CHEMBL1127316
CHEMBL353087,19000.0,4.72,CHEMBL672913,CHEMBL1132075
CHEMBL353087,21000.0,4.68,CHEMBL672576,CHEMBL1132075
CHEMBL64508,75.8,7.12,CHEMBL671654,CHEMBL1131356
CHEMBL103900,300.0,,CHEMBL671654,CHEMBL1131356
CHEMBL56,86.0,7.07,CHEMBL672486,CHEMBL1126639
CHEMBL267044,120.0,6.92,CHEMBL672913,CHEMBL1132075
CHEMBL267044,51.0,7.29,CHEMBL672576,CHEMBL1132075
CHEMBL1713,3.0,8.52,CHEMBL670742,CHEMBL1126639
CHEMBL123488,2192.0,5.66,CHEMBL673013,CHEMBL1127316
CHEMBL54,1.0,9.00,CHEMBL670400,CHEMBL1128113
CHEMBL11388,75.0,7.12,CHEMBL672486,CHEMBL1126639
CHEMBL11066,0.5,9.30,CHEMBL672486,CHEMBL1126639
CHEMBL331172,10000.0,,CHEMBL673013,CHEMBL1127316
CHEMBL88365,246.0,6.61,CHEMBL671654,CHEMBL1131356
CHEMBL303336,640.0,6.19,CHEMBL673013,CHEMBL1127316
CHEMBL545058,125.0,6.90,CHEMBL673013,CHEMBL1127316
CHEMBL55524,316.23,6.50,CHEMBL672227,CHEMBL1132014
CHEMBL64553,10.4,7.98,CHEMBL671654,CHEMBL1131356
CHEMBL11386,464.0,6.33,CHEMBL672486,CHEMBL1126639
CHEMBL545285,1137.0,5.94,CHEMBL673013,CHEMBL1127316
CHEMBL166587,110.0,6.96,CHEMBL672913,CHEMBL1132075
CHEMBL166587,86.0,7.07,CHEMBL672576,CHEMBL1132075
CHEMBL169193,150.0,6.82,CHEMBL672913,CHEMBL1132075
CHEMBL169193,79.0,7.10,CHEMBL672576,CHEMBL1132075
CHEMBL102490,9.0,8.05,CHEMBL671654,CHEMBL1131356
CHEMBL267557,235.0,6.63,CHEMBL672486,CHEMBL1126639
CHEMBL542217,776.0,6.11,CHEMBL673013,CHEMBL1127316
CHEMBL545287,61.0,7.21,CHEMBL673013,CHEMBL1127316
CHEMBL554437,1168.0,5.93,CHEMBL673013,CHEMBL1127316
CHEMBL100952,300.0,,CHEMBL671654,CHEMBL1131356
CHEMBL11388,100.0,7.00,CHEMBL672486,CHEMBL1126639
CHEMBL552572,577.0,6.24,CHEMBL673013,CHEMBL1127316
CHEMBL122538,62.0,7.21,CHEMBL673013,CHEMBL1127316
CHEMBL54948,1000.0,6.00,CHEMBL672227,CHEMBL1132014
CHEMBL299038,501.19,6.30,CHEMBL672227,CHEMBL1132014
CHEMBL71707,1258.93,5.90,CHEMBL670089,CHEMBL1133914
CHEMBL542946,10000.0,,CHEMBL673013,CHEMBL1127316
CHEMBL122165,515.0,6.29,CHEMBL673013,CHEMBL1127316
CHEMBL52466,158.49,6.80,CHEMBL672227,CHEMBL1132014
CHEMBL103951,300.0,,CHEMBL671654,CHEMBL1131356
CHEMBL542709,1417.0,5.85,CHEMBL673013,CHEMBL1127316
CHEMBL123937,10000.0,,CHEMBL673013,CHEMBL1127316
CHEMBL167032,27000.0,4.57,CHEMBL672913,CHEMBL1132075
CHEMBL167032,25000.0,4.60,CHEMBL672576,CHEMBL1132075
CHEMBL323118,10000.0,,CHEMBL671654,CHEMBL1131356
CHEMBL124234,37.0,7.43,CHEMBL673013,CHEMBL1127316
CHEMBL169631,38000.0,4.42,CHEMBL672913,CHEMBL1132075
CHEMBL169631,28000.0,4.55,CHEMBL672576,CHEMBL1132075
CHEMBL168372,30000.0,4.52,CHEMBL672913,CHEMBL1132075
CHEMBL168372,19000.0,4.72,CHEMBL672576,CHEMBL1132075
CHEMBL99913,75.8,7.12,CHEMBL671654,CHEMBL1131356
CHEMBL539288,600.0,6.22,CHEMBL673013,CHEMBL1127316
CHEMBL544123,1969.0,5.71,CHEMBL673013,CHEMBL1127316
CHEMBL294747,39.81,7.40,CHEMBL670400,CHEMBL1128113
CHEMBL168544,54.0,7.27,CHEMBL672913,CHEMBL1132075
CHEMBL168544,24.0,7.62,CHEMBL672576,CHEMBL1132075
CHEMBL51977,398.11,6.40,CHEMBL672227,CHEMBL1132014
CHEMBL122758,10000.0,,CHEMBL673013,CHEMBL1127316
CHEMBL416842,316.23,6.50,CHEMBL672227,CHEMBL1132014
CHEMBL301475,630.96,6.20,CHEMBL672227,CHEMBL1132014
CHEMBL124411,410.0,6.39,CHEMBL673013,CHEMBL1127316
CHEMBL554874,3506.0,5.46,CHEMBL673013,CHEMBL1127316
CHEMBL423671,25.12,7.60,CHEMBL670400,CHEMBL1128113
CHEMBL542462,389.0,6.41,CHEMBL673013,CHEMBL1127316
CHEMBL49,1000.0,6.00,CHEMBL670781,CHEMBL1129976
CHEMBL292577,316.23,6.50,CHEMBL672227,CHEMBL1132014
CHEMBL101032,300.0,,CHEMBL671654,CHEMBL1131356
CHEMBL543889,202.0,6.70,CHEMBL673013,CHEMBL1127316
CHEMBL319816,1000.0,,CHEMBL671654,CHEMBL1131356
CHEMBL554873,2189.0,5.66,CHEMBL673013,CHEMBL1127316
CHEMBL155124,398.11,6.40,CHEMBL670681,CHEMBL1149215
CHEMBL54,0.6026,9.22,CHEMBL670681,CHEMBL1149215
CHEMBL155388,316.23,6.50,CHEMBL670681,CHEMBL1149215
CHEMBL268799,71.0,7.15,CHEMBL672164,CHEMBL1129306
CHEMBL34291,10000.0,,CHEMBL672316,CHEMBL1146779
CHEMBL338270,25.0,7.60,CHEMBL671418,CHEMBL1136546
CHEMBL7549,9.0,8.05,CHEMBL671177,CHEMBL1134894
CHEMBL7549,27.0,7.57,CHEMBL665383,CHEMBL1134894
CHEMBL129768,5000.0,,CHEMBL651364,CHEMBL1126960
CHEMBL541559,39.0,7.41,CHEMBL669942,CHEMBL1125221
CHEMBL541559,2000.0,5.70,CHEMBL669944,CHEMBL1125221
CHEMBL155426,223.87,6.65,CHEMBL670681,CHEMBL1149215
CHEMBL308480,223.87,6.65,CHEMBL670681,CHEMBL1149215
CHEMBL155257,151.36,6.82,CHEMBL670681,CHEMBL1149215
CHEMBL161846,1000.0,,CHEMBL672171,CHEMBL1147426
CHEMBL445102,2.4,8.62,CHEMBL672164,CHEMBL1129306
CHEMBL54,1.4,8.85,CHEMBL672164,CHEMBL1129306
CHEMBL158402,1300.0,5.89,CHEMBL672171,CHEMBL1147426
CHEMBL158973,330.0,6.48,CHEMBL672171,CHEMBL1147426
CHEMBL131495,16.0,7.80,CHEMBL671418,CHEMBL1136546
CHEMBL308480,104.71,6.98,CHEMBL670681,CHEMBL1149215
CHEMBL423706,40.0,7.40,CHEMBL671418,CHEMBL1136546
CHEMBL421902,40.0,7.40,CHEMBL671418,CHEMBL1136546
CHEMBL155257,162.18,6.79,CHEMBL670681,CHEMBL1149215
CHEMBL1794855,10000.0,,CHEMBL671373,CHEMBL1146789
CHEMBL308480,338.84,6.47,CHEMBL670681,CHEMBL1149215
CHEMBL421801,436.52,6.36,CHEMBL670681,CHEMBL1149215
CHEMBL336771,10.0,8.00,CHEMBL671418,CHEMBL1136546
CHEMBL60518,1700.0,,CHEMBL672164,CHEMBL1129306
CHEMBL42,260.0,6.58,CHEMBL672100,CHEMBL1139457
CHEMBL42,74.0,7.13,CHEMBL672164,CHEMBL1129306
CHEMBL310153,204.17,6.69,CHEMBL670681,CHEMBL1149215
CHEMBL421801,457.09,6.34,CHEMBL670681,CHEMBL1149215
CHEMBL54,3.0,8.52,CHEMBL671418,CHEMBL1136546
CHEMBL133524,5.0,8.30,CHEMBL671418,CHEMBL1136546
CHEMBL544118,810000.0,,CHEMBL669942,CHEMBL1125221
CHEMBL414433,25.0,7.60,CHEMBL671418,CHEMBL1136546
CHEMBL340211,52.0,7.28,CHEMBL651364,CHEMBL1126960
CHEMBL339033,403.0,6.39,CHEMBL651364,CHEMBL1126960
CHEMBL57535,1300.0,,CHEMBL672164,CHEMBL1129306
CHEMBL161203,1000.0,,CHEMBL672171,CHEMBL1147426
CHEMBL301265,27.0,7.57,CHEMBL671176,CHEMBL1134894
CHEMBL301265,40.0,7.40,CHEMBL665384,CHEMBL1134894
CHEMBL367045,13.0,7.89,CHEMBL672100,CHEMBL1139457
CHEMBL155486,213.8,6.67,CHEMBL670681,CHEMBL1149215
CHEMBL350166,130.0,6.89,CHEMBL672171,CHEMBL1147426
CHEMBL161765,450.0,6.35,CHEMBL672171,CHEMBL1147426
CHEMBL158285,870.0,6.06,CHEMBL672171,CHEMBL1147426
CHEMBL334956,20.0,7.70,CHEMBL671418,CHEMBL1136546
CHEMBL155486,64.57,7.19,CHEMBL670681,CHEMBL1149215
CHEMBL54,3.7,8.43,CHEMBL672100,CHEMBL1139457
CHEMBL340220,20.0,7.70,CHEMBL671418,CHEMBL1136546
CHEMBL80845,230.0,6.64,CHEMBL671175,CHEMBL1134894
CHEMBL80845,130.0,6.89,CHEMBL665382,CHEMBL1134894
CHEMBL59103,110.0,6.96,CHEMBL672164,CHEMBL1129306
CHEMBL59324,120.0,6.92,CHEMBL672164,CHEMBL1129306
CHEMBL545000,1900.0,5.72,CHEMBL872494,CHEMBL1125221
CHEMBL54,0.44,9.36,CHEMBL651364,CHEMBL1126960
CHEMBL130261,40.0,7.40,CHEMBL671418,CHEMBL1136546
CHEMBL553503,310.0,6.51,CHEMBL669945,CHEMBL1125221
CHEMBL553503,8000.0,5.10,CHEMBL669946,CHEMBL1125221
CHEMBL155388,1000.0,6.00,CHEMBL670681,CHEMBL1149215
CHEMBL345803,1000.0,,CHEMBL672171,CHEMBL1147426
CHEMBL310867,85.0,7.07,CHEMBL672385,CHEMBL1134894
CHEMBL310867,35.0,7.46,CHEMBL672574,CHEMBL1134894
CHEMBL554009,490.0,6.31,CHEMBL669945,CHEMBL1125221
CHEMBL554009,4000.0,5.40,CHEMBL669946,CHEMBL1125221
CHEMBL42,223.87,6.65,CHEMBL670681,CHEMBL1149215
CHEMBL27811,200.0,6.70,CHEMBL671418,CHEMBL1136546
CHEMBL129852,100.0,7.00,CHEMBL671418,CHEMBL1136546
CHEMBL335259,25.0,7.60,CHEMBL671418,CHEMBL1136546
CHEMBL129159,279.0,6.55,CHEMBL651364,CHEMBL1126960
CHEMBL339963,101.0,7.00,CHEMBL651364,CHEMBL1126960
CHEMBL155388,275.42,6.56,CHEMBL670681,CHEMBL1149215
CHEMBL155486,57.54,7.24,CHEMBL670681,CHEMBL1149215
CHEMBL129237,73.0,7.14,CHEMBL651364,CHEMBL1126960
CHEMBL157046,831.76,6.08,CHEMBL670681,CHEMBL1149215
CHEMBL339098,25.0,7.60,CHEMBL671418,CHEMBL1136546
CHEMBL60859,3346.0,5.47,CHEMBL651364,CHEMBL1126960
CHEMBL544114,19.0,7.72,CHEMBL669945,CHEMBL1125221
CHEMBL544114,21000.0,4.68,CHEMBL669946,CHEMBL1125221
CHEMBL159143,1000.0,,CHEMBL672171,CHEMBL1147426
CHEMBL129979,20.0,7.70,CHEMBL671418,CHEMBL1136546
CHEMBL153956,537.03,6.27,CHEMBL670681,CHEMBL1149215
CHEMBL57478,5500.0,5.26,CHEMBL672164,CHEMBL1129306
CHEMBL335844,12.0,7.92,CHEMBL671418,CHEMBL1136546
CHEMBL544115,55.0,7.26,CHEMBL669942,CHEMBL1125221
CHEMBL544115,1300.0,5.89,CHEMBL669943,CHEMBL1125221
CHEMBL421801,501.19,6.30,CHEMBL670681,CHEMBL1149215
CHEMBL542700,160.0,6.80,CHEMBL669941,CHEMBL1125221
CHEMBL542700,8800.0,5.06,CHEMBL669943,CHEMBL1125221
CHEMBL153956,194.98,6.71,CHEMBL670681,CHEMBL1149215
CHEMBL153956,380.19,6.42,CHEMBL670681,CHEMBL1149215
CHEMBL155257,107.15,6.97,CHEMBL670681,CHEMBL1149215
CHEMBL276520,1000.0,,CHEMBL671418,CHEMBL1136546
CHEMBL267014,960.0,6.02,CHEMBL672164,CHEMBL1129306
CHEMBL543398,77.0,7.11,CHEMBL669945,CHEMBL1125221
CHEMBL543398,2700.0,5.57,CHEMBL669946,CHEMBL1125221
CHEMBL348617,10000.0,,CHEMBL670681,CHEMBL1149215
CHEMBL154244,10000.0,,CHEMBL670681,CHEMBL1149215
CHEMBL422618,40.0,7.40,CHEMBL671418,CHEMBL1136546
CHEMBL22156,39.81,7.40,CHEMBL674347,CHEMBL1152020
CHEMBL111749,15.0,7.82,CHEMBL671368,CHEMBL1136241
CHEMBL111749,11.0,7.96,CHEMBL872881,CHEMBL1136241
CHEMBL305453,1000.0,,CHEMBL672795,CHEMBL1132730
CHEMBL58296,160.0,6.80,CHEMBL671370,CHEMBL1129307
CHEMBL326454,2.3,8.64,CHEMBL671368,CHEMBL1136241
CHEMBL326454,2.0,8.70,CHEMBL872881,CHEMBL1136241
CHEMBL293341,1700.0,,CHEMBL671370,CHEMBL1129307
CHEMBL333836,195.0,6.71,CHEMBL670880,CHEMBL1129625
CHEMBL303692,1000.0,,CHEMBL672795,CHEMBL1132730
CHEMBL53,41.9,7.38,CHEMBL670880,CHEMBL1129625
CHEMBL324073,10000.0,,CHEMBL670881,CHEMBL1129625
CHEMBL113471,2500.0,5.60,CHEMBL671368,CHEMBL1136241
CHEMBL113471,2800.0,5.55,CHEMBL872881,CHEMBL1136241
CHEMBL112831,1600.0,5.80,CHEMBL671368,CHEMBL1136241
CHEMBL112831,1100.0,5.96,CHEMBL872881,CHEMBL1136241
CHEMBL63209,7367.0,5.13,CHEMBL672795,CHEMBL1132730
CHEMBL280177,7.943,8.10,CHEMBL674347,CHEMBL1152020
CHEMBL447476,170.0,6.77,CHEMBL671368,CHEMBL1136241
CHEMBL447476,130.0,6.89,CHEMBL872881,CHEMBL1136241
CHEMBL305276,133.0,6.88,CHEMBL672795,CHEMBL1132730
CHEMBL304584,1000.0,,CHEMBL672795,CHEMBL1132730
CHEMBL98305,1.14,8.94,CHEMBL673086,CHEMBL1133458
CHEMBL277945,6.31,8.20,CHEMBL674347,CHEMBL1152020
CHEMBL21118,158.49,6.80,CHEMBL674347,CHEMBL1152020
CHEMBL281357,527.0,6.28,CHEMBL670880,CHEMBL1129625
CHEMBL333134,311.0,6.51,CHEMBL670881,CHEMBL1129625
CHEMBL118254,79.2,7.10,CHEMBL670880,CHEMBL1129625
CHEMBL333725,1010.0,6.00,CHEMBL670881,CHEMBL1129625
CHEMBL109912,54.0,7.27,CHEMBL671368,CHEMBL1136241
CHEMBL109912,39.0,7.41,CHEMBL872881,CHEMBL1136241
CHEMBL113471,2000.0,5.70,CHEMBL671368,CHEMBL1136241
CHEMBL113471,1900.0,5.72,CHEMBL872881,CHEMBL1136241
CHEMBL61080,240.0,6.62,CHEMBL671370,CHEMBL1129307
CHEMBL97424,10000.0,,CHEMBL673090,CHEMBL1133458
CHEMBL21280,251.19,6.60,CHEMBL674347,CHEMBL1152020
CHEMBL304777,1000.0,,CHEMBL672795,CHEMBL1132730
CHEMBL20763,7.943,8.10,CHEMBL674347,CHEMBL1152020
CHEMBL111749,21.0,7.68,CHEMBL671368,CHEMBL1136241
CHEMBL111749,19.0,7.72,CHEMBL872881,CHEMBL1136241
CHEMBL298875,180.0,6.75,CHEMBL671368,CHEMBL1136241
CHEMBL298875,130.0,6.89,CHEMBL670554,CHEMBL1136241
CHEMBL325772,190.0,6.72,CHEMBL671368,CHEMBL1136241
CHEMBL325772,70.0,7.16,CHEMBL872881,CHEMBL1136241
CHEMBL444309,1700.0,,CHEMBL671370,CHEMBL1129307
CHEMBL70565,1180.0,5.93,CHEMBL673090,CHEMBL1133458
CHEMBL21967,0.7943,9.10,CHEMBL674347,CHEMBL1152020
CHEMBL280961,15.85,7.80,CHEMBL674347,CHEMBL1152020
CHEMBL281177,12.59,7.90,CHEMBL674347,CHEMBL1152020
CHEMBL119656,177.0,6.75,CHEMBL670880,CHEMBL1129625
CHEMBL98836,74.0,7.13,CHEMBL673086,CHEMBL1133458
CHEMBL77395,120.0,6.92,CHEMBL672168,CHEMBL1148372
CHEMBL325818,1300.0,5.89,CHEMBL671368,CHEMBL1136241
CHEMBL325818,870.0,6.06,CHEMBL872881,CHEMBL1136241
CHEMBL119154,826.0,6.08,CHEMBL670881,CHEMBL1129625
CHEMBL325772,60.0,7.22,CHEMBL671368,CHEMBL1136241
CHEMBL325772,23.0,7.64,CHEMBL872881,CHEMBL1136241
CHEMBL112833,190.0,6.72,CHEMBL671368,CHEMBL1136241
CHEMBL112833,82.0,7.09,CHEMBL872881,CHEMBL1136241
CHEMBL447476,250.0,6.60,CHEMBL671368,CHEMBL1136241
CHEMBL447476,210.0,6.68,CHEMBL872881,CHEMBL1136241
CHEMBL54,1.4,8.85,CHEMBL671370,CHEMBL1129307
CHEMBL6416,520.0,6.28,CHEMBL671370,CHEMBL1129307
CHEMBL326454,3.7,8.43,CHEMBL671368,CHEMBL1136241
CHEMBL326454,3.0,8.52,CHEMBL872881,CHEMBL1136241
CHEMBL112831,7900.0,5.10,CHEMBL671368,CHEMBL1136241
CHEMBL112831,4200.0,5.38,CHEMBL872881,CHEMBL1136241
CHEMBL42,113.0,6.95,CHEMBL672795,CHEMBL1132730
CHEMBL67222,1373.0,5.86,CHEMBL672795,CHEMBL1132730
CHEMBL67042,1000.0,,CHEMBL672795,CHEMBL1132730
CHEMBL305061,1000.0,,CHEMBL672795,CHEMBL1132730
CHEMBL115969,183.0,6.74,CHEMBL670880,CHEMBL1129625
CHEMBL333085,1330.0,5.88,CHEMBL670881,CHEMBL1129625
CHEMBL322802,8.6,8.07,CHEMBL671368,CHEMBL1136241
CHEMBL322802,7.4,8.13,CHEMBL872881,CHEMBL1136241
CHEMBL325109,18.0,7.75,CHEMBL671368,CHEMBL1136241
CHEMBL325109,12.0,7.92,CHEMBL872881,CHEMBL1136241
CHEMBL119455,58.5,7.23,CHEMBL670880,CHEMBL1129625
CHEMBL115402,1000.0,6.00,CHEMBL670880,CHEMBL1129625
CHEMBL20395,316.23,6.50,CHEMBL674347,CHEMBL1152020
CHEMBL67414,1000.0,,CHEMBL672795,CHEMBL1132730
CHEMBL109472,6400.0,5.19,CHEMBL671368,CHEMBL1136241
CHEMBL109472,4000.0,5.40,CHEMBL872881,CHEMBL1136241
CHEMBL67429,1000.0,,CHEMBL672795,CHEMBL1132730
CHEMBL119132,1000.0,,CHEMBL670881,CHEMBL1129625
CHEMBL20407,3162.28,5.50,CHEMBL674347,CHEMBL1152020
CHEMBL22022,79.43,7.10,CHEMBL674347,CHEMBL1152020
CHEMBL112395,24.0,7.62,CHEMBL671368,CHEMBL1136241
CHEMBL112395,15.0,7.82,CHEMBL872881,CHEMBL1136241
CHEMBL69584,690.0,6.16,CHEMBL672795,CHEMBL1132730
CHEMBL27940,201.0,6.70,CHEMBL670880,CHEMBL1129625
CHEMBL25924,233.0,6.63,CHEMBL670880,CHEMBL1129625
CHEMBL317493,10000.0,,CHEMBL673090,CHEMBL1133458
CHEMBL68190,1000.0,,CHEMBL672795,CHEMBL1132730
CHEMBL119384,1000.0,,CHEMBL670881,CHEMBL1129625
CHEMBL277631,25.12,7.60,CHEMBL674347,CHEMBL1152020
CHEMBL282287,398.11,6.40,CHEMBL674347,CHEMBL1152020
CHEMBL20785,316.23,6.50,CHEMBL674347,CHEMBL1152020
CHEMBL322802,470.0,6.33,CHEMBL671368,CHEMBL1136241
CHEMBL322802,340.0,6.47,CHEMBL872881,CHEMBL1136241
CHEMBL321492,290.0,6.54,CHEMBL671368,CHEMBL1136241
CHEMBL321492,170.0,6.77,CHEMBL670554,CHEMBL1136241
CHEMBL68191,21.0,7.68,CHEMBL672795,CHEMBL1132730
CHEMBL332332,1000.0,,CHEMBL670881,CHEMBL1129625
CHEMBL325818,640.0,6.19,CHEMBL671368,CHEMBL1136241
CHEMBL325818,420.0,6.38,CHEMBL872881,CHEMBL1136241
CHEMBL440687,160.0,6.80,CHEMBL672095,CHEMBL1148372
CHEMBL440687,51000.0,4.29,CHEMBL672097,CHEMBL1148372
CHEMBL440687,15000.0,4.82,CHEMBL672096,CHEMBL1148372
CHEMBL277684,316.23,6.50,CHEMBL674347,CHEMBL1152020
CHEMBL298875,150.0,6.82,CHEMBL671368,CHEMBL1136241
CHEMBL298875,150.0,6.82,CHEMBL872881,CHEMBL1136241
CHEMBL99355,197.0,6.71,CHEMBL673086,CHEMBL1133458
CHEMBL430522,1000.0,6.00,CHEMBL671368,CHEMBL1136241
CHEMBL430522,700.0,6.16,CHEMBL872881,CHEMBL1136241
CHEMBL27559,12.7,7.90,CHEMBL670880,CHEMBL1129625
CHEMBL279039,158.49,6.80,CHEMBL674347,CHEMBL1152020
CHEMBL303406,1000.0,,CHEMBL672795,CHEMBL1132730
CHEMBL61079,290.0,6.54,CHEMBL671370,CHEMBL1129307
CHEMBL98197,854.0,6.07,CHEMBL673086,CHEMBL1133458
CHEMBL430522,490.0,6.31,CHEMBL671368,CHEMBL1136241
CHEMBL430522,260.0,6.58,CHEMBL872881,CHEMBL1136241
CHEMBL112833,500.0,6.30,CHEMBL671368,CHEMBL1136241
CHEMBL112833,250.0,6.60,CHEMBL872881,CHEMBL1136241
CHEMBL302075,93.0,7.03,CHEMBL672795,CHEMBL1132730
CHEMBL302340,1000.0,,CHEMBL672795,CHEMBL1132730
CHEMBL70565,10000.0,,CHEMBL673090,CHEMBL1133458
CHEMBL109472,7700.0,5.11,CHEMBL671368,CHEMBL1136241
CHEMBL109472,5500.0,5.26,CHEMBL872881,CHEMBL1136241
CHEMBL42,74.0,7.13,CHEMBL671370,CHEMBL1129307
CHEMBL117841,551.0,6.26,CHEMBL670880,CHEMBL1129625
CHEMBL330216,533.0,6.27,CHEMBL673090,CHEMBL1133458
CHEMBL109912,8.0,8.10,CHEMBL671368,CHEMBL1136241
CHEMBL109912,6.4,8.19,CHEMBL872881,CHEMBL1136241
CHEMBL321492,200.0,6.70,CHEMBL671368,CHEMBL1136241
CHEMBL321492,135.0,6.87,CHEMBL872881,CHEMBL1136241
CHEMBL66957,1000.0,,CHEMBL672795,CHEMBL1132730
CHEMBL61195,130.0,6.89,CHEMBL671370,CHEMBL1129307
CHEMBL119401,1000.0,,CHEMBL670881,CHEMBL1129625
CHEMBL87625,4985.0,5.30,CHEMBL670392,CHEMBL1128063
CHEMBL83722,3945.0,5.40,CHEMBL670392,CHEMBL1128063
CHEMBL135152,380.0,6.42,CHEMBL670536,CHEMBL1129692
CHEMBL11615,416.0,6.38,CHEMBL670536,CHEMBL1129692
CHEMBL315564,3700.0,5.43,CHEMBL671178,CHEMBL1134812
CHEMBL315564,2400.0,5.62,CHEMBL665385,CHEMBL1134812
CHEMBL83306,820.0,6.09,CHEMBL671178,CHEMBL1134812
CHEMBL83306,320.0,6.50,CHEMBL665385,CHEMBL1134812
CHEMBL336295,550.0,6.26,CHEMBL670536,CHEMBL1129692
CHEMBL132261,1046.0,5.98,CHEMBL670536,CHEMBL1129692
CHEMBL316222,2345.0,5.63,CHEMBL670392,CHEMBL1128063
CHEMBL314439,3333.0,,CHEMBL670392,CHEMBL1128063
CHEMBL106737,158.0,6.80,CHEMBL671485,CHEMBL1131058
CHEMBL106737,239.0,6.62,CHEMBL672180,CHEMBL1131058
CHEMBL310045,1.3,8.89,CHEMBL672308,CHEMBL1133937
CHEMBL80230,0.41,9.39,CHEMBL672308,CHEMBL1133937
CHEMBL134747,524.0,6.28,CHEMBL670536,CHEMBL1129692
CHEMBL134759,180.0,6.75,CHEMBL670536,CHEMBL1129692
CHEMBL441092,1492.0,5.83,CHEMBL670536,CHEMBL1129692
CHEMBL76990,1.8,8.74,CHEMBL672308,CHEMBL1133937
CHEMBL540039,14000.0,4.85,CHEMBL671178,CHEMBL1134812
CHEMBL540039,10000.0,5.00,CHEMBL665385,CHEMBL1134812
CHEMBL7806,24.0,7.62,CHEMBL670536,CHEMBL1129692
CHEMBL7806,0.14,9.85,CHEMBL670173,CHEMBL1129692
CHEMBL133830,78.0,7.11,CHEMBL670536,CHEMBL1129692
CHEMBL133830,3.3,8.48,CHEMBL670173,CHEMBL1129692
CHEMBL313257,1750.0,5.76,CHEMBL670392,CHEMBL1128063
CHEMBL315560,1414.0,5.85,CHEMBL670392,CHEMBL1128063
CHEMBL135944,3351.0,5.47,CHEMBL670536,CHEMBL1129692
CHEMBL305834,9.3,8.03,CHEMBL672308,CHEMBL1133937
CHEMBL313320,2200.0,5.66,CHEMBL671178,CHEMBL1134812
CHEMBL313320,900.0,6.05,CHEMBL665385,CHEMBL1134812
CHEMBL308345,0.47,9.33,CHEMBL672308,CHEMBL1133937
CHEMBL82527,1100.0,5.96,CHEMBL671178,CHEMBL1134812
CHEMBL82527,720.0,6.14,CHEMBL665385,CHEMBL1134812
CHEMBL86249,803.0,6.09,CHEMBL670392,CHEMBL1128063
CHEMBL83306,3200.0,5.50,CHEMBL671178,CHEMBL1134812
CHEMBL83306,1900.0,5.72,CHEMBL665385,CHEMBL1134812
CHEMBL305706,4777.0,5.32,CHEMBL670536,CHEMBL1129692
CHEMBL305706,275.0,6.56,CHEMBL670173,CHEMBL1129692
CHEMBL77934,18.0,7.75,CHEMBL672308,CHEMBL1133937
CHEMBL86060,690.0,6.16,CHEMBL671178,CHEMBL1134812
CHEMBL86060,330.0,6.48,CHEMBL665385,CHEMBL1134812
CHEMBL315564,21000.0,4.68,CHEMBL671178,CHEMBL1134812
CHEMBL315564,18000.0,4.75,CHEMBL665385,CHEMBL1134812
CHEMBL335971,58882.0,4.23,CHEMBL670536,CHEMBL1129692
CHEMBL335392,190.0,6.72,CHEMBL670536,CHEMBL1129692
CHEMBL335392,0.67,9.17,CHEMBL670173,CHEMBL1129692
CHEMBL313692,3438.0,5.46,CHEMBL670392,CHEMBL1128063
CHEMBL430242,6530.0,5.18,CHEMBL670392,CHEMBL1128063
CHEMBL305920,1.0,9.00,CHEMBL672308,CHEMBL1133937
CHEMBL135954,59.0,7.23,CHEMBL670536,CHEMBL1129692
CHEMBL135954,0.76,9.12,CHEMBL670173,CHEMBL1129692
CHEMBL87716,472.0,6.33,CHEMBL670392,CHEMBL1128063
CHEMBL306634,10.0,8.00,CHEMBL672308,CHEMBL1133937
CHEMBL80156,6.0,8.22,CHEMBL672308,CHEMBL1133937
CHEMBL86060,1700.0,5.77,CHEMBL671178,CHEMBL1134812
CHEMBL86060,1100.0,5.96,CHEMBL665385,CHEMBL1134812
CHEMBL134326,5882.0,5.23,CHEMBL670536,CHEMBL1129692
CHEMBL334472,285.0,6.54,CHEMBL670536,CHEMBL1129692
CHEMBL334472,0.5,9.30,CHEMBL670173,CHEMBL1129692
CHEMBL75621,2.2,8.66,CHEMBL672308,CHEMBL1133937
CHEMBL109684,19.0,7.72,CHEMBL670536,CHEMBL1129692
CHEMBL109684,0.5,9.30,CHEMBL670173,CHEMBL1129692
CHEMBL301559,56.0,7.25,CHEMBL670536,CHEMBL1129692
CHEMBL301559,34.0,7.47,CHEMBL670173,CHEMBL1129692
CHEMBL58377,5.0,8.30,CHEMBL672308,CHEMBL1133937
CHEMBL540039,10000.0,5.00,CHEMBL673085,CHEMBL1134812
CHEMBL540039,11000.0,4.96,CHEMBL675128,CHEMBL1134812
CHEMBL82527,1500.0,5.82,CHEMBL671178,CHEMBL1134812
CHEMBL82527,1100.0,5.96,CHEMBL665385,CHEMBL1134812
CHEMBL82564,3333.0,,CHEMBL670392,CHEMBL1128063
CHEMBL336652,836.0,6.08,CHEMBL670536,CHEMBL1129692
CHEMBL336652,3.8,8.42,CHEMBL670173,CHEMBL1129692
CHEMBL77472,1.7,8.77,CHEMBL672308,CHEMBL1133937
CHEMBL313320,400.0,6.40,CHEMBL671178,CHEMBL1134812
CHEMBL313320,110.0,6.96,CHEMBL665385,CHEMBL1134812
CHEMBL30560,334.0,6.48,CHEMBL670536,CHEMBL1129692
CHEMBL314663,56.0,7.25,CHEMBL670392,CHEMBL1128063
CHEMBL309215,10.0,8.00,CHEMBL672308,CHEMBL1133937
CHEMBL133938,1241.0,5.91,CHEMBL670536,CHEMBL1129692
CHEMBL133938,250.0,6.60,CHEMBL670173,CHEMBL1129692
CHEMBL78058,4.6,8.34,CHEMBL672308,CHEMBL1133937
CHEMBL218166,2.2,8.66,CHEMBL672308,CHEMBL1133937
CHEMBL310048,0.93,9.03,CHEMBL672308,CHEMBL1133937
CHEMBL134866,181.0,6.74,CHEMBL670536,CHEMBL1129692
CHEMBL313147,1495.0,5.83,CHEMBL670392,CHEMBL1128063
CHEMBL419275,3.0,8.52,CHEMBL672308,CHEMBL1133937
CHEMBL135932,55.0,7.26,CHEMBL670536,CHEMBL1129692
CHEMBL135932,5.4,8.27,CHEMBL670173,CHEMBL1129692
CHEMBL54,1.4,8.85,CHEMBL672308,CHEMBL1133937
CHEMBL86129,517.0,6.29,CHEMBL670392,CHEMBL1128063
CHEMBL240773,64.0,7.19,CHEMBL671647,CHEMBL1134812
CHEMBL240773,31000.0,4.51,CHEMBL671646,CHEMBL1134812
CHEMBL240773,52.0,7.28,CHEMBL665386,CHEMBL1134812
CHEMBL240773,4000.0,5.40,CHEMBL875028,CHEMBL1134812
CHEMBL336962,3206.0,5.49,CHEMBL670536,CHEMBL1129692
CHEMBL134571,173.0,6.76,CHEMBL670536,CHEMBL1129692
CHEMBL134571,2.5,8.60,CHEMBL670173,CHEMBL1129692
CHEMBL42,69.0,7.16,CHEMBL672308,CHEMBL1133937
CHEMBL308875,8.1,8.09,CHEMBL672308,CHEMBL1133937
CHEMBL422274,5825.0,5.24,CHEMBL670536,CHEMBL1129692
CHEMBL1744044,449.0,6.35,CHEMBL671485,CHEMBL1131058
CHEMBL1744044,50.0,,CHEMBL672181,CHEMBL1131058
CHEMBL85,3.1,8.51,CHEMBL672308,CHEMBL1133937
CHEMBL134701,120.0,6.92,CHEMBL670536,CHEMBL1129692
CHEMBL315137,343.0,6.46,CHEMBL670392,CHEMBL1128063
CHEMBL308476,4.0,8.40,CHEMBL672308,CHEMBL1133937
CHEMBL306830,8.1,8.09,CHEMBL672308,CHEMBL1133937
CHEMBL77334,12.0,7.92,CHEMBL672308,CHEMBL1133937
CHEMBL15146,90.0,7.05,CHEMBL670536,CHEMBL1129692
CHEMBL15146,55.1,7.26,CHEMBL670173,CHEMBL1129692
CHEMBL269004,6.0,8.22,CHEMBL670536,CHEMBL1129692
CHEMBL269004,14.0,7.85,CHEMBL670173,CHEMBL1129692
CHEMBL292187,0.42,9.38,CHEMBL672308,CHEMBL1133937
CHEMBL314937,1518.0,5.82,CHEMBL670392,CHEMBL1128063
CHEMBL316014,1027.0,5.99,CHEMBL670392,CHEMBL1128063
CHEMBL78241,10.0,8.00,CHEMBL672308,CHEMBL1133937
CHEMBL420016,2.0,8.70,CHEMBL672308,CHEMBL1133937
CHEMBL1303,20.0,7.70,CHEMBL670536,CHEMBL1129692
CHEMBL1303,0.06,10.22,CHEMBL670173,CHEMBL1129692
CHEMBL135048,131.0,6.88,CHEMBL670536,CHEMBL1129692
CHEMBL51433,32.0,7.50,CHEMBL672484,CHEMBL1131058
CHEMBL51433,132.0,6.88,CHEMBL672180,CHEMBL1131058
CHEMBL74805,2.9,8.54,CHEMBL672308,CHEMBL1133937
CHEMBL94015,1183.0,5.93,CHEMBL670536,CHEMBL1129692
CHEMBL94015,42.0,7.38,CHEMBL670173,CHEMBL1129692
CHEMBL131851,694.0,6.16,CHEMBL670536,CHEMBL1129692
CHEMBL278751,15.0,7.82,CHEMBL665374,CHEMBL1150496
CHEMBL161811,546.0,6.26,CHEMBL665374,CHEMBL1150496
CHEMBL160932,59000.0,4.23,CHEMBL672909,CHEMBL1135071
CHEMBL160932,58000.0,4.24,CHEMBL671732,CHEMBL1135071
CHEMBL91122,3000.0,5.52,CHEMBL671361,CHEMBL1132836
CHEMBL330303,187.0,6.73,CHEMBL671361,CHEMBL1132836
CHEMBL135044,2.5,8.60,CHEMBL671384,CHEMBL1130268
CHEMBL92416,78.0,7.11,CHEMBL671361,CHEMBL1132836
CHEMBL440506,5800.0,,CHEMBL671369,CHEMBL1130121
CHEMBL54,1.6,8.80,CHEMBL671369,CHEMBL1130121
CHEMBL160749,14000.0,4.85,CHEMBL671731,CHEMBL1135071
CHEMBL160749,16000.0,4.80,CHEMBL671732,CHEMBL1135071
CHEMBL336851,9.7,8.01,CHEMBL675959,CHEMBL1127788
CHEMBL336851,547.0,6.26,CHEMBL670083,CHEMBL1127788
CHEMBL92489,774.0,6.11,CHEMBL671369,CHEMBL1130121
CHEMBL91067,5800.0,,CHEMBL671369,CHEMBL1130121
CHEMBL261917,10000.0,,CHEMBL672228,CHEMBL1134724
CHEMBL316081,7943.28,,CHEMBL672228,CHEMBL1134724
CHEMBL91447,1000.0,,CHEMBL671361,CHEMBL1132836
CHEMBL91197,150.0,6.82,CHEMBL671361,CHEMBL1132836
CHEMBL90911,17.0,7.77,CHEMBL671361,CHEMBL1132836
CHEMBL80833,960.0,6.02,CHEMBL672209,CHEMBL1130098
CHEMBL80207,240.0,6.62,CHEMBL672209,CHEMBL1130098
CHEMBL444309,1700.0,,CHEMBL672209,CHEMBL1130098
CHEMBL97637,5011.87,,CHEMBL672228,CHEMBL1134724
CHEMBL75691,1800.0,,CHEMBL672209,CHEMBL1130098
CHEMBL309901,200.0,6.70,CHEMBL672209,CHEMBL1130098
CHEMBL2112285,120.0,6.92,CHEMBL672209,CHEMBL1130098
CHEMBL61079,290.0,6.54,CHEMBL672209,CHEMBL1130098
CHEMBL135357,7.0,8.15,CHEMBL671384,CHEMBL1130268
CHEMBL138015,5000.0,,CHEMBL670083,CHEMBL1127788
CHEMBL80318,90.0,7.05,CHEMBL672209,CHEMBL1130098
CHEMBL78923,8.6,8.07,CHEMBL672209,CHEMBL1130098
CHEMBL314095,2780.0,5.56,CHEMBL671369,CHEMBL1130121
CHEMBL134343,77.0,7.11,CHEMBL671384,CHEMBL1130268
CHEMBL91549,85.0,7.07,CHEMBL671361,CHEMBL1132836
CHEMBL328459,17.0,7.77,CHEMBL671361,CHEMBL1132836
CHEMBL90837,39.0,7.41,CHEMBL671361,CHEMBL1132836
CHEMBL133085,10.8,7.97,CHEMBL675959,CHEMBL1127788
CHEMBL133085,784.0,6.11,CHEMBL670083,CHEMBL1127788
CHEMBL160266,640.0,6.19,CHEMBL671731,CHEMBL1135071
CHEMBL160266,400.0,6.40,CHEMBL671732,CHEMBL1135071
CHEMBL418802,6.7,8.17,CHEMBL672490,CHEMBL1125523
CHEMBL329126,1170.0,5.93,CHEMBL671369,CHEMBL1130121
CHEMBL79098,1300.0,5.89,CHEMBL672209,CHEMBL1130098
CHEMBL61195,130.0,6.89,CHEMBL672209,CHEMBL1130098
CHEMBL78933,35.0,7.46,CHEMBL672209,CHEMBL1130098
CHEMBL135395,9.7,8.01,CHEMBL671384,CHEMBL1130268
CHEMBL320880,1.8,8.74,CHEMBL672490,CHEMBL1125523
CHEMBL61080,240.0,6.62,CHEMBL672209,CHEMBL1130098
CHEMBL54,1.4,8.85,CHEMBL672209,CHEMBL1130098
CHEMBL91273,5800.0,,CHEMBL671369,CHEMBL1130121
CHEMBL349843,2557.0,5.59,CHEMBL665374,CHEMBL1150496
CHEMBL420954,120.0,6.92,CHEMBL672209,CHEMBL1130098
CHEMBL97211,6309.57,,CHEMBL672228,CHEMBL1134724
CHEMBL311832,690.0,6.16,CHEMBL672209,CHEMBL1130098
CHEMBL80722,1500.0,,CHEMBL672209,CHEMBL1130098
CHEMBL134807,10.4,7.98,CHEMBL671384,CHEMBL1130268
CHEMBL97596,5011.87,,CHEMBL672228,CHEMBL1134724
CHEMBL160626,44000.0,4.36,CHEMBL672909,CHEMBL1135071
CHEMBL160626,45000.0,4.35,CHEMBL671732,CHEMBL1135071
CHEMBL7927,3200.0,5.50,CHEMBL671731,CHEMBL1135071
CHEMBL7927,4300.0,5.37,CHEMBL671732,CHEMBL1135071
CHEMBL58296,160.0,6.80,CHEMBL672209,CHEMBL1130098
CHEMBL90347,1000.0,,CHEMBL671361,CHEMBL1132836
CHEMBL92417,1000.0,,CHEMBL671361,CHEMBL1132836
CHEMBL91542,0.42,9.38,CHEMBL671361,CHEMBL1132836
CHEMBL110239,6.6,8.18,CHEMBL675959,CHEMBL1127788
CHEMBL110239,265.0,6.58,CHEMBL670083,CHEMBL1127788
CHEMBL12264,3981.07,5.40,CHEMBL670659,CHEMBL1131479
CHEMBL76090,125.0,6.90,CHEMBL672209,CHEMBL1130098
CHEMBL160396,56000.0,4.25,CHEMBL671731,CHEMBL1135071
CHEMBL160396,79000.0,4.10,CHEMBL671732,CHEMBL1135071
CHEMBL345357,28000.0,4.55,CHEMBL671731,CHEMBL1135071
CHEMBL345357,22000.0,4.66,CHEMBL671732,CHEMBL1135071
CHEMBL102175,5.7,8.24,CHEMBL672490,CHEMBL1125523
CHEMBL101535,1.5,8.82,CHEMBL672490,CHEMBL1125523
CHEMBL317433,0.2,9.70,CHEMBL670743,CHEMBL1125523
CHEMBL89921,1170.0,5.93,CHEMBL671369,CHEMBL1130121
CHEMBL90569,5500.0,5.26,CHEMBL671369,CHEMBL1130121
CHEMBL160952,3700.0,5.43,CHEMBL671731,CHEMBL1135071
CHEMBL160952,6200.0,5.21,CHEMBL671732,CHEMBL1135071
CHEMBL97158,10000.0,,CHEMBL672228,CHEMBL1134724
CHEMBL423247,4900.0,5.31,CHEMBL671731,CHEMBL1135071
CHEMBL423247,5000.0,5.30,CHEMBL671732,CHEMBL1135071
CHEMBL91205,896.0,6.05,CHEMBL671361,CHEMBL1132836
CHEMBL91446,92.0,7.04,CHEMBL671361,CHEMBL1132836
CHEMBL80552,590.0,,CHEMBL672209,CHEMBL1130098
CHEMBL27441,145.0,6.84,CHEMBL665374,CHEMBL1150496
CHEMBL318018,3981.07,,CHEMBL672228,CHEMBL1134724
CHEMBL156851,21000.0,4.68,CHEMBL671731,CHEMBL1135071
CHEMBL156851,25000.0,4.60,CHEMBL671732,CHEMBL1135071
CHEMBL267014,54000.0,4.27,CHEMBL671731,CHEMBL1135071
CHEMBL267014,38000.0,4.42,CHEMBL671732,CHEMBL1135071
CHEMBL90739,290.0,6.54,CHEMBL671361,CHEMBL1132836
CHEMBL285755,142.0,6.85,CHEMBL675959,CHEMBL1127788
CHEMBL77015,650.0,6.19,CHEMBL672209,CHEMBL1130098
CHEMBL310819,860.0,6.07,CHEMBL672209,CHEMBL1130098
CHEMBL2112284,410.0,6.39,CHEMBL672209,CHEMBL1130098
CHEMBL92373,5800.0,,CHEMBL671369,CHEMBL1130121
CHEMBL138016,228.0,6.64,CHEMBL671384,CHEMBL1130268
CHEMBL328257,1000.0,,CHEMBL671361,CHEMBL1132836
CHEMBL318166,5.8,8.24,CHEMBL672490,CHEMBL1125523
CHEMBL77017,560.0,6.25,CHEMBL672209,CHEMBL1130098
CHEMBL42,74.0,7.13,CHEMBL672209,CHEMBL1130098
CHEMBL98965,1000.0,,CHEMBL672228,CHEMBL1134724
CHEMBL314285,5800.0,,CHEMBL671369,CHEMBL1130121
CHEMBL89913,5800.0,,CHEMBL671369,CHEMBL1130121
CHEMBL95823,3162.28,,CHEMBL672228,CHEMBL1134724
CHEMBL160536,300.0,6.52,CHEMBL671731,CHEMBL1135071
CHEMBL160536,120.0,6.92,CHEMBL671732,CHEMBL1135071
CHEMBL91463,250.0,6.60,CHEMBL671361,CHEMBL1132836
CHEMBL103983,41.0,7.39,CHEMBL672490,CHEMBL1125523
CHEMBL80863,3400.0,5.47,CHEMBL672209,CHEMBL1130098
CHEMBL76355,120.0,6.92,CHEMBL672209,CHEMBL1130098
CHEMBL337228,5.2,8.28,CHEMBL671729,CHEMBL1130268
CHEMBL134808,4.3,8.37,CHEMBL672799,CHEMBL1130268
CHEMBL320173,3.1,8.51,CHEMBL672489,CHEMBL1125523
CHEMBL78287,570.0,6.24,CHEMBL672209,CHEMBL1130098
CHEMBL77744,61.0,7.21,CHEMBL672209,CHEMBL1130098
CHEMBL77743,65.0,7.19,CHEMBL672209,CHEMBL1130098
CHEMBL330100,659.0,6.18,CHEMBL671369,CHEMBL1130121
CHEMBL155913,5400.0,5.27,CHEMBL671731,CHEMBL1135071
CHEMBL155913,2800.0,5.55,CHEMBL671732,CHEMBL1135071
CHEMBL160454,3100.0,5.51,CHEMBL671731,CHEMBL1135071
CHEMBL160454,2800.0,5.55,CHEMBL671732,CHEMBL1135071
CHEMBL351550,28000.0,4.55,CHEMBL671731,CHEMBL1135071
CHEMBL351550,24000.0,4.62,CHEMBL671732,CHEMBL1135071
CHEMBL42,41.0,7.39,CHEMBL671731,CHEMBL1135071
CHEMBL42,28.0,7.55,CHEMBL671732,CHEMBL1135071
CHEMBL90092,1000.0,,CHEMBL671361,CHEMBL1132836
CHEMBL310985,1900.0,,CHEMBL672209,CHEMBL1130098
CHEMBL293341,1700.0,,CHEMBL672209,CHEMBL1130098
CHEMBL161507,2328.0,5.63,CHEMBL665374,CHEMBL1150496
CHEMBL346805,9500.0,5.02,CHEMBL671731,CHEMBL1135071
CHEMBL346805,9200.0,5.04,CHEMBL671732,CHEMBL1135071
CHEMBL328595,68.0,7.17,CHEMBL671361,CHEMBL1132836
CHEMBL323088,2.0,8.70,CHEMBL672490,CHEMBL1125523
CHEMBL90173,5800.0,,CHEMBL671369,CHEMBL1130121
CHEMBL42,91.0,7.04,CHEMBL671369,CHEMBL1130121
CHEMBL25938,66.0,7.18,CHEMBL672209,CHEMBL1130098
CHEMBL77148,310.0,6.51,CHEMBL672209,CHEMBL1130098
CHEMBL328054,436.0,6.36,CHEMBL671369,CHEMBL1130121
CHEMBL91658,5800.0,,CHEMBL671369,CHEMBL1130121
CHEMBL88296,5800.0,,CHEMBL671369,CHEMBL1130121
CHEMBL91585,5800.0,,CHEMBL671369,CHEMBL1130121
CHEMBL135725,73.9,7.13,CHEMBL671384,CHEMBL1130268
CHEMBL263282,3.6,8.44,CHEMBL675959,CHEMBL1127788
CHEMBL263282,324.0,6.49,CHEMBL670083,CHEMBL1127788
CHEMBL6416,520.0,6.28,CHEMBL672209,CHEMBL1130098
CHEMBL309460,900.0,6.05,CHEMBL672209,CHEMBL1130098
CHEMBL91938,3700.0,5.43,CHEMBL671369,CHEMBL1130121
CHEMBL156369,13000.0,4.89,CHEMBL671731,CHEMBL1135071
CHEMBL156369,12000.0,4.92,CHEMBL671732,CHEMBL1135071
CHEMBL90263,21.0,7.68,CHEMBL671361,CHEMBL1132836
CHEMBL319023,255.0,6.59,CHEMBL672490,CHEMBL1125523
CHEMBL318374,15.9,7.80,CHEMBL672490,CHEMBL1125523
CHEMBL312255,700.0,6.16,CHEMBL672209,CHEMBL1130098
CHEMBL156198,15000.0,4.82,CHEMBL671731,CHEMBL1135071
CHEMBL156198,15000.0,4.82,CHEMBL671732,CHEMBL1135071
CHEMBL106283,58.0,7.24,CHEMBL672490,CHEMBL1125523
CHEMBL101483,388.0,,CHEMBL672490,CHEMBL1125523
CHEMBL423890,7.2,8.14,CHEMBL671384,CHEMBL1130268
CHEMBL32402,911.0,6.04,CHEMBL671653,CHEMBL1130437
CHEMBL147483,1000.0,,CHEMBL672172,CHEMBL1136013
CHEMBL42,254.0,6.59,CHEMBL672173,CHEMBL1130009
CHEMBL357448,2990.0,5.52,CHEMBL672170,CHEMBL1136013
CHEMBL152587,770.0,6.11,CHEMBL672170,CHEMBL1136013
CHEMBL105977,272.0,6.57,CHEMBL671421,CHEMBL1128506
CHEMBL105977,466.0,6.33,CHEMBL671420,CHEMBL1128506
CHEMBL152159,680.0,6.17,CHEMBL672170,CHEMBL1136013
CHEMBL152756,930.0,6.03,CHEMBL672170,CHEMBL1136013
CHEMBL152304,430.0,6.37,CHEMBL672170,CHEMBL1136013
CHEMBL321513,296.0,6.53,CHEMBL672173,CHEMBL1130009
CHEMBL102599,4130.0,,CHEMBL672173,CHEMBL1130009
CHEMBL105512,462.0,6.33,CHEMBL671421,CHEMBL1128506
CHEMBL105512,57.0,7.24,CHEMBL671420,CHEMBL1128506
CHEMBL152391,1410.0,5.85,CHEMBL672170,CHEMBL1136013
CHEMBL345111,1000.0,,CHEMBL672170,CHEMBL1136013
CHEMBL440511,4130.0,,CHEMBL672173,CHEMBL1130009
CHEMBL345848,1000.0,,CHEMBL672170,CHEMBL1136013
CHEMBL92713,3960.0,5.40,CHEMBL672170,CHEMBL1136013
CHEMBL156845,7460.0,5.13,CHEMBL672170,CHEMBL1136013
CHEMBL347290,1560.0,5.81,CHEMBL672170,CHEMBL1136013
CHEMBL2112911,5740.0,5.24,CHEMBL672170,CHEMBL1136013
CHEMBL103772,2250.0,5.65,CHEMBL672173,CHEMBL1130009
CHEMBL315879,2350.0,5.63,CHEMBL672170,CHEMBL1136013
CHEMBL106047,10000.0,,CHEMBL671421,CHEMBL1128506
CHEMBL106047,3940.0,5.41,CHEMBL671420,CHEMBL1128506
CHEMBL94265,850.0,,CHEMBL672170,CHEMBL1136013
CHEMBL99967,2190.0,5.66,CHEMBL672173,CHEMBL1130009
CHEMBL152869,253.0,6.60,CHEMBL672170,CHEMBL1136013
CHEMBL31991,244.0,6.61,CHEMBL671653,CHEMBL1130437
CHEMBL282323,709.0,6.15,CHEMBL671653,CHEMBL1130437
CHEMBL418758,1438.0,5.84,CHEMBL671653,CHEMBL1130437
CHEMBL1423,12.0,7.92,CHEMBL671484,CHEMBL1145042
CHEMBL157388,1000.0,,CHEMBL672170,CHEMBL1136013
CHEMBL152010,107.0,6.97,CHEMBL672170,CHEMBL1136013
CHEMBL157322,1000.0,,CHEMBL672170,CHEMBL1136013
CHEMBL154508,5200.0,5.28,CHEMBL672170,CHEMBL1136013
CHEMBL61789,3800.0,5.42,CHEMBL672170,CHEMBL1136013
CHEMBL286177,2336.0,5.63,CHEMBL671653,CHEMBL1130437
CHEMBL105509,3333.0,,CHEMBL671421,CHEMBL1128506
CHEMBL105509,1202.0,5.92,CHEMBL671420,CHEMBL1128506
CHEMBL157222,8300.0,,CHEMBL672170,CHEMBL1136013
CHEMBL345820,830.0,6.08,CHEMBL672170,CHEMBL1136013
CHEMBL286725,467.0,6.33,CHEMBL672170,CHEMBL1136013
CHEMBL317250,3500.0,,CHEMBL672173,CHEMBL1130009
CHEMBL93403,1900.0,5.72,CHEMBL672170,CHEMBL1136013
CHEMBL415014,1440.0,5.84,CHEMBL672173,CHEMBL1130009
CHEMBL152679,1000.0,,CHEMBL672170,CHEMBL1136013
CHEMBL433741,77.0,7.11,CHEMBL672170,CHEMBL1136013
CHEMBL423040,210.0,6.68,CHEMBL672170,CHEMBL1136013
CHEMBL110888,17.1,7.77,CHEMBL671421,CHEMBL1128506
CHEMBL110888,5.0,8.30,CHEMBL671420,CHEMBL1128506
CHEMBL273273,26.0,7.58,CHEMBL671421,CHEMBL1128506
CHEMBL273273,6.0,8.22,CHEMBL671420,CHEMBL1128506
CHEMBL152262,63.0,7.20,CHEMBL672170,CHEMBL1136013
CHEMBL318740,3333.0,,CHEMBL671421,CHEMBL1128506
CHEMBL318740,523.0,6.28,CHEMBL671420,CHEMBL1128506
CHEMBL2112910,170.0,6.77,CHEMBL672170,CHEMBL1136013
CHEMBL103871,254.0,6.59,CHEMBL672173,CHEMBL1130009
CHEMBL152576,1130.0,5.95,CHEMBL672170,CHEMBL1136013
CHEMBL196476,373.0,6.43,CHEMBL672170,CHEMBL1136013
CHEMBL156599,3680.0,5.43,CHEMBL672170,CHEMBL1136013
CHEMBL305362,1000.0,,CHEMBL672170,CHEMBL1136013
CHEMBL479,27.0,7.57,CHEMBL671484,CHEMBL1145042
CHEMBL54,4.8,8.32,CHEMBL672173,CHEMBL1130009
CHEMBL154050,1000.0,,CHEMBL672170,CHEMBL1136013
CHEMBL346692,135.0,6.87,CHEMBL672170,CHEMBL1136013
CHEMBL54,0.12,9.92,CHEMBL672170,CHEMBL1136013
CHEMBL2112905,1000.0,,CHEMBL672170,CHEMBL1136013
CHEMBL57219,398.11,6.40,CHEMBL672226,CHEMBL1153677
CHEMBL294458,7350.0,5.13,CHEMBL872499,CHEMBL1131791
CHEMBL294458,10300.0,4.99,CHEMBL670553,CHEMBL1131791
CHEMBL71838,241.0,6.62,CHEMBL672208,CHEMBL1131250
CHEMBL283247,1900.0,5.72,CHEMBL672175,CHEMBL1131704
CHEMBL287513,3600.0,5.44,CHEMBL672175,CHEMBL1131704
CHEMBL28054,1300.0,5.89,CHEMBL672175,CHEMBL1131704
CHEMBL26365,890.0,6.05,CHEMBL672175,CHEMBL1131704
CHEMBL281932,2500.0,5.60,CHEMBL672175,CHEMBL1131704
CHEMBL26965,450.0,6.35,CHEMBL672175,CHEMBL1131704
CHEMBL353220,16000.0,4.80,CHEMBL672098,CHEMBL1136617
CHEMBL353220,14000.0,4.85,CHEMBL672099,CHEMBL1136617
CHEMBL128,218.0,,CHEMBL672208,CHEMBL1131250
CHEMBL294459,1850.0,5.73,CHEMBL872499,CHEMBL1131791
CHEMBL294459,975.0,6.01,CHEMBL670553,CHEMBL1131791
CHEMBL291801,251.19,6.60,CHEMBL672226,CHEMBL1153677
CHEMBL51977,398.11,6.40,CHEMBL672226,CHEMBL1153677
CHEMBL25856,1520.0,5.82,CHEMBL672175,CHEMBL1131704
CHEMBL420986,3.0,8.52,CHEMBL670555,CHEMBL1135019
CHEMBL71798,158.0,6.80,CHEMBL672208,CHEMBL1131250
CHEMBL58669,25.12,7.60,CHEMBL672226,CHEMBL1153677
CHEMBL303538,48500.0,4.31,CHEMBL872499,CHEMBL1131791
CHEMBL303538,59000.0,4.23,CHEMBL670553,CHEMBL1131791
CHEMBL169459,29000.0,4.54,CHEMBL672102,CHEMBL1136617
CHEMBL169459,30000.0,4.52,CHEMBL672103,CHEMBL1136617
CHEMBL28338,710.0,6.15,CHEMBL672175,CHEMBL1131704
CHEMBL416508,100.0,7.00,CHEMBL672226,CHEMBL1153677
CHEMBL440120,4000.0,5.40,CHEMBL872499,CHEMBL1131791
CHEMBL440120,12750.0,4.89,CHEMBL670553,CHEMBL1131791
CHEMBL64553,10.4,7.98,CHEMBL670555,CHEMBL1135019
CHEMBL60185,107.0,6.97,CHEMBL670555,CHEMBL1135019
CHEMBL313851,132.0,6.88,CHEMBL670555,CHEMBL1135019
CHEMBL59642,125.89,6.90,CHEMBL672226,CHEMBL1153677
CHEMBL61444,794.33,6.10,CHEMBL672226,CHEMBL1153677
CHEMBL42,39.0,7.41,CHEMBL872499,CHEMBL1131791
CHEMBL42,28.0,7.55,CHEMBL670553,CHEMBL1131791
CHEMBL294747,39.81,7.40,CHEMBL672226,CHEMBL1153677
CHEMBL168571,7300.0,5.14,CHEMBL672098,CHEMBL1136617
CHEMBL168571,2800.0,5.55,CHEMBL672099,CHEMBL1136617
CHEMBL93753,67.0,7.17,CHEMBL670555,CHEMBL1135019
CHEMBL71635,325.0,6.49,CHEMBL672208,CHEMBL1131250
CHEMBL93779,5.0,8.30,CHEMBL670555,CHEMBL1135019
CHEMBL63449,423.0,6.37,CHEMBL673017,CHEMBL1126740
CHEMBL303556,9.3,8.03,CHEMBL670555,CHEMBL1135019
CHEMBL300553,8950.0,5.05,CHEMBL872499,CHEMBL1131791
CHEMBL300553,15000.0,4.82,CHEMBL670553,CHEMBL1131791
CHEMBL71907,386.0,6.41,CHEMBL672208,CHEMBL1131250
CHEMBL27117,1400.0,5.85,CHEMBL672175,CHEMBL1131704
CHEMBL61717,125.89,6.90,CHEMBL672226,CHEMBL1153677
CHEMBL169562,10000.0,5.00,CHEMBL672098,CHEMBL1136617
CHEMBL169562,4200.0,5.38,CHEMBL672099,CHEMBL1136617
CHEMBL59554,316.23,6.50,CHEMBL672226,CHEMBL1153677
CHEMBL69385,348.0,6.46,CHEMBL672207,CHEMBL1131250
CHEMBL282136,400.0,6.40,CHEMBL672175,CHEMBL1131704
CHEMBL59960,630.96,6.20,CHEMBL672226,CHEMBL1153677
CHEMBL168541,18000.0,4.75,CHEMBL672098,CHEMBL1136617
CHEMBL168541,6400.0,5.19,CHEMBL672099,CHEMBL1136617
CHEMBL240773,64.0,7.19,CHEMBL672098,CHEMBL1136617
CHEMBL240773,52.0,7.28,CHEMBL672099,CHEMBL1136617
CHEMBL27101,2200.0,5.66,CHEMBL672175,CHEMBL1131704
CHEMBL285924,520.0,6.28,CHEMBL672175,CHEMBL1131704
CHEMBL275379,12000.0,4.92,CHEMBL672175,CHEMBL1131704
CHEMBL71724,1431.0,5.84,CHEMBL672208,CHEMBL1131250
CHEMBL284644,4400.0,5.36,CHEMBL672175,CHEMBL1131704
CHEMBL354748,19000.0,4.72,CHEMBL672098,CHEMBL1136617
CHEMBL354748,14000.0,4.85,CHEMBL672099,CHEMBL1136617
CHEMBL65274,17.0,7.77,CHEMBL673017,CHEMBL1126740
CHEMBL169889,44000.0,4.36,CHEMBL672098,CHEMBL1136617
CHEMBL169889,43000.0,4.37,CHEMBL672099,CHEMBL1136617
CHEMBL284959,9100.0,5.04,CHEMBL672175,CHEMBL1131704
CHEMBL60038,251.19,6.60,CHEMBL672226,CHEMBL1153677
CHEMBL60713,316.23,6.50,CHEMBL672226,CHEMBL1153677
CHEMBL293956,100000.0,,CHEMBL872499,CHEMBL1131791
CHEMBL293956,100000.0,,CHEMBL670553,CHEMBL1131791
CHEMBL352925,25000.0,4.60,CHEMBL672801,CHEMBL1136617
CHEMBL352925,32000.0,4.50,CHEMBL671415,CHEMBL1136617
CHEMBL82864,316.23,6.50,CHEMBL674940,CHEMBL1133070
CHEMBL326159,2760.0,5.56,CHEMBL670885,CHEMBL1129624
CHEMBL324372,2980.0,5.53,CHEMBL670886,CHEMBL1129624
CHEMBL118636,500.0,6.30,CHEMBL671517,CHEMBL1133651
CHEMBL116367,10000.0,,CHEMBL670885,CHEMBL1129624
CHEMBL119150,582.0,6.24,CHEMBL670886,CHEMBL1129624
CHEMBL334116,1040.0,5.98,CHEMBL670885,CHEMBL1129624
CHEMBL301265,139.0,6.86,CHEMBL671518,CHEMBL1133651
CHEMBL92139,1600.0,5.80,CHEMBL671380,CHEMBL1134783
CHEMBL86127,1995.26,5.70,CHEMBL674940,CHEMBL1133070
CHEMBL86183,501.19,6.30,CHEMBL674940,CHEMBL1133070
CHEMBL331100,1750.0,5.76,CHEMBL670886,CHEMBL1129624
CHEMBL119223,5000.0,,CHEMBL670886,CHEMBL1129624
CHEMBL314050,398.11,6.40,CHEMBL674940,CHEMBL1133070
CHEMBL76237,210.0,6.68,CHEMBL671380,CHEMBL1134783
CHEMBL86032,794.33,6.10,CHEMBL674940,CHEMBL1133070
CHEMBL420789,398.11,6.40,CHEMBL674940,CHEMBL1133070
CHEMBL119900,403.0,6.39,CHEMBL670885,CHEMBL1129624
CHEMBL315209,630.96,6.20,CHEMBL674940,CHEMBL1133070
CHEMBL119593,249.0,6.60,CHEMBL670885,CHEMBL1129624
CHEMBL117730,4710.0,5.33,CHEMBL670886,CHEMBL1129624
CHEMBL118637,1350.0,5.87,CHEMBL671517,CHEMBL1133651
CHEMBL263700,2200.0,,CHEMBL671380,CHEMBL1134783
CHEMBL419505,262.0,6.58,CHEMBL872490,CHEMBL1130602
CHEMBL85606,1000.0,6.00,CHEMBL674940,CHEMBL1133070
CHEMBL119577,1000.0,,CHEMBL670885,CHEMBL1129624
CHEMBL445111,1258.93,5.90,CHEMBL674940,CHEMBL1133070
CHEMBL332178,248.0,6.61,CHEMBL670885,CHEMBL1129624
CHEMBL419487,199.53,6.70,CHEMBL674940,CHEMBL1133070
CHEMBL115524,2050.0,5.69,CHEMBL670885,CHEMBL1129624
CHEMBL118771,238.0,6.62,CHEMBL670885,CHEMBL1129624
CHEMBL332490,1000.0,,CHEMBL670885,CHEMBL1129624
CHEMBL53,41.9,7.38,CHEMBL670885,CHEMBL1129624
CHEMBL126340,750.0,6.12,CHEMBL671380,CHEMBL1134783
CHEMBL355202,316.23,,CHEMBL858393,CHEMBL1131838
CHEMBL125745,1700.0,,CHEMBL671380,CHEMBL1134783
CHEMBL325710,27.0,7.57,CHEMBL671517,CHEMBL1133651
CHEMBL317535,59.0,7.23,CHEMBL671380,CHEMBL1134783
CHEMBL119455,58.5,7.23,CHEMBL670885,CHEMBL1129624
CHEMBL86402,3162.28,5.50,CHEMBL674940,CHEMBL1133070
CHEMBL127411,1700.0,,CHEMBL671380,CHEMBL1134783
CHEMBL331005,411.0,6.39,CHEMBL670885,CHEMBL1129624
CHEMBL332771,1000.0,,CHEMBL670885,CHEMBL1129624
CHEMBL53510,1070.0,5.97,CHEMBL670885,CHEMBL1129624
CHEMBL116372,47.0,7.33,CHEMBL671516,CHEMBL1133651
CHEMBL116372,5920.0,5.23,CHEMBL872883,CHEMBL1133651
CHEMBL87600,630.96,6.20,CHEMBL674940,CHEMBL1133070
CHEMBL93868,62.0,7.21,CHEMBL671380,CHEMBL1134783
CHEMBL300780,217.0,6.66,CHEMBL872490,CHEMBL1130602
CHEMBL332677,536.0,6.27,CHEMBL671516,CHEMBL1133651
CHEMBL332677,3510.0,5.46,CHEMBL872883,CHEMBL1133651
CHEMBL85711,1258.93,5.90,CHEMBL674940,CHEMBL1133070
CHEMBL313255,501.19,6.30,CHEMBL674940,CHEMBL1133070
CHEMBL435779,1000.0,,CHEMBL670885,CHEMBL1129624
CHEMBL87753,501.19,6.30,CHEMBL674940,CHEMBL1133070
CHEMBL28321,1.3,8.89,CHEMBL672101,CHEMBL1131412
CHEMBL544533,1460.0,5.84,CHEMBL672709,CHEMBL1127001
CHEMBL148024,280.0,6.55,CHEMBL672101,CHEMBL1131412
CHEMBL542400,2330.0,5.63,CHEMBL672710,CHEMBL1127001
CHEMBL538755,2030.0,5.69,CHEMBL672710,CHEMBL1127001
CHEMBL553864,8780.0,5.06,CHEMBL672710,CHEMBL1127001
CHEMBL542647,7600.0,5.12,CHEMBL672709,CHEMBL1127001
CHEMBL2115560,10000.0,,CHEMBL672710,CHEMBL1127001
CHEMBL545697,1496.0,5.83,CHEMBL672709,CHEMBL1127001
CHEMBL544532,10000.0,,CHEMBL672709,CHEMBL1127001
CHEMBL2115519,10000.0,,CHEMBL672710,CHEMBL1127001
CHEMBL552858,4100.0,5.39,CHEMBL672709,CHEMBL1127001
CHEMBL283353,2519.0,5.60,CHEMBL672101,CHEMBL1131412
CHEMBL543344,47.0,7.33,CHEMBL672710,CHEMBL1127001
CHEMBL544055,100000.0,,CHEMBL672709,CHEMBL1127001
CHEMBL539518,100000.0,,CHEMBL672709,CHEMBL1127001
CHEMBL539526,4200.0,5.38,CHEMBL672709,CHEMBL1127001
CHEMBL542399,10000.0,,CHEMBL672710,CHEMBL1127001
CHEMBL539007,1530.0,5.82,CHEMBL672710,CHEMBL1127001
CHEMBL267014,920.0,6.04,CHEMBL672101,CHEMBL1131412
CHEMBL542646,10000.0,,CHEMBL672709,CHEMBL1127001
CHEMBL543823,1080.0,5.97,CHEMBL672709,CHEMBL1127001
CHEMBL543822,2900.0,5.54,CHEMBL672710,CHEMBL1127001
CHEMBL165504,38.0,7.42,CHEMBL670394,CHEMBL1131659
CHEMBL54,0.84,9.08,CHEMBL670394,CHEMBL1131659
CHEMBL253318,6110.0,5.21,CHEMBL670883,CHEMBL1134169
CHEMBL120927,1330.0,5.88,CHEMBL670883,CHEMBL1134169
CHEMBL42,155.0,6.81,CHEMBL670394,CHEMBL1131659
CHEMBL163009,68.0,7.17,CHEMBL670394,CHEMBL1131659
CHEMBL349699,980.0,6.01,CHEMBL670394,CHEMBL1131659
CHEMBL351611,44.0,7.36,CHEMBL670394,CHEMBL1131659
CHEMBL157910,10000.0,,CHEMBL674343,CHEMBL1134050
CHEMBL154274,10000.0,,CHEMBL674343,CHEMBL1134050
CHEMBL349904,1720.0,5.76,CHEMBL670394,CHEMBL1131659
CHEMBL122485,541.0,6.27,CHEMBL670883,CHEMBL1134169
CHEMBL161899,948.0,6.02,CHEMBL670394,CHEMBL1131659
CHEMBL350160,187.0,6.73,CHEMBL670394,CHEMBL1131659
CHEMBL166269,1140.0,5.94,CHEMBL670394,CHEMBL1131659
CHEMBL66227,3310.0,,CHEMBL670394,CHEMBL1131659
CHEMBL159903,1196.0,5.92,CHEMBL670394,CHEMBL1131659
CHEMBL162873,195.0,6.71,CHEMBL670394,CHEMBL1131659
CHEMBL414628,2511.89,5.60,CHEMBL674343,CHEMBL1134050
CHEMBL165113,254.0,6.59,CHEMBL670394,CHEMBL1131659
CHEMBL253319,54.6,7.26,CHEMBL670883,CHEMBL1134169
CHEMBL329383,5011.87,,CHEMBL674343,CHEMBL1134050
CHEMBL53,41.6,7.38,CHEMBL670883,CHEMBL1134169
CHEMBL162265,185.0,6.73,CHEMBL670394,CHEMBL1131659
CHEMBL122453,327.0,6.49,CHEMBL670883,CHEMBL1134169
CHEMBL161982,1880.0,5.73,CHEMBL670394,CHEMBL1131659
CHEMBL284586,83.2,7.08,CHEMBL670883,CHEMBL1134169
CHEMBL124419,265.0,6.58,CHEMBL670883,CHEMBL1134169
CHEMBL166321,206.0,6.69,CHEMBL670394,CHEMBL1131659
CHEMBL351098,918.0,6.04,CHEMBL670394,CHEMBL1131659
CHEMBL165504,66.0,7.18,CHEMBL670394,CHEMBL1131659
CHEMBL91460,158.49,6.80,CHEMBL670658,CHEMBL1131981
CHEMBL20854,1584.89,5.80,CHEMBL670172,CHEMBL1129089
CHEMBL91510,2511.89,5.60,CHEMBL670658,CHEMBL1131981
CHEMBL21035,794.33,6.10,CHEMBL670172,CHEMBL1129089
CHEMBL93336,2511.89,5.60,CHEMBL670658,CHEMBL1131981
CHEMBL93794,1584.89,5.80,CHEMBL670658,CHEMBL1131981
CHEMBL20367,1000.0,6.00,CHEMBL670172,CHEMBL1129089
CHEMBL328002,1258.93,5.90,CHEMBL670658,CHEMBL1131981
CHEMBL165364,1000.0,,CHEMBL670744,CHEMBL1129884
CHEMBL283353,2511.89,5.60,CHEMBL670172,CHEMBL1129089
CHEMBL20996,1584.89,5.80,CHEMBL670172,CHEMBL1129089
CHEMBL61440,1000.0,,CHEMBL670744,CHEMBL1129884
CHEMBL423642,1000.0,,CHEMBL670744,CHEMBL1129884
CHEMBL277937,1995.26,5.70,CHEMBL670172,CHEMBL1129089
CHEMBL20444,1584.89,5.80,CHEMBL670172,CHEMBL1129089
CHEMBL20655,794.33,6.10,CHEMBL670172,CHEMBL1129089
CHEMBL90897,1584.89,5.80,CHEMBL670658,CHEMBL1131981
CHEMBL283142,63.1,7.20,CHEMBL670172,CHEMBL1129089
CHEMBL423632,374.0,6.43,CHEMBL670744,CHEMBL1129884
CHEMBL90433,199.53,6.70,CHEMBL670658,CHEMBL1131981
CHEMBL282008,2511.89,5.60,CHEMBL670172,CHEMBL1129089
CHEMBL92439,1584.89,5.80,CHEMBL670658,CHEMBL1131981
CHEMBL91156,501.19,6.30,CHEMBL670658,CHEMBL1131981
CHEMBL20251,158.49,6.80,CHEMBL670172,CHEMBL1129089
CHEMBL10085,2.2,8.66,CHEMBL670744,CHEMBL1129884
CHEMBL20114,1995.26,5.70,CHEMBL670172,CHEMBL1129089
CHEMBL277669,1584.89,5.80,CHEMBL670172,CHEMBL1129089
CHEMBL21011,1000.0,6.00,CHEMBL670172,CHEMBL1129089
CHEMBL20725,2511.89,5.60,CHEMBL670172,CHEMBL1129089
CHEMBL21168,398.11,6.40,CHEMBL670172,CHEMBL1129089
CHEMBL92438,1258.93,5.90,CHEMBL670658,CHEMBL1131981
CHEMBL423287,10000.0,,CHEMBL670172,CHEMBL1129089
CHEMBL21252,1584.89,5.80,CHEMBL670172,CHEMBL1129089
CHEMBL21119,630.96,6.20,CHEMBL670172,CHEMBL1129089
CHEMBL93703,1584.89,5.80,CHEMBL670658,CHEMBL1131981
CHEMBL20204,398.11,6.40,CHEMBL670172,CHEMBL1129089
CHEMBL94015,2511.89,5.60,CHEMBL670657,CHEMBL1131981
CHEMBL21059,3981.07,5.40,CHEMBL670172,CHEMBL1129089
CHEMBL21205,398.11,6.40,CHEMBL670172,CHEMBL1129089
CHEMBL20819,10000.0,,CHEMBL670172,CHEMBL1129089
CHEMBL278288,398.11,6.40,CHEMBL670172,CHEMBL1129089
CHEMBL20729,251.19,6.60,CHEMBL670172,CHEMBL1129089
CHEMBL164330,1000.0,,CHEMBL670744,CHEMBL1129884
CHEMBL21008,19.95,7.70,CHEMBL670172,CHEMBL1129089
CHEMBL20493,2511.89,5.60,CHEMBL670172,CHEMBL1129089
CHEMBL28056,2470.0,5.61,CHEMBL673593,CHEMBL1134402
CHEMBL282199,316.0,6.50,CHEMBL673593,CHEMBL1134402
CHEMBL27251,2250.0,5.65,CHEMBL673593,CHEMBL1134402
CHEMBL169323,398.11,6.40,CHEMBL674942,CHEMBL1129892
CHEMBL170976,501.19,6.30,CHEMBL674942,CHEMBL1129892
CHEMBL1204203,22.0,7.66,CHEMBL664619,CHEMBL1134606
CHEMBL2021525,3800.0,,CHEMBL673095,CHEMBL1128298
CHEMBL53,41.9,7.38,CHEMBL673593,CHEMBL1134402
CHEMBL2021524,413.0,,CHEMBL872497,CHEMBL1128298
CHEMBL2021524,225.0,6.65,CHEMBL673095,CHEMBL1128298
CHEMBL26907,3380.0,5.47,CHEMBL673593,CHEMBL1134402
CHEMBL28607,1500.0,,CHEMBL671652,CHEMBL1132519
CHEMBL156896,600.0,6.22,CHEMBL671652,CHEMBL1132519
CHEMBL171825,1000.0,6.00,CHEMBL674942,CHEMBL1129892
CHEMBL281357,527.0,6.28,CHEMBL673593,CHEMBL1134402
CHEMBL169322,5011.87,5.30,CHEMBL674942,CHEMBL1129892
CHEMBL156732,200.0,6.70,CHEMBL671652,CHEMBL1132519
CHEMBL25924,233.0,6.63,CHEMBL673593,CHEMBL1134402
CHEMBL354845,100000.0,,CHEMBL674942,CHEMBL1129892
CHEMBL282413,2260.0,5.65,CHEMBL673593,CHEMBL1134402
CHEMBL347291,900.0,6.05,CHEMBL671652,CHEMBL1132519
CHEMBL2112913,280.0,6.55,CHEMBL671652,CHEMBL1132519
CHEMBL435272,10000.0,,CHEMBL674942,CHEMBL1129892
CHEMBL347155,800.0,6.10,CHEMBL671652,CHEMBL1132519
CHEMBL2021538,115.0,6.94,CHEMBL872497,CHEMBL1128298
CHEMBL2021538,8.7,8.06,CHEMBL673095,CHEMBL1128298
CHEMBL281273,1000.0,,CHEMBL673593,CHEMBL1134402
CHEMBL171826,398.11,6.40,CHEMBL674942,CHEMBL1129892
CHEMBL1628275,28.0,7.55,CHEMBL663159,CHEMBL1126894
CHEMBL26998,413.0,,CHEMBL872497,CHEMBL1128298
CHEMBL26998,90.0,7.05,CHEMBL673095,CHEMBL1128298
CHEMBL28437,413.0,,CHEMBL872497,CHEMBL1128298
CHEMBL28437,62.0,7.21,CHEMBL673095,CHEMBL1128298
CHEMBL28313,413.0,,CHEMBL872497,CHEMBL1128298
CHEMBL28313,108.0,6.97,CHEMBL673095,CHEMBL1128298
CHEMBL267014,960.0,6.02,CHEMBL671652,CHEMBL1132519
CHEMBL154286,640.0,6.19,CHEMBL671652,CHEMBL1132519
CHEMBL170923,12589.25,4.90,CHEMBL674942,CHEMBL1129892
CHEMBL154482,1300.0,5.89,CHEMBL671652,CHEMBL1132519
CHEMBL12264,3981.0,5.40,CHEMBL673593,CHEMBL1134402
CHEMBL171672,2511.89,5.60,CHEMBL674942,CHEMBL1129892
CHEMBL2112912,21.0,7.68,CHEMBL671652,CHEMBL1132519
CHEMBL283065,2030.0,5.69,CHEMBL673593,CHEMBL1134402
CHEMBL25815,105.0,6.98,CHEMBL673593,CHEMBL1134402
CHEMBL2021539,311.0,6.51,CHEMBL872497,CHEMBL1128298
CHEMBL2021539,69.0,7.16,CHEMBL673095,CHEMBL1128298
CHEMBL28056,498.0,6.30,CHEMBL673593,CHEMBL1134402
CHEMBL140184,251.19,6.60,CHEMBL674942,CHEMBL1129892
CHEMBL49,90.0,7.05,CHEMBL663159,CHEMBL1126894
CHEMBL173803,10000.0,,CHEMBL674942,CHEMBL1129892
CHEMBL155207,1100.0,5.96,CHEMBL671652,CHEMBL1132519
CHEMBL355065,10000.0,,CHEMBL674942,CHEMBL1129892
CHEMBL26907,2500.0,5.60,CHEMBL673593,CHEMBL1134402
CHEMBL554220,50.0,7.30,CHEMBL673096,CHEMBL1128298
CHEMBL555900,2600.0,5.58,CHEMBL671745,CHEMBL1127181
CHEMBL556831,153.0,6.82,CHEMBL671745,CHEMBL1127181
CHEMBL545457,10000.0,,CHEMBL671745,CHEMBL1127181
CHEMBL210578,0.31,9.51,CHEMBL671416,CHEMBL1136328
CHEMBL210578,0.309,9.51,CHEMBL674342,CHEMBL1136328
CHEMBL542395,2420.0,5.62,CHEMBL671745,CHEMBL1127181
CHEMBL543343,3130.0,5.50,CHEMBL671745,CHEMBL1127181
CHEMBL542877,20000.0,4.70,CHEMBL671745,CHEMBL1127181
CHEMBL545693,217.0,6.66,CHEMBL671745,CHEMBL1127181
CHEMBL288721,614.0,6.21,CHEMBL670884,CHEMBL1128333
CHEMBL42,130.0,6.89,CHEMBL671416,CHEMBL1136328
CHEMBL42,134.9,6.87,CHEMBL674342,CHEMBL1136328
CHEMBL540285,10000.0,,CHEMBL671745,CHEMBL1127181
CHEMBL553784,5320.0,5.27,CHEMBL671745,CHEMBL1127181
CHEMBL545454,2690.0,5.57,CHEMBL671745,CHEMBL1127181
CHEMBL544761,10000.0,,CHEMBL671745,CHEMBL1127181
CHEMBL543587,10000.0,,CHEMBL671745,CHEMBL1127181
CHEMBL553372,550.0,6.26,CHEMBL671745,CHEMBL1127181
CHEMBL543344,47.0,7.33,CHEMBL671745,CHEMBL1127181
CHEMBL41802,87.0,7.06,CHEMBL670884,CHEMBL1128333
CHEMBL542398,962.0,6.02,CHEMBL671745,CHEMBL1127181
CHEMBL556035,2070.0,5.68,CHEMBL671745,CHEMBL1127181
CHEMBL554415,1420.0,5.85,CHEMBL671745,CHEMBL1127181
CHEMBL43475,30.0,7.52,CHEMBL670884,CHEMBL1128333
CHEMBL552631,10000.0,,CHEMBL671745,CHEMBL1127181
CHEMBL553666,24000.0,4.62,CHEMBL671745,CHEMBL1127181
CHEMBL545695,1656.0,5.78,CHEMBL671745,CHEMBL1127181
CHEMBL54,0.89,9.05,CHEMBL671416,CHEMBL1136328
CHEMBL54,0.8913,9.05,CHEMBL674342,CHEMBL1136328
CHEMBL90746,125.89,6.90,CHEMBL670091,CHEMBL1130120
CHEMBL539521,152.0,6.82,CHEMBL671745,CHEMBL1127181
CHEMBL540033,10000.0,5.00,CHEMBL671745,CHEMBL1127181
CHEMBL542148,10000.0,,CHEMBL671745,CHEMBL1127181
CHEMBL552687,2370.0,5.62,CHEMBL671745,CHEMBL1127181
CHEMBL543111,10000.0,,CHEMBL671745,CHEMBL1127181
CHEMBL543591,8400.0,5.08,CHEMBL671745,CHEMBL1127181
CHEMBL69259,10000.0,5.00,CHEMBL671745,CHEMBL1127181
CHEMBL287770,1050.0,5.98,CHEMBL670884,CHEMBL1128333
CHEMBL556133,2900.0,5.54,CHEMBL671745,CHEMBL1127181
CHEMBL540799,70.0,7.16,CHEMBL671745,CHEMBL1127181
CHEMBL538248,2110.0,5.68,CHEMBL671745,CHEMBL1127181
CHEMBL553500,10000.0,,CHEMBL671745,CHEMBL1127181
CHEMBL553288,10000.0,,CHEMBL671745,CHEMBL1127181
CHEMBL543109,10000.0,,CHEMBL671745,CHEMBL1127181
CHEMBL290091,40.0,7.40,CHEMBL670884,CHEMBL1128333
CHEMBL40634,58.8,7.23,CHEMBL670884,CHEMBL1128333
CHEMBL559021,7630.0,5.12,CHEMBL671745,CHEMBL1127181
CHEMBL541055,10000.0,5.00,CHEMBL671745,CHEMBL1127181
CHEMBL290446,33.9,7.47,CHEMBL670884,CHEMBL1128333
CHEMBL540538,10000.0,5.00,CHEMBL671745,CHEMBL1127181
CHEMBL553082,32000.0,4.50,CHEMBL671745,CHEMBL1127181
CHEMBL544996,642.0,6.19,CHEMBL671745,CHEMBL1127181
CHEMBL540028,10000.0,,CHEMBL671745,CHEMBL1127181
CHEMBL290546,124.0,6.91,CHEMBL670884,CHEMBL1128333
CHEMBL541817,10000.0,5.00,CHEMBL671745,CHEMBL1127181
CHEMBL555614,4870.0,5.31,CHEMBL671745,CHEMBL1127181
CHEMBL545222,7180.0,5.14,CHEMBL671745,CHEMBL1127181
CHEMBL292186,398.11,6.40,CHEMBL672215,CHEMBL1129308
CHEMBL52096,13.7,7.86,CHEMBL670879,CHEMBL1130712
CHEMBL2093001,1584.89,5.80,CHEMBL674346,CHEMBL1129847
CHEMBL144600,398.11,6.40,CHEMBL674346,CHEMBL1129847
CHEMBL22156,39.81,7.40,CHEMBL674346,CHEMBL1129847
CHEMBL433552,1000.0,6.00,CHEMBL674346,CHEMBL1129847
CHEMBL145545,630.96,6.20,CHEMBL674346,CHEMBL1129847
CHEMBL423198,100.0,7.00,CHEMBL674346,CHEMBL1129847
CHEMBL299479,1995.26,5.70,CHEMBL672215,CHEMBL1129308
CHEMBL422788,10.8,7.97,CHEMBL670879,CHEMBL1130712
CHEMBL120661,5.92,8.23,CHEMBL670879,CHEMBL1130712
CHEMBL57407,1000.0,6.00,CHEMBL672215,CHEMBL1129308
CHEMBL144055,501.19,6.30,CHEMBL674346,CHEMBL1129847
CHEMBL61248,125.89,6.90,CHEMBL672215,CHEMBL1129308
CHEMBL144141,630.96,6.20,CHEMBL674346,CHEMBL1129847
CHEMBL59075,1584.89,5.80,CHEMBL672215,CHEMBL1129308
CHEMBL59326,3162.28,5.50,CHEMBL672215,CHEMBL1129308
CHEMBL145408,1000.0,6.00,CHEMBL674346,CHEMBL1129847
CHEMBL61090,1258.93,5.90,CHEMBL672215,CHEMBL1129308
CHEMBL145141,125.89,6.90,CHEMBL674346,CHEMBL1129847
CHEMBL2093000,100.0,7.00,CHEMBL674346,CHEMBL1129847
CHEMBL356359,1000.0,,CHEMBL674941,CHEMBL1128720
CHEMBL433255,7943.28,5.10,CHEMBL672215,CHEMBL1129308
CHEMBL120590,16.0,7.80,CHEMBL670879,CHEMBL1130712
CHEMBL1788252,501.19,6.30,CHEMBL674346,CHEMBL1129847
CHEMBL60708,39.81,7.40,CHEMBL672215,CHEMBL1129308
CHEMBL1788258,25.12,7.60,CHEMBL674346,CHEMBL1129847
CHEMBL344531,199.53,6.70,CHEMBL674346,CHEMBL1129847
CHEMBL57019,10000.0,5.00,CHEMBL672215,CHEMBL1129308
CHEMBL280490,100.0,7.00,CHEMBL674346,CHEMBL1129847
CHEMBL356526,199.53,6.70,CHEMBL674346,CHEMBL1129847
CHEMBL106598,2145.0,5.67,CHEMBL872882,CHEMBL1134936
CHEMBL107742,188.0,6.73,CHEMBL872891,CHEMBL1134936
CHEMBL419908,620.0,6.21,CHEMBL872891,CHEMBL1134936
CHEMBL89970,21.0,7.68,CHEMBL672525,CHEMBL1128570
CHEMBL163239,440.0,6.36,CHEMBL672525,CHEMBL1128570
CHEMBL104614,887.0,6.05,CHEMBL872891,CHEMBL1134936
CHEMBL107020,214.0,6.67,CHEMBL872891,CHEMBL1134936
CHEMBL104719,52.0,7.28,CHEMBL872891,CHEMBL1134936
CHEMBL68131,10000.0,,CHEMBL674352,CHEMBL1126562
CHEMBL319650,487.0,6.31,CHEMBL872882,CHEMBL1134936
CHEMBL108261,1000.0,,CHEMBL872891,CHEMBL1134936
CHEMBL150181,2340.0,5.63,CHEMBL671372,CHEMBL1132537
CHEMBL149497,1130.0,5.95,CHEMBL671372,CHEMBL1132537
CHEMBL106897,4126.0,5.38,CHEMBL872882,CHEMBL1134936
CHEMBL104138,4742.0,5.32,CHEMBL872891,CHEMBL1134936
CHEMBL104716,39.0,7.41,CHEMBL872891,CHEMBL1134936
CHEMBL544418,110.0,6.96,CHEMBL672525,CHEMBL1128570
CHEMBL149596,572.0,6.24,CHEMBL671372,CHEMBL1132537
CHEMBL104196,2610.0,5.58,CHEMBL872882,CHEMBL1134936
CHEMBL326202,518.0,6.29,CHEMBL872891,CHEMBL1134936
CHEMBL322326,1642.0,5.79,CHEMBL872891,CHEMBL1134936
CHEMBL147130,2200.0,5.66,CHEMBL671372,CHEMBL1132537
CHEMBL104788,92.0,7.04,CHEMBL872891,CHEMBL1134936
CHEMBL104756,8620.0,5.06,CHEMBL872891,CHEMBL1134936
CHEMBL106067,1000.0,,CHEMBL872891,CHEMBL1134936
CHEMBL151286,287.0,6.54,CHEMBL671372,CHEMBL1132537
CHEMBL104713,341.0,6.47,CHEMBL872882,CHEMBL1134936
CHEMBL104256,1530.0,5.82,CHEMBL872891,CHEMBL1134936
CHEMBL104155,1414.0,5.85,CHEMBL872891,CHEMBL1134936
CHEMBL106998,1692.0,5.77,CHEMBL872882,CHEMBL1134936
CHEMBL323537,2629.0,5.58,CHEMBL872882,CHEMBL1134936
CHEMBL104514,10000.0,,CHEMBL872891,CHEMBL1134936
CHEMBL104299,1000.0,,CHEMBL872891,CHEMBL1134936
CHEMBL106914,834.0,6.08,CHEMBL872891,CHEMBL1134936
CHEMBL107351,6740.0,5.17,CHEMBL872891,CHEMBL1134936
CHEMBL105304,119.0,6.92,CHEMBL872891,CHEMBL1134936
CHEMBL556969,61.0,7.21,CHEMBL672525,CHEMBL1128570
CHEMBL321058,3431.0,5.46,CHEMBL872882,CHEMBL1134936
CHEMBL105595,6357.0,5.20,CHEMBL872882,CHEMBL1134936
CHEMBL323213,377.0,6.42,CHEMBL872882,CHEMBL1134936
CHEMBL104579,158.0,6.80,CHEMBL872891,CHEMBL1134936
CHEMBL104063,8053.0,5.09,CHEMBL872891,CHEMBL1134936
CHEMBL419916,1918.0,5.72,CHEMBL872891,CHEMBL1134936
CHEMBL104321,5287.0,5.28,CHEMBL872891,CHEMBL1134936
CHEMBL321734,225.0,6.65,CHEMBL872891,CHEMBL1134936
CHEMBL105011,166.0,6.78,CHEMBL872891,CHEMBL1134936
CHEMBL320440,1784.0,5.75,CHEMBL872891,CHEMBL1134936
CHEMBL147059,610.0,6.21,CHEMBL671372,CHEMBL1132537
CHEMBL104432,1000.0,,CHEMBL872882,CHEMBL1134936
CHEMBL317879,117.0,6.93,CHEMBL872882,CHEMBL1134936
CHEMBL104273,23.0,7.64,CHEMBL872891,CHEMBL1134936
CHEMBL150129,5880.0,,CHEMBL671372,CHEMBL1132537
CHEMBL320067,4375.0,5.36,CHEMBL872882,CHEMBL1134936
CHEMBL107793,509.0,6.29,CHEMBL872882,CHEMBL1134936
CHEMBL323022,5247.0,5.28,CHEMBL872891,CHEMBL1134936
CHEMBL107804,3011.0,5.52,CHEMBL872891,CHEMBL1134936
CHEMBL432762,94.0,7.03,CHEMBL672524,CHEMBL1128570
CHEMBL346398,52.5,7.28,CHEMBL671372,CHEMBL1132537
CHEMBL104832,62.0,7.21,CHEMBL872891,CHEMBL1134936
CHEMBL94067,570.0,6.24,CHEMBL672525,CHEMBL1128570
CHEMBL542029,44.0,7.36,CHEMBL672525,CHEMBL1128570
CHEMBL163863,230.0,6.64,CHEMBL672525,CHEMBL1128570
CHEMBL348435,5590.0,5.25,CHEMBL671372,CHEMBL1132537
CHEMBL318739,607.0,6.22,CHEMBL672176,CHEMBL1134936
CHEMBL318760,3780.0,5.42,CHEMBL872882,CHEMBL1134936
CHEMBL108157,1207.0,5.92,CHEMBL872891,CHEMBL1134936
CHEMBL106751,1252.0,5.90,CHEMBL872891,CHEMBL1134936
CHEMBL147011,5880.0,,CHEMBL671372,CHEMBL1132537
CHEMBL85,1.4,8.85,CHEMBL672525,CHEMBL1128570
CHEMBL106917,3780.0,5.42,CHEMBL872882,CHEMBL1134936
CHEMBL149233,129.0,6.89,CHEMBL671372,CHEMBL1132537
CHEMBL151533,346.0,6.46,CHEMBL671372,CHEMBL1132537
CHEMBL324867,7000.0,,CHEMBL872891,CHEMBL1134936
CHEMBL321538,753.0,6.12,CHEMBL872891,CHEMBL1134936
CHEMBL104251,1000.0,,CHEMBL872882,CHEMBL1134936
CHEMBL104498,5847.0,5.23,CHEMBL872891,CHEMBL1134936
CHEMBL544184,680.0,6.17,CHEMBL672525,CHEMBL1128570
CHEMBL146757,698.0,6.16,CHEMBL671372,CHEMBL1132537
CHEMBL345552,493.0,6.31,CHEMBL671372,CHEMBL1132537
CHEMBL107229,4623.0,5.33,CHEMBL872882,CHEMBL1134936
CHEMBL107962,3325.0,5.48,CHEMBL872882,CHEMBL1134936
CHEMBL107391,2220.0,5.65,CHEMBL872882,CHEMBL1134936
CHEMBL419356,71.0,7.15,CHEMBL872891,CHEMBL1134936
CHEMBL539057,82.0,7.09,CHEMBL672525,CHEMBL1128570
CHEMBL323525,2094.0,5.68,CHEMBL872891,CHEMBL1134936
CHEMBL554670,89.0,7.05,CHEMBL672525,CHEMBL1128570
CHEMBL90882,2.5,8.60,CHEMBL672525,CHEMBL1128570
CHEMBL267014,908.0,6.04,CHEMBL671372,CHEMBL1132537
CHEMBL150173,2980.0,5.53,CHEMBL671372,CHEMBL1132537
CHEMBL831,21.0,7.68,CHEMBL672525,CHEMBL1128570
CHEMBL105625,450.0,6.35,CHEMBL872882,CHEMBL1134936
CHEMBL106916,209.0,6.68,CHEMBL872882,CHEMBL1134936
CHEMBL321871,2524.0,5.60,CHEMBL872882,CHEMBL1134936
CHEMBL104160,35.0,7.46,CHEMBL872882,CHEMBL1134936
CHEMBL106742,306.0,6.51,CHEMBL872882,CHEMBL1134936
CHEMBL106208,3823.0,5.42,CHEMBL872891,CHEMBL1134936
CHEMBL322567,1225.0,5.91,CHEMBL872891,CHEMBL1134936
CHEMBL42,220.0,6.66,CHEMBL672525,CHEMBL1128570
CHEMBL319927,183.0,6.74,CHEMBL872882,CHEMBL1134936
CHEMBL107338,1926.0,5.71,CHEMBL872882,CHEMBL1134936
CHEMBL104399,5839.0,5.23,CHEMBL872891,CHEMBL1134936
CHEMBL326670,120.0,6.92,CHEMBL872882,CHEMBL1134936
CHEMBL419911,1000.0,,CHEMBL872891,CHEMBL1134936
CHEMBL441274,187.0,6.73,CHEMBL872882,CHEMBL1134936
CHEMBL107384,883.0,6.05,CHEMBL872882,CHEMBL1134936
CHEMBL104238,10000.0,,CHEMBL872891,CHEMBL1134936
CHEMBL104380,979.0,6.01,CHEMBL872891,CHEMBL1134936
CHEMBL346389,413.0,6.38,CHEMBL671372,CHEMBL1132537
CHEMBL326250,129.0,6.89,CHEMBL872882,CHEMBL1134936
CHEMBL104497,10000.0,,CHEMBL872891,CHEMBL1134936
CHEMBL42,138.0,6.86,CHEMBL872891,CHEMBL1134936
CHEMBL69584,690.0,6.16,CHEMBL872882,CHEMBL1134936
CHEMBL317266,2552.0,5.59,CHEMBL872882,CHEMBL1134936
CHEMBL107755,5847.0,5.23,CHEMBL872882,CHEMBL1134936
CHEMBL106007,5000.0,,CHEMBL872891,CHEMBL1134936
CHEMBL104800,10000.0,,CHEMBL872891,CHEMBL1134936
CHEMBL555362,83.0,7.08,CHEMBL672525,CHEMBL1128570
CHEMBL91157,230.0,6.64,CHEMBL840034,CHEMBL1142735
CHEMBL419316,1000.0,,CHEMBL840034,CHEMBL1142735
CHEMBL92860,1000.0,,CHEMBL840034,CHEMBL1142735
CHEMBL268258,1000.0,,CHEMBL840034,CHEMBL1142735
CHEMBL90997,1000.0,,CHEMBL840034,CHEMBL1142735
CHEMBL328114,959.0,6.02,CHEMBL840034,CHEMBL1142735
CHEMBL175586,1000.0,,CHEMBL830303,CHEMBL1142766
CHEMBL175832,313.0,6.50,CHEMBL830303,CHEMBL1142766
CHEMBL145939,1500.0,,CHEMBL830303,CHEMBL1142766
CHEMBL358075,1500.0,,CHEMBL830303,CHEMBL1142766
CHEMBL368816,863.0,6.06,CHEMBL830303,CHEMBL1142766
CHEMBL177807,1500.0,,CHEMBL830303,CHEMBL1142766
CHEMBL177401,791.0,6.10,CHEMBL830303,CHEMBL1142766
CHEMBL178055,2000.0,,CHEMBL830303,CHEMBL1142766
CHEMBL174049,2000.0,,CHEMBL830303,CHEMBL1142766
CHEMBL177416,266.0,6.58,CHEMBL830303,CHEMBL1142766
CHEMBL175544,1000.0,,CHEMBL830303,CHEMBL1142766
CHEMBL176109,2000.0,5.70,CHEMBL830303,CHEMBL1142766
CHEMBL267930,0.12,9.92,CHEMBL839477,CHEMBL1141881
CHEMBL7927,3200.0,5.50,CHEMBL839477,CHEMBL1141881
CHEMBL310843,3400.0,5.47,CHEMBL839477,CHEMBL1141881
CHEMBL59725,3600.0,5.44,CHEMBL839477,CHEMBL1141881
CHEMBL88937,31000.0,4.51,CHEMBL839477,CHEMBL1141881
CHEMBL54,1.3,8.89,CHEMBL839477,CHEMBL1141881
CHEMBL124444,110.0,6.96,CHEMBL839477,CHEMBL1141881
CHEMBL141845,290.0,6.54,CHEMBL839477,CHEMBL1141881
CHEMBL26,120.0,6.92,CHEMBL839477,CHEMBL1141881
CHEMBL175838,19.6,7.71,CHEMBL838683,CHEMBL1145183
CHEMBL367720,31.2,7.51,CHEMBL838683,CHEMBL1145183
CHEMBL180010,93.3,7.03,CHEMBL838683,CHEMBL1145183
CHEMBL414838,54.5,7.26,CHEMBL827140,CHEMBL1145183
CHEMBL425143,43.7,7.36,CHEMBL838683,CHEMBL1145183
CHEMBL368961,45.7,7.34,CHEMBL838683,CHEMBL1145183
CHEMBL179351,8.0,8.10,CHEMBL838683,CHEMBL1145183
CHEMBL175462,65.5,7.18,CHEMBL838683,CHEMBL1145183
CHEMBL175734,149.0,6.83,CHEMBL838683,CHEMBL1145183
CHEMBL366904,76.5,7.12,CHEMBL838683,CHEMBL1145183
CHEMBL304605,168.0,6.78,CHEMBL838683,CHEMBL1145183
CHEMBL300780,112.0,6.95,CHEMBL838683,CHEMBL1145183
CHEMBL302374,39.3,7.41,CHEMBL838683,CHEMBL1145183
CHEMBL262724,29.6,7.53,CHEMBL838683,CHEMBL1145183
CHEMBL69451,24.8,7.61,CHEMBL838683,CHEMBL1145183
CHEMBL179960,18.2,7.74,CHEMBL838683,CHEMBL1145183
CHEMBL59725,64.7,7.19,CHEMBL838683,CHEMBL1145183
CHEMBL139926,44.8,7.35,CHEMBL838683,CHEMBL1145183
CHEMBL177398,10.1,8.00,CHEMBL838683,CHEMBL1145183
CHEMBL175677,8.8,8.06,CHEMBL838683,CHEMBL1145183
CHEMBL366900,6.1,8.21,CHEMBL838683,CHEMBL1145183
CHEMBL179003,10.2,7.99,CHEMBL838683,CHEMBL1145183
CHEMBL176884,15.0,7.82,CHEMBL838683,CHEMBL1145183
CHEMBL175466,17.5,7.76,CHEMBL838683,CHEMBL1145183
CHEMBL176212,10.6,7.97,CHEMBL838683,CHEMBL1145183
CHEMBL179053,28.1,7.55,CHEMBL838683,CHEMBL1145183
CHEMBL180060,35.4,7.45,CHEMBL838683,CHEMBL1145183
CHEMBL414839,3.7,8.43,CHEMBL838683,CHEMBL1145183
CHEMBL175875,39.1,7.41,CHEMBL838683,CHEMBL1145183
CHEMBL71327,2.9,8.54,CHEMBL838683,CHEMBL1145183
CHEMBL179025,16.9,7.77,CHEMBL838683,CHEMBL1145183
CHEMBL362487,2000.0,,CHEMBL876383,CHEMBL1141885
CHEMBL180606,2000.0,,CHEMBL876383,CHEMBL1141885
CHEMBL362285,21.2,7.67,CHEMBL840158,CHEMBL1141892
CHEMBL181469,6.2,8.21,CHEMBL840158,CHEMBL1141892
CHEMBL179649,11.9,7.92,CHEMBL840158,CHEMBL1141892
CHEMBL360457,3.6,8.44,CHEMBL840158,CHEMBL1141892
CHEMBL178803,0.14,9.85,CHEMBL840158,CHEMBL1141892
CHEMBL74355,1300.0,5.89,CHEMBL830303,CHEMBL1142766
CHEMBL182379,59.0,7.23,CHEMBL828883,CHEMBL1137095
CHEMBL182379,27.0,7.57,CHEMBL828760,CHEMBL1137095
CHEMBL184383,3200.0,5.50,CHEMBL828883,CHEMBL1137095
CHEMBL184383,430.0,6.37,CHEMBL828760,CHEMBL1137095
CHEMBL184993,48.0,7.32,CHEMBL828883,CHEMBL1137095
CHEMBL184993,1.0,9.00,CHEMBL828760,CHEMBL1137095
CHEMBL183871,450.0,6.35,CHEMBL828883,CHEMBL1137095
CHEMBL183871,140.0,6.85,CHEMBL828760,CHEMBL1137095
CHEMBL182652,75.0,7.12,CHEMBL828883,CHEMBL1137095
CHEMBL182652,35.0,7.46,CHEMBL828760,CHEMBL1137095
CHEMBL362101,89.0,7.05,CHEMBL828883,CHEMBL1137095
CHEMBL362101,32.0,7.50,CHEMBL828760,CHEMBL1137095
CHEMBL59725,3600.0,5.44,CHEMBL828883,CHEMBL1137095
CHEMBL59725,2600.0,5.58,CHEMBL828760,CHEMBL1137095
CHEMBL611207,1.2,8.92,CHEMBL827195,CHEMBL1137093
CHEMBL611207,1841.0,5.74,CHEMBL827187,CHEMBL1137093
CHEMBL182721,1.66,8.78,CHEMBL838638,CHEMBL1137161
CHEMBL184770,51.29,7.29,CHEMBL838638,CHEMBL1137161
CHEMBL363124,23.99,7.62,CHEMBL838638,CHEMBL1137161
CHEMBL183776,5.37,8.27,CHEMBL838638,CHEMBL1137161
CHEMBL181898,28.18,7.55,CHEMBL838638,CHEMBL1137161
CHEMBL185436,31.62,7.50,CHEMBL838638,CHEMBL1137161
CHEMBL42,77.62,7.11,CHEMBL838638,CHEMBL1137161
CHEMBL611207,2.2,8.66,CHEMBL827195,CHEMBL1137093
CHEMBL611207,1545.0,5.81,CHEMBL827187,CHEMBL1137093
CHEMBL182071,1000.0,,CHEMBL875190,CHEMBL1138823
CHEMBL183277,1000.0,,CHEMBL875190,CHEMBL1138823
CHEMBL183423,1000.0,,CHEMBL875190,CHEMBL1138823
CHEMBL184789,1000.0,,CHEMBL875190,CHEMBL1138823
CHEMBL363452,370.0,6.43,CHEMBL875190,CHEMBL1138823
CHEMBL608530,304.0,6.52,CHEMBL840079,CHEMBL1137093
CHEMBL608530,426.0,6.37,CHEMBL840079,CHEMBL1137093
CHEMBL187804,8000.0,5.10,CHEMBL839650,CHEMBL1137866
CHEMBL424808,5000.0,5.30,CHEMBL839650,CHEMBL1137866
CHEMBL182075,4000.0,5.40,CHEMBL839650,CHEMBL1137866
CHEMBL185156,600.0,6.22,CHEMBL839650,CHEMBL1137866
CHEMBL360394,150.0,6.82,CHEMBL839650,CHEMBL1137866
CHEMBL184388,120.0,6.92,CHEMBL839650,CHEMBL1137866
CHEMBL183160,4000.0,5.40,CHEMBL839650,CHEMBL1137866
CHEMBL366043,2600.0,5.58,CHEMBL839650,CHEMBL1137866
CHEMBL184551,3100.0,5.51,CHEMBL839650,CHEMBL1137866
CHEMBL427522,3700.0,5.43,CHEMBL839650,CHEMBL1137866
CHEMBL187236,840.0,6.08,CHEMBL839650,CHEMBL1137866
CHEMBL187122,1200.0,5.92,CHEMBL839650,CHEMBL1137866
CHEMBL186558,1500.0,5.82,CHEMBL839650,CHEMBL1137866
CHEMBL360424,980.0,6.01,CHEMBL839650,CHEMBL1137866
CHEMBL366304,900.0,6.05,CHEMBL839650,CHEMBL1137866
CHEMBL364782,1000.0,6.00,CHEMBL839650,CHEMBL1137866
CHEMBL187113,94.0,7.03,CHEMBL839650,CHEMBL1137866
CHEMBL426062,70.0,7.16,CHEMBL839650,CHEMBL1137866
CHEMBL361035,60.0,7.22,CHEMBL839650,CHEMBL1137866
CHEMBL537182,189.8,6.72,CHEMBL838814,CHEMBL1138643
CHEMBL553417,124.4,6.91,CHEMBL838814,CHEMBL1138643
CHEMBL553327,2.3,8.64,CHEMBL838814,CHEMBL1138643
CHEMBL558392,253.5,6.60,CHEMBL838814,CHEMBL1138643
CHEMBL556361,1231.0,5.91,CHEMBL838814,CHEMBL1138643
CHEMBL537183,1050.0,5.98,CHEMBL838814,CHEMBL1138643
CHEMBL555670,960.0,6.02,CHEMBL838814,CHEMBL1138643
CHEMBL361875,1210.0,5.92,CHEMBL830366,CHEMBL1138658
CHEMBL363466,241.0,6.62,CHEMBL830366,CHEMBL1138658
CHEMBL184049,158.0,6.80,CHEMBL838569,CHEMBL1138672
CHEMBL184050,274.0,6.56,CHEMBL838569,CHEMBL1138672
CHEMBL364586,5317.0,5.27,CHEMBL838569,CHEMBL1138672
CHEMBL185875,6280.0,5.20,CHEMBL838569,CHEMBL1138672
CHEMBL186720,2740.0,5.56,CHEMBL838569,CHEMBL1138672
CHEMBL366265,2024.0,5.69,CHEMBL838569,CHEMBL1138672
CHEMBL435505,10000.0,,CHEMBL838569,CHEMBL1138672
CHEMBL364565,1015.0,5.99,CHEMBL838569,CHEMBL1138672
CHEMBL365697,10000.0,,CHEMBL838569,CHEMBL1138672
CHEMBL184724,10000.0,,CHEMBL838569,CHEMBL1138672
CHEMBL184073,4188.0,5.38,CHEMBL838569,CHEMBL1138672
CHEMBL187367,1006.0,6.00,CHEMBL838569,CHEMBL1138672
CHEMBL187420,10000.0,,CHEMBL838569,CHEMBL1138672
CHEMBL54,2.2,8.66,CHEMBL839543,CHEMBL1138672
CHEMBL187928,1258.93,5.90,CHEMBL840226,CHEMBL1142810
CHEMBL191460,1258.93,5.90,CHEMBL840226,CHEMBL1142810
CHEMBL188486,794.33,6.10,CHEMBL840226,CHEMBL1142810
CHEMBL316983,52.0,7.28,CHEMBL829839,CHEMBL1143571
CHEMBL316983,6900.0,5.16,CHEMBL829826,CHEMBL1143571
CHEMBL316983,41.0,7.39,CHEMBL829840,CHEMBL1143571
CHEMBL316983,3000.0,5.52,CHEMBL829827,CHEMBL1143571
CHEMBL372020,190.0,6.72,CHEMBL829839,CHEMBL1143571
CHEMBL372020,6500.0,5.19,CHEMBL829826,CHEMBL1143571
CHEMBL372020,130.0,6.89,CHEMBL829840,CHEMBL1143571
CHEMBL372020,5100.0,5.29,CHEMBL829827,CHEMBL1143571
CHEMBL301265,21.0,7.68,CHEMBL829839,CHEMBL1143571
CHEMBL301265,6300.0,5.20,CHEMBL829826,CHEMBL1143571
CHEMBL301265,21.0,7.68,CHEMBL829840,CHEMBL1143571
CHEMBL301265,1900.0,5.72,CHEMBL829827,CHEMBL1143571
CHEMBL240773,63.0,7.20,CHEMBL829839,CHEMBL1143571
CHEMBL240773,3100.0,5.51,CHEMBL829826,CHEMBL1143571
CHEMBL240773,35.0,7.46,CHEMBL829840,CHEMBL1143571
CHEMBL240773,3000.0,5.52,CHEMBL829827,CHEMBL1143571
CHEMBL13647,14.0,7.85,CHEMBL826339,CHEMBL1143615
CHEMBL299691,140.0,6.85,CHEMBL826339,CHEMBL1143615
CHEMBL57546,2200.0,5.66,CHEMBL826339,CHEMBL1143615
CHEMBL192099,2200.0,5.66,CHEMBL826339,CHEMBL1143615
CHEMBL556313,120.0,6.92,CHEMBL826339,CHEMBL1143615
CHEMBL193620,700.0,6.16,CHEMBL826339,CHEMBL1143615
CHEMBL98241,580.0,6.24,CHEMBL826339,CHEMBL1143615
CHEMBL425190,3162.28,5.50,CHEMBL838639,CHEMBL1139504
CHEMBL301242,19.4,7.71,CHEMBL828890,CHEMBL1139520
CHEMBL301242,70.1,7.15,CHEMBL828891,CHEMBL1139520
CHEMBL59725,42.5,7.37,CHEMBL828890,CHEMBL1139520
CHEMBL59725,64.7,7.19,CHEMBL828891,CHEMBL1139520
CHEMBL139926,119.0,6.92,CHEMBL828890,CHEMBL1139520
CHEMBL139926,44.8,7.35,CHEMBL828891,CHEMBL1139520
CHEMBL244083,398.0,6.40,CHEMBL829065,CHEMBL1139520
CHEMBL302374,39.3,7.41,CHEMBL828891,CHEMBL1139520
CHEMBL302374,51.4,7.29,CHEMBL828890,CHEMBL1139520
CHEMBL262724,29.6,7.53,CHEMBL828891,CHEMBL1139520
CHEMBL262724,58.3,7.23,CHEMBL828890,CHEMBL1139520
CHEMBL69451,24.8,7.61,CHEMBL828891,CHEMBL1139520
CHEMBL69451,61.2,7.21,CHEMBL828890,CHEMBL1139520
CHEMBL71327,23.4,7.63,CHEMBL828890,CHEMBL1139520
CHEMBL71327,2.9,8.54,CHEMBL828891,CHEMBL1139520
CHEMBL69571,10000.0,,CHEMBL828890,CHEMBL1139520
CHEMBL69571,62.9,7.20,CHEMBL828891,CHEMBL1139520
CHEMBL304605,168.0,6.78,CHEMBL828891,CHEMBL1139520
CHEMBL304605,10000.0,,CHEMBL828890,CHEMBL1139520
CHEMBL71865,15.2,7.82,CHEMBL828890,CHEMBL1139520
CHEMBL71865,2.5,8.60,CHEMBL828891,CHEMBL1139520
CHEMBL180060,35.4,7.45,CHEMBL828891,CHEMBL1139520
CHEMBL180060,192.0,6.72,CHEMBL828890,CHEMBL1139520
CHEMBL370713,30.4,7.52,CHEMBL828891,CHEMBL1139520
CHEMBL370713,96.5,7.01,CHEMBL828890,CHEMBL1139520
CHEMBL194493,19.7,7.71,CHEMBL828891,CHEMBL1139520
CHEMBL194493,31.0,7.51,CHEMBL828890,CHEMBL1139520
CHEMBL195057,13.7,7.86,CHEMBL828891,CHEMBL1139520
CHEMBL195057,65.8,7.18,CHEMBL828890,CHEMBL1139520
CHEMBL366904,76.5,7.12,CHEMBL828891,CHEMBL1139520
CHEMBL366904,131.0,6.88,CHEMBL828890,CHEMBL1139520
CHEMBL175734,149.0,6.83,CHEMBL828891,CHEMBL1139520
CHEMBL175734,245.0,6.61,CHEMBL828890,CHEMBL1139520
CHEMBL180010,93.3,7.03,CHEMBL828891,CHEMBL1139520
CHEMBL180010,106.0,6.97,CHEMBL828890,CHEMBL1139520
CHEMBL364516,110.0,6.96,CHEMBL829061,CHEMBL1139523
CHEMBL364516,78.0,7.11,CHEMBL829637,CHEMBL1139523
CHEMBL194555,31.0,7.51,CHEMBL829061,CHEMBL1139523
CHEMBL194555,19.0,7.72,CHEMBL829637,CHEMBL1139523
CHEMBL191962,120.0,6.92,CHEMBL829061,CHEMBL1139523
CHEMBL191962,60.0,7.22,CHEMBL829637,CHEMBL1139523
CHEMBL370297,43.0,7.37,CHEMBL829061,CHEMBL1139523
CHEMBL370297,12.0,7.92,CHEMBL829637,CHEMBL1139523
CHEMBL195083,99.0,7.00,CHEMBL829061,CHEMBL1139523
CHEMBL195083,72.0,7.14,CHEMBL829637,CHEMBL1139523
CHEMBL425731,66.0,7.18,CHEMBL829061,CHEMBL1139523
CHEMBL425731,45.0,7.35,CHEMBL829637,CHEMBL1139523
CHEMBL371165,170.0,6.77,CHEMBL829061,CHEMBL1139523
CHEMBL371165,120.0,6.92,CHEMBL829637,CHEMBL1139523
CHEMBL540612,220.0,6.66,CHEMBL829061,CHEMBL1139523
CHEMBL540612,200.0,6.70,CHEMBL830376,CHEMBL1139523
CHEMBL25236,61.0,7.21,CHEMBL876373,CHEMBL1139520
CHEMBL85606,1050.0,5.98,CHEMBL876379,CHEMBL1139520
CHEMBL300780,698.0,6.16,CHEMBL828890,CHEMBL1139520
CHEMBL300780,112.0,6.95,CHEMBL828891,CHEMBL1139520
CHEMBL606547,2000.0,,CHEMBL828837,CHEMBL1141169
CHEMBL606556,2000.0,,CHEMBL828837,CHEMBL1141169
CHEMBL370713,30.4,7.52,CHEMBL838683,CHEMBL1145183
CHEMBL372022,6.6,8.18,CHEMBL838683,CHEMBL1145183
CHEMBL195057,13.7,7.86,CHEMBL838683,CHEMBL1145183
CHEMBL609742,5000.0,,CHEMBL828837,CHEMBL1141169
CHEMBL2113386,2000.0,,CHEMBL828837,CHEMBL1141169
CHEMBL191795,7.4,8.13,CHEMBL838683,CHEMBL1145183
CHEMBL364759,21.9,7.66,CHEMBL838683,CHEMBL1145183
CHEMBL194493,19.7,7.71,CHEMBL838683,CHEMBL1145183
CHEMBL426994,18.2,7.74,CHEMBL838683,CHEMBL1145183
CHEMBL191855,29.0,7.54,CHEMBL838683,CHEMBL1145183
CHEMBL128524,251.19,6.60,CHEMBL835389,CHEMBL1143544
CHEMBL131396,112.2,6.95,CHEMBL835389,CHEMBL1143544
CHEMBL128313,19.95,7.70,CHEMBL835389,CHEMBL1143544
CHEMBL129534,21.88,7.66,CHEMBL835389,CHEMBL1143544
CHEMBL128232,61.66,7.21,CHEMBL835389,CHEMBL1143544
CHEMBL128647,269.15,6.57,CHEMBL835389,CHEMBL1143544
CHEMBL128276,1949.84,5.71,CHEMBL835389,CHEMBL1143544
CHEMBL22892,562.34,6.25,CHEMBL835389,CHEMBL1143544
CHEMBL132884,229.09,6.64,CHEMBL835389,CHEMBL1143544
CHEMBL132455,1412.54,5.85,CHEMBL835389,CHEMBL1143544
CHEMBL131997,302.0,6.52,CHEMBL835389,CHEMBL1143544
CHEMBL129927,144.54,6.84,CHEMBL835389,CHEMBL1143544
CHEMBL131484,1318.26,5.88,CHEMBL835389,CHEMBL1143544
CHEMBL129757,245.47,6.61,CHEMBL835389,CHEMBL1143544
CHEMBL131299,64.57,7.19,CHEMBL835389,CHEMBL1143544
CHEMBL334545,295.12,6.53,CHEMBL835389,CHEMBL1143544
CHEMBL435598,295.12,6.53,CHEMBL835389,CHEMBL1143544
CHEMBL130370,275.42,6.56,CHEMBL835389,CHEMBL1143544
CHEMBL341225,5754.4,5.24,CHEMBL835389,CHEMBL1143544
CHEMBL131357,389.05,6.41,CHEMBL835389,CHEMBL1143544
CHEMBL366164,12.0,7.92,CHEMBL829120,CHEMBL1142715
CHEMBL329566,61.0,7.21,CHEMBL829120,CHEMBL1142715
CHEMBL54,2.5,8.60,CHEMBL829120,CHEMBL1142715
CHEMBL42,144.0,6.84,CHEMBL829120,CHEMBL1142715
CHEMBL715,78.0,7.11,CHEMBL829120,CHEMBL1142715
CHEMBL85,6.4,8.19,CHEMBL829120,CHEMBL1142715
CHEMBL654,5454.0,,CHEMBL829120,CHEMBL1142715
CHEMBL6437,2197.0,5.66,CHEMBL829120,CHEMBL1142715
CHEMBL195706,191.0,6.72,CHEMBL829120,CHEMBL1142715
CHEMBL194659,32.0,7.50,CHEMBL829120,CHEMBL1142715
CHEMBL364270,68.0,7.17,CHEMBL829120,CHEMBL1142715
CHEMBL435301,5.9,8.23,CHEMBL829120,CHEMBL1142715
CHEMBL195856,369.0,6.43,CHEMBL829120,CHEMBL1142715
CHEMBL193435,66.0,7.18,CHEMBL829120,CHEMBL1142715
CHEMBL363581,12.0,7.92,CHEMBL829120,CHEMBL1142715
CHEMBL193639,2.3,8.64,CHEMBL829120,CHEMBL1142715
CHEMBL193639,1.7,8.77,CHEMBL829120,CHEMBL1142715
CHEMBL48807,2454.71,5.61,CHEMBL835392,CHEMBL1143544
CHEMBL298763,177.83,6.75,CHEMBL835392,CHEMBL1143544
CHEMBL423659,3019.95,5.52,CHEMBL835392,CHEMBL1143544
CHEMBL296506,2454.71,5.61,CHEMBL835392,CHEMBL1143544
CHEMBL298166,467.74,6.33,CHEMBL835392,CHEMBL1143544
CHEMBL45244,2818.38,5.55,CHEMBL835392,CHEMBL1143544
CHEMBL51023,173.78,6.76,CHEMBL835392,CHEMBL1143544
CHEMBL51536,48.98,7.31,CHEMBL835392,CHEMBL1143544
CHEMBL300956,380.19,6.42,CHEMBL835392,CHEMBL1143544
CHEMBL48819,1445.44,5.84,CHEMBL835392,CHEMBL1143544
CHEMBL295094,363.08,6.44,CHEMBL835392,CHEMBL1143544
CHEMBL49502,2290.87,5.64,CHEMBL835392,CHEMBL1143544
CHEMBL49231,269.15,6.57,CHEMBL835392,CHEMBL1143544
CHEMBL296953,66.07,7.18,CHEMBL835392,CHEMBL1143544
CHEMBL49876,602.56,6.22,CHEMBL835392,CHEMBL1143544
CHEMBL372453,10000.0,,CHEMBL884721,CHEMBL1143467
CHEMBL194206,10000.0,,CHEMBL884721,CHEMBL1143467
CHEMBL197408,10000.0,,CHEMBL884721,CHEMBL1143467
CHEMBL196598,10000.0,,CHEMBL884721,CHEMBL1143467
CHEMBL197796,10000.0,,CHEMBL884721,CHEMBL1143467
CHEMBL195927,10000.0,,CHEMBL884721,CHEMBL1143467
CHEMBL15928,10000.0,,CHEMBL884721,CHEMBL1143467
CHEMBL194727,98.0,7.01,CHEMBL884780,CHEMBL1143473
CHEMBL194727,140.0,6.85,CHEMBL884781,CHEMBL1143473
CHEMBL196744,17.0,7.77,CHEMBL884780,CHEMBL1143473
CHEMBL196744,18.0,7.75,CHEMBL884781,CHEMBL1143473
CHEMBL198993,160.0,6.80,CHEMBL884780,CHEMBL1143473
CHEMBL198993,240.0,6.62,CHEMBL884781,CHEMBL1143473
CHEMBL197162,21.0,7.68,CHEMBL884780,CHEMBL1143473
CHEMBL197162,29.0,7.54,CHEMBL884781,CHEMBL1143473
CHEMBL197214,260.0,6.58,CHEMBL884780,CHEMBL1143473
CHEMBL197214,400.0,6.40,CHEMBL884781,CHEMBL1143473
CHEMBL197195,44.0,7.36,CHEMBL884780,CHEMBL1143473
CHEMBL197195,57.0,7.24,CHEMBL884781,CHEMBL1143473
CHEMBL194755,72.0,7.14,CHEMBL884780,CHEMBL1143473
CHEMBL194755,120.0,6.92,CHEMBL884781,CHEMBL1143473
CHEMBL195247,39.0,7.41,CHEMBL884780,CHEMBL1143473
CHEMBL195247,49.0,7.31,CHEMBL884781,CHEMBL1143473
CHEMBL59725,3600.0,5.44,CHEMBL884780,CHEMBL1143473
CHEMBL59725,2600.0,5.58,CHEMBL884781,CHEMBL1143473
CHEMBL196928,220.0,6.66,CHEMBL872139,CHEMBL1141074
CHEMBL196928,160.0,6.80,CHEMBL872142,CHEMBL1141074
CHEMBL196928,18000.0,4.75,CHEMBL872138,CHEMBL1141074
CHEMBL196928,8500.0,5.07,CHEMBL872141,CHEMBL1141074
CHEMBL197159,20000.0,,CHEMBL872127,CHEMBL1141074
CHEMBL197159,20000.0,,CHEMBL872131,CHEMBL1141074
CHEMBL193337,180.0,6.75,CHEMBL872139,CHEMBL1141074
CHEMBL193337,250.0,6.60,CHEMBL872142,CHEMBL1141074
CHEMBL193337,15000.0,4.82,CHEMBL872138,CHEMBL1141074
CHEMBL193337,10000.0,5.00,CHEMBL872141,CHEMBL1141074
CHEMBL194099,120.0,6.92,CHEMBL872139,CHEMBL1141074
CHEMBL194099,210.0,6.68,CHEMBL872142,CHEMBL1141074
CHEMBL194099,20000.0,,CHEMBL872138,CHEMBL1141074
CHEMBL194099,12000.0,4.92,CHEMBL872141,CHEMBL1141074
CHEMBL383805,100000.0,,CHEMBL872127,CHEMBL1141074
CHEMBL383805,100000.0,,CHEMBL872131,CHEMBL1141074
CHEMBL198303,20000.0,,CHEMBL872127,CHEMBL1141074
CHEMBL198303,20000.0,,CHEMBL872131,CHEMBL1141074
CHEMBL198125,20000.0,,CHEMBL872127,CHEMBL1141074
CHEMBL198125,20000.0,,CHEMBL872131,CHEMBL1141074
CHEMBL198174,5900.0,5.23,CHEMBL872127,CHEMBL1141074
CHEMBL198174,4000.0,5.40,CHEMBL872131,CHEMBL1141074
CHEMBL316983,52.0,7.28,CHEMBL872139,CHEMBL1141074
CHEMBL316983,41.0,7.39,CHEMBL872142,CHEMBL1141074
CHEMBL316983,6900.0,5.16,CHEMBL885374,CHEMBL1141074
CHEMBL316983,3000.0,5.52,CHEMBL885377,CHEMBL1141074
CHEMBL301265,21.0,7.68,CHEMBL872139,CHEMBL1141074
CHEMBL301265,21.0,7.68,CHEMBL872142,CHEMBL1141074
CHEMBL301265,6300.0,5.20,CHEMBL872138,CHEMBL1141074
CHEMBL301265,1900.0,5.72,CHEMBL872141,CHEMBL1141074
CHEMBL240773,35.0,7.46,CHEMBL872142,CHEMBL1141074
CHEMBL240773,3100.0,5.51,CHEMBL885379,CHEMBL1141074
CHEMBL240773,3000.0,5.52,CHEMBL885377,CHEMBL1141074
CHEMBL195015,62.0,7.21,CHEMBL872394,CHEMBL1140372
CHEMBL196505,45.0,7.35,CHEMBL872394,CHEMBL1140372
CHEMBL196171,21.0,7.68,CHEMBL872394,CHEMBL1140372
CHEMBL194844,5.1,8.29,CHEMBL872394,CHEMBL1140372
CHEMBL263329,9.1,8.04,CHEMBL872394,CHEMBL1140372
CHEMBL193854,8.1,8.09,CHEMBL872394,CHEMBL1140372
CHEMBL193501,19.0,7.72,CHEMBL872394,CHEMBL1140372
CHEMBL369984,14.6,7.84,CHEMBL872394,CHEMBL1140372
CHEMBL196893,10.6,7.97,CHEMBL872394,CHEMBL1140372
CHEMBL196132,15.0,7.82,CHEMBL872394,CHEMBL1140372
CHEMBL365605,24.0,7.62,CHEMBL872394,CHEMBL1140372
CHEMBL370359,31.6,7.50,CHEMBL872394,CHEMBL1140372
CHEMBL194240,2.1,8.68,CHEMBL872394,CHEMBL1140372
CHEMBL194510,15.5,7.81,CHEMBL872394,CHEMBL1140372
CHEMBL198107,10.7,7.97,CHEMBL872394,CHEMBL1140372
CHEMBL372735,15.9,7.80,CHEMBL872394,CHEMBL1140372
CHEMBL198812,20.3,7.69,CHEMBL872394,CHEMBL1140372
CHEMBL198040,11.3,7.95,CHEMBL872394,CHEMBL1140372
CHEMBL198041,90.0,7.05,CHEMBL872394,CHEMBL1140372
CHEMBL197839,15.0,7.82,CHEMBL872394,CHEMBL1140372
CHEMBL383396,11.4,7.94,CHEMBL872394,CHEMBL1140372
CHEMBL198069,4.3,8.37,CHEMBL872394,CHEMBL1140372
CHEMBL198070,4.5,8.35,CHEMBL872394,CHEMBL1140372
CHEMBL199045,7.4,8.13,CHEMBL872394,CHEMBL1140372
CHEMBL197943,35.7,7.45,CHEMBL872394,CHEMBL1140372
CHEMBL197665,17.9,7.75,CHEMBL872394,CHEMBL1140372
CHEMBL198216,8.7,8.06,CHEMBL872394,CHEMBL1140372
CHEMBL198224,1.0,9.00,CHEMBL872394,CHEMBL1140372
CHEMBL196514,6.9,8.16,CHEMBL872394,CHEMBL1140372
CHEMBL370457,4.7,8.33,CHEMBL872394,CHEMBL1140372
CHEMBL196172,5.3,8.28,CHEMBL872394,CHEMBL1140372
CHEMBL198357,1.0,9.00,CHEMBL872394,CHEMBL1140372
CHEMBL54,2.0,8.70,CHEMBL872394,CHEMBL1140372
CHEMBL196370,10000.0,,CHEMBL884721,CHEMBL1143467
CHEMBL370128,10000.0,,CHEMBL884721,CHEMBL1143467
CHEMBL196169,10000.0,,CHEMBL884721,CHEMBL1143467
CHEMBL371903,100.0,,CHEMBL872392,CHEMBL1140391
CHEMBL371289,21.0,7.68,CHEMBL872392,CHEMBL1140391
CHEMBL197870,15.0,7.82,CHEMBL872392,CHEMBL1140391
CHEMBL197614,73.0,7.14,CHEMBL872392,CHEMBL1140391
CHEMBL372541,81.0,7.09,CHEMBL872392,CHEMBL1140391
CHEMBL438980,15.0,7.82,CHEMBL872392,CHEMBL1140391
CHEMBL382748,100.0,,CHEMBL872392,CHEMBL1140391
CHEMBL440389,11.0,7.96,CHEMBL872392,CHEMBL1140391
CHEMBL425208,92.0,7.04,CHEMBL872392,CHEMBL1140391
CHEMBL198599,35.0,7.46,CHEMBL872392,CHEMBL1140391
CHEMBL194455,100.0,,CHEMBL872392,CHEMBL1140391
CHEMBL371628,100.0,,CHEMBL872392,CHEMBL1140391
CHEMBL194312,59.0,7.23,CHEMBL872392,CHEMBL1140391
CHEMBL363829,55.0,7.26,CHEMBL872392,CHEMBL1140391
CHEMBL194953,16.0,7.80,CHEMBL872392,CHEMBL1140391
CHEMBL369913,17.0,7.77,CHEMBL872392,CHEMBL1140391
CHEMBL262469,11.0,7.96,CHEMBL872392,CHEMBL1140391
CHEMBL199161,4.0,8.40,CHEMBL872392,CHEMBL1140391
CHEMBL197677,25.0,7.60,CHEMBL872392,CHEMBL1140391
CHEMBL372811,18.0,7.75,CHEMBL872392,CHEMBL1140391
CHEMBL197663,17.0,7.77,CHEMBL872392,CHEMBL1140391
CHEMBL199182,50.0,,CHEMBL872392,CHEMBL1140391
CHEMBL370659,29.0,7.54,CHEMBL872392,CHEMBL1140391
CHEMBL439680,12.0,7.92,CHEMBL872392,CHEMBL1140391
CHEMBL197990,12.0,7.92,CHEMBL872392,CHEMBL1140391
CHEMBL83617,4.7,8.33,CHEMBL881219,CHEMBL1140446
CHEMBL197982,291.0,6.54,CHEMBL881219,CHEMBL1140446
CHEMBL361035,60.0,7.22,CHEMBL860444,CHEMBL1141940
CHEMBL360424,980.0,6.01,CHEMBL860444,CHEMBL1141940
CHEMBL370652,1300.0,5.89,CHEMBL860444,CHEMBL1141940
CHEMBL373032,500.0,6.30,CHEMBL860444,CHEMBL1141940
CHEMBL381019,60.0,7.22,CHEMBL860444,CHEMBL1141940
CHEMBL197381,230.0,6.64,CHEMBL860444,CHEMBL1141940
CHEMBL427555,4460.0,5.35,CHEMBL860444,CHEMBL1141940
CHEMBL197225,1800.0,5.75,CHEMBL860444,CHEMBL1141940
CHEMBL370823,1500.0,5.82,CHEMBL860444,CHEMBL1141940
CHEMBL196866,38000.0,4.42,CHEMBL860444,CHEMBL1141940
CHEMBL198580,18000.0,4.75,CHEMBL860444,CHEMBL1141940
CHEMBL199186,29000.0,4.54,CHEMBL860444,CHEMBL1141940
CHEMBL370110,1.2,8.92,CHEMBL863370,CHEMBL1141234
CHEMBL198463,1.46,8.84,CHEMBL863370,CHEMBL1141234
CHEMBL199824,22.01,7.66,CHEMBL868787,CHEMBL1148600
CHEMBL372222,10000.0,,CHEMBL864519,CHEMBL1148546
CHEMBL199876,2370.0,5.62,CHEMBL864519,CHEMBL1148546
CHEMBL370136,164.6,6.78,CHEMBL864519,CHEMBL1148546
CHEMBL370364,1720.0,5.76,CHEMBL864519,CHEMBL1148546
CHEMBL443567,356.1,6.45,CHEMBL864519,CHEMBL1148546
CHEMBL197656,363.2,6.44,CHEMBL864519,CHEMBL1148546
CHEMBL200802,626.5,6.20,CHEMBL864519,CHEMBL1148546
CHEMBL203362,137.2,6.86,CHEMBL864519,CHEMBL1148546
CHEMBL196476,373.0,6.43,CHEMBL861746,CHEMBL1148573
CHEMBL199859,130.0,6.89,CHEMBL861746,CHEMBL1148573
CHEMBL201270,27.2,7.57,CHEMBL861746,CHEMBL1148573
CHEMBL203302,141.0,6.85,CHEMBL861746,CHEMBL1148573
CHEMBL424667,1000.0,,CHEMBL861746,CHEMBL1148573
CHEMBL126780,146.0,6.84,CHEMBL861746,CHEMBL1148573
CHEMBL201551,86.2,7.06,CHEMBL861746,CHEMBL1148573
CHEMBL199498,179.0,6.75,CHEMBL861746,CHEMBL1148573
CHEMBL435939,1000.0,,CHEMBL861746,CHEMBL1148573
CHEMBL199480,1000.0,,CHEMBL861746,CHEMBL1148573
CHEMBL426834,1000.0,,CHEMBL861746,CHEMBL1148573
CHEMBL197762,1000.0,,CHEMBL861746,CHEMBL1148573
CHEMBL199836,750.0,,CHEMBL861746,CHEMBL1148573
CHEMBL199329,750.0,,CHEMBL861746,CHEMBL1148573
CHEMBL197660,750.0,,CHEMBL861746,CHEMBL1148573
CHEMBL372308,750.0,,CHEMBL861746,CHEMBL1148573
CHEMBL201275,750.0,,CHEMBL861746,CHEMBL1148573
CHEMBL200024,750.0,,CHEMBL861746,CHEMBL1148573
CHEMBL199746,750.0,,CHEMBL861746,CHEMBL1148573
CHEMBL201698,369.0,6.43,CHEMBL861746,CHEMBL1148573
CHEMBL201027,519.0,6.29,CHEMBL861746,CHEMBL1148573
CHEMBL201326,1246.0,5.90,CHEMBL861746,CHEMBL1148573
CHEMBL202713,56.6,7.25,CHEMBL861746,CHEMBL1148573
CHEMBL198404,750.0,,CHEMBL861746,CHEMBL1148573
CHEMBL200243,750.0,,CHEMBL861746,CHEMBL1148573
CHEMBL202762,750.0,,CHEMBL861746,CHEMBL1148573
CHEMBL382850,253.0,6.60,CHEMBL859835,CHEMBL1147728
CHEMBL201432,5000.0,,CHEMBL859835,CHEMBL1147728
CHEMBL202924,5000.0,,CHEMBL859835,CHEMBL1147728
CHEMBL1204122,17.5,7.76,CHEMBL859835,CHEMBL1147728
CHEMBL1202298,5000.0,,CHEMBL859835,CHEMBL1147728
CHEMBL201525,56.5,7.25,CHEMBL859835,CHEMBL1147728
CHEMBL201093,198.0,6.70,CHEMBL859835,CHEMBL1147728
CHEMBL201483,712.0,6.15,CHEMBL859835,CHEMBL1147728
CHEMBL203200,447.0,6.35,CHEMBL865866,CHEMBL1149389
CHEMBL426473,356.0,6.45,CHEMBL865866,CHEMBL1149389
CHEMBL200026,610.0,6.21,CHEMBL865866,CHEMBL1149389
CHEMBL201509,473.0,6.33,CHEMBL865866,CHEMBL1149389
CHEMBL382568,646.0,6.19,CHEMBL865866,CHEMBL1149389
CHEMBL201240,220.0,6.66,CHEMBL865866,CHEMBL1149389
CHEMBL202827,602.0,6.22,CHEMBL865866,CHEMBL1149389
CHEMBL202774,148.0,6.83,CHEMBL865866,CHEMBL1149389
CHEMBL201115,320.0,6.50,CHEMBL865866,CHEMBL1149389
CHEMBL439338,351.0,6.46,CHEMBL865866,CHEMBL1149389
CHEMBL201376,89.4,7.05,CHEMBL865866,CHEMBL1149389
CHEMBL199453,82.1,7.09,CHEMBL865866,CHEMBL1149389
CHEMBL200028,168.0,6.78,CHEMBL865866,CHEMBL1149389
CHEMBL199663,302.0,6.52,CHEMBL865866,CHEMBL1149389
CHEMBL202298,273.0,6.56,CHEMBL865866,CHEMBL1149389
CHEMBL202229,155.0,6.81,CHEMBL865866,CHEMBL1149389
CHEMBL202175,216.0,6.67,CHEMBL865866,CHEMBL1149389
CHEMBL202253,307.0,6.51,CHEMBL865866,CHEMBL1149389
CHEMBL202072,290.0,6.54,CHEMBL865866,CHEMBL1149389
CHEMBL383188,196.0,6.71,CHEMBL865866,CHEMBL1149389
CHEMBL383205,126.0,6.90,CHEMBL853595,CHEMBL1149426
CHEMBL201232,246.0,6.61,CHEMBL853595,CHEMBL1149426
CHEMBL201481,65.0,7.19,CHEMBL853595,CHEMBL1149426
CHEMBL203471,467.0,6.33,CHEMBL853595,CHEMBL1149426
CHEMBL201318,93.0,7.03,CHEMBL853595,CHEMBL1149426
CHEMBL202704,243.0,6.61,CHEMBL853595,CHEMBL1149426
CHEMBL370191,83.0,7.08,CHEMBL853595,CHEMBL1149426
CHEMBL380597,118.0,6.93,CHEMBL853595,CHEMBL1149426
CHEMBL201386,142.0,6.85,CHEMBL853595,CHEMBL1149426
CHEMBL201743,151.0,6.82,CHEMBL853595,CHEMBL1149426
CHEMBL382591,354.0,6.45,CHEMBL853595,CHEMBL1149426
CHEMBL203260,289.0,6.54,CHEMBL853595,CHEMBL1149426
CHEMBL426111,261.0,6.58,CHEMBL853595,CHEMBL1149426
CHEMBL201400,669.0,6.17,CHEMBL853595,CHEMBL1149426
CHEMBL201557,254.0,6.59,CHEMBL853595,CHEMBL1149426
CHEMBL204065,6.5,8.19,CHEMBL861435,CHEMBL1138197
CHEMBL381936,58.7,7.23,CHEMBL861435,CHEMBL1138197
CHEMBL379662,164.0,6.79,CHEMBL861435,CHEMBL1138197
CHEMBL203689,84.0,7.08,CHEMBL861435,CHEMBL1138197
CHEMBL203047,2.0,8.70,CHEMBL861435,CHEMBL1138197
CHEMBL380464,0.99,9.00,CHEMBL861435,CHEMBL1138197
CHEMBL203734,210.0,6.68,CHEMBL861435,CHEMBL1138197
CHEMBL381946,62.0,7.21,CHEMBL861435,CHEMBL1138197
CHEMBL382010,36.9,7.43,CHEMBL861435,CHEMBL1138197
CHEMBL204098,37.3,7.43,CHEMBL861435,CHEMBL1138197
CHEMBL383451,88.0,7.06,CHEMBL861435,CHEMBL1138197
CHEMBL203637,4.0,8.40,CHEMBL861435,CHEMBL1138197
CHEMBL380330,13.0,7.89,CHEMBL861435,CHEMBL1138197
CHEMBL201170,17.5,7.76,CHEMBL861435,CHEMBL1138197
CHEMBL441618,44.7,7.35,CHEMBL861435,CHEMBL1138197
CHEMBL202780,900.0,6.05,CHEMBL865592,CHEMBL1139656
CHEMBL204269,220.0,6.66,CHEMBL865592,CHEMBL1139656
CHEMBL379238,1500.0,5.82,CHEMBL865592,CHEMBL1139656
CHEMBL203400,710.0,6.15,CHEMBL865592,CHEMBL1139656
CHEMBL380511,1000.0,,CHEMBL865592,CHEMBL1139656
CHEMBL202253,307.0,6.51,CHEMBL862319,CHEMBL1146925
CHEMBL207871,244.0,6.61,CHEMBL862319,CHEMBL1146925
CHEMBL424690,174.0,6.76,CHEMBL862319,CHEMBL1146925
CHEMBL208228,212.0,6.67,CHEMBL862319,CHEMBL1146925
CHEMBL202858,17.3,7.76,CHEMBL862319,CHEMBL1146925
CHEMBL202857,159.0,6.80,CHEMBL862319,CHEMBL1146925
CHEMBL377299,234.0,6.63,CHEMBL862319,CHEMBL1146925
CHEMBL424678,137.0,6.86,CHEMBL862319,CHEMBL1146925
CHEMBL205497,59.1,7.23,CHEMBL862319,CHEMBL1146925
CHEMBL381514,91.3,7.04,CHEMBL862319,CHEMBL1146925
CHEMBL205264,65.8,7.18,CHEMBL862319,CHEMBL1146925
CHEMBL203943,195.0,6.71,CHEMBL862319,CHEMBL1146925
CHEMBL205238,128.0,6.89,CHEMBL862319,CHEMBL1146925
CHEMBL205498,399.0,6.40,CHEMBL862319,CHEMBL1146925
CHEMBL206528,409.0,6.39,CHEMBL862319,CHEMBL1146925
CHEMBL203016,171.0,6.77,CHEMBL862319,CHEMBL1146925
CHEMBL380171,168.0,6.78,CHEMBL862319,CHEMBL1146925
CHEMBL207880,527.0,6.28,CHEMBL862319,CHEMBL1146925
CHEMBL200028,168.0,6.78,CHEMBL862319,CHEMBL1146925
CHEMBL205733,231.0,6.64,CHEMBL862319,CHEMBL1146925
CHEMBL205961,936.0,6.03,CHEMBL862319,CHEMBL1146925
CHEMBL202670,25.5,7.59,CHEMBL862319,CHEMBL1146925
CHEMBL383188,196.0,6.71,CHEMBL862319,CHEMBL1146925
CHEMBL382773,62.6,7.20,CHEMBL862319,CHEMBL1146925
CHEMBL426317,2575.0,5.59,CHEMBL861210,CHEMBL1146943
CHEMBL49,13.0,7.89,CHEMBL870200,CHEMBL1147799
CHEMBL284092,58.0,7.24,CHEMBL870200,CHEMBL1147799
CHEMBL8412,110.0,6.96,CHEMBL870200,CHEMBL1147799
CHEMBL209821,2000.0,,CHEMBL870200,CHEMBL1147799
CHEMBL379984,5000.0,,CHEMBL870200,CHEMBL1147799
CHEMBL25236,200.0,6.70,CHEMBL860507,CHEMBL1148643
CHEMBL208847,170.0,6.77,CHEMBL860506,CHEMBL1148643
CHEMBL25236,220.0,6.66,CHEMBL860506,CHEMBL1148643
CHEMBL426863,120.0,6.92,CHEMBL860506,CHEMBL1148643
CHEMBL209876,42.0,7.38,CHEMBL860506,CHEMBL1148643
CHEMBL210461,220.0,6.66,CHEMBL860506,CHEMBL1148643
CHEMBL210567,15.0,7.82,CHEMBL860506,CHEMBL1148643
CHEMBL208847,84.0,7.08,CHEMBL860507,CHEMBL1148643
CHEMBL210567,13.0,7.89,CHEMBL860507,CHEMBL1148643
CHEMBL210567,11.0,7.96,CHEMBL860506,CHEMBL1148643
CHEMBL210567,5.6,8.25,CHEMBL860507,CHEMBL1148643
CHEMBL210461,140.0,6.85,CHEMBL860507,CHEMBL1148643
CHEMBL209876,28.0,7.55,CHEMBL860507,CHEMBL1148643
CHEMBL426863,35.0,7.46,CHEMBL860507,CHEMBL1148643
CHEMBL425057,340.0,6.47,CHEMBL871242,CHEMBL1147793
CHEMBL60815,230.0,6.64,CHEMBL871242,CHEMBL1147793
CHEMBL379177,220.0,6.66,CHEMBL871242,CHEMBL1147793
CHEMBL210318,3000.0,5.52,CHEMBL871242,CHEMBL1147793
CHEMBL378455,38.0,7.42,CHEMBL871242,CHEMBL1147793
CHEMBL210232,120.0,6.92,CHEMBL871242,CHEMBL1147793
CHEMBL211026,1500.0,5.82,CHEMBL871242,CHEMBL1147793
CHEMBL377200,630.0,6.20,CHEMBL871242,CHEMBL1147793
CHEMBL209832,6000.0,5.22,CHEMBL871242,CHEMBL1147793
CHEMBL208018,71.0,7.15,CHEMBL871242,CHEMBL1147793
CHEMBL379602,11.0,7.96,CHEMBL871242,CHEMBL1147793
CHEMBL210717,63.0,7.20,CHEMBL871242,CHEMBL1147793
CHEMBL437490,450.0,6.35,CHEMBL871242,CHEMBL1147793
CHEMBL210955,2900.0,5.54,CHEMBL871242,CHEMBL1147793
CHEMBL210405,140.0,6.85,CHEMBL871242,CHEMBL1147793
CHEMBL210404,40.0,7.40,CHEMBL871242,CHEMBL1147793
CHEMBL425057,190.0,6.72,CHEMBL871243,CHEMBL1147793
CHEMBL60815,170.0,6.77,CHEMBL871243,CHEMBL1147793
CHEMBL379177,110.0,6.96,CHEMBL871243,CHEMBL1147793
CHEMBL210318,2400.0,5.62,CHEMBL871243,CHEMBL1147793
CHEMBL378455,28.0,7.55,CHEMBL871243,CHEMBL1147793
CHEMBL210232,65.0,7.19,CHEMBL871243,CHEMBL1147793
CHEMBL211026,860.0,6.07,CHEMBL871243,CHEMBL1147793
CHEMBL377200,250.0,6.60,CHEMBL871243,CHEMBL1147793
CHEMBL209832,14000.0,4.85,CHEMBL871243,CHEMBL1147793
CHEMBL208018,43.0,7.37,CHEMBL871243,CHEMBL1147793
CHEMBL379602,8.0,8.10,CHEMBL871243,CHEMBL1147793
CHEMBL210717,37.0,7.43,CHEMBL871243,CHEMBL1147793
CHEMBL437490,400.0,6.40,CHEMBL871243,CHEMBL1147793
CHEMBL210955,1900.0,5.72,CHEMBL871243,CHEMBL1147793
CHEMBL210405,75.0,7.12,CHEMBL871243,CHEMBL1147793
CHEMBL210404,31.0,7.51,CHEMBL871243,CHEMBL1147793
CHEMBL358075,1000.0,,CHEMBL861448,CHEMBL1148517
CHEMBL207386,1000.0,,CHEMBL861448,CHEMBL1148517
CHEMBL210230,1000.0,,CHEMBL861448,CHEMBL1148517
CHEMBL380682,1000.0,,CHEMBL861448,CHEMBL1148517
CHEMBL206308,1000.0,,CHEMBL861448,CHEMBL1148517
CHEMBL206307,1000.0,,CHEMBL861448,CHEMBL1148517
CHEMBL210413,1000.0,,CHEMBL861448,CHEMBL1148517
CHEMBL209415,1000.0,,CHEMBL861448,CHEMBL1148517
CHEMBL383530,1000.0,,CHEMBL861448,CHEMBL1148517
CHEMBL379850,1000.0,,CHEMBL861448,CHEMBL1148517
CHEMBL210849,1000.0,,CHEMBL861448,CHEMBL1148517
CHEMBL207064,1000.0,,CHEMBL861448,CHEMBL1148517
CHEMBL382146,1000.0,,CHEMBL861448,CHEMBL1148517
CHEMBL207850,1000.0,,CHEMBL861448,CHEMBL1148517
CHEMBL207566,1000.0,,CHEMBL861448,CHEMBL1148517
CHEMBL150161,51.1,7.29,CHEMBL868244,CHEMBL1148503
CHEMBL210578,1.6,8.80,CHEMBL868244,CHEMBL1148503
CHEMBL150161,489.0,6.31,CHEMBL868244,CHEMBL1148503
CHEMBL212631,400.0,6.40,CHEMBL864790,CHEMBL1138042
CHEMBL212631,110.0,6.96,CHEMBL864789,CHEMBL1138042
CHEMBL143761,19000.0,4.72,CHEMBL866800,CHEMBL1138042
CHEMBL143761,28000.0,4.55,CHEMBL866799,CHEMBL1138042
CHEMBL140099,290.0,6.54,CHEMBL866800,CHEMBL1138042
CHEMBL140099,3100.0,5.51,CHEMBL866799,CHEMBL1138042
CHEMBL7927,4300.0,5.37,CHEMBL866800,CHEMBL1138042
CHEMBL7927,3200.0,5.50,CHEMBL866799,CHEMBL1138042
CHEMBL42,28.0,7.55,CHEMBL866800,CHEMBL1138042
CHEMBL42,41.0,7.39,CHEMBL866799,CHEMBL1138042
CHEMBL208274,28.0,7.55,CHEMBL866800,CHEMBL1138042
CHEMBL208274,49.0,7.31,CHEMBL866799,CHEMBL1138042
CHEMBL212160,280.0,6.55,CHEMBL866800,CHEMBL1138042
CHEMBL212160,590.0,6.23,CHEMBL866799,CHEMBL1138042
CHEMBL210551,280.0,6.55,CHEMBL866800,CHEMBL1138042
CHEMBL210551,530.0,6.28,CHEMBL866799,CHEMBL1138042
CHEMBL211118,100.0,7.00,CHEMBL866800,CHEMBL1138042
CHEMBL211118,210.0,6.68,CHEMBL866799,CHEMBL1138042
CHEMBL210283,2700.0,5.57,CHEMBL866800,CHEMBL1138042
CHEMBL210283,4200.0,5.38,CHEMBL866799,CHEMBL1138042
CHEMBL210341,3700.0,5.43,CHEMBL866800,CHEMBL1138042
CHEMBL210341,3500.0,5.46,CHEMBL866799,CHEMBL1138042
CHEMBL211590,97.0,7.01,CHEMBL866800,CHEMBL1138042
CHEMBL211590,88.0,7.06,CHEMBL866799,CHEMBL1138042
CHEMBL211539,150.0,6.82,CHEMBL866800,CHEMBL1138042
CHEMBL211539,240.0,6.62,CHEMBL866799,CHEMBL1138042
CHEMBL379125,72.0,7.14,CHEMBL866800,CHEMBL1138042
CHEMBL379125,73.0,7.14,CHEMBL866799,CHEMBL1138042
CHEMBL211164,140.0,6.85,CHEMBL866800,CHEMBL1138042
CHEMBL211164,130.0,6.89,CHEMBL866799,CHEMBL1138042
CHEMBL380287,7800.0,5.11,CHEMBL866800,CHEMBL1138042
CHEMBL380287,8000.0,5.10,CHEMBL866799,CHEMBL1138042
CHEMBL207543,710.0,6.15,CHEMBL866800,CHEMBL1138042
CHEMBL207543,1100.0,5.96,CHEMBL866799,CHEMBL1138042
CHEMBL425064,49000.0,4.31,CHEMBL866800,CHEMBL1138042
CHEMBL425064,55000.0,4.26,CHEMBL866799,CHEMBL1138042
CHEMBL377542,68000.0,4.17,CHEMBL866800,CHEMBL1138042
CHEMBL377542,64000.0,4.19,CHEMBL866799,CHEMBL1138042
CHEMBL211135,8200.0,5.09,CHEMBL866800,CHEMBL1138042
CHEMBL211135,12000.0,4.92,CHEMBL866799,CHEMBL1138042
CHEMBL378515,79.0,7.10,CHEMBL866800,CHEMBL1138042
CHEMBL378515,96.0,7.02,CHEMBL866799,CHEMBL1138042
CHEMBL209034,670.0,6.17,CHEMBL866800,CHEMBL1138042
CHEMBL209034,1100.0,5.96,CHEMBL866799,CHEMBL1138042
CHEMBL207488,9900.0,5.00,CHEMBL866799,CHEMBL1138042
CHEMBL212370,15000.0,4.82,CHEMBL866799,CHEMBL1138042
CHEMBL212370,16000.0,4.80,CHEMBL866800,CHEMBL1138042
CHEMBL212631,930.0,6.03,CHEMBL866800,CHEMBL1138042
CHEMBL378680,2700.0,5.57,CHEMBL866800,CHEMBL1138042
CHEMBL378680,3200.0,5.50,CHEMBL866799,CHEMBL1138042
CHEMBL380054,19000.0,4.72,CHEMBL866800,CHEMBL1138042
CHEMBL380054,21000.0,4.68,CHEMBL866799,CHEMBL1138042
CHEMBL212631,990.0,6.00,CHEMBL866799,CHEMBL1138042
CHEMBL207488,12000.0,4.92,CHEMBL866800,CHEMBL1138042
CHEMBL377050,172.0,6.76,CHEMBL863653,CHEMBL1145336
CHEMBL212782,128.0,6.89,CHEMBL863653,CHEMBL1145336
CHEMBL376955,140.0,6.85,CHEMBL863653,CHEMBL1145336
CHEMBL377388,257.0,6.59,CHEMBL863653,CHEMBL1145336
CHEMBL437687,112.0,6.95,CHEMBL863653,CHEMBL1145336
CHEMBL426510,101.0,7.00,CHEMBL863653,CHEMBL1145336
CHEMBL213164,46.6,7.33,CHEMBL863653,CHEMBL1145336
CHEMBL212784,98.7,7.01,CHEMBL863653,CHEMBL1145336
CHEMBL212861,68.4,7.17,CHEMBL863653,CHEMBL1145336
CHEMBL212903,68.0,7.17,CHEMBL863653,CHEMBL1145336
CHEMBL211836,125.0,6.90,CHEMBL863653,CHEMBL1145336
CHEMBL212969,168.0,6.78,CHEMBL863653,CHEMBL1145336
CHEMBL427048,221.0,6.66,CHEMBL863653,CHEMBL1145336
CHEMBL212235,63.8,7.20,CHEMBL863653,CHEMBL1145336
CHEMBL211732,132.0,6.88,CHEMBL863653,CHEMBL1145336
CHEMBL215705,225.0,6.65,CHEMBL863653,CHEMBL1145336
CHEMBL378576,171.0,6.77,CHEMBL863653,CHEMBL1145336
CHEMBL378324,64.5,7.19,CHEMBL863653,CHEMBL1145336
CHEMBL215450,60.9,7.21,CHEMBL863653,CHEMBL1145336
CHEMBL212444,137.0,6.86,CHEMBL863653,CHEMBL1145336
CHEMBL212291,1820.0,5.74,CHEMBL863653,CHEMBL1145336
CHEMBL212292,76.5,7.12,CHEMBL863653,CHEMBL1145336
CHEMBL210101,25.3,7.60,CHEMBL863653,CHEMBL1145336
CHEMBL437532,19.4,7.71,CHEMBL863653,CHEMBL1145336
CHEMBL212891,2530.0,5.60,CHEMBL863653,CHEMBL1145336
CHEMBL214247,995.0,6.00,CHEMBL863653,CHEMBL1145336
CHEMBL441529,368.0,6.43,CHEMBL863653,CHEMBL1145336
CHEMBL213004,146.0,6.84,CHEMBL863653,CHEMBL1145336
CHEMBL212288,164.0,6.79,CHEMBL863653,CHEMBL1145336
CHEMBL214314,257.0,6.59,CHEMBL863653,CHEMBL1145336
CHEMBL42,208.0,6.68,CHEMBL870468,CHEMBL1146871
CHEMBL214407,431.0,6.37,CHEMBL870468,CHEMBL1146871
CHEMBL212844,3000.0,5.52,CHEMBL870468,CHEMBL1146871
CHEMBL210016,3772.0,5.42,CHEMBL870468,CHEMBL1146871
CHEMBL212383,215.0,6.67,CHEMBL870468,CHEMBL1146871
CHEMBL212186,3818.0,5.42,CHEMBL870468,CHEMBL1146871
CHEMBL213443,931.0,6.03,CHEMBL870468,CHEMBL1146871
CHEMBL213278,484.0,6.32,CHEMBL870468,CHEMBL1146871
CHEMBL378512,274.0,6.56,CHEMBL870468,CHEMBL1146871
CHEMBL213882,1314.0,5.88,CHEMBL870468,CHEMBL1146871
CHEMBL213834,458.0,6.34,CHEMBL870468,CHEMBL1146871
CHEMBL384500,630.0,6.20,CHEMBL870468,CHEMBL1146871
CHEMBL405751,2084.0,5.68,CHEMBL870468,CHEMBL1146871
CHEMBL213372,460.0,6.34,CHEMBL870468,CHEMBL1146871
CHEMBL378914,196.0,6.71,CHEMBL870468,CHEMBL1146871
CHEMBL384916,78.0,7.11,CHEMBL870468,CHEMBL1146871
CHEMBL437112,180.0,6.75,CHEMBL870468,CHEMBL1146871
CHEMBL212896,2997.0,5.52,CHEMBL870468,CHEMBL1146871
CHEMBL379874,1474.0,5.83,CHEMBL870468,CHEMBL1146871
CHEMBL426868,837.0,6.08,CHEMBL870468,CHEMBL1146871
CHEMBL377756,92.0,7.04,CHEMBL870468,CHEMBL1146871
CHEMBL213424,1015.0,5.99,CHEMBL870468,CHEMBL1146871
CHEMBL213336,287.0,6.54,CHEMBL870468,CHEMBL1146871
CHEMBL378669,496.0,6.30,CHEMBL870468,CHEMBL1146871
CHEMBL213492,383.0,6.42,CHEMBL870468,CHEMBL1146871
CHEMBL425069,340.0,6.47,CHEMBL870468,CHEMBL1146871
CHEMBL427230,608.0,6.22,CHEMBL870468,CHEMBL1146871
CHEMBL213881,390.0,6.41,CHEMBL870468,CHEMBL1146871
CHEMBL386122,240.0,6.62,CHEMBL870468,CHEMBL1146871
CHEMBL212077,6394.0,5.19,CHEMBL870468,CHEMBL1146871
CHEMBL212912,181.0,6.74,CHEMBL870468,CHEMBL1146871
CHEMBL213477,374.0,6.43,CHEMBL870468,CHEMBL1146871
CHEMBL377584,350.0,6.46,CHEMBL870468,CHEMBL1146871
CHEMBL213084,181.0,6.74,CHEMBL870468,CHEMBL1146871
CHEMBL213083,921.0,6.04,CHEMBL870468,CHEMBL1146871
CHEMBL214016,1126.0,5.95,CHEMBL870468,CHEMBL1146871
CHEMBL213793,517.0,6.29,CHEMBL870468,CHEMBL1146871
CHEMBL215885,3000.0,5.52,CHEMBL870468,CHEMBL1146871
CHEMBL213795,1521.0,5.82,CHEMBL870468,CHEMBL1146871
CHEMBL214142,9251.0,5.03,CHEMBL870468,CHEMBL1146871
CHEMBL213775,2386.0,5.62,CHEMBL870468,CHEMBL1146871
CHEMBL212608,1150.0,5.94,CHEMBL870468,CHEMBL1146871
CHEMBL213388,1776.0,5.75,CHEMBL870468,CHEMBL1146871
CHEMBL386424,1600.0,5.80,CHEMBL870468,CHEMBL1146871
CHEMBL215950,582.0,6.24,CHEMBL870468,CHEMBL1146871
CHEMBL215611,621.0,6.21,CHEMBL870468,CHEMBL1146871
CHEMBL211461,1950.0,5.71,CHEMBL870468,CHEMBL1146871
CHEMBL212597,400.0,6.40,CHEMBL870468,CHEMBL1146871
CHEMBL212486,1900.0,5.72,CHEMBL870468,CHEMBL1146871
CHEMBL215140,647.0,6.19,CHEMBL870468,CHEMBL1146871
CHEMBL212912,181.0,6.74,CHEMBL870474,CHEMBL1146871
CHEMBL213834,458.0,6.34,CHEMBL870474,CHEMBL1146871
CHEMBL213424,1015.0,5.99,CHEMBL870474,CHEMBL1146871
CHEMBL213336,287.0,6.54,CHEMBL870474,CHEMBL1146871
CHEMBL378669,496.0,6.30,CHEMBL870474,CHEMBL1146871
CHEMBL213492,383.0,6.42,CHEMBL870474,CHEMBL1146871
CHEMBL425069,340.0,6.47,CHEMBL870474,CHEMBL1146871
CHEMBL42,208.0,6.68,CHEMBL911524,CHEMBL1146903
CHEMBL212807,97.0,7.01,CHEMBL911524,CHEMBL1146903
CHEMBL212936,36.0,7.44,CHEMBL911524,CHEMBL1146903
CHEMBL379942,175.0,6.76,CHEMBL911524,CHEMBL1146903
CHEMBL213110,267.0,6.57,CHEMBL911524,CHEMBL1146903
CHEMBL212700,286.0,6.54,CHEMBL911524,CHEMBL1146903
CHEMBL213466,270.0,6.57,CHEMBL911524,CHEMBL1146903
CHEMBL378341,69.0,7.16,CHEMBL911524,CHEMBL1146903
CHEMBL384069,139.0,6.86,CHEMBL911524,CHEMBL1146903
CHEMBL212402,175.0,6.76,CHEMBL911524,CHEMBL1146903
CHEMBL378648,194.0,6.71,CHEMBL911524,CHEMBL1146903
CHEMBL215414,197.0,6.71,CHEMBL911524,CHEMBL1146903
CHEMBL214503,231.0,6.64,CHEMBL911524,CHEMBL1146903
CHEMBL385295,1571.0,5.80,CHEMBL911524,CHEMBL1146903
CHEMBL377420,3230.0,5.49,CHEMBL911524,CHEMBL1146903
CHEMBL213472,1261.0,5.90,CHEMBL911524,CHEMBL1146903
CHEMBL213145,759.0,6.12,CHEMBL911524,CHEMBL1146903
CHEMBL213193,421.0,6.38,CHEMBL911524,CHEMBL1146903
CHEMBL213239,1379.0,5.86,CHEMBL911524,CHEMBL1146903
CHEMBL213238,1186.0,5.93,CHEMBL911524,CHEMBL1146903
CHEMBL213201,1969.0,5.71,CHEMBL911524,CHEMBL1146903
CHEMBL215669,3.4,8.47,CHEMBL911524,CHEMBL1146903
CHEMBL384634,8.0,8.10,CHEMBL911524,CHEMBL1146903
CHEMBL213577,29.0,7.54,CHEMBL911524,CHEMBL1146903
CHEMBL378301,65.0,7.19,CHEMBL911524,CHEMBL1146903
CHEMBL211915,80.0,7.10,CHEMBL911524,CHEMBL1146903
CHEMBL213200,177.0,6.75,CHEMBL911524,CHEMBL1146903
CHEMBL379593,998.0,6.00,CHEMBL911524,CHEMBL1146903
CHEMBL213335,409.0,6.39,CHEMBL911524,CHEMBL1146903
CHEMBL215842,709.0,6.15,CHEMBL911524,CHEMBL1146903
CHEMBL384248,28425.0,4.55,CHEMBL911524,CHEMBL1146903
CHEMBL215997,12710.0,4.90,CHEMBL911524,CHEMBL1146903
CHEMBL425069,340.0,6.47,CHEMBL911524,CHEMBL1146903
CHEMBL213336,287.0,6.54,CHEMBL911524,CHEMBL1146903
CHEMBL212438,1280.0,5.89,CHEMBL911524,CHEMBL1146903
CHEMBL379875,5561.0,5.25,CHEMBL911524,CHEMBL1146903
CHEMBL437917,1616.0,5.79,CHEMBL911524,CHEMBL1146903
CHEMBL213668,828.0,6.08,CHEMBL911524,CHEMBL1146903
CHEMBL384269,533.0,6.27,CHEMBL911524,CHEMBL1146903
CHEMBL212912,181.0,6.74,CHEMBL911524,CHEMBL1146903
CHEMBL377877,792.0,6.10,CHEMBL911524,CHEMBL1146903
CHEMBL380236,1362.0,5.87,CHEMBL911524,CHEMBL1146903
CHEMBL212905,3648.0,5.44,CHEMBL911524,CHEMBL1146903
CHEMBL212608,1150.0,5.94,CHEMBL911524,CHEMBL1146903
CHEMBL379560,1126.0,5.95,CHEMBL911524,CHEMBL1146903
CHEMBL211910,202.0,6.70,CHEMBL911524,CHEMBL1146903
CHEMBL212384,3896.0,5.41,CHEMBL911524,CHEMBL1146903
CHEMBL377452,63.0,7.20,CHEMBL911524,CHEMBL1146903
CHEMBL209805,338.0,6.47,CHEMBL911524,CHEMBL1146903
CHEMBL378543,4927.0,5.31,CHEMBL911524,CHEMBL1146903
CHEMBL212334,2000.0,,CHEMBL911524,CHEMBL1146903
CHEMBL378893,3000.0,,CHEMBL911524,CHEMBL1146903
CHEMBL379862,3000.0,,CHEMBL911524,CHEMBL1146903
CHEMBL379286,2000.0,,CHEMBL911524,CHEMBL1146903
CHEMBL386336,3000.0,,CHEMBL911524,CHEMBL1146903
CHEMBL377564,3000.0,,CHEMBL911524,CHEMBL1146903
CHEMBL216047,3000.0,,CHEMBL911524,CHEMBL1146903
CHEMBL212966,3000.0,,CHEMBL911524,CHEMBL1146903
CHEMBL385590,3000.0,,CHEMBL911524,CHEMBL1146903
CHEMBL212950,3000.0,,CHEMBL911524,CHEMBL1146903
CHEMBL377043,2000.0,,CHEMBL911524,CHEMBL1146903
CHEMBL215641,2000.0,,CHEMBL911524,CHEMBL1146903
CHEMBL215885,3000.0,,CHEMBL911524,CHEMBL1146903
CHEMBL215581,1850.0,5.73,CHEMBL870468,CHEMBL1146871
CHEMBL215010,5000.0,5.30,CHEMBL907725,CHEMBL1137322
CHEMBL217281,5000.0,5.30,CHEMBL907725,CHEMBL1137322
CHEMBL217425,5000.0,5.30,CHEMBL907725,CHEMBL1137322
CHEMBL387052,5000.0,5.30,CHEMBL907725,CHEMBL1137322
CHEMBL216198,5000.0,5.30,CHEMBL907725,CHEMBL1137322
CHEMBL217886,5000.0,5.30,CHEMBL907725,CHEMBL1137322
CHEMBL214739,5000.0,5.30,CHEMBL907725,CHEMBL1137322
CHEMBL441618,44.5,7.35,CHEMBL908321,CHEMBL1137400
CHEMBL216258,14.5,7.84,CHEMBL908321,CHEMBL1137400
CHEMBL216439,143.0,6.84,CHEMBL908321,CHEMBL1137400
CHEMBL384538,5000.0,5.30,CHEMBL907725,CHEMBL1137322
CHEMBL71,8.0,8.10,CHEMBL911249,CHEMBL1137342
CHEMBL1203924,340.0,6.47,CHEMBL911249,CHEMBL1137342
CHEMBL384046,6800.0,5.17,CHEMBL911249,CHEMBL1137342
CHEMBL387250,2500.0,5.60,CHEMBL911249,CHEMBL1137342
CHEMBL217299,3700.0,5.43,CHEMBL911249,CHEMBL1137342
CHEMBL25856,240.0,6.62,CHEMBL911249,CHEMBL1137342
CHEMBL217299,1910.0,5.72,CHEMBL912418,CHEMBL1137342
CHEMBL220189,235.0,6.63,CHEMBL910434,CHEMBL1137302
CHEMBL53,3.6,8.44,CHEMBL910434,CHEMBL1137302
CHEMBL375596,2900.0,5.54,CHEMBL910434,CHEMBL1137302
CHEMBL216794,3500.0,5.46,CHEMBL910434,CHEMBL1137302
CHEMBL376092,27.0,7.57,CHEMBL910434,CHEMBL1137302
CHEMBL219185,10000.0,,CHEMBL910434,CHEMBL1137302
CHEMBL219179,10000.0,,CHEMBL910434,CHEMBL1137302
CHEMBL219261,10000.0,,CHEMBL910434,CHEMBL1137302
CHEMBL219182,10000.0,,CHEMBL910434,CHEMBL1137302
CHEMBL219182,10000.0,,CHEMBL855643,CHEMBL1137302
CHEMBL219179,10000.0,,CHEMBL855643,CHEMBL1137302
CHEMBL219261,10000.0,,CHEMBL855643,CHEMBL1137302
CHEMBL219185,10000.0,,CHEMBL855643,CHEMBL1137302
CHEMBL221652,27.0,7.57,CHEMBL912013,CHEMBL1141401
CHEMBL221652,16.0,7.80,CHEMBL912014,CHEMBL1141401
CHEMBL221640,15.0,7.82,CHEMBL912013,CHEMBL1141401
CHEMBL221640,12.0,7.92,CHEMBL912014,CHEMBL1141401
CHEMBL25236,208.93,6.68,CHEMBL913685,CHEMBL1141401
CHEMBL218150,2290.87,5.64,CHEMBL913685,CHEMBL1141401
CHEMBL218638,158.49,6.80,CHEMBL913685,CHEMBL1141401
CHEMBL218444,109.65,6.96,CHEMBL913685,CHEMBL1141401
CHEMBL220700,141.25,6.85,CHEMBL913685,CHEMBL1141401
CHEMBL346692,3090.3,5.51,CHEMBL913685,CHEMBL1141401
CHEMBL376020,128.82,6.89,CHEMBL913685,CHEMBL1141401
CHEMBL376445,10000.0,5.00,CHEMBL913685,CHEMBL1141401
CHEMBL221681,95.5,7.02,CHEMBL913685,CHEMBL1141401
CHEMBL139926,323.59,6.49,CHEMBL913685,CHEMBL1141401
CHEMBL124444,109.65,6.96,CHEMBL913685,CHEMBL1141401
CHEMBL218368,199.53,6.70,CHEMBL913685,CHEMBL1141401
CHEMBL218318,67.61,7.17,CHEMBL913685,CHEMBL1141401
CHEMBL221397,407.38,6.39,CHEMBL913685,CHEMBL1141401
CHEMBL59725,3630.78,5.44,CHEMBL913685,CHEMBL1141401
CHEMBL424294,87.1,7.06,CHEMBL913685,CHEMBL1141401
CHEMBL374749,128.82,6.89,CHEMBL913685,CHEMBL1141401
CHEMBL221549,281.84,6.55,CHEMBL913685,CHEMBL1141401
CHEMBL219274,467.74,6.33,CHEMBL913685,CHEMBL1141401
CHEMBL218203,457.09,6.34,CHEMBL913685,CHEMBL1141401
CHEMBL210955,2884.03,5.54,CHEMBL913685,CHEMBL1141401
CHEMBL210405,141.25,6.85,CHEMBL913685,CHEMBL1141401
CHEMBL210404,39.81,7.40,CHEMBL913685,CHEMBL1141401
CHEMBL425057,338.84,6.47,CHEMBL913685,CHEMBL1141401
CHEMBL310843,3388.44,5.47,CHEMBL913685,CHEMBL1141401
CHEMBL160952,3715.35,5.43,CHEMBL913685,CHEMBL1141401
CHEMBL423247,4897.79,5.31,CHEMBL913685,CHEMBL1141401
CHEMBL218787,7585.78,5.12,CHEMBL913685,CHEMBL1141401
CHEMBL345357,27542.29,4.56,CHEMBL913685,CHEMBL1141401
CHEMBL7927,2818.38,5.55,CHEMBL913685,CHEMBL1141401
CHEMBL344677,151.36,6.82,CHEMBL913685,CHEMBL1141401
CHEMBL342060,190.55,6.72,CHEMBL913685,CHEMBL1141401
CHEMBL143352,269.15,6.57,CHEMBL913685,CHEMBL1141401
CHEMBL139600,30.2,7.52,CHEMBL913685,CHEMBL1141401
CHEMBL141845,288.4,6.54,CHEMBL913685,CHEMBL1141401
CHEMBL140968,70.79,7.15,CHEMBL913685,CHEMBL1141401
CHEMBL142020,309.03,6.51,CHEMBL913685,CHEMBL1141401
CHEMBL357684,831.76,6.08,CHEMBL913685,CHEMBL1141401
CHEMBL139722,524.81,6.28,CHEMBL913685,CHEMBL1141401
CHEMBL218151,338.84,6.47,CHEMBL913685,CHEMBL1141401
CHEMBL221129,5.248,8.28,CHEMBL913685,CHEMBL1141401
CHEMBL386986,21.88,7.66,CHEMBL913685,CHEMBL1141401
CHEMBL217981,4.898,8.31,CHEMBL913685,CHEMBL1141401
CHEMBL385289,61.66,7.21,CHEMBL913685,CHEMBL1141401
CHEMBL218351,42.66,7.37,CHEMBL913685,CHEMBL1141401
CHEMBL220754,16.98,7.77,CHEMBL913685,CHEMBL1141401
CHEMBL221866,9.12,8.04,CHEMBL913685,CHEMBL1141401
CHEMBL437525,54.95,7.26,CHEMBL913685,CHEMBL1141401
CHEMBL218607,57.54,7.24,CHEMBL913685,CHEMBL1141401
CHEMBL425285,14.13,7.85,CHEMBL913685,CHEMBL1141401
CHEMBL221587,9.333,8.03,CHEMBL913685,CHEMBL1141401
CHEMBL221897,10.0,8.00,CHEMBL913685,CHEMBL1141401
CHEMBL221843,229.09,6.64,CHEMBL913685,CHEMBL1141401
CHEMBL373873,38.9,7.41,CHEMBL913685,CHEMBL1141401
CHEMBL1112,1.82,8.74,CHEMBL913685,CHEMBL1141401
CHEMBL54,1.122,8.95,CHEMBL913685,CHEMBL1141401
CHEMBL267014,53703.18,4.27,CHEMBL913685,CHEMBL1141401
CHEMBL221814,218.78,6.66,CHEMBL913685,CHEMBL1141401
CHEMBL221600,38.02,7.42,CHEMBL913685,CHEMBL1141401
CHEMBL377200,630.96,6.20,CHEMBL913685,CHEMBL1141401
CHEMBL208018,70.79,7.15,CHEMBL913685,CHEMBL1141401
CHEMBL210717,63.1,7.20,CHEMBL913685,CHEMBL1141401
CHEMBL437490,446.68,6.35,CHEMBL913685,CHEMBL1141401
CHEMBL231326,794.33,6.10,CHEMBL905981,CHEMBL1143778
CHEMBL231350,50.12,7.30,CHEMBL905981,CHEMBL1143778
CHEMBL231349,6.31,8.20,CHEMBL905981,CHEMBL1143778
CHEMBL231249,3.981,8.40,CHEMBL905981,CHEMBL1143778
CHEMBL231648,39.81,7.40,CHEMBL905981,CHEMBL1143778
CHEMBL231546,63.1,7.20,CHEMBL905981,CHEMBL1143778
CHEMBL397476,100.0,7.00,CHEMBL905981,CHEMBL1143778
CHEMBL395525,15.85,7.80,CHEMBL905981,CHEMBL1143778
CHEMBL230930,100.0,7.00,CHEMBL905981,CHEMBL1143778
CHEMBL230070,316.23,6.50,CHEMBL905981,CHEMBL1143778
CHEMBL388674,398.11,6.40,CHEMBL905981,CHEMBL1143778
CHEMBL230069,31.62,7.50,CHEMBL905981,CHEMBL1143778
CHEMBL231640,501.19,6.30,CHEMBL905981,CHEMBL1143778
CHEMBL231431,50.12,7.30,CHEMBL905981,CHEMBL1143778
CHEMBL231430,158.49,6.80,CHEMBL905981,CHEMBL1143778
CHEMBL231334,31.62,7.50,CHEMBL905981,CHEMBL1143778
CHEMBL266018,158.49,6.80,CHEMBL905981,CHEMBL1143778
CHEMBL231333,398.11,6.40,CHEMBL905981,CHEMBL1143778
CHEMBL388247,794.33,6.10,CHEMBL905981,CHEMBL1143778
CHEMBL395501,199.53,6.70,CHEMBL905981,CHEMBL1143778
CHEMBL388247,1000.0,6.00,CHEMBL905981,CHEMBL1143778
CHEMBL229019,1000.0,,CHEMBL887349,CHEMBL1144602
CHEMBL228972,1000.0,,CHEMBL887349,CHEMBL1144602
CHEMBL61248,126.0,6.90,CHEMBL887349,CHEMBL1144602
CHEMBL390129,144.0,6.84,CHEMBL889238,CHEMBL1145372
CHEMBL390473,94.0,7.03,CHEMBL889238,CHEMBL1145372
CHEMBL228659,178.0,6.75,CHEMBL889238,CHEMBL1145372
CHEMBL228658,104.0,6.98,CHEMBL889238,CHEMBL1145372
CHEMBL228608,106.0,6.97,CHEMBL889238,CHEMBL1145372
CHEMBL228607,88.0,7.06,CHEMBL889238,CHEMBL1145372
CHEMBL387833,276.0,6.56,CHEMBL889238,CHEMBL1145372
CHEMBL228606,284.0,6.55,CHEMBL889238,CHEMBL1145372
CHEMBL538397,201.0,6.70,CHEMBL889238,CHEMBL1145372
CHEMBL228554,104.0,6.98,CHEMBL889238,CHEMBL1145372
CHEMBL387832,154.0,6.81,CHEMBL889238,CHEMBL1145372
CHEMBL228553,129.0,6.89,CHEMBL889238,CHEMBL1145372
CHEMBL228496,85.0,7.07,CHEMBL889238,CHEMBL1145372
CHEMBL228494,37.0,7.43,CHEMBL889238,CHEMBL1145372
CHEMBL228445,78.0,7.11,CHEMBL889238,CHEMBL1145372
CHEMBL390192,82.0,7.09,CHEMBL889238,CHEMBL1145372
CHEMBL442059,69.0,7.16,CHEMBL889238,CHEMBL1145372
CHEMBL228390,23.0,7.64,CHEMBL889238,CHEMBL1145372
CHEMBL439197,57.0,7.24,CHEMBL889238,CHEMBL1145372
CHEMBL228389,83.0,7.08,CHEMBL889238,CHEMBL1145372
CHEMBL228334,111.0,6.96,CHEMBL889238,CHEMBL1145372
CHEMBL228333,71.0,7.15,CHEMBL889238,CHEMBL1145372
CHEMBL389104,66.0,7.18,CHEMBL889238,CHEMBL1145372
CHEMBL228332,159.0,6.80,CHEMBL889238,CHEMBL1145372
CHEMBL228280,187.0,6.73,CHEMBL889238,CHEMBL1145372
CHEMBL228279,154.0,6.81,CHEMBL889238,CHEMBL1145372
CHEMBL388897,129.0,6.89,CHEMBL889238,CHEMBL1145372
CHEMBL228278,133.0,6.88,CHEMBL889238,CHEMBL1145372
CHEMBL229085,144.0,6.84,CHEMBL889238,CHEMBL1145372
CHEMBL229084,79.0,7.10,CHEMBL889238,CHEMBL1145372
CHEMBL390184,79.0,7.10,CHEMBL889238,CHEMBL1145372
CHEMBL388361,55.0,7.26,CHEMBL889238,CHEMBL1145372
CHEMBL229429,10000.0,,CHEMBL888795,CHEMBL1145430
CHEMBL185271,2800.0,5.55,CHEMBL894444,CHEMBL1148741
CHEMBL244372,780.0,6.11,CHEMBL894444,CHEMBL1148741
CHEMBL394569,610.0,6.21,CHEMBL894444,CHEMBL1148741
CHEMBL244004,6100.0,5.21,CHEMBL894444,CHEMBL1148741
CHEMBL243794,1400.0,5.85,CHEMBL894444,CHEMBL1148741
CHEMBL363548,190.0,6.72,CHEMBL894444,CHEMBL1148741
CHEMBL242004,7400.0,5.13,CHEMBL894444,CHEMBL1148741
CHEMBL242003,400.0,6.40,CHEMBL894444,CHEMBL1148741
CHEMBL245231,470.0,6.33,CHEMBL894444,CHEMBL1148741
CHEMBL389129,2900.0,5.54,CHEMBL894444,CHEMBL1148741
CHEMBL245229,1400.0,5.85,CHEMBL894444,CHEMBL1148741
CHEMBL245010,110.0,6.96,CHEMBL894444,CHEMBL1148741
CHEMBL389128,120.0,6.92,CHEMBL894444,CHEMBL1148741
CHEMBL390212,1000.0,6.00,CHEMBL894444,CHEMBL1148741
CHEMBL244374,1300.0,5.89,CHEMBL894444,CHEMBL1148741
CHEMBL54,2.0,8.70,CHEMBL894060,CHEMBL1148718
CHEMBL390213,1000.0,,CHEMBL894060,CHEMBL1148718
CHEMBL244577,292.0,6.54,CHEMBL894060,CHEMBL1148718
CHEMBL390015,1000.0,,CHEMBL894060,CHEMBL1148718
CHEMBL389110,1000.0,,CHEMBL894060,CHEMBL1148718
CHEMBL244161,107.0,6.97,CHEMBL894060,CHEMBL1148718
CHEMBL243955,32.0,7.50,CHEMBL894060,CHEMBL1148718
CHEMBL243954,224.0,6.65,CHEMBL894060,CHEMBL1148718
CHEMBL243953,1000.0,,CHEMBL894060,CHEMBL1148718
CHEMBL243744,15.0,7.82,CHEMBL894060,CHEMBL1148718
CHEMBL243743,60.0,7.22,CHEMBL894060,CHEMBL1148718
CHEMBL243742,123.0,6.91,CHEMBL894060,CHEMBL1148718
CHEMBL243523,173.0,6.76,CHEMBL894060,CHEMBL1148718
CHEMBL230872,49.0,7.31,CHEMBL895394,CHEMBL1148812
CHEMBL394863,1050.0,5.98,CHEMBL895648,CHEMBL1148745
CHEMBL231156,53.7,7.27,CHEMBL895648,CHEMBL1148745
CHEMBL231055,68.4,7.17,CHEMBL895648,CHEMBL1148745
CHEMBL394862,84.0,7.08,CHEMBL895648,CHEMBL1148745
CHEMBL390253,28.4,7.55,CHEMBL895648,CHEMBL1148745
CHEMBL242434,134.0,6.87,CHEMBL895648,CHEMBL1148745
CHEMBL242218,249.0,6.60,CHEMBL895648,CHEMBL1148745
CHEMBL242644,284.0,6.55,CHEMBL895648,CHEMBL1148745
CHEMBL396024,319.0,6.50,CHEMBL895648,CHEMBL1148745
CHEMBL244990,267.0,6.57,CHEMBL895648,CHEMBL1148745
CHEMBL244989,48.4,7.32,CHEMBL895648,CHEMBL1148745
CHEMBL394541,69.0,7.16,CHEMBL895648,CHEMBL1148745
CHEMBL244775,1160.0,5.94,CHEMBL895648,CHEMBL1148745
CHEMBL244774,25.8,7.59,CHEMBL895648,CHEMBL1148745
CHEMBL244773,92.0,7.04,CHEMBL895648,CHEMBL1148745
CHEMBL398175,105.0,6.98,CHEMBL895648,CHEMBL1148745
CHEMBL244562,23.6,7.63,CHEMBL895648,CHEMBL1148745
CHEMBL241973,28.3,7.55,CHEMBL895648,CHEMBL1148745
CHEMBL110365,55.4,7.26,CHEMBL895648,CHEMBL1148745
CHEMBL180010,93.3,7.03,CHEMBL895648,CHEMBL1148745
CHEMBL304605,168.0,6.78,CHEMBL895648,CHEMBL1148745
CHEMBL69451,24.8,7.61,CHEMBL895648,CHEMBL1148745
CHEMBL300780,112.0,6.95,CHEMBL895648,CHEMBL1148745
CHEMBL54,2.6,8.59,CHEMBL895394,CHEMBL1148812
CHEMBL230218,560.0,6.25,CHEMBL895394,CHEMBL1148812
CHEMBL231057,159.0,6.80,CHEMBL895394,CHEMBL1148812
CHEMBL231260,111.0,6.96,CHEMBL895394,CHEMBL1148812
CHEMBL231158,52.0,7.28,CHEMBL895394,CHEMBL1148812
CHEMBL231183,149.0,6.83,CHEMBL895394,CHEMBL1148812
CHEMBL231182,47.0,7.33,CHEMBL895394,CHEMBL1148812
CHEMBL387784,68.0,7.17,CHEMBL895394,CHEMBL1148812
CHEMBL231181,179.0,6.75,CHEMBL895394,CHEMBL1148812
CHEMBL231080,125.0,6.90,CHEMBL895394,CHEMBL1148812
CHEMBL387569,49.0,7.31,CHEMBL895394,CHEMBL1148812
CHEMBL231079,83.0,7.08,CHEMBL895394,CHEMBL1148812
CHEMBL231078,78.0,7.11,CHEMBL895394,CHEMBL1148812
CHEMBL230972,78.0,7.11,CHEMBL895394,CHEMBL1148812
CHEMBL230971,44.0,7.36,CHEMBL895394,CHEMBL1148812
CHEMBL389356,518.0,6.29,CHEMBL895724,CHEMBL1148752
CHEMBL397207,1028.0,5.99,CHEMBL895724,CHEMBL1148752
CHEMBL394779,63.0,7.20,CHEMBL895724,CHEMBL1148752
CHEMBL231374,1396.0,5.86,CHEMBL895724,CHEMBL1148752
CHEMBL394777,10000.0,,CHEMBL895724,CHEMBL1148752
CHEMBL397180,10000.0,,CHEMBL895724,CHEMBL1148752
CHEMBL396950,857.0,6.07,CHEMBL895724,CHEMBL1148752
CHEMBL443843,10000.0,,CHEMBL895724,CHEMBL1148752
CHEMBL231171,172.0,6.76,CHEMBL895724,CHEMBL1148752
CHEMBL389559,382.0,6.42,CHEMBL895724,CHEMBL1148752
CHEMBL276778,87.0,7.06,CHEMBL895724,CHEMBL1148752
CHEMBL231070,74.0,7.13,CHEMBL895724,CHEMBL1148752
CHEMBL389357,25.0,7.60,CHEMBL895724,CHEMBL1148752
CHEMBL222188,1000.0,6.00,CHEMBL894060,CHEMBL1148718
CHEMBL222477,51.0,7.29,CHEMBL894060,CHEMBL1148718
CHEMBL225571,681.0,6.17,CHEMBL894060,CHEMBL1148718
CHEMBL221513,265.0,6.58,CHEMBL894060,CHEMBL1148718
CHEMBL225512,987.0,6.01,CHEMBL894060,CHEMBL1148718
CHEMBL389718,68.0,7.17,CHEMBL894060,CHEMBL1148718
CHEMBL222755,143.0,6.84,CHEMBL894060,CHEMBL1148718
CHEMBL224820,26.4,7.58,CHEMBL894060,CHEMBL1148718
CHEMBL225284,7.3,8.14,CHEMBL894060,CHEMBL1148718
CHEMBL387738,1000.0,,CHEMBL894060,CHEMBL1148718
CHEMBL222489,1000.0,,CHEMBL894060,CHEMBL1148718
CHEMBL131495,3.162,8.50,CHEMBL895618,CHEMBL1148822
CHEMBL243712,12.59,7.90,CHEMBL895618,CHEMBL1148822
CHEMBL708,12.59,7.90,CHEMBL895618,CHEMBL1148822
CHEMBL85,6.31,8.20,CHEMBL895618,CHEMBL1148822
CHEMBL1112,5.012,8.30,CHEMBL895618,CHEMBL1148822
CHEMBL715,19.95,7.70,CHEMBL895618,CHEMBL1148822
CHEMBL42,125.89,6.90,CHEMBL895618,CHEMBL1148822
CHEMBL54,5.012,8.30,CHEMBL895618,CHEMBL1148822
CHEMBL71,10.0,8.00,CHEMBL895618,CHEMBL1148822
CHEMBL196514,0.7943,9.10,CHEMBL895618,CHEMBL1148822
CHEMBL221692,3.981,8.40,CHEMBL895618,CHEMBL1148822
CHEMBL243012,80.0,7.10,CHEMBL892631,CHEMBL1147208
CHEMBL54,3.3,8.48,CHEMBL892631,CHEMBL1147208
CHEMBL243225,70.0,7.16,CHEMBL892631,CHEMBL1147208
CHEMBL243224,46.0,7.34,CHEMBL892631,CHEMBL1147208
CHEMBL390181,400.0,6.40,CHEMBL892631,CHEMBL1147208
CHEMBL244946,9549.93,5.02,CHEMBL895485,CHEMBL1148818
CHEMBL229019,1000.0,,CHEMBL890993,CHEMBL1146384
CHEMBL228972,1000.0,,CHEMBL890993,CHEMBL1146384
CHEMBL391107,191.0,6.72,CHEMBL894519,CHEMBL1148021
CHEMBL233790,80.0,7.10,CHEMBL894519,CHEMBL1148021
CHEMBL232609,61.0,7.21,CHEMBL894519,CHEMBL1148021
CHEMBL391017,43.0,7.37,CHEMBL894519,CHEMBL1148021
CHEMBL232607,92.0,7.04,CHEMBL894519,CHEMBL1148021
CHEMBL391016,55.0,7.26,CHEMBL894519,CHEMBL1148021
CHEMBL234854,15.0,7.82,CHEMBL894519,CHEMBL1148021
CHEMBL234650,71.0,7.15,CHEMBL894519,CHEMBL1148021
CHEMBL234649,24.0,7.62,CHEMBL894519,CHEMBL1148021
CHEMBL234476,425.0,6.37,CHEMBL894519,CHEMBL1148021
CHEMBL234474,588.0,6.23,CHEMBL894519,CHEMBL1148021
CHEMBL233584,123.0,6.91,CHEMBL894519,CHEMBL1148021
CHEMBL394139,356.0,6.45,CHEMBL894519,CHEMBL1148021
CHEMBL233816,259.0,6.59,CHEMBL894519,CHEMBL1148021
CHEMBL391530,810.0,6.09,CHEMBL894519,CHEMBL1148021
CHEMBL233582,42.0,7.38,CHEMBL894519,CHEMBL1148021
CHEMBL233410,130.0,6.89,CHEMBL894519,CHEMBL1148021
CHEMBL393105,271.0,6.57,CHEMBL894519,CHEMBL1148021
CHEMBL233407,198.0,6.70,CHEMBL894519,CHEMBL1148021
CHEMBL393104,76.0,7.12,CHEMBL894519,CHEMBL1148021
CHEMBL391035,42.0,7.38,CHEMBL894519,CHEMBL1148021
CHEMBL234609,52.0,7.28,CHEMBL894519,CHEMBL1148021
CHEMBL234423,60.0,7.22,CHEMBL894519,CHEMBL1148021
CHEMBL234422,18.0,7.75,CHEMBL894519,CHEMBL1148021
CHEMBL429623,45.0,7.35,CHEMBL894519,CHEMBL1148021
CHEMBL234232,1.9,8.72,CHEMBL894519,CHEMBL1148021
CHEMBL234231,194.0,6.71,CHEMBL894519,CHEMBL1148021
CHEMBL429076,36.0,7.44,CHEMBL894519,CHEMBL1148021
CHEMBL233849,37.0,7.43,CHEMBL894519,CHEMBL1148021
CHEMBL234607,78.0,7.11,CHEMBL894519,CHEMBL1148021
CHEMBL233816,101.0,7.00,CHEMBL894519,CHEMBL1148021
CHEMBL392066,139.0,6.86,CHEMBL894519,CHEMBL1148021
CHEMBL233814,173.0,6.76,CHEMBL894519,CHEMBL1148021
CHEMBL233623,50.0,7.30,CHEMBL894519,CHEMBL1148021
CHEMBL393725,110.0,6.96,CHEMBL894519,CHEMBL1148021
CHEMBL234194,62.0,7.21,CHEMBL894519,CHEMBL1148021
CHEMBL236832,81.0,7.09,CHEMBL894519,CHEMBL1148021
CHEMBL236621,62.0,7.21,CHEMBL894519,CHEMBL1148021
CHEMBL391530,94.0,7.03,CHEMBL894519,CHEMBL1148021
CHEMBL392377,58.0,7.24,CHEMBL894519,CHEMBL1148021
CHEMBL236830,430.0,6.37,CHEMBL894519,CHEMBL1148021
CHEMBL236618,14.0,7.85,CHEMBL894519,CHEMBL1148021
CHEMBL236617,122.0,6.91,CHEMBL894519,CHEMBL1148021
CHEMBL428197,27.0,7.57,CHEMBL894519,CHEMBL1148021
CHEMBL234874,69.0,7.16,CHEMBL894519,CHEMBL1148021
CHEMBL233416,39.0,7.41,CHEMBL894519,CHEMBL1148021
CHEMBL233592,118.0,6.93,CHEMBL894519,CHEMBL1148021
CHEMBL232780,64.0,7.19,CHEMBL894519,CHEMBL1148021
CHEMBL232779,74.0,7.13,CHEMBL894519,CHEMBL1148021
CHEMBL232593,86.0,7.07,CHEMBL894519,CHEMBL1148021
CHEMBL232592,51.0,7.29,CHEMBL894519,CHEMBL1148021
CHEMBL234681,31.0,7.51,CHEMBL894519,CHEMBL1148021
CHEMBL399195,149.0,6.83,CHEMBL894519,CHEMBL1148021
CHEMBL234680,2.4,8.62,CHEMBL894519,CHEMBL1148021
CHEMBL234679,55.0,7.26,CHEMBL894519,CHEMBL1148021
CHEMBL234669,34.0,7.47,CHEMBL894519,CHEMBL1148021
CHEMBL394110,38.0,7.42,CHEMBL898619,CHEMBL1149628
CHEMBL393492,319.0,6.50,CHEMBL898619,CHEMBL1149628
CHEMBL240996,387.0,6.41,CHEMBL898619,CHEMBL1149628
CHEMBL240995,760.0,6.12,CHEMBL898619,CHEMBL1149628
CHEMBL240774,189.0,6.72,CHEMBL898619,CHEMBL1149628
CHEMBL394080,405.0,6.39,CHEMBL898619,CHEMBL1149628
CHEMBL268371,323.0,6.49,CHEMBL898619,CHEMBL1149628
CHEMBL239917,1747.0,5.76,CHEMBL898619,CHEMBL1149628
CHEMBL395933,162.0,6.79,CHEMBL898619,CHEMBL1149628
CHEMBL239700,184.0,6.74,CHEMBL898619,CHEMBL1149628
CHEMBL398813,73.0,7.14,CHEMBL898619,CHEMBL1149628
CHEMBL238718,140.0,6.85,CHEMBL898619,CHEMBL1149628
CHEMBL238717,46.0,7.34,CHEMBL898619,CHEMBL1149628
CHEMBL238917,360.0,6.44,CHEMBL898619,CHEMBL1149628
CHEMBL238916,113.0,6.95,CHEMBL898619,CHEMBL1149628
CHEMBL238915,177.0,6.75,CHEMBL898619,CHEMBL1149628
CHEMBL240377,598.0,6.22,CHEMBL897619,CHEMBL1137479
CHEMBL240589,1272.0,5.90,CHEMBL897619,CHEMBL1137479
CHEMBL25236,52.0,7.28,CHEMBL897619,CHEMBL1137479
CHEMBL241226,1000.0,,CHEMBL897619,CHEMBL1137479
CHEMBL241225,163.0,6.79,CHEMBL897619,CHEMBL1137479
CHEMBL392791,2288.0,5.64,CHEMBL897619,CHEMBL1137479
CHEMBL241018,4620.0,5.33,CHEMBL897619,CHEMBL1137479
CHEMBL238877,1000.0,,CHEMBL897619,CHEMBL1137479
CHEMBL238875,13350.0,4.88,CHEMBL897619,CHEMBL1137479
CHEMBL392579,1570.0,5.80,CHEMBL897619,CHEMBL1137479
CHEMBL239923,703.0,6.15,CHEMBL897619,CHEMBL1137479
CHEMBL239708,128.0,6.89,CHEMBL897619,CHEMBL1137479
CHEMBL239706,849.0,6.07,CHEMBL897619,CHEMBL1137479
CHEMBL239493,252.0,6.60,CHEMBL897619,CHEMBL1137479
CHEMBL430371,1000.0,,CHEMBL897619,CHEMBL1137479
CHEMBL393775,1149.0,5.94,CHEMBL897619,CHEMBL1137479
CHEMBL239067,258.0,6.59,CHEMBL897619,CHEMBL1137479
CHEMBL239066,497.0,6.30,CHEMBL897619,CHEMBL1137479
CHEMBL393774,4925.0,5.31,CHEMBL897619,CHEMBL1137479
CHEMBL239065,429.0,6.37,CHEMBL897619,CHEMBL1137479
CHEMBL238859,1324.0,5.88,CHEMBL897619,CHEMBL1137479
CHEMBL238858,808.0,6.09,CHEMBL897619,CHEMBL1137479
CHEMBL391120,619.0,6.21,CHEMBL897619,CHEMBL1137479
CHEMBL240564,972.0,6.01,CHEMBL897619,CHEMBL1137479
CHEMBL391895,313.0,6.50,CHEMBL897619,CHEMBL1137479
CHEMBL240600,626.0,6.20,CHEMBL897619,CHEMBL1137479
CHEMBL436998,663.0,6.18,CHEMBL897619,CHEMBL1137479
CHEMBL401224,633.0,6.20,CHEMBL897619,CHEMBL1137479
CHEMBL401223,161.0,6.79,CHEMBL897619,CHEMBL1137479
CHEMBL394189,136.0,6.87,CHEMBL897619,CHEMBL1137479
CHEMBL239539,189.0,6.72,CHEMBL897619,CHEMBL1137479
CHEMBL241660,160.0,6.80,CHEMBL897619,CHEMBL1137479
CHEMBL241659,1000.0,6.00,CHEMBL897619,CHEMBL1137479
CHEMBL241455,963.0,6.02,CHEMBL897619,CHEMBL1137479
CHEMBL394019,587.0,6.23,CHEMBL897619,CHEMBL1137479
CHEMBL429462,435.0,6.36,CHEMBL897619,CHEMBL1137479
CHEMBL241027,621.0,6.21,CHEMBL897619,CHEMBL1137479
CHEMBL391057,590.0,6.23,CHEMBL897619,CHEMBL1137479
CHEMBL241026,652.0,6.19,CHEMBL897619,CHEMBL1137479
CHEMBL240588,457.0,6.34,CHEMBL897619,CHEMBL1137479
CHEMBL240587,226.0,6.65,CHEMBL897619,CHEMBL1137479
CHEMBL240379,1180.0,5.93,CHEMBL897619,CHEMBL1137479
CHEMBL240378,559.0,6.25,CHEMBL897619,CHEMBL1137479
CHEMBL241631,69.0,7.16,CHEMBL898785,CHEMBL1137491
CHEMBL239733,51.0,7.29,CHEMBL898785,CHEMBL1137491
CHEMBL393365,23.0,7.64,CHEMBL898785,CHEMBL1137491
CHEMBL240584,31.0,7.51,CHEMBL898785,CHEMBL1137491
CHEMBL241436,210.0,6.68,CHEMBL898785,CHEMBL1137491
CHEMBL392437,15.0,7.82,CHEMBL898785,CHEMBL1137491
CHEMBL241641,780.0,6.11,CHEMBL898785,CHEMBL1137491
CHEMBL394292,15.0,7.82,CHEMBL898785,CHEMBL1137491
CHEMBL391257,1200.0,5.92,CHEMBL898785,CHEMBL1137491
CHEMBL391256,140.0,6.85,CHEMBL898785,CHEMBL1137491
CHEMBL241424,1400.0,5.85,CHEMBL898785,CHEMBL1137491
CHEMBL241212,250.0,6.60,CHEMBL898785,CHEMBL1137491
CHEMBL241211,1200.0,5.92,CHEMBL898785,CHEMBL1137491
CHEMBL394473,120.0,6.92,CHEMBL898785,CHEMBL1137491
CHEMBL241210,4700.0,5.33,CHEMBL898785,CHEMBL1137491
CHEMBL241631,48.0,7.32,CHEMBL898786,CHEMBL1137491
CHEMBL239733,23.0,7.64,CHEMBL898786,CHEMBL1137491
CHEMBL393365,11.0,7.96,CHEMBL898786,CHEMBL1137491
CHEMBL240584,27.0,7.57,CHEMBL898786,CHEMBL1137491
CHEMBL241436,240.0,6.62,CHEMBL898786,CHEMBL1137491
CHEMBL392437,24.0,7.62,CHEMBL898786,CHEMBL1137491
CHEMBL241641,840.0,6.08,CHEMBL898786,CHEMBL1137491
CHEMBL394292,27.0,7.57,CHEMBL898786,CHEMBL1137491
CHEMBL391257,280.0,6.55,CHEMBL898786,CHEMBL1137491
CHEMBL391256,78.0,7.11,CHEMBL898786,CHEMBL1137491
CHEMBL241424,190.0,6.72,CHEMBL898786,CHEMBL1137491
CHEMBL241212,160.0,6.80,CHEMBL898786,CHEMBL1137491
CHEMBL241211,1400.0,5.85,CHEMBL898786,CHEMBL1137491
CHEMBL394473,83.0,7.08,CHEMBL898786,CHEMBL1137491
CHEMBL241210,9900.0,5.00,CHEMBL898786,CHEMBL1137491
CHEMBL391530,136.0,6.87,CHEMBL900500,CHEMBL1137555
CHEMBL228389,83.0,7.08,CHEMBL900500,CHEMBL1137555
CHEMBL228334,112.0,6.95,CHEMBL900500,CHEMBL1137555
CHEMBL238402,114.0,6.94,CHEMBL900500,CHEMBL1137555
CHEMBL438673,192.0,6.72,CHEMBL900500,CHEMBL1137555
CHEMBL228607,88.0,7.06,CHEMBL900500,CHEMBL1137555
CHEMBL387833,228.0,6.64,CHEMBL900500,CHEMBL1137555
CHEMBL228606,284.0,6.55,CHEMBL900500,CHEMBL1137555
CHEMBL538397,330.0,6.48,CHEMBL900500,CHEMBL1137555
CHEMBL228278,133.0,6.88,CHEMBL900500,CHEMBL1137555
CHEMBL229085,144.0,6.84,CHEMBL900500,CHEMBL1137555
CHEMBL388361,55.0,7.26,CHEMBL900500,CHEMBL1137555
CHEMBL390129,165.0,6.78,CHEMBL900500,CHEMBL1137555
CHEMBL238401,2.7,8.57,CHEMBL900500,CHEMBL1137555
CHEMBL429453,113.0,6.95,CHEMBL900500,CHEMBL1137555
CHEMBL236621,62.0,7.21,CHEMBL900500,CHEMBL1137555
CHEMBL392822,382.0,6.42,CHEMBL902495,CHEMBL1138415
CHEMBL445102,11.2,7.95,CHEMBL902495,CHEMBL1138415
CHEMBL247058,5.5,8.26,CHEMBL902495,CHEMBL1138415
CHEMBL401031,23.9,7.62,CHEMBL902495,CHEMBL1138415
CHEMBL246856,10000.0,,CHEMBL902495,CHEMBL1138415
CHEMBL246855,188.0,6.73,CHEMBL902495,CHEMBL1138415
CHEMBL400827,29.6,7.53,CHEMBL902495,CHEMBL1138415
CHEMBL246854,54.0,7.27,CHEMBL902495,CHEMBL1138415
CHEMBL246644,21.0,7.68,CHEMBL902495,CHEMBL1138415
CHEMBL246643,21.0,7.68,CHEMBL902495,CHEMBL1138415
CHEMBL394066,548.0,6.26,CHEMBL902495,CHEMBL1138415
CHEMBL246642,438.0,6.36,CHEMBL902495,CHEMBL1138415
CHEMBL246439,15.4,7.81,CHEMBL902495,CHEMBL1138415
CHEMBL400826,165.0,6.78,CHEMBL902495,CHEMBL1138415
CHEMBL246438,68.1,7.17,CHEMBL902495,CHEMBL1138415
CHEMBL246437,2370.0,5.62,CHEMBL902495,CHEMBL1138415
CHEMBL399601,2000.0,5.70,CHEMBL902495,CHEMBL1138415
CHEMBL246232,10000.0,,CHEMBL902495,CHEMBL1138415
CHEMBL399396,58.8,7.23,CHEMBL902495,CHEMBL1138415
CHEMBL246231,60.0,7.22,CHEMBL902495,CHEMBL1138415
CHEMBL246230,199.0,6.70,CHEMBL902495,CHEMBL1138415
CHEMBL394065,120.0,6.92,CHEMBL902495,CHEMBL1138415
CHEMBL246021,83.1,7.08,CHEMBL902495,CHEMBL1138415
CHEMBL430198,184.0,6.74,CHEMBL902495,CHEMBL1138415
CHEMBL246020,992.0,6.00,CHEMBL902495,CHEMBL1138415
CHEMBL245816,4265.0,5.37,CHEMBL902495,CHEMBL1138415
CHEMBL245815,2890.0,5.54,CHEMBL902495,CHEMBL1138415
CHEMBL393027,201.0,6.70,CHEMBL902495,CHEMBL1138415
CHEMBL245615,98.4,7.01,CHEMBL902495,CHEMBL1138415
CHEMBL398368,159.0,6.80,CHEMBL902495,CHEMBL1138415
CHEMBL245614,177.0,6.75,CHEMBL902495,CHEMBL1138415
CHEMBL392823,5360.0,5.27,CHEMBL902495,CHEMBL1138415
CHEMBL246849,127.0,6.90,CHEMBL902495,CHEMBL1138415
CHEMBL246848,106.0,6.97,CHEMBL902495,CHEMBL1138415
CHEMBL246637,6.9,8.16,CHEMBL902495,CHEMBL1138415
CHEMBL396092,129.0,6.89,CHEMBL902495,CHEMBL1138415
CHEMBL397770,26.1,7.58,CHEMBL902495,CHEMBL1138415
CHEMBL393539,1258.93,5.90,CHEMBL885603,CHEMBL1139046
CHEMBL238732,2511.89,5.60,CHEMBL885603,CHEMBL1139046
CHEMBL238730,10000.0,,CHEMBL885603,CHEMBL1139046
CHEMBL391661,3162.28,5.50,CHEMBL885603,CHEMBL1139046
CHEMBL238520,1995.26,5.70,CHEMBL885603,CHEMBL1139046
CHEMBL238519,1258.93,5.90,CHEMBL885603,CHEMBL1139046
CHEMBL183460,1258.93,5.90,CHEMBL885603,CHEMBL1139046
CHEMBL441618,44.5,7.35,CHEMBL885887,CHEMBL1139077
CHEMBL201525,56.5,7.25,CHEMBL885887,CHEMBL1139077
CHEMBL201170,17.5,7.76,CHEMBL885887,CHEMBL1139077
CHEMBL380330,13.0,7.89,CHEMBL885887,CHEMBL1139077
CHEMBL245764,1.7,8.77,CHEMBL885887,CHEMBL1139077
CHEMBL245571,74.7,7.13,CHEMBL885887,CHEMBL1139077
CHEMBL396561,22.8,7.64,CHEMBL885887,CHEMBL1139077
CHEMBL245570,38.4,7.42,CHEMBL885887,CHEMBL1139077
CHEMBL396560,11.9,7.92,CHEMBL885887,CHEMBL1139077
CHEMBL240887,2000.0,,CHEMBL886666,CHEMBL1139157
CHEMBL240887,2000.0,,CHEMBL886666,CHEMBL1139157
CHEMBL240887,2000.0,,CHEMBL886666,CHEMBL1139157
CHEMBL240886,2000.0,,CHEMBL886666,CHEMBL1139157
CHEMBL238760,2000.0,,CHEMBL886666,CHEMBL1139157
CHEMBL395459,2000.0,,CHEMBL886666,CHEMBL1139157
CHEMBL1162962,2000.0,,CHEMBL886666,CHEMBL1139157
CHEMBL240878,2000.0,,CHEMBL886666,CHEMBL1139157
CHEMBL240877,2000.0,,CHEMBL886666,CHEMBL1139157
CHEMBL240876,2000.0,,CHEMBL886666,CHEMBL1139157
CHEMBL395458,2000.0,,CHEMBL886666,CHEMBL1139157
CHEMBL240680,2000.0,,CHEMBL886666,CHEMBL1139157
CHEMBL397112,2000.0,,CHEMBL886666,CHEMBL1139157
CHEMBL240865,1000.0,,CHEMBL886666,CHEMBL1139157
CHEMBL240864,2000.0,,CHEMBL886666,CHEMBL1139157
CHEMBL240863,2000.0,,CHEMBL886666,CHEMBL1139157
CHEMBL240665,2000.0,,CHEMBL886666,CHEMBL1139157
CHEMBL394729,1000.0,,CHEMBL886666,CHEMBL1139157
CHEMBL240454,1000.0,,CHEMBL886666,CHEMBL1139157
CHEMBL394435,1000.0,,CHEMBL886666,CHEMBL1139157
CHEMBL240841,1000.0,,CHEMBL886666,CHEMBL1139157
CHEMBL240840,1000.0,,CHEMBL886666,CHEMBL1139157
CHEMBL240839,1000.0,,CHEMBL886666,CHEMBL1139157
CHEMBL240246,1000.0,,CHEMBL886666,CHEMBL1139157
CHEMBL175832,310.0,6.51,CHEMBL886666,CHEMBL1139157
CHEMBL240888,31000.0,4.51,CHEMBL886705,CHEMBL1139165
CHEMBL392888,59000.0,4.23,CHEMBL886705,CHEMBL1139165
CHEMBL240025,1600.0,5.80,CHEMBL886705,CHEMBL1139165
CHEMBL240024,100000.0,,CHEMBL886705,CHEMBL1139165
CHEMBL392887,1700.0,5.77,CHEMBL886705,CHEMBL1139165
CHEMBL429644,3100.0,5.51,CHEMBL886705,CHEMBL1139165
CHEMBL241283,8200.0,5.09,CHEMBL886705,CHEMBL1139165
CHEMBL241282,100000.0,,CHEMBL886705,CHEMBL1139165
CHEMBL241103,1700.0,5.77,CHEMBL886705,CHEMBL1139165
CHEMBL241102,12000.0,4.92,CHEMBL886705,CHEMBL1139165
CHEMBL442093,300000.0,,CHEMBL886705,CHEMBL1139165
CHEMBL391192,300000.0,,CHEMBL886705,CHEMBL1139165
CHEMBL241101,14000.0,4.85,CHEMBL886705,CHEMBL1139165
CHEMBL240023,42000.0,4.38,CHEMBL886705,CHEMBL1139165
CHEMBL392970,14000.0,4.85,CHEMBL886705,CHEMBL1139165
CHEMBL240022,11000.0,4.96,CHEMBL886705,CHEMBL1139165
CHEMBL240021,54000.0,4.27,CHEMBL886705,CHEMBL1139165
CHEMBL241281,2400.0,5.62,CHEMBL886705,CHEMBL1139165
CHEMBL391190,1900.0,5.72,CHEMBL886705,CHEMBL1139165
CHEMBL328476,4600.0,5.34,CHEMBL886705,CHEMBL1139165
CHEMBL393275,1500.0,5.82,CHEMBL886705,CHEMBL1139165
CHEMBL319005,1600.0,5.80,CHEMBL886705,CHEMBL1139165
CHEMBL241099,200000.0,,CHEMBL886705,CHEMBL1139165
CHEMBL241083,300000.0,,CHEMBL886705,CHEMBL1139165
CHEMBL241082,25000.0,4.60,CHEMBL886705,CHEMBL1139165
CHEMBL392401,88000.0,4.06,CHEMBL886705,CHEMBL1139165
CHEMBL397543,398.11,,CHEMBL923071,CHEMBL1140677
CHEMBL42,223.87,6.65,CHEMBL923071,CHEMBL1140677
CHEMBL54,0.6026,9.22,CHEMBL923071,CHEMBL1140677
CHEMBL391985,120.23,,CHEMBL923071,CHEMBL1140677
CHEMBL246484,112.2,,CHEMBL923071,CHEMBL1140677
CHEMBL437007,10000.0,,CHEMBL923071,CHEMBL1140677
CHEMBL391984,10000.0,,CHEMBL923071,CHEMBL1140677
CHEMBL246488,10000.0,,CHEMBL923071,CHEMBL1140677
CHEMBL392158,2.1,8.68,CHEMBL941849,CHEMBL1139804
CHEMBL392158,2.2,8.66,CHEMBL941850,CHEMBL1139804
CHEMBL397592,23.0,7.64,CHEMBL941850,CHEMBL1139804
CHEMBL240106,0.85,9.07,CHEMBL941850,CHEMBL1139804
CHEMBL397103,14.0,7.85,CHEMBL941850,CHEMBL1139804
CHEMBL241169,0.68,9.17,CHEMBL941850,CHEMBL1139804
CHEMBL76402,0.65,9.19,CHEMBL941850,CHEMBL1139804
CHEMBL8809,17.0,7.77,CHEMBL941850,CHEMBL1139804
CHEMBL267723,4.2,8.38,CHEMBL941850,CHEMBL1139804
CHEMBL428561,30.0,7.52,CHEMBL941850,CHEMBL1139804
CHEMBL397592,27.0,7.57,CHEMBL941849,CHEMBL1139804
CHEMBL240106,0.88,9.06,CHEMBL941849,CHEMBL1139804
CHEMBL397103,15.0,7.82,CHEMBL941849,CHEMBL1139804
CHEMBL241169,0.74,9.13,CHEMBL941849,CHEMBL1139804
CHEMBL76402,1.6,8.80,CHEMBL941849,CHEMBL1139804
CHEMBL8809,31.0,7.51,CHEMBL941849,CHEMBL1139804
CHEMBL267723,4.2,8.38,CHEMBL941849,CHEMBL1139804
CHEMBL428561,30.0,7.52,CHEMBL941849,CHEMBL1139804
CHEMBL156639,142.0,6.85,CHEMBL926379,CHEMBL1140704
CHEMBL250552,26.0,7.58,CHEMBL926379,CHEMBL1140704
CHEMBL250552,238.0,6.62,CHEMBL926379,CHEMBL1140704
CHEMBL252539,14.6,7.84,CHEMBL926379,CHEMBL1140704
CHEMBL399164,9.56,8.02,CHEMBL926379,CHEMBL1140704
CHEMBL399164,35.8,7.45,CHEMBL926379,CHEMBL1140704
CHEMBL399164,88.7,7.05,CHEMBL926379,CHEMBL1140704
CHEMBL252343,90.6,7.04,CHEMBL926379,CHEMBL1140704
CHEMBL252342,638.0,6.20,CHEMBL926379,CHEMBL1140704
CHEMBL155826,19.3,7.71,CHEMBL926379,CHEMBL1140704
CHEMBL155826,19.4,7.71,CHEMBL926379,CHEMBL1140704
CHEMBL157293,32.9,7.48,CHEMBL926379,CHEMBL1140704
CHEMBL157293,25.2,7.60,CHEMBL926379,CHEMBL1140704
CHEMBL254203,21.7,7.66,CHEMBL926379,CHEMBL1140704
CHEMBL254202,70.3,7.15,CHEMBL926379,CHEMBL1140704
CHEMBL254199,24.6,7.61,CHEMBL926379,CHEMBL1140704
CHEMBL254198,167.0,6.78,CHEMBL926379,CHEMBL1140704
CHEMBL253992,649.0,6.19,CHEMBL926379,CHEMBL1140704
CHEMBL250552,58.6,7.23,CHEMBL926379,CHEMBL1140704
CHEMBL301559,202.0,6.70,CHEMBL926379,CHEMBL1140704
CHEMBL431298,460.0,6.34,CHEMBL927708,CHEMBL1140794
CHEMBL253096,10000.0,,CHEMBL927708,CHEMBL1140794
CHEMBL253708,10000.0,,CHEMBL927708,CHEMBL1140794
CHEMBL404352,10000.0,,CHEMBL927708,CHEMBL1140794
CHEMBL254298,10000.0,,CHEMBL927708,CHEMBL1140794
CHEMBL708,5.0,8.30,CHEMBL945767,CHEMBL1140829
CHEMBL252430,5.0,8.30,CHEMBL945767,CHEMBL1140829
CHEMBL252429,10.0,8.00,CHEMBL945767,CHEMBL1140829
CHEMBL252030,15.0,7.82,CHEMBL945767,CHEMBL1140829
CHEMBL398711,8.0,8.10,CHEMBL945767,CHEMBL1140829
CHEMBL251834,3.0,8.52,CHEMBL945767,CHEMBL1140829
CHEMBL398744,5.0,8.30,CHEMBL945767,CHEMBL1140829
CHEMBL252201,33.0,7.48,CHEMBL945767,CHEMBL1140829
CHEMBL253878,26.0,7.58,CHEMBL945767,CHEMBL1140829
CHEMBL398619,6.0,8.22,CHEMBL945767,CHEMBL1140829
CHEMBL442290,6.0,8.22,CHEMBL945767,CHEMBL1140829
CHEMBL253439,5.0,8.30,CHEMBL945767,CHEMBL1140829
CHEMBL398618,15.0,7.82,CHEMBL945767,CHEMBL1140829
CHEMBL253233,22.0,7.66,CHEMBL945767,CHEMBL1140829
CHEMBL400236,67.0,7.17,CHEMBL945767,CHEMBL1140829
CHEMBL253024,21.0,7.68,CHEMBL945767,CHEMBL1140829
CHEMBL400235,27.0,7.57,CHEMBL945767,CHEMBL1140829
CHEMBL253022,34.0,7.47,CHEMBL945767,CHEMBL1140829
CHEMBL252818,22.0,7.66,CHEMBL945767,CHEMBL1140829
CHEMBL404000,21.0,7.68,CHEMBL945767,CHEMBL1140829
CHEMBL252816,10.0,8.00,CHEMBL945767,CHEMBL1140829
CHEMBL256041,120.0,6.92,CHEMBL948052,CHEMBL1143857
CHEMBL256041,183.0,6.74,CHEMBL948052,CHEMBL1143857
CHEMBL256040,6.5,8.19,CHEMBL948052,CHEMBL1143857
CHEMBL256040,103.0,6.99,CHEMBL948052,CHEMBL1143857
CHEMBL256597,4.7,8.33,CHEMBL948052,CHEMBL1143857
CHEMBL256597,55.0,7.26,CHEMBL948052,CHEMBL1143857
CHEMBL256804,54.0,7.27,CHEMBL948052,CHEMBL1143857
CHEMBL256804,127.0,6.90,CHEMBL948052,CHEMBL1143857
CHEMBL270589,2.4,8.62,CHEMBL948052,CHEMBL1143857
CHEMBL270589,22.0,7.66,CHEMBL948052,CHEMBL1143857
CHEMBL257097,0.46,9.34,CHEMBL948052,CHEMBL1143857
CHEMBL257097,199.0,6.70,CHEMBL948052,CHEMBL1143857
CHEMBL403280,0.69,9.16,CHEMBL948052,CHEMBL1143857
CHEMBL403280,35.5,7.45,CHEMBL948052,CHEMBL1143857
CHEMBL271913,1.2,8.92,CHEMBL948052,CHEMBL1143857
CHEMBL271913,99.0,7.00,CHEMBL948052,CHEMBL1143857
CHEMBL256853,892.0,6.05,CHEMBL948052,CHEMBL1143857
CHEMBL256853,288.0,6.54,CHEMBL948052,CHEMBL1143857
CHEMBL257077,84.0,7.08,CHEMBL948052,CHEMBL1143857
CHEMBL257077,108.0,6.97,CHEMBL948052,CHEMBL1143857
CHEMBL272340,921.0,6.04,CHEMBL948052,CHEMBL1143857
CHEMBL272340,390.0,6.41,CHEMBL948052,CHEMBL1143857
CHEMBL257098,33.0,7.48,CHEMBL948052,CHEMBL1143857
CHEMBL257098,878.0,6.06,CHEMBL948052,CHEMBL1143857
CHEMBL256492,310.0,6.51,CHEMBL931954,CHEMBL1143133
CHEMBL310843,3400.0,5.47,CHEMBL931954,CHEMBL1143133
CHEMBL256637,760.0,6.12,CHEMBL931954,CHEMBL1143133
CHEMBL255163,590.0,6.23,CHEMBL931954,CHEMBL1143133
CHEMBL272073,1100.0,5.96,CHEMBL931954,CHEMBL1143133
CHEMBL404888,21000.0,4.68,CHEMBL931954,CHEMBL1143133
CHEMBL270406,94.0,7.03,CHEMBL931954,CHEMBL1143133
CHEMBL270408,57.0,7.24,CHEMBL931954,CHEMBL1143133
CHEMBL271513,120.0,6.92,CHEMBL931954,CHEMBL1143133
CHEMBL270056,330.0,6.48,CHEMBL934518,CHEMBL1143102
CHEMBL310843,3400.0,5.47,CHEMBL934518,CHEMBL1143102
CHEMBL7927,2900.0,5.54,CHEMBL934518,CHEMBL1143102
CHEMBL407818,6100.0,5.21,CHEMBL934518,CHEMBL1143102
CHEMBL272602,4500.0,5.35,CHEMBL934518,CHEMBL1143102
CHEMBL272853,30000.0,4.52,CHEMBL934518,CHEMBL1143102
CHEMBL405260,46.0,7.34,CHEMBL934518,CHEMBL1143102
CHEMBL272873,66000.0,4.18,CHEMBL934518,CHEMBL1143102
CHEMBL411437,150.0,6.82,CHEMBL934518,CHEMBL1143102
CHEMBL272396,880.0,6.06,CHEMBL934518,CHEMBL1143102
CHEMBL405292,3400.0,5.47,CHEMBL934518,CHEMBL1143102
CHEMBL272395,210.0,6.68,CHEMBL934518,CHEMBL1143102
CHEMBL270056,220.0,6.66,CHEMBL934519,CHEMBL1143102
CHEMBL310843,6300.0,5.20,CHEMBL934519,CHEMBL1143102
CHEMBL7927,2200.0,5.66,CHEMBL934519,CHEMBL1143102
CHEMBL407818,87000.0,4.06,CHEMBL934519,CHEMBL1143102
CHEMBL272602,4700.0,5.33,CHEMBL934519,CHEMBL1143102
CHEMBL272853,50000.0,4.30,CHEMBL934519,CHEMBL1143102
CHEMBL405260,79.0,7.10,CHEMBL934519,CHEMBL1143102
CHEMBL272873,79000.0,4.10,CHEMBL934519,CHEMBL1143102
CHEMBL411437,180.0,6.75,CHEMBL934519,CHEMBL1143102
CHEMBL272396,550.0,6.26,CHEMBL934519,CHEMBL1143102
CHEMBL405292,1700.0,5.77,CHEMBL934519,CHEMBL1143102
CHEMBL272395,150.0,6.82,CHEMBL934519,CHEMBL1143102
CHEMBL409662,950.0,6.02,CHEMBL927100,CHEMBL1144747
CHEMBL411663,330.0,6.48,CHEMBL927100,CHEMBL1144747
CHEMBL260994,960.0,6.02,CHEMBL927100,CHEMBL1144747
CHEMBL10085,4.0,,CHEMBL979558,CHEMBL1157194
CHEMBL53,32.0,7.50,CHEMBL986942,CHEMBL1149860
CHEMBL465054,88.0,7.06,CHEMBL986942,CHEMBL1149860
CHEMBL517028,3.8,8.42,CHEMBL986942,CHEMBL1149860
CHEMBL498565,516.0,6.29,CHEMBL959090,CHEMBL1150346
CHEMBL526849,10000.0,,CHEMBL959090,CHEMBL1150346
CHEMBL498564,10000.0,,CHEMBL959090,CHEMBL1150346
CHEMBL498566,10000.0,,CHEMBL959090,CHEMBL1150346
CHEMBL493369,10000.0,,CHEMBL959090,CHEMBL1150346
CHEMBL482496,500.0,,CHEMBL959812,CHEMBL1150367
CHEMBL522708,501.19,6.30,CHEMBL954061,CHEMBL1150291
CHEMBL497963,63.1,7.20,CHEMBL954061,CHEMBL1150291
CHEMBL493384,10000.0,,CHEMBL959090,CHEMBL1150346
CHEMBL497550,10000.0,,CHEMBL959090,CHEMBL1150346
CHEMBL497549,10000.0,,CHEMBL959090,CHEMBL1150346
CHEMBL497340,10000.0,,CHEMBL959090,CHEMBL1150346
CHEMBL498775,10000.0,,CHEMBL959090,CHEMBL1150346
CHEMBL498774,213.0,6.67,CHEMBL959090,CHEMBL1150346
CHEMBL497338,146.0,6.84,CHEMBL959090,CHEMBL1150346
CHEMBL445977,266.0,6.58,CHEMBL959090,CHEMBL1150346
CHEMBL3084502,33.4,7.48,CHEMBL1033058,CHEMBL1140093
CHEMBL246637,6.9,8.16,CHEMBL1033058,CHEMBL1140093
CHEMBL445102,11.2,7.95,CHEMBL1033058,CHEMBL1140093
CHEMBL3084524,1.4,8.85,CHEMBL1033058,CHEMBL1140093
CHEMBL3084523,5.6,8.25,CHEMBL1033058,CHEMBL1140093
CHEMBL3084522,11.7,7.93,CHEMBL1033058,CHEMBL1140093
CHEMBL3084521,1.2,8.92,CHEMBL1033058,CHEMBL1140093
CHEMBL3084520,1.5,8.82,CHEMBL1033058,CHEMBL1140093
CHEMBL3084519,1.5,8.82,CHEMBL1033058,CHEMBL1140093
CHEMBL3084518,4.9,8.31,CHEMBL1033058,CHEMBL1140093
CHEMBL3084517,40.1,7.40,CHEMBL1033058,CHEMBL1140093
CHEMBL3084516,1.7,8.77,CHEMBL1033058,CHEMBL1140093
CHEMBL3084515,1.06,8.97,CHEMBL1033058,CHEMBL1140093
CHEMBL3084514,280.0,6.55,CHEMBL1033058,CHEMBL1140093
CHEMBL3084513,29.8,7.53,CHEMBL1033058,CHEMBL1140093
CHEMBL3084512,12.9,7.89,CHEMBL1033058,CHEMBL1140093
CHEMBL3084511,554.0,6.26,CHEMBL1033058,CHEMBL1140093
CHEMBL3084510,39.4,7.41,CHEMBL1033058,CHEMBL1140093
CHEMBL3084509,225.0,6.65,CHEMBL1033058,CHEMBL1140093
CHEMBL3084508,565.0,6.25,CHEMBL1033058,CHEMBL1140093
CHEMBL3084507,2070.0,5.68,CHEMBL1033058,CHEMBL1140093
CHEMBL3084506,196.0,6.71,CHEMBL1033058,CHEMBL1140093
CHEMBL3084505,41.4,7.38,CHEMBL1033058,CHEMBL1140093
CHEMBL3084504,545.0,6.26,CHEMBL1033058,CHEMBL1140093
CHEMBL3084503,35.3,7.45,CHEMBL1033058,CHEMBL1140093
CHEMBL143022,151.36,6.82,CHEMBL1027240,CHEMBL1140101
CHEMBL516944,10000.0,,CHEMBL1027240,CHEMBL1140101
CHEMBL42,223.87,6.65,CHEMBL1027240,CHEMBL1140101
CHEMBL54,0.6026,9.22,CHEMBL1027240,CHEMBL1140101
CHEMBL459930,213.8,6.67,CHEMBL1027240,CHEMBL1140101
CHEMBL516809,12.02,7.92,CHEMBL1027240,CHEMBL1140101
CHEMBL461627,85.11,7.07,CHEMBL1027240,CHEMBL1140101
CHEMBL493069,10000.0,,CHEMBL1027240,CHEMBL1140101
CHEMBL523680,15.85,7.80,CHEMBL1027240,CHEMBL1140101
CHEMBL492689,41.69,7.38,CHEMBL1027240,CHEMBL1140101
CHEMBL164471,45.71,7.34,CHEMBL1027240,CHEMBL1140101
CHEMBL159929,724.44,6.14,CHEMBL1027240,CHEMBL1140101
CHEMBL143027,16.22,7.79,CHEMBL1027240,CHEMBL1140101
CHEMBL494702,10000.0,,CHEMBL1027240,CHEMBL1140101
CHEMBL494701,10000.0,,CHEMBL1027240,CHEMBL1140101
CHEMBL522194,91.0,7.04,CHEMBL1034994,CHEMBL1140136
CHEMBL494661,7.8,8.11,CHEMBL1034994,CHEMBL1140136
CHEMBL494458,723.0,6.14,CHEMBL1034994,CHEMBL1140136
CHEMBL521687,30.0,7.52,CHEMBL1034994,CHEMBL1140136
CHEMBL494512,311.0,6.51,CHEMBL1034994,CHEMBL1140136
CHEMBL494312,20.0,7.70,CHEMBL1034994,CHEMBL1140136
CHEMBL522691,142.0,6.85,CHEMBL1034994,CHEMBL1140136
CHEMBL493909,5.3,8.28,CHEMBL1034994,CHEMBL1140136
CHEMBL493709,501.0,6.30,CHEMBL1034994,CHEMBL1140136
CHEMBL522343,21.0,7.68,CHEMBL1034994,CHEMBL1140136
CHEMBL494709,185.0,6.73,CHEMBL1034994,CHEMBL1140136
CHEMBL495321,64.0,7.19,CHEMBL1034994,CHEMBL1140136
CHEMBL495120,226.0,6.65,CHEMBL1034994,CHEMBL1140136
CHEMBL492872,9.2,8.04,CHEMBL1034994,CHEMBL1140136
CHEMBL492871,503.0,6.30,CHEMBL1034994,CHEMBL1140136
CHEMBL492691,33.0,7.48,CHEMBL1034994,CHEMBL1140136
CHEMBL492690,22.0,7.66,CHEMBL1034994,CHEMBL1140136
CHEMBL492282,1.3,8.89,CHEMBL1034994,CHEMBL1140136
CHEMBL492480,362.0,6.44,CHEMBL1034994,CHEMBL1140136
CHEMBL493305,40.0,7.40,CHEMBL1034994,CHEMBL1140136
CHEMBL494316,730.0,6.14,CHEMBL1034994,CHEMBL1140136
CHEMBL494119,65.0,7.19,CHEMBL1034994,CHEMBL1140136
CHEMBL494118,93.0,7.03,CHEMBL1034994,CHEMBL1140136
CHEMBL523381,96.0,7.02,CHEMBL1034994,CHEMBL1140136
CHEMBL54,4.2,8.38,CHEMBL1034994,CHEMBL1140136
CHEMBL1255588,2.9,8.54,CHEMBL953137,CHEMBL1140203
CHEMBL515853,1000000.0,,CHEMBL938581,CHEMBL1140844
CHEMBL458792,298000.0,,CHEMBL938581,CHEMBL1140844
CHEMBL457889,1000000.0,,CHEMBL938581,CHEMBL1140844
CHEMBL457890,1000000.0,,CHEMBL938581,CHEMBL1140844
CHEMBL457891,1000000.0,,CHEMBL938581,CHEMBL1140844
CHEMBL457899,1412000.0,,CHEMBL938581,CHEMBL1140844
CHEMBL459158,1000000.0,,CHEMBL938581,CHEMBL1140844
CHEMBL514286,427000.0,,CHEMBL938581,CHEMBL1140844
CHEMBL456647,6300.0,5.20,CHEMBL938581,CHEMBL1140844
CHEMBL516334,67000.0,4.17,CHEMBL938581,CHEMBL1140844
CHEMBL458991,1000000.0,,CHEMBL938581,CHEMBL1140844
CHEMBL458992,1000000.0,,CHEMBL938581,CHEMBL1140844
CHEMBL457921,655000.0,,CHEMBL938581,CHEMBL1140844
CHEMBL456673,1324000.0,,CHEMBL938581,CHEMBL1140844
CHEMBL514098,847000.0,,CHEMBL938581,CHEMBL1140844
CHEMBL456674,629000.0,,CHEMBL938581,CHEMBL1140844
CHEMBL456675,20000.0,4.70,CHEMBL938581,CHEMBL1140844
CHEMBL487760,854000.0,,CHEMBL938581,CHEMBL1140844
CHEMBL487761,1000000.0,,CHEMBL938581,CHEMBL1140844
CHEMBL487960,178000.0,,CHEMBL938581,CHEMBL1140844
CHEMBL518931,565000.0,,CHEMBL938581,CHEMBL1140844
CHEMBL486534,1000000.0,,CHEMBL938581,CHEMBL1140844
CHEMBL485719,1000000.0,,CHEMBL938581,CHEMBL1140844
CHEMBL521025,1000000.0,,CHEMBL938581,CHEMBL1140844
CHEMBL485720,114000.0,,CHEMBL938581,CHEMBL1140844
CHEMBL485918,1000000.0,,CHEMBL938581,CHEMBL1140844
CHEMBL519228,1000000.0,,CHEMBL938581,CHEMBL1140844
CHEMBL486336,1000000.0,,CHEMBL938581,CHEMBL1140844
CHEMBL486337,1000000.0,,CHEMBL938581,CHEMBL1140844
CHEMBL485727,1000000.0,,CHEMBL938581,CHEMBL1140844
CHEMBL519547,1000000.0,,CHEMBL938581,CHEMBL1140844
CHEMBL54,6400.0,5.19,CHEMBL938581,CHEMBL1140844
CHEMBL201270,51.7,7.29,CHEMBL938625,CHEMBL1140855
CHEMBL424667,31.0,7.51,CHEMBL938625,CHEMBL1140855
CHEMBL465014,121.0,6.92,CHEMBL938625,CHEMBL1140855
CHEMBL456232,89.4,7.05,CHEMBL938625,CHEMBL1140855
CHEMBL514562,243.0,6.61,CHEMBL938625,CHEMBL1140855
CHEMBL458554,100.0,,CHEMBL938625,CHEMBL1140855
CHEMBL457974,100.0,,CHEMBL938625,CHEMBL1140855
CHEMBL447907,100.0,,CHEMBL938625,CHEMBL1140855
CHEMBL456233,5.92,8.23,CHEMBL938625,CHEMBL1140855
CHEMBL515535,17.8,7.75,CHEMBL938625,CHEMBL1140855
CHEMBL458758,196.0,6.71,CHEMBL938625,CHEMBL1140855
CHEMBL458759,100.0,,CHEMBL938625,CHEMBL1140855
CHEMBL514908,133.0,6.88,CHEMBL938625,CHEMBL1140855
CHEMBL458354,1341.0,5.87,CHEMBL938625,CHEMBL1140855
CHEMBL54,4.2,8.38,CHEMBL938625,CHEMBL1140855
CHEMBL476641,794.33,6.10,CHEMBL993531,CHEMBL1153914
CHEMBL477055,218.78,6.66,CHEMBL993531,CHEMBL1153914
CHEMBL477250,12.3,7.91,CHEMBL993531,CHEMBL1153914
CHEMBL477646,11.48,7.94,CHEMBL993531,CHEMBL1153914
CHEMBL514382,35.48,7.45,CHEMBL993531,CHEMBL1153914
CHEMBL478688,158.49,6.80,CHEMBL993531,CHEMBL1153914
CHEMBL477206,3.631,8.44,CHEMBL993531,CHEMBL1153914
CHEMBL476185,229.09,6.64,CHEMBL993531,CHEMBL1153914
CHEMBL476393,151.36,6.82,CHEMBL993531,CHEMBL1153914
CHEMBL476394,36.31,7.44,CHEMBL993531,CHEMBL1153914
CHEMBL476808,20.42,7.69,CHEMBL993531,CHEMBL1153914
CHEMBL476642,100000.0,,CHEMBL993531,CHEMBL1153914
CHEMBL402143,10000.0,,CHEMBL961026,CHEMBL1153452
CHEMBL515472,2686.0,5.57,CHEMBL961026,CHEMBL1153452
CHEMBL516088,3828.0,5.42,CHEMBL961026,CHEMBL1153452
CHEMBL476839,10000.0,,CHEMBL961026,CHEMBL1153452
CHEMBL490632,10000.0,,CHEMBL961026,CHEMBL1153452
CHEMBL62919,62.0,7.21,CHEMBL961033,CHEMBL1153452
CHEMBL74355,2250.0,5.65,CHEMBL961033,CHEMBL1153452
CHEMBL267930,0.1,10.00,CHEMBL1013927,CHEMBL1147348
CHEMBL441618,41.69,7.38,CHEMBL982103,CHEMBL1157471
CHEMBL459871,389.05,6.41,CHEMBL982103,CHEMBL1157471
CHEMBL389357,24.55,7.61,CHEMBL982103,CHEMBL1157471
CHEMBL508399,77.62,7.11,CHEMBL982103,CHEMBL1157471
CHEMBL276778,86.7,7.06,CHEMBL982103,CHEMBL1157471
CHEMBL231070,41.69,7.38,CHEMBL982103,CHEMBL1157471
CHEMBL380330,12.88,7.89,CHEMBL982103,CHEMBL1157471
CHEMBL201525,58.88,7.23,CHEMBL982103,CHEMBL1157471
CHEMBL203637,3.548,8.45,CHEMBL982103,CHEMBL1157471
CHEMBL201170,17.38,7.76,CHEMBL982103,CHEMBL1157471
CHEMBL245570,43.65,7.36,CHEMBL982103,CHEMBL1157471
CHEMBL216439,114.82,6.94,CHEMBL982103,CHEMBL1157471
CHEMBL216258,13.49,7.87,CHEMBL982103,CHEMBL1157471
CHEMBL495075,100.0,7.00,CHEMBL1009492,CHEMBL1155072
CHEMBL267930,0.44,9.36,CHEMBL937845,CHEMBL1155028
CHEMBL53,98.0,7.01,CHEMBL937845,CHEMBL1155028
CHEMBL520610,328.0,6.48,CHEMBL937845,CHEMBL1155028
CHEMBL289330,0.003,,CHEMBL982124,CHEMBL1157474
CHEMBL338337,540.0,6.27,CHEMBL983536,CHEMBL1144236
CHEMBL54,5.09,8.29,CHEMBL983536,CHEMBL1144236
CHEMBL477820,10000.0,,CHEMBL983536,CHEMBL1144236
CHEMBL523994,10000.0,,CHEMBL983536,CHEMBL1144236
CHEMBL492034,10000.0,,CHEMBL983536,CHEMBL1144236
CHEMBL492033,515.0,6.29,CHEMBL983536,CHEMBL1144236
CHEMBL523993,935.0,6.03,CHEMBL983536,CHEMBL1144236
CHEMBL490417,316.23,6.50,CHEMBL990622,CHEMBL1142481
CHEMBL59,450.0,6.35,CHEMBL995087,CHEMBL1142495
CHEMBL59,360.0,6.44,CHEMBL995088,CHEMBL1142495
CHEMBL483593,220.0,6.66,CHEMBL995087,CHEMBL1142495
CHEMBL483593,360.0,6.44,CHEMBL995088,CHEMBL1142495
CHEMBL484357,5500.0,5.26,CHEMBL995087,CHEMBL1142495
CHEMBL484358,40.0,7.40,CHEMBL995087,CHEMBL1142495
CHEMBL484358,43.0,7.37,CHEMBL995088,CHEMBL1142495
CHEMBL485384,690.0,6.16,CHEMBL995087,CHEMBL1142495
CHEMBL485384,670.0,6.17,CHEMBL995088,CHEMBL1142495
CHEMBL491466,210.0,6.68,CHEMBL995087,CHEMBL1142495
CHEMBL491466,180.0,6.75,CHEMBL995088,CHEMBL1142495
CHEMBL484202,610.0,6.21,CHEMBL995087,CHEMBL1142495
CHEMBL484202,170.0,6.77,CHEMBL995088,CHEMBL1142495
CHEMBL484203,4100.0,5.39,CHEMBL995087,CHEMBL1142495
CHEMBL484203,2100.0,5.68,CHEMBL995088,CHEMBL1142495
CHEMBL444128,21000.0,4.68,CHEMBL995087,CHEMBL1142495
CHEMBL444128,100000.0,,CHEMBL995088,CHEMBL1142495
CHEMBL484204,9700.0,5.01,CHEMBL995087,CHEMBL1142495
CHEMBL484204,8800.0,5.06,CHEMBL995088,CHEMBL1142495
CHEMBL485227,4700.0,5.33,CHEMBL995087,CHEMBL1142495
CHEMBL485227,6300.0,5.20,CHEMBL995088,CHEMBL1142495
CHEMBL503958,10000.0,,CHEMBL993385,CHEMBL1142503
CHEMBL484538,210.0,6.68,CHEMBL993385,CHEMBL1142503
CHEMBL520821,29.0,7.54,CHEMBL993385,CHEMBL1142503
CHEMBL484357,4700.0,5.33,CHEMBL995088,CHEMBL1142495
CHEMBL47482,10000.0,,CHEMBL994219,CHEMBL1142528
CHEMBL85882,10000.0,,CHEMBL994219,CHEMBL1142528
CHEMBL86760,6280.0,5.20,CHEMBL994219,CHEMBL1142528
CHEMBL27559,10000.0,,CHEMBL989750,CHEMBL1144215
CHEMBL509451,10000.0,,CHEMBL989750,CHEMBL1144215
CHEMBL455318,10000.0,,CHEMBL989750,CHEMBL1144215
CHEMBL478043,10000.0,,CHEMBL989750,CHEMBL1144215
CHEMBL516580,10000.0,,CHEMBL989750,CHEMBL1144215
CHEMBL515342,10000.0,,CHEMBL989750,CHEMBL1144215
CHEMBL478671,10000.0,,CHEMBL989750,CHEMBL1144215
CHEMBL515187,10000.0,,CHEMBL989750,CHEMBL1144215
CHEMBL403550,10000.0,,CHEMBL989750,CHEMBL1144215
CHEMBL458001,5248.07,5.28,CHEMBL991395,CHEMBL1143385
CHEMBL458002,4897.79,5.31,CHEMBL991395,CHEMBL1143385
CHEMBL458220,5128.61,5.29,CHEMBL991395,CHEMBL1143385
CHEMBL484345,2000.0,,CHEMBL1010586,CHEMBL1138452
CHEMBL482562,2000.0,,CHEMBL1010586,CHEMBL1138452
CHEMBL520129,2000.0,,CHEMBL1010586,CHEMBL1138452
CHEMBL519688,4570.88,5.34,CHEMBL981461,CHEMBL1154395
CHEMBL482556,1202.26,5.92,CHEMBL981461,CHEMBL1154395
CHEMBL485325,1479.11,5.83,CHEMBL981461,CHEMBL1154395
CHEMBL485029,1862.09,5.73,CHEMBL981461,CHEMBL1154395
CHEMBL589,691.83,6.16,CHEMBL981461,CHEMBL1154395
CHEMBL485027,3388.44,5.47,CHEMBL981461,CHEMBL1154395
CHEMBL485127,501.19,6.30,CHEMBL981461,CHEMBL1154395
CHEMBL484170,7943.28,5.10,CHEMBL981461,CHEMBL1154395
CHEMBL484732,776.25,6.11,CHEMBL981461,CHEMBL1154395
CHEMBL449250,758.58,6.12,CHEMBL981461,CHEMBL1154395
CHEMBL484599,1202.26,5.92,CHEMBL981461,CHEMBL1154395
CHEMBL482978,3090.3,5.51,CHEMBL981461,CHEMBL1154395
CHEMBL485352,794.33,6.10,CHEMBL981461,CHEMBL1154395
CHEMBL484598,831.76,6.08,CHEMBL981461,CHEMBL1154395
CHEMBL485128,2041.74,5.69,CHEMBL981461,CHEMBL1154395
CHEMBL500627,10000.0,,CHEMBL981461,CHEMBL1154395
CHEMBL485353,1000.0,,CHEMBL981461,CHEMBL1154395
CHEMBL482977,10000.0,,CHEMBL981461,CHEMBL1154395
CHEMBL485017,10000.0,,CHEMBL981461,CHEMBL1154395
CHEMBL485028,10000.0,,CHEMBL981461,CHEMBL1154395
CHEMBL519201,10000.0,,CHEMBL981461,CHEMBL1154395
CHEMBL42,130.0,6.89,CHEMBL992743,CHEMBL1155799
CHEMBL54,1.4,8.85,CHEMBL992743,CHEMBL1155799
CHEMBL716,180.0,6.75,CHEMBL992743,CHEMBL1155799
CHEMBL715,20.0,7.70,CHEMBL992743,CHEMBL1155799
CHEMBL708,3.1,8.51,CHEMBL992743,CHEMBL1155799
CHEMBL85,2.2,8.66,CHEMBL992743,CHEMBL1155799
CHEMBL476109,178.4,6.75,CHEMBL992743,CHEMBL1155799
CHEMBL476108,43.3,7.36,CHEMBL992743,CHEMBL1155799
CHEMBL140872,98.0,7.01,CHEMBL992743,CHEMBL1155799
CHEMBL476934,170.0,6.77,CHEMBL992743,CHEMBL1155799
CHEMBL476933,155.0,6.81,CHEMBL992743,CHEMBL1155799
CHEMBL150161,489.4,6.31,CHEMBL992743,CHEMBL1155799
CHEMBL150161,51.1,7.29,CHEMBL992743,CHEMBL1155799
CHEMBL340816,124.4,6.91,CHEMBL992743,CHEMBL1155799
CHEMBL478617,2.3,8.64,CHEMBL992743,CHEMBL1155799
CHEMBL210578,1.6,8.80,CHEMBL992743,CHEMBL1155799
CHEMBL476935,253.5,6.60,CHEMBL992743,CHEMBL1155799
CHEMBL629,196.0,6.71,CHEMBL1030600,CHEMBL1149085
CHEMBL457957,904.0,6.04,CHEMBL1030600,CHEMBL1149085
CHEMBL460402,1000.0,,CHEMBL1030600,CHEMBL1149085
CHEMBL459350,101.0,7.00,CHEMBL1030600,CHEMBL1149085
CHEMBL21731,665.0,6.18,CHEMBL1030600,CHEMBL1149085
CHEMBL517244,146.0,6.84,CHEMBL1030600,CHEMBL1149085
CHEMBL71,4.06,8.39,CHEMBL1030600,CHEMBL1149085
CHEMBL459373,41.0,7.39,CHEMBL1030600,CHEMBL1149085
CHEMBL908,2.96,8.53,CHEMBL1030600,CHEMBL1149085
CHEMBL517407,52.0,7.28,CHEMBL1030600,CHEMBL1149085
CHEMBL42,83.0,7.08,CHEMBL1030600,CHEMBL1149085
CHEMBL464811,285.0,6.54,CHEMBL1030600,CHEMBL1149085
CHEMBL726,1.44,8.84,CHEMBL1030600,CHEMBL1149085
CHEMBL455288,47.0,7.33,CHEMBL1030600,CHEMBL1149085
CHEMBL210578,1.6,8.80,CHEMBL1033197,CHEMBL1152692
CHEMBL456429,1231.0,5.91,CHEMBL1033197,CHEMBL1152692
CHEMBL456430,1050.0,5.98,CHEMBL1033197,CHEMBL1152692
CHEMBL514590,588.0,6.23,CHEMBL1033197,CHEMBL1152692
CHEMBL3084502,160.3,6.79,CHEMBL1033197,CHEMBL1152692
CHEMBL460854,53.0,7.28,CHEMBL1033197,CHEMBL1152692
CHEMBL460223,970.0,6.01,CHEMBL1033197,CHEMBL1152692
CHEMBL458342,10000.0,,CHEMBL1033197,CHEMBL1152692
CHEMBL514591,170.0,6.77,CHEMBL1033197,CHEMBL1152692
CHEMBL514747,62.0,7.21,CHEMBL1033197,CHEMBL1152692
CHEMBL150161,33.0,7.48,CHEMBL1033197,CHEMBL1152692
CHEMBL460644,1170.0,5.93,CHEMBL1033197,CHEMBL1152692
CHEMBL54,1.1,8.96,CHEMBL1033197,CHEMBL1152692
CHEMBL476935,254.0,6.59,CHEMBL1033197,CHEMBL1152692
CHEMBL445102,11.2,7.95,CHEMBL1033197,CHEMBL1152692
CHEMBL267014,960.0,6.02,CHEMBL1033197,CHEMBL1152692
CHEMBL550222,26.0,7.58,CHEMBL1031094,CHEMBL1158482
CHEMBL142020,120.0,6.92,CHEMBL1031094,CHEMBL1158482
CHEMBL561763,20.0,7.70,CHEMBL1031094,CHEMBL1158482
CHEMBL140612,83.0,7.08,CHEMBL1031094,CHEMBL1158482
CHEMBL562620,3600.0,5.44,CHEMBL1031094,CHEMBL1158482
CHEMBL310843,47000.0,4.33,CHEMBL1031094,CHEMBL1158482
CHEMBL550222,37.0,7.43,CHEMBL1031088,CHEMBL1158482
CHEMBL142020,150.0,6.82,CHEMBL1031088,CHEMBL1158482
CHEMBL561763,2.2,8.66,CHEMBL1031088,CHEMBL1158482
CHEMBL140612,13.0,7.89,CHEMBL1031088,CHEMBL1158482
CHEMBL562620,350.0,6.46,CHEMBL1031088,CHEMBL1158482
CHEMBL561622,220.0,6.66,CHEMBL1031088,CHEMBL1158482
CHEMBL310843,2300.0,5.64,CHEMBL1031088,CHEMBL1158482
CHEMBL550222,16.0,7.80,CHEMBL1031082,CHEMBL1158482
CHEMBL142020,310.0,6.51,CHEMBL1031082,CHEMBL1158482
CHEMBL561763,1.4,8.85,CHEMBL1031082,CHEMBL1158482
CHEMBL140612,11.0,7.96,CHEMBL1031082,CHEMBL1158482
CHEMBL562620,280.0,6.55,CHEMBL1031082,CHEMBL1158482
CHEMBL561622,160.0,6.80,CHEMBL1031082,CHEMBL1158482
CHEMBL310843,3400.0,5.47,CHEMBL1031082,CHEMBL1158482
CHEMBL551964,1306.0,5.88,CHEMBL1062991,CHEMBL1151947
CHEMBL552373,158.49,6.80,CHEMBL1057891,CHEMBL1152393
CHEMBL563614,2300.0,5.64,CHEMBL1061432,CHEMBL1152959
CHEMBL564709,260.0,6.58,CHEMBL1061432,CHEMBL1152959
CHEMBL561262,40000.0,4.40,CHEMBL1061432,CHEMBL1152959
CHEMBL550920,9100.0,5.04,CHEMBL1061432,CHEMBL1152959
CHEMBL552268,130.0,6.89,CHEMBL1061432,CHEMBL1152959
CHEMBL559868,2600.0,5.58,CHEMBL1061432,CHEMBL1152959
CHEMBL558838,2900.0,5.54,CHEMBL1061433,CHEMBL1152959
CHEMBL550392,8600.0,5.07,CHEMBL1061432,CHEMBL1152959
CHEMBL554692,26000.0,4.58,CHEMBL1061432,CHEMBL1152959
CHEMBL563078,3300.0,5.48,CHEMBL1061432,CHEMBL1152959
CHEMBL562384,17000.0,4.77,CHEMBL1061432,CHEMBL1152959
CHEMBL549638,4700.0,5.33,CHEMBL1061432,CHEMBL1152959
CHEMBL563109,1300.0,5.89,CHEMBL1061432,CHEMBL1152959
CHEMBL556288,390.0,6.41,CHEMBL1061432,CHEMBL1152959
CHEMBL564688,570.0,6.24,CHEMBL1061432,CHEMBL1152959
CHEMBL551199,270.0,6.57,CHEMBL1061432,CHEMBL1152959
CHEMBL559399,840.0,6.08,CHEMBL1061432,CHEMBL1152959
CHEMBL561123,1100.0,5.96,CHEMBL1061432,CHEMBL1152959
CHEMBL42,41.0,7.39,CHEMBL1061432,CHEMBL1152959
CHEMBL267014,54000.0,4.27,CHEMBL1061432,CHEMBL1152959
CHEMBL563614,2900.0,5.54,CHEMBL1061433,CHEMBL1152959
CHEMBL564709,160.0,6.80,CHEMBL1061433,CHEMBL1152959
CHEMBL561262,53000.0,4.28,CHEMBL1061433,CHEMBL1152959
CHEMBL550920,13000.0,4.89,CHEMBL1061433,CHEMBL1152959
CHEMBL552268,170.0,6.77,CHEMBL1061433,CHEMBL1152959
CHEMBL559868,2900.0,5.54,CHEMBL1061433,CHEMBL1152959
CHEMBL550392,11000.0,4.96,CHEMBL1061433,CHEMBL1152959
CHEMBL554692,57000.0,4.24,CHEMBL1061433,CHEMBL1152959
CHEMBL563078,5500.0,5.26,CHEMBL1061433,CHEMBL1152959
CHEMBL562384,10000.0,5.00,CHEMBL1061433,CHEMBL1152959
CHEMBL549638,3500.0,5.46,CHEMBL1061433,CHEMBL1152959
CHEMBL563109,570.0,6.24,CHEMBL1061433,CHEMBL1152959
CHEMBL556288,180.0,6.75,CHEMBL1061433,CHEMBL1152959
CHEMBL564688,380.0,6.42,CHEMBL1061433,CHEMBL1152959
CHEMBL551199,150.0,6.82,CHEMBL1061433,CHEMBL1152959
CHEMBL559399,400.0,6.40,CHEMBL1061433,CHEMBL1152959
CHEMBL561123,730.0,6.14,CHEMBL1061433,CHEMBL1152959
CHEMBL42,28.0,7.55,CHEMBL1061433,CHEMBL1152959
CHEMBL267014,38000.0,4.42,CHEMBL1061433,CHEMBL1152959
CHEMBL558838,2600.0,5.58,CHEMBL1061432,CHEMBL1152959
CHEMBL574595,39.1,7.41,CHEMBL1041331,CHEMBL1154108
CHEMBL585740,115.0,6.94,CHEMBL1041331,CHEMBL1154108
CHEMBL585741,200.0,6.70,CHEMBL1041331,CHEMBL1154108
CHEMBL582945,80.0,7.10,CHEMBL1041331,CHEMBL1154108
CHEMBL574700,19.1,7.72,CHEMBL1041331,CHEMBL1154108
CHEMBL286080,720000.0,,CHEMBL1041332,CHEMBL1154108
CHEMBL573791,6.5,8.19,CHEMBL1044860,CHEMBL1154112
CHEMBL573792,810.0,6.09,CHEMBL1044860,CHEMBL1154112
CHEMBL574030,49.0,7.31,CHEMBL1044860,CHEMBL1154112
CHEMBL572379,53.0,7.28,CHEMBL1044860,CHEMBL1154112
CHEMBL572867,1.0,9.00,CHEMBL1044860,CHEMBL1154112
CHEMBL573791,280.0,6.55,CHEMBL1044861,CHEMBL1154112
CHEMBL573792,17.0,7.77,CHEMBL1044861,CHEMBL1154112
CHEMBL574030,1700.0,5.77,CHEMBL1044861,CHEMBL1154112
CHEMBL572379,44.0,7.36,CHEMBL1044861,CHEMBL1154112
CHEMBL572867,68.0,7.17,CHEMBL1044861,CHEMBL1154112
CHEMBL575760,630.96,6.20,CHEMBL1059279,CHEMBL1154195
CHEMBL572708,158.49,6.80,CHEMBL1059279,CHEMBL1154195
CHEMBL566508,32.36,7.49,CHEMBL1059279,CHEMBL1154195
CHEMBL583772,234.42,6.63,CHEMBL1059279,CHEMBL1154195
CHEMBL576756,48.98,7.31,CHEMBL1059279,CHEMBL1154195
CHEMBL575788,33.88,7.47,CHEMBL1059279,CHEMBL1154195
CHEMBL54,0.6026,9.22,CHEMBL1059279,CHEMBL1154195
CHEMBL42,223.87,6.65,CHEMBL1059279,CHEMBL1154195
CHEMBL85,6.166,8.21,CHEMBL1059279,CHEMBL1154195
CHEMBL574569,15000.0,4.82,CHEMBL1059353,CHEMBL1154597
CHEMBL574569,10000.0,5.00,CHEMBL1059354,CHEMBL1154597
CHEMBL574534,2000.0,5.70,CHEMBL1059353,CHEMBL1154597
CHEMBL574534,770.0,6.11,CHEMBL1059354,CHEMBL1154597
CHEMBL240773,950.0,6.02,CHEMBL1059353,CHEMBL1154597
CHEMBL240773,870.0,6.06,CHEMBL1059354,CHEMBL1154597
CHEMBL514885,264.0,6.58,CHEMBL1050539,CHEMBL1156805
CHEMBL301559,202.0,6.70,CHEMBL1050539,CHEMBL1156805
CHEMBL570188,270.0,6.57,CHEMBL1050539,CHEMBL1156805
CHEMBL571992,269.0,6.57,CHEMBL1050539,CHEMBL1156805
CHEMBL577073,109.0,6.96,CHEMBL1050539,CHEMBL1156805
CHEMBL273273,58.8,7.23,CHEMBL1050539,CHEMBL1156805
CHEMBL457025,26.0,7.58,CHEMBL1050539,CHEMBL1156805
CHEMBL569746,47.5,7.32,CHEMBL1050539,CHEMBL1156805
CHEMBL569322,21.7,7.66,CHEMBL1050539,CHEMBL1156805
CHEMBL456825,40.6,7.39,CHEMBL1050539,CHEMBL1156805
CHEMBL569107,57.7,7.24,CHEMBL1050539,CHEMBL1156805
CHEMBL569747,13.5,7.87,CHEMBL1050539,CHEMBL1156805
CHEMBL569003,8.85,8.05,CHEMBL1050539,CHEMBL1156805
CHEMBL568822,5.22,8.28,CHEMBL1050539,CHEMBL1156805
CHEMBL569977,3.74,8.43,CHEMBL1050539,CHEMBL1156805
CHEMBL570187,7.08,8.15,CHEMBL1050539,CHEMBL1156805
CHEMBL568801,4.89,8.31,CHEMBL1050539,CHEMBL1156805
CHEMBL565935,100.0,7.00,CHEMBL1040200,CHEMBL1156031
CHEMBL566155,36.0,7.44,CHEMBL1040200,CHEMBL1156031
CHEMBL566379,50.0,7.30,CHEMBL1040200,CHEMBL1156031
CHEMBL566379,45.0,7.35,CHEMBL1040200,CHEMBL1156031
CHEMBL569251,3.0,8.52,CHEMBL1040200,CHEMBL1156031
CHEMBL569251,3.0,8.52,CHEMBL1040200,CHEMBL1156031
CHEMBL1237165,24.0,7.62,CHEMBL1040200,CHEMBL1156031
CHEMBL568538,24.0,7.62,CHEMBL1040200,CHEMBL1156031
CHEMBL566380,220.0,6.66,CHEMBL1040200,CHEMBL1156031
CHEMBL568103,50.0,7.30,CHEMBL1040200,CHEMBL1156031
CHEMBL569513,60.0,7.22,CHEMBL1040200,CHEMBL1156031
CHEMBL569513,17.0,7.77,CHEMBL1040200,CHEMBL1156031
CHEMBL567454,140.0,6.85,CHEMBL1040200,CHEMBL1156031
CHEMBL565553,310.0,6.51,CHEMBL1040200,CHEMBL1156031
CHEMBL566396,28.0,7.55,CHEMBL1040200,CHEMBL1156031
CHEMBL569476,720.0,6.14,CHEMBL1040200,CHEMBL1156031
CHEMBL566172,120.0,6.92,CHEMBL1040200,CHEMBL1156031
CHEMBL571464,15.0,7.82,CHEMBL1040200,CHEMBL1156031
CHEMBL2094011,15.0,7.82,CHEMBL1040200,CHEMBL1156031
CHEMBL566356,14.0,7.85,CHEMBL1040200,CHEMBL1156031
CHEMBL1237149,12.0,7.92,CHEMBL1040200,CHEMBL1156031
CHEMBL54,3.0,8.52,CHEMBL1040200,CHEMBL1156031
CHEMBL552373,158.49,6.80,CHEMBL1043568,CHEMBL1155321
CHEMBL85606,398.11,6.40,CHEMBL1044430,CHEMBL1155321
CHEMBL244946,316.23,6.50,CHEMBL1044430,CHEMBL1155321
CHEMBL572270,2511.89,,CHEMBL1044430,CHEMBL1155321
CHEMBL272511,630.96,,CHEMBL1044430,CHEMBL1155321
CHEMBL563635,25.12,7.60,CHEMBL1044430,CHEMBL1155321
CHEMBL555744,79.43,7.10,CHEMBL1044430,CHEMBL1155321
CHEMBL563563,100.0,7.00,CHEMBL1044430,CHEMBL1155321
CHEMBL563860,3.981,8.40,CHEMBL1044430,CHEMBL1155321
CHEMBL541435,316.23,6.50,CHEMBL1044430,CHEMBL1155321
CHEMBL551927,15.85,7.80,CHEMBL1044430,CHEMBL1155321
CHEMBL565075,25.12,7.60,CHEMBL1044430,CHEMBL1155321
CHEMBL564930,31.62,7.50,CHEMBL1044430,CHEMBL1155321
CHEMBL562464,25.12,7.60,CHEMBL1044430,CHEMBL1155321
CHEMBL563580,5.012,8.30,CHEMBL1044430,CHEMBL1155321
CHEMBL556496,25.12,7.60,CHEMBL1044430,CHEMBL1155321
CHEMBL557110,79.43,7.10,CHEMBL1044430,CHEMBL1155321
CHEMBL561128,251.19,6.60,CHEMBL1044430,CHEMBL1155321
CHEMBL563926,50.12,7.30,CHEMBL1044430,CHEMBL1155321
CHEMBL554693,100.0,7.00,CHEMBL1044430,CHEMBL1155321
CHEMBL561326,501.19,6.30,CHEMBL1044430,CHEMBL1155321
CHEMBL554738,50.12,7.30,CHEMBL1044430,CHEMBL1155321
CHEMBL549438,158.49,6.80,CHEMBL1044430,CHEMBL1155321
CHEMBL559873,3.162,8.50,CHEMBL1044430,CHEMBL1155321
CHEMBL562833,316.23,6.50,CHEMBL1044430,CHEMBL1155321
CHEMBL560177,100.0,7.00,CHEMBL1044430,CHEMBL1155321
CHEMBL563274,125.89,6.90,CHEMBL1044430,CHEMBL1155321
CHEMBL558058,19.95,7.70,CHEMBL1044430,CHEMBL1155321
CHEMBL564948,1000.0,6.00,CHEMBL1044430,CHEMBL1155321
CHEMBL563435,125.89,6.90,CHEMBL1044430,CHEMBL1155321
CHEMBL560270,251.19,6.60,CHEMBL1044430,CHEMBL1155321
CHEMBL562948,199.53,6.70,CHEMBL1044430,CHEMBL1155321
CHEMBL562836,630.96,6.20,CHEMBL1044430,CHEMBL1155321
CHEMBL567919,1584.89,5.80,CHEMBL1044430,CHEMBL1155321
CHEMBL593395,10000.0,,CHEMBL1038853,CHEMBL1152600
CHEMBL593626,10000.0,,CHEMBL1038853,CHEMBL1152600
CHEMBL380330,13.0,7.89,CHEMBL1038853,CHEMBL1152600
CHEMBL201170,17.5,7.76,CHEMBL1038853,CHEMBL1152600
CHEMBL487387,974.0,6.01,CHEMBL1038853,CHEMBL1152600
CHEMBL596448,320.0,6.50,CHEMBL1038853,CHEMBL1152600
CHEMBL593897,486.0,6.31,CHEMBL1038853,CHEMBL1152600
CHEMBL593394,10000.0,,CHEMBL1038853,CHEMBL1152600
CHEMBL595720,10000.0,,CHEMBL1038853,CHEMBL1152600
CHEMBL25856,2607.0,5.58,CHEMBL1038853,CHEMBL1152600
CHEMBL594557,10000.0,,CHEMBL1038853,CHEMBL1152600
CHEMBL594789,10000.0,,CHEMBL1038853,CHEMBL1152600
CHEMBL596179,10000.0,,CHEMBL1038853,CHEMBL1152600
CHEMBL610449,10000.0,,CHEMBL1038853,CHEMBL1152600
CHEMBL610449,10000.0,,CHEMBL1038853,CHEMBL1152600
CHEMBL594798,2724.0,5.57,CHEMBL1038853,CHEMBL1152600
CHEMBL594799,10000.0,,CHEMBL1038853,CHEMBL1152600
CHEMBL594127,7371.0,5.13,CHEMBL1038853,CHEMBL1152600
CHEMBL467094,858.0,6.07,CHEMBL1066743,CHEMBL1153197
CHEMBL589390,630.96,6.20,CHEMBL1038007,CHEMBL1153163
CHEMBL592752,85.11,7.07,CHEMBL1038007,CHEMBL1153163
CHEMBL605405,34.67,7.46,CHEMBL1038007,CHEMBL1153163
CHEMBL597094,10000.0,,CHEMBL1065707,CHEMBL1159064
CHEMBL609611,10000.0,,CHEMBL1065707,CHEMBL1159064
CHEMBL609317,10000.0,,CHEMBL1065707,CHEMBL1159064
CHEMBL603752,10000.0,,CHEMBL1065707,CHEMBL1159064
CHEMBL596886,10000.0,,CHEMBL1065707,CHEMBL1159064
CHEMBL607559,10000.0,,CHEMBL1065707,CHEMBL1159064
CHEMBL596885,10000.0,,CHEMBL1065707,CHEMBL1159064
CHEMBL596884,10000.0,,CHEMBL1065707,CHEMBL1159064
CHEMBL608728,10000.0,,CHEMBL1065707,CHEMBL1159064
CHEMBL597882,10000.0,,CHEMBL1065707,CHEMBL1159064
CHEMBL597881,10000.0,,CHEMBL1065707,CHEMBL1159064
CHEMBL596678,10000.0,,CHEMBL1065707,CHEMBL1159064
CHEMBL591448,10000.0,,CHEMBL1065707,CHEMBL1159064
CHEMBL603542,10000.0,,CHEMBL1065707,CHEMBL1159064
CHEMBL611973,10000.0,,CHEMBL1065707,CHEMBL1159064
CHEMBL596866,10000.0,,CHEMBL1065707,CHEMBL1159064
CHEMBL596865,10000.0,,CHEMBL1065707,CHEMBL1159064
CHEMBL599080,10000.0,,CHEMBL1065707,CHEMBL1159064
CHEMBL598760,10000.0,,CHEMBL1065707,CHEMBL1159064
CHEMBL598759,10000.0,,CHEMBL1065707,CHEMBL1159064
CHEMBL270426,235.0,6.63,CHEMBL1065707,CHEMBL1159064
CHEMBL119455,208.0,6.68,CHEMBL1065707,CHEMBL1159064
CHEMBL27559,114.0,6.94,CHEMBL1065707,CHEMBL1159064
CHEMBL62,1000.0,6.00,CHEMBL1073809,CHEMBL1156835
CHEMBL596622,2000.0,5.70,CHEMBL1073809,CHEMBL1156835
CHEMBL596824,159.0,6.80,CHEMBL1073809,CHEMBL1156835
CHEMBL599282,2000.0,5.70,CHEMBL1073809,CHEMBL1156835
CHEMBL603901,6000.0,5.22,CHEMBL1073809,CHEMBL1156835
CHEMBL599487,331.0,6.48,CHEMBL1073809,CHEMBL1156835
CHEMBL604108,2000.0,5.70,CHEMBL1073809,CHEMBL1156835
CHEMBL597702,552.0,6.26,CHEMBL1073809,CHEMBL1156835
CHEMBL298406,980.0,6.01,CHEMBL1073809,CHEMBL1156835
CHEMBL598515,5400.0,5.27,CHEMBL1073809,CHEMBL1156835
CHEMBL598516,10000.0,,CHEMBL1073809,CHEMBL1156835
CHEMBL597909,3000.0,5.52,CHEMBL1073809,CHEMBL1156835
CHEMBL600986,3300.0,5.48,CHEMBL1073809,CHEMBL1156835
CHEMBL600987,6000.0,5.22,CHEMBL1073809,CHEMBL1156835
CHEMBL599977,1093.0,5.96,CHEMBL1073809,CHEMBL1156835
CHEMBL603485,3900.0,5.41,CHEMBL1073809,CHEMBL1156835
CHEMBL591685,2100.0,5.68,CHEMBL1073809,CHEMBL1156835
CHEMBL602659,2137.0,5.67,CHEMBL1073809,CHEMBL1156835
CHEMBL604135,1000.0,6.00,CHEMBL1073809,CHEMBL1156835
CHEMBL602052,618.0,6.21,CHEMBL1073809,CHEMBL1156835
CHEMBL604132,900.0,6.05,CHEMBL1073809,CHEMBL1156835
CHEMBL604129,566.0,6.25,CHEMBL1073809,CHEMBL1156835
CHEMBL601634,500.0,6.30,CHEMBL1073809,CHEMBL1156835
CHEMBL601635,1.3,8.89,CHEMBL1073809,CHEMBL1156835
CHEMBL600998,26.0,7.58,CHEMBL1073809,CHEMBL1156835
CHEMBL298406,980.0,6.01,CHEMBL1074771,CHEMBL1156846
CHEMBL600083,1693.0,5.77,CHEMBL1074771,CHEMBL1156846
CHEMBL604316,1371.0,5.86,CHEMBL1074771,CHEMBL1156846
CHEMBL599116,1647.0,5.78,CHEMBL1074771,CHEMBL1156846
CHEMBL604127,1328.0,5.88,CHEMBL1074771,CHEMBL1156846
CHEMBL598730,923.0,6.04,CHEMBL1074771,CHEMBL1156846
CHEMBL598915,420.0,6.38,CHEMBL1074771,CHEMBL1156846
CHEMBL604314,440.0,6.36,CHEMBL1074771,CHEMBL1156846
CHEMBL598949,1370.0,5.86,CHEMBL1074771,CHEMBL1156846
CHEMBL604732,882.0,6.05,CHEMBL1074771,CHEMBL1156846
CHEMBL599134,483.0,6.32,CHEMBL1074771,CHEMBL1156846
CHEMBL604525,217.0,6.66,CHEMBL1074771,CHEMBL1156846
CHEMBL599135,69.0,7.16,CHEMBL1074771,CHEMBL1156846
CHEMBL605354,124.0,6.91,CHEMBL1074771,CHEMBL1156846
CHEMBL599528,79.0,7.10,CHEMBL1074771,CHEMBL1156846
CHEMBL598104,223.0,6.65,CHEMBL1074771,CHEMBL1156846
CHEMBL598105,584.0,6.23,CHEMBL1074771,CHEMBL1156846
CHEMBL605339,618.0,6.21,CHEMBL1074771,CHEMBL1156846
CHEMBL604383,1612.0,5.79,CHEMBL1074771,CHEMBL1156846
CHEMBL597100,312.0,6.51,CHEMBL1074771,CHEMBL1156846
CHEMBL603872,550.0,6.26,CHEMBL1074771,CHEMBL1156846
CHEMBL597310,12.0,7.92,CHEMBL1074771,CHEMBL1156846
CHEMBL604176,89.0,7.05,CHEMBL1074771,CHEMBL1156846
CHEMBL597900,93.0,7.03,CHEMBL1074771,CHEMBL1156846
CHEMBL605127,756.0,6.12,CHEMBL1074771,CHEMBL1156846
CHEMBL597503,51.0,7.29,CHEMBL1074771,CHEMBL1156846
CHEMBL88365,115.0,6.94,CHEMBL1066831,CHEMBL1157594
CHEMBL592377,285.0,6.54,CHEMBL1066831,CHEMBL1157594
CHEMBL447809,721.0,6.14,CHEMBL1066831,CHEMBL1157594
CHEMBL592618,2570.0,5.59,CHEMBL1066831,CHEMBL1157594
CHEMBL597413,1923.0,5.72,CHEMBL1066831,CHEMBL1157594
CHEMBL596800,841.0,6.08,CHEMBL1066831,CHEMBL1157594
CHEMBL596801,1211.0,5.92,CHEMBL1066831,CHEMBL1157594
CHEMBL596802,17550.0,4.76,CHEMBL1066831,CHEMBL1157594
CHEMBL59,2100.0,5.68,CHEMBL1066831,CHEMBL1157594
CHEMBL53,244.0,6.61,CHEMBL1066831,CHEMBL1157594
CHEMBL54,1.9,8.72,CHEMBL1066831,CHEMBL1157594
CHEMBL715,32.0,7.50,CHEMBL1066831,CHEMBL1157594
CHEMBL7549,2268.0,5.64,CHEMBL1066831,CHEMBL1157594
CHEMBL218166,0.1,10.00,CHEMBL1066831,CHEMBL1157594
CHEMBL1112,2.6,8.59,CHEMBL1066831,CHEMBL1157594
CHEMBL311730,3884.0,5.41,CHEMBL1066831,CHEMBL1157594
CHEMBL88365,4.6,8.34,CHEMBL1066832,CHEMBL1157594
CHEMBL592377,35.0,7.46,CHEMBL1066832,CHEMBL1157594
CHEMBL447809,69.0,7.16,CHEMBL1066832,CHEMBL1157594
CHEMBL592618,349.0,6.46,CHEMBL1066832,CHEMBL1157594
CHEMBL597413,431.0,6.37,CHEMBL1066832,CHEMBL1157594
CHEMBL596800,392.0,6.41,CHEMBL1066832,CHEMBL1157594
CHEMBL596801,664.0,6.18,CHEMBL1066832,CHEMBL1157594
CHEMBL596802,7521.0,5.12,CHEMBL1066832,CHEMBL1157594
CHEMBL59,2.9,8.54,CHEMBL1066832,CHEMBL1157594
CHEMBL53,0.62,9.21,CHEMBL1066832,CHEMBL1157594
CHEMBL54,1.0,9.00,CHEMBL1066832,CHEMBL1157594
CHEMBL715,6.1,8.21,CHEMBL1066832,CHEMBL1157594
CHEMBL7549,17.4,7.76,CHEMBL1066832,CHEMBL1157594
CHEMBL218166,0.04,10.40,CHEMBL1066832,CHEMBL1157594
CHEMBL1112,2.8,8.55,CHEMBL1066832,CHEMBL1157594
CHEMBL311730,755.0,6.12,CHEMBL1066832,CHEMBL1157594
CHEMBL285755,202.0,6.70,CHEMBL1065654,CHEMBL1157569
CHEMBL273273,58.8,7.23,CHEMBL1065654,CHEMBL1157569
CHEMBL457024,26.0,7.58,CHEMBL1065654,CHEMBL1157569
CHEMBL602065,3.74,8.43,CHEMBL1065654,CHEMBL1157569
CHEMBL602264,86.0,7.07,CHEMBL1065654,CHEMBL1157569
CHEMBL599636,20.7,7.68,CHEMBL1065654,CHEMBL1157569
CHEMBL599636,3.75,8.43,CHEMBL1065654,CHEMBL1157569
CHEMBL599635,15.9,7.80,CHEMBL1065654,CHEMBL1157569
CHEMBL599636,13.8,7.86,CHEMBL1065654,CHEMBL1157569
CHEMBL599635,4.55,8.34,CHEMBL1065654,CHEMBL1157569
CHEMBL599841,41.4,7.38,CHEMBL1065654,CHEMBL1157569
CHEMBL604102,2910.0,5.54,CHEMBL1073463,CHEMBL1157614
CHEMBL1086789,1476.0,5.83,CHEMBL1105125,CHEMBL1155427
CHEMBL1086790,4458.0,5.35,CHEMBL1105125,CHEMBL1155427
CHEMBL1077189,10000.0,,CHEMBL1105125,CHEMBL1155427
CHEMBL1087301,55.1,7.26,CHEMBL1105125,CHEMBL1155427
CHEMBL1087300,4.0,8.40,CHEMBL1105125,CHEMBL1155427
CHEMBL1088073,10000.0,,CHEMBL1105125,CHEMBL1155427
CHEMBL1076586,10000.0,,CHEMBL1101951,CHEMBL1154934
CHEMBL1081648,10000.0,,CHEMBL1101951,CHEMBL1154934
CHEMBL1081649,10000.0,,CHEMBL1101951,CHEMBL1154934
CHEMBL1080155,10000.0,,CHEMBL1101951,CHEMBL1154934
CHEMBL1082209,10000.0,,CHEMBL1101951,CHEMBL1154934
CHEMBL1082210,10000.0,,CHEMBL1101951,CHEMBL1154934
CHEMBL1082211,10000.0,,CHEMBL1101951,CHEMBL1154934
CHEMBL1081212,10000.0,,CHEMBL1101951,CHEMBL1154934
CHEMBL1080389,10000.0,,CHEMBL1101951,CHEMBL1154934
CHEMBL1080556,10000.0,,CHEMBL1101951,CHEMBL1154934
CHEMBL1080735,10000.0,,CHEMBL1101951,CHEMBL1154934
CHEMBL1080907,10000.0,,CHEMBL1101951,CHEMBL1154934
CHEMBL1081254,10000.0,,CHEMBL1101951,CHEMBL1154934
CHEMBL1080755,10000.0,,CHEMBL1101951,CHEMBL1154934
CHEMBL1080926,10000.0,,CHEMBL1101951,CHEMBL1154934
CHEMBL54,3.0,8.52,CHEMBL1110025,CHEMBL1157886
CHEMBL1087585,7.0,8.15,CHEMBL1110025,CHEMBL1157886
CHEMBL1087818,11.0,7.96,CHEMBL1110025,CHEMBL1157886
CHEMBL1087817,6.3,8.20,CHEMBL1110025,CHEMBL1157886
CHEMBL1088000,16.0,7.80,CHEMBL1110025,CHEMBL1157886
CHEMBL1087872,9.0,8.05,CHEMBL1110025,CHEMBL1157886
CHEMBL1087745,18.0,7.75,CHEMBL1110025,CHEMBL1157886
CHEMBL1087744,2.5,8.60,CHEMBL1110025,CHEMBL1157886
CHEMBL1087743,19.0,7.72,CHEMBL1110025,CHEMBL1157886
CHEMBL1088560,9.0,8.05,CHEMBL1110025,CHEMBL1157886
CHEMBL1087455,8.0,8.10,CHEMBL1110025,CHEMBL1157886
CHEMBL1087454,8.3,8.08,CHEMBL1110025,CHEMBL1157886
CHEMBL1087453,8.6,8.07,CHEMBL1110025,CHEMBL1157886
CHEMBL1087452,8.6,8.07,CHEMBL1110025,CHEMBL1157886
CHEMBL1098230,1000.0,,CHEMBL1113735,CHEMBL1158577
CHEMBL1170096,2.5,8.60,CHEMBL1176478,CHEMBL1177670
CHEMBL1170095,2.3,8.64,CHEMBL1176478,CHEMBL1177670
CHEMBL1170683,4.8,8.32,CHEMBL1176478,CHEMBL1177670
CHEMBL1170094,4.2,8.38,CHEMBL1176478,CHEMBL1177670
CHEMBL1169904,4.2,8.38,CHEMBL1176478,CHEMBL1177670
CHEMBL445102,10.0,8.00,CHEMBL1176478,CHEMBL1177670
CHEMBL54,1.1,8.96,CHEMBL1176478,CHEMBL1177670
CHEMBL1171630,2.0,8.70,CHEMBL1176478,CHEMBL1177670
CHEMBL1169728,71.4,7.15,CHEMBL1176478,CHEMBL1177670
CHEMBL1170085,8.0,8.10,CHEMBL1176478,CHEMBL1177670
CHEMBL1169896,7.1,8.15,CHEMBL1176478,CHEMBL1177670
CHEMBL1169895,37.8,7.42,CHEMBL1176478,CHEMBL1177670
CHEMBL1172214,13.6,7.87,CHEMBL1176478,CHEMBL1177670
CHEMBL1171249,2.4,8.62,CHEMBL1176478,CHEMBL1177670
CHEMBL1172213,6.6,8.18,CHEMBL1176478,CHEMBL1177670
CHEMBL1172212,46.8,7.33,CHEMBL1176478,CHEMBL1177670
CHEMBL1170456,14.3,7.84,CHEMBL1176478,CHEMBL1177670
CHEMBL1172210,17.3,7.76,CHEMBL1176478,CHEMBL1177670
CHEMBL1172209,254.0,6.59,CHEMBL1176478,CHEMBL1177670
CHEMBL1172208,61.0,7.21,CHEMBL1176478,CHEMBL1177670
CHEMBL1170879,212.0,6.67,CHEMBL1176478,CHEMBL1177670
CHEMBL1173778,12.5,7.90,CHEMBL1176478,CHEMBL1177670
CHEMBL1173436,23.3,7.63,CHEMBL1176478,CHEMBL1177670
CHEMBL1173366,13.8,7.86,CHEMBL1176478,CHEMBL1177670
CHEMBL1173711,27.7,7.56,CHEMBL1176478,CHEMBL1177670
CHEMBL1173363,1396.0,5.86,CHEMBL1176478,CHEMBL1177670
CHEMBL1173288,0.9,9.05,CHEMBL1176478,CHEMBL1177670
CHEMBL1173287,0.9,9.05,CHEMBL1176478,CHEMBL1177670
CHEMBL1173285,3.8,8.42,CHEMBL1176478,CHEMBL1177670
CHEMBL1209157,1000.0,,CHEMBL1211964,CHEMBL1208761
CHEMBL1214829,10000.0,,CHEMBL1219344,CHEMBL1212881
CHEMBL1214830,2700.0,5.57,CHEMBL1219344,CHEMBL1212881
CHEMBL1214831,4868.0,5.31,CHEMBL1219344,CHEMBL1212881
CHEMBL1214891,10000.0,,CHEMBL1219344,CHEMBL1212881
CHEMBL1214892,10000.0,,CHEMBL1219344,CHEMBL1212881
CHEMBL1214893,10000.0,,CHEMBL1219344,CHEMBL1212881
CHEMBL1214894,5728.0,5.24,CHEMBL1219344,CHEMBL1212881
CHEMBL1214895,4542.0,5.34,CHEMBL1219344,CHEMBL1212881
CHEMBL1214958,2281.0,5.64,CHEMBL1219344,CHEMBL1212881
CHEMBL1214959,2977.0,5.53,CHEMBL1219344,CHEMBL1212881
CHEMBL1214960,2920.0,5.54,CHEMBL1219344,CHEMBL1212881
CHEMBL1214961,5122.0,5.29,CHEMBL1219344,CHEMBL1212881
CHEMBL1214962,6005.0,5.22,CHEMBL1219344,CHEMBL1212881
CHEMBL1215036,10000.0,,CHEMBL1219344,CHEMBL1212881
CHEMBL1215037,10000.0,,CHEMBL1219344,CHEMBL1212881
CHEMBL1215038,10000.0,,CHEMBL1219344,CHEMBL1212881
CHEMBL1224527,750000.0,,CHEMBL1225589,CHEMBL1221364
CHEMBL1223615,0.8,9.10,CHEMBL1225816,CHEMBL1221353
CHEMBL1223616,0.4,9.40,CHEMBL1225816,CHEMBL1221353
CHEMBL1223617,17.0,7.77,CHEMBL1225816,CHEMBL1221353
CHEMBL1223680,11.0,7.96,CHEMBL1225816,CHEMBL1221353
CHEMBL1223681,32.0,7.50,CHEMBL1225816,CHEMBL1221353
CHEMBL1223682,12.0,7.92,CHEMBL1225816,CHEMBL1221353
CHEMBL271989,5.6,8.25,CHEMBL1225816,CHEMBL1221353
CHEMBL1223683,0.6,9.22,CHEMBL1225816,CHEMBL1221353
CHEMBL1223747,1.6,8.80,CHEMBL1225816,CHEMBL1221353
CHEMBL1223748,1.0,9.00,CHEMBL1225816,CHEMBL1221353
CHEMBL1223749,3.1,8.51,CHEMBL1225816,CHEMBL1221353
CHEMBL1223750,1.0,9.00,CHEMBL1225816,CHEMBL1221353
CHEMBL1223799,2.5,8.60,CHEMBL1225816,CHEMBL1221353
CHEMBL1223800,0.59,9.23,CHEMBL1225816,CHEMBL1221353
CHEMBL1223801,1.1,8.96,CHEMBL1225816,CHEMBL1221353
CHEMBL1223802,1.5,8.82,CHEMBL1225816,CHEMBL1221353
CHEMBL1223856,0.55,9.26,CHEMBL1225816,CHEMBL1221353
CHEMBL1223857,0.76,9.12,CHEMBL1225816,CHEMBL1221353
CHEMBL1223858,9.6,8.02,CHEMBL1225816,CHEMBL1221353
CHEMBL1223859,13.0,7.89,CHEMBL1225816,CHEMBL1221353
CHEMBL1221498,890.0,6.05,CHEMBL1227764,CHEMBL1221249
CHEMBL497749,132.0,6.88,CHEMBL1227764,CHEMBL1221249
CHEMBL1221545,46.5,7.33,CHEMBL1227764,CHEMBL1221249
CHEMBL1221591,254.0,6.59,CHEMBL1227764,CHEMBL1221249
CHEMBL1221592,438.0,6.36,CHEMBL1227764,CHEMBL1221249
CHEMBL1221593,121.0,6.92,CHEMBL1227764,CHEMBL1221249
CHEMBL1221594,99.0,7.00,CHEMBL1227764,CHEMBL1221249
CHEMBL1242923,1000.0,,CHEMBL1248543,CHEMBL1240489
CHEMBL1242950,77.0,7.11,CHEMBL1248543,CHEMBL1240489
CHEMBL1242923,1000.0,,CHEMBL1248557,CHEMBL1240489
CHEMBL1242950,1000.0,,CHEMBL1248557,CHEMBL1240489
CHEMBL1257382,0.0575,10.24,CHEMBL1260558,CHEMBL1255556
CHEMBL1257262,0.302,9.52,CHEMBL1260558,CHEMBL1255556
CHEMBL1257493,0.575,9.24,CHEMBL1260558,CHEMBL1255556
CHEMBL1257735,0.576,9.24,CHEMBL1260558,CHEMBL1255556
CHEMBL1258087,0.812,9.09,CHEMBL1260558,CHEMBL1255556
CHEMBL1258534,0.877,9.06,CHEMBL1260558,CHEMBL1255556
CHEMBL1258881,0.891,9.05,CHEMBL1260558,CHEMBL1255556
CHEMBL1258649,1.41,8.85,CHEMBL1260558,CHEMBL1255556
CHEMBL1257614,1.54,8.81,CHEMBL1260558,CHEMBL1255556
CHEMBL1257736,1.7,8.77,CHEMBL1260558,CHEMBL1255556
CHEMBL1258763,1.86,8.73,CHEMBL1260558,CHEMBL1255556
CHEMBL1257492,2.08,8.68,CHEMBL1260558,CHEMBL1255556
CHEMBL1257971,2.34,8.63,CHEMBL1260558,CHEMBL1255556
CHEMBL1257859,2.46,8.61,CHEMBL1260558,CHEMBL1255556
CHEMBL1257613,2.63,8.58,CHEMBL1260558,CHEMBL1255556
CHEMBL1257616,3.03,8.52,CHEMBL1260558,CHEMBL1255556
CHEMBL1258879,3.18,8.50,CHEMBL1260558,CHEMBL1255556
CHEMBL1258086,3.81,8.42,CHEMBL1260558,CHEMBL1255556
CHEMBL1112,4.0,8.40,CHEMBL1260558,CHEMBL1255556
CHEMBL1257734,4.47,8.35,CHEMBL1260558,CHEMBL1255556
CHEMBL1258085,5.49,8.26,CHEMBL1260558,CHEMBL1255556
CHEMBL1258313,5.75,8.24,CHEMBL1260558,CHEMBL1255556
CHEMBL1258650,5.81,8.24,CHEMBL1260558,CHEMBL1255556
CHEMBL1257385,5.91,8.23,CHEMBL1260558,CHEMBL1255556
CHEMBL1257494,6.81,8.17,CHEMBL1260558,CHEMBL1255556
CHEMBL1258647,7.39,8.13,CHEMBL1260558,CHEMBL1255556
CHEMBL1257261,8.23,8.09,CHEMBL1260558,CHEMBL1255556
CHEMBL1258314,8.59,8.07,CHEMBL1260558,CHEMBL1255556
CHEMBL1258428,8.92,8.05,CHEMBL1260558,CHEMBL1255556
CHEMBL1257146,9.01,8.04,CHEMBL1260558,CHEMBL1255556
CHEMBL1257264,9.31,8.03,CHEMBL1260558,CHEMBL1255556
CHEMBL1257737,9.44,8.03,CHEMBL1260558,CHEMBL1255556
CHEMBL1258535,9.54,8.02,CHEMBL1260558,CHEMBL1255556
CHEMBL1257147,9.86,8.01,CHEMBL1260558,CHEMBL1255556
CHEMBL1257145,10.2,7.99,CHEMBL1260558,CHEMBL1255556
CHEMBL1258200,10.3,7.99,CHEMBL1260558,CHEMBL1255556
CHEMBL1258882,10.6,7.97,CHEMBL1260558,CHEMBL1255556
CHEMBL1258762,11.2,7.95,CHEMBL1260558,CHEMBL1255556
CHEMBL1257968,11.5,7.94,CHEMBL1260558,CHEMBL1255556
CHEMBL1257383,12.1,7.92,CHEMBL1260558,CHEMBL1255556
CHEMBL1257495,13.1,7.88,CHEMBL1260558,CHEMBL1255556
CHEMBL1258761,13.6,7.87,CHEMBL1260558,CHEMBL1255556
CHEMBL1257615,13.6,7.87,CHEMBL1260558,CHEMBL1255556
CHEMBL1257969,13.8,7.86,CHEMBL1260558,CHEMBL1255556
CHEMBL1258427,15.8,7.80,CHEMBL1260558,CHEMBL1255556
CHEMBL1258533,16.3,7.79,CHEMBL1260558,CHEMBL1255556
CHEMBL1257970,16.6,7.78,CHEMBL1260558,CHEMBL1255556
CHEMBL1257858,21.8,7.66,CHEMBL1260558,CHEMBL1255556
CHEMBL1257857,22.3,7.65,CHEMBL1260558,CHEMBL1255556
CHEMBL1258084,22.3,7.65,CHEMBL1260558,CHEMBL1255556
CHEMBL1257384,24.5,7.61,CHEMBL1260558,CHEMBL1255556
CHEMBL1258426,24.7,7.61,CHEMBL1260558,CHEMBL1255556
CHEMBL1258648,27.8,7.56,CHEMBL1260558,CHEMBL1255556
CHEMBL1258760,33.8,7.47,CHEMBL1260558,CHEMBL1255556
CHEMBL1258312,34.0,7.47,CHEMBL1260558,CHEMBL1255556
CHEMBL1258199,35.2,7.45,CHEMBL1260558,CHEMBL1255556
CHEMBL1258425,40.7,7.39,CHEMBL1260558,CHEMBL1255556
CHEMBL1257263,51.6,7.29,CHEMBL1260558,CHEMBL1255556
CHEMBL1257144,58.0,7.24,CHEMBL1260558,CHEMBL1255556
CHEMBL1258532,80.7,7.09,CHEMBL1260558,CHEMBL1255556
CHEMBL1257856,290.0,6.54,CHEMBL1260558,CHEMBL1255556
CHEMBL1258880,44.5,7.35,CHEMBL1260558,CHEMBL1255556
CHEMBL54,1.1,8.96,CHEMBL1261459,CHEMBL1255217
CHEMBL1257688,4.8,8.32,CHEMBL1261459,CHEMBL1255217
CHEMBL1257689,3.4,8.47,CHEMBL1261459,CHEMBL1255217
CHEMBL1257810,21.0,7.68,CHEMBL1261459,CHEMBL1255217
CHEMBL1256169,140.0,6.85,CHEMBL1261459,CHEMBL1255217
CHEMBL1257811,15.0,7.82,CHEMBL1261459,CHEMBL1255217
CHEMBL1257927,55.0,7.26,CHEMBL1261459,CHEMBL1255217
CHEMBL476935,63.0,7.20,CHEMBL1261459,CHEMBL1255217
CHEMBL1258036,19.0,7.72,CHEMBL1261459,CHEMBL1255217
CHEMBL1258037,13.0,7.89,CHEMBL1261459,CHEMBL1255217
CHEMBL1258154,620.0,6.21,CHEMBL1261459,CHEMBL1255217
CHEMBL1258155,200.0,6.70,CHEMBL1261459,CHEMBL1255217
CHEMBL1256170,17.0,7.77,CHEMBL1261459,CHEMBL1255217
CHEMBL1258270,400.0,6.40,CHEMBL1261459,CHEMBL1255217
CHEMBL424294,95.0,7.02,CHEMBL1261459,CHEMBL1255217
CHEMBL1258382,83.0,7.08,CHEMBL1261459,CHEMBL1255217
CHEMBL1258383,84.0,7.08,CHEMBL1261459,CHEMBL1255217
CHEMBL1258494,22.0,7.66,CHEMBL1261459,CHEMBL1255217
CHEMBL1256171,32.0,7.50,CHEMBL1261459,CHEMBL1255217
CHEMBL1258495,99.0,7.00,CHEMBL1261459,CHEMBL1255217
CHEMBL210567,24.0,7.62,CHEMBL1261459,CHEMBL1255217
CHEMBL54,0.87,9.06,CHEMBL1261460,CHEMBL1255217
CHEMBL1257688,3.6,8.44,CHEMBL1261460,CHEMBL1255217
CHEMBL1257689,6.5,8.19,CHEMBL1261460,CHEMBL1255217
CHEMBL1257810,13.0,7.89,CHEMBL1261460,CHEMBL1255217
CHEMBL1256169,200.0,6.70,CHEMBL1261460,CHEMBL1255217
CHEMBL1257811,43.0,7.37,CHEMBL1261460,CHEMBL1255217
CHEMBL1257927,46.0,7.34,CHEMBL1261460,CHEMBL1255217
CHEMBL476935,61.0,7.21,CHEMBL1261460,CHEMBL1255217
CHEMBL1258036,22.0,7.66,CHEMBL1261460,CHEMBL1255217
CHEMBL1258037,16.0,7.80,CHEMBL1261460,CHEMBL1255217
CHEMBL1258154,440.0,6.36,CHEMBL1261460,CHEMBL1255217
CHEMBL1258155,190.0,6.72,CHEMBL1261460,CHEMBL1255217
CHEMBL1256170,30.0,7.52,CHEMBL1261460,CHEMBL1255217
CHEMBL1258270,260.0,6.58,CHEMBL1261460,CHEMBL1255217
CHEMBL424294,72.0,7.14,CHEMBL1261460,CHEMBL1255217
CHEMBL1258382,150.0,6.82,CHEMBL1261460,CHEMBL1255217
CHEMBL1258383,65.0,7.19,CHEMBL1261460,CHEMBL1255217
CHEMBL1258494,17.0,7.77,CHEMBL1261460,CHEMBL1255217
CHEMBL1256171,48.0,7.32,CHEMBL1261460,CHEMBL1255217
CHEMBL1258495,86.0,7.07,CHEMBL1261460,CHEMBL1255217
CHEMBL210567,18.0,7.75,CHEMBL1261460,CHEMBL1255217
CHEMBL12713,0.45,9.35,CHEMBL1261591,CHEMBL1255222
CHEMBL319352,140.0,6.85,CHEMBL1261591,CHEMBL1255222
CHEMBL328187,310.0,6.51,CHEMBL1261591,CHEMBL1255222
CHEMBL1259172,37.0,7.43,CHEMBL1261591,CHEMBL1255222
CHEMBL1259187,3.1,8.51,CHEMBL1261591,CHEMBL1255222
CHEMBL1259188,2.7,8.57,CHEMBL1261591,CHEMBL1255222
CHEMBL1259203,260.0,6.58,CHEMBL1261591,CHEMBL1255222
CHEMBL64249,0.67,9.17,CHEMBL1261591,CHEMBL1255222
CHEMBL1259216,2.3,8.64,CHEMBL1261591,CHEMBL1255222
CHEMBL1259231,0.86,9.07,CHEMBL1261591,CHEMBL1255222
CHEMBL1259232,1.6,8.80,CHEMBL1261591,CHEMBL1255222
CHEMBL1258987,2.3,8.64,CHEMBL1261591,CHEMBL1255222
CHEMBL1258988,5.9,8.23,CHEMBL1261591,CHEMBL1255222
CHEMBL1259005,2.9,8.54,CHEMBL1261591,CHEMBL1255222
CHEMBL1259006,1.9,8.72,CHEMBL1261591,CHEMBL1255222
CHEMBL1259023,0.62,9.21,CHEMBL1261591,CHEMBL1255222
CHEMBL1259024,1.1,8.96,CHEMBL1261591,CHEMBL1255222
CHEMBL1259042,0.73,9.14,CHEMBL1261591,CHEMBL1255222
CHEMBL1259043,1.8,8.74,CHEMBL1261591,CHEMBL1255222
CHEMBL1259062,1.6,8.80,CHEMBL1261591,CHEMBL1255222
CHEMBL1259063,3.4,8.47,CHEMBL1261591,CHEMBL1255222
CHEMBL1259079,6.3,8.20,CHEMBL1261591,CHEMBL1255222
CHEMBL1259080,2.0,8.70,CHEMBL1261591,CHEMBL1255222
CHEMBL1259097,4.6,8.34,CHEMBL1261591,CHEMBL1255222
CHEMBL1259098,4.9,8.31,CHEMBL1261591,CHEMBL1255222
CHEMBL1259112,1.4,8.85,CHEMBL1261591,CHEMBL1255222
CHEMBL1259113,35.0,7.46,CHEMBL1261591,CHEMBL1255222
CHEMBL1259128,0.35,9.46,CHEMBL1261596,CHEMBL1255222
CHEMBL1259144,7.1,8.15,CHEMBL1261591,CHEMBL1255222
CHEMBL1259145,12.0,7.92,CHEMBL1261591,CHEMBL1255222
CHEMBL1259158,6.1,8.21,CHEMBL1261591,CHEMBL1255222
CHEMBL64875,7.3,8.14,CHEMBL1261591,CHEMBL1255222
CHEMBL303313,1.1,8.96,CHEMBL1261591,CHEMBL1255222
CHEMBL1259173,27.0,7.57,CHEMBL1261591,CHEMBL1255222
CHEMBL1259174,3.3,8.48,CHEMBL1261591,CHEMBL1255222
CHEMBL1259189,31.0,7.51,CHEMBL1261591,CHEMBL1255222
CHEMBL1259190,4.5,8.35,CHEMBL1261591,CHEMBL1255222
CHEMBL1259129,1.9,8.72,CHEMBL1261596,CHEMBL1255222
CHEMBL1259216,0.44,9.36,CHEMBL1261596,CHEMBL1255222
CHEMBL1259071,73000.0,4.14,CHEMBL1259261,CHEMBL1255227
CHEMBL1259241,20000.0,4.70,CHEMBL1259261,CHEMBL1255227
CHEMBL1258999,27000.0,4.57,CHEMBL1259261,CHEMBL1255227
CHEMBL45305,15000.0,4.82,CHEMBL1259261,CHEMBL1255227
CHEMBL1259071,100000.0,4.00,CHEMBL1259262,CHEMBL1255227
CHEMBL1259241,54000.0,4.27,CHEMBL1259262,CHEMBL1255227
CHEMBL1258999,28000.0,4.55,CHEMBL1259262,CHEMBL1255227
CHEMBL45305,46000.0,4.34,CHEMBL1259262,CHEMBL1255227
CHEMBL1277917,355.0,6.45,CHEMBL1286377,CHEMBL1275334
CHEMBL1277104,334.0,6.48,CHEMBL1286377,CHEMBL1275334
CHEMBL1277105,5000.0,,CHEMBL1286377,CHEMBL1275334
CHEMBL1277565,2243.0,5.65,CHEMBL1286377,CHEMBL1275334
CHEMBL1277837,2036.0,5.69,CHEMBL1286377,CHEMBL1275334
CHEMBL1275630,1903.0,5.72,CHEMBL1286377,CHEMBL1275334
CHEMBL1278001,605.0,6.22,CHEMBL1286377,CHEMBL1275334
CHEMBL338606,27.0,7.57,CHEMBL1291990,CHEMBL1287708
CHEMBL1180455,22.6,7.65,CHEMBL1291990,CHEMBL1287708
CHEMBL1180430,13.54,7.87,CHEMBL1291990,CHEMBL1287708
CHEMBL567286,120.0,6.92,CHEMBL1291990,CHEMBL1287708
CHEMBL338606,21.0,7.68,CHEMBL1291989,CHEMBL1287708
CHEMBL567286,42.0,7.38,CHEMBL1291989,CHEMBL1287708
CHEMBL1288585,8.5,8.07,CHEMBL1291980,CHEMBL1287708
CHEMBL1632223,79.43,7.10,CHEMBL1635455,CHEMBL1629528
CHEMBL1631532,199.53,6.70,CHEMBL1635455,CHEMBL1629528
CHEMBL1632217,199.53,6.70,CHEMBL1635455,CHEMBL1629528
CHEMBL1632220,316.23,6.50,CHEMBL1635455,CHEMBL1629528
CHEMBL1631545,398.11,6.40,CHEMBL1635455,CHEMBL1629528
CHEMBL1632210,398.11,6.40,CHEMBL1635455,CHEMBL1629528
CHEMBL1632206,398.11,6.40,CHEMBL1635455,CHEMBL1629528
CHEMBL1631535,398.11,6.40,CHEMBL1635455,CHEMBL1629528
CHEMBL1631540,501.19,6.30,CHEMBL1635455,CHEMBL1629528
CHEMBL1631542,794.33,6.10,CHEMBL1635455,CHEMBL1629528
CHEMBL1632158,10000.0,,CHEMBL1640621,CHEMBL1629440
CHEMBL1632174,10000.0,,CHEMBL1640621,CHEMBL1629440
CHEMBL1642851,5000.0,,CHEMBL1647108,CHEMBL1641413
CHEMBL1642882,5000.0,,CHEMBL1647108,CHEMBL1641413
CHEMBL1642886,5000.0,,CHEMBL1647108,CHEMBL1641413
CHEMBL1642889,5000.0,,CHEMBL1647108,CHEMBL1641413
CHEMBL1642865,5000.0,,CHEMBL1647108,CHEMBL1641413
CHEMBL1642866,5000.0,,CHEMBL1647108,CHEMBL1641413
CHEMBL1672288,10000.0,,CHEMBL1681367,CHEMBL1671821
CHEMBL1684128,88.0,7.06,CHEMBL1686531,CHEMBL1681760
CHEMBL1684135,141.0,6.85,CHEMBL1686531,CHEMBL1681760
CHEMBL1684134,174.0,6.76,CHEMBL1686531,CHEMBL1681760
CHEMBL1684029,206.0,6.69,CHEMBL1686531,CHEMBL1681760
CHEMBL1684130,293.0,6.53,CHEMBL1686531,CHEMBL1681760
CHEMBL1684129,399.0,6.40,CHEMBL1686531,CHEMBL1681760
CHEMBL1684132,600.0,6.22,CHEMBL1686531,CHEMBL1681760
CHEMBL1684131,616.0,6.21,CHEMBL1686531,CHEMBL1681760
CHEMBL1684028,661.0,6.18,CHEMBL1686531,CHEMBL1681760
CHEMBL1684133,770.0,6.11,CHEMBL1686531,CHEMBL1681760
CHEMBL1684023,1203.0,5.92,CHEMBL1686531,CHEMBL1681760
CHEMBL1684125,7384.0,5.13,CHEMBL1686531,CHEMBL1681760
CHEMBL1689012,70.5,7.15,CHEMBL1694505,CHEMBL1687933
CHEMBL1689011,64.8,7.19,CHEMBL1694505,CHEMBL1687933
CHEMBL1689010,37.9,7.42,CHEMBL1694505,CHEMBL1687933
CHEMBL1689009,17.7,7.75,CHEMBL1694505,CHEMBL1687933
CHEMBL1689008,35.2,7.45,CHEMBL1694505,CHEMBL1687933
CHEMBL1689007,31.7,7.50,CHEMBL1694505,CHEMBL1687933
CHEMBL1689006,27.7,7.56,CHEMBL1694505,CHEMBL1687933
CHEMBL1689005,14.2,7.85,CHEMBL1694505,CHEMBL1687933
CHEMBL1689004,15.1,7.82,CHEMBL1694505,CHEMBL1687933
CHEMBL1689003,21.4,7.67,CHEMBL1694505,CHEMBL1687933
CHEMBL1689002,15.1,7.82,CHEMBL1694505,CHEMBL1687933
CHEMBL1689001,57.6,7.24,CHEMBL1694505,CHEMBL1687933
CHEMBL1689000,13.2,7.88,CHEMBL1694505,CHEMBL1687933
CHEMBL1688999,13.4,7.87,CHEMBL1694505,CHEMBL1687933
CHEMBL1688998,17.8,7.75,CHEMBL1694505,CHEMBL1687933
CHEMBL1688997,59.2,7.23,CHEMBL1694505,CHEMBL1687933
CHEMBL1688996,55.3,7.26,CHEMBL1694505,CHEMBL1687933
CHEMBL1688995,131.0,6.88,CHEMBL1694505,CHEMBL1687933
CHEMBL1688994,52.0,7.28,CHEMBL1694505,CHEMBL1687933
CHEMBL1688993,20.9,7.68,CHEMBL1694505,CHEMBL1687933
CHEMBL1688992,27.1,7.57,CHEMBL1694505,CHEMBL1687933
CHEMBL1688991,54.5,7.26,CHEMBL1694505,CHEMBL1687933
CHEMBL1688990,34.4,7.46,CHEMBL1694505,CHEMBL1687933
CHEMBL112065,48.0,7.32,CHEMBL1769067,CHEMBL1765048
CHEMBL193337,410.0,6.39,CHEMBL1769067,CHEMBL1765048
CHEMBL197159,55000.0,4.26,CHEMBL1769067,CHEMBL1765048
CHEMBL1765629,150.0,6.82,CHEMBL1769067,CHEMBL1765048
CHEMBL1765630,100.0,7.00,CHEMBL1769067,CHEMBL1765048
CHEMBL1765631,8400.0,5.08,CHEMBL1769067,CHEMBL1765048
CHEMBL1765632,270.0,6.57,CHEMBL1769067,CHEMBL1765048
CHEMBL112065,42.0,7.38,CHEMBL1769068,CHEMBL1765048
CHEMBL193337,270.0,6.57,CHEMBL1769068,CHEMBL1765048
CHEMBL197159,53000.0,4.28,CHEMBL1769068,CHEMBL1765048
CHEMBL1765629,77.0,7.11,CHEMBL1769068,CHEMBL1765048
CHEMBL1765630,43.0,7.37,CHEMBL1769068,CHEMBL1765048
CHEMBL1765631,4700.0,5.33,CHEMBL1769068,CHEMBL1765048
CHEMBL1765632,240.0,6.62,CHEMBL1769068,CHEMBL1765048
CHEMBL193337,4.6,8.34,CHEMBL1769072,CHEMBL1765048
CHEMBL197159,57000.0,4.24,CHEMBL1769072,CHEMBL1765048
CHEMBL1765633,1.0,9.00,CHEMBL1769072,CHEMBL1765048
CHEMBL1765634,49.0,7.31,CHEMBL1769072,CHEMBL1765048
CHEMBL1765633,5.3,8.28,CHEMBL1769067,CHEMBL1765048
CHEMBL1765634,300.0,6.52,CHEMBL1769067,CHEMBL1765048
CHEMBL477250,21.0,7.68,CHEMBL1771855,CHEMBL1770099
CHEMBL477206,3.9,8.41,CHEMBL1771855,CHEMBL1770099
CHEMBL1771105,3.2,8.49,CHEMBL1771855,CHEMBL1770099
CHEMBL1771106,26.0,7.58,CHEMBL1771855,CHEMBL1770099
CHEMBL1771107,38.0,7.42,CHEMBL1771855,CHEMBL1770099
CHEMBL1771108,52.0,7.28,CHEMBL1771855,CHEMBL1770099
CHEMBL1771109,16.0,7.80,CHEMBL1771855,CHEMBL1770099
CHEMBL1771110,11.0,7.96,CHEMBL1771855,CHEMBL1770099
CHEMBL1771111,5.1,8.29,CHEMBL1771855,CHEMBL1770099
CHEMBL1771112,7.1,8.15,CHEMBL1771855,CHEMBL1770099
CHEMBL1771113,38.0,7.42,CHEMBL1771855,CHEMBL1770099
CHEMBL1771114,24.0,7.62,CHEMBL1771855,CHEMBL1770099
CHEMBL477250,7.0,8.15,CHEMBL1771856,CHEMBL1770099
CHEMBL477206,1.5,8.82,CHEMBL1771856,CHEMBL1770099
CHEMBL1771105,0.93,9.03,CHEMBL1771856,CHEMBL1770099
CHEMBL1771106,9.2,8.04,CHEMBL1771856,CHEMBL1770099
CHEMBL1771107,15.0,7.82,CHEMBL1771856,CHEMBL1770099
CHEMBL1771108,63.0,7.20,CHEMBL1771856,CHEMBL1770099
CHEMBL1771109,4.8,8.32,CHEMBL1771856,CHEMBL1770099
CHEMBL1771110,6.9,8.16,CHEMBL1771856,CHEMBL1770099
CHEMBL1771111,2.1,8.68,CHEMBL1771856,CHEMBL1770099
CHEMBL1771112,13.0,7.89,CHEMBL1771856,CHEMBL1770099
CHEMBL1771113,22.0,7.66,CHEMBL1771856,CHEMBL1770099
CHEMBL1771114,8.8,8.06,CHEMBL1771856,CHEMBL1770099
CHEMBL1774386,9163.0,5.04,CHEMBL1777239,CHEMBL1772985
CHEMBL1112,1.8,8.74,CHEMBL1776016,CHEMBL1773056
CHEMBL1774062,2.6,8.59,CHEMBL1776016,CHEMBL1773056
CHEMBL1774063,1.0,9.00,CHEMBL1776016,CHEMBL1773056
CHEMBL1774064,1.0,9.00,CHEMBL1776016,CHEMBL1773056
CHEMBL1774065,2.0,8.70,CHEMBL1776016,CHEMBL1773056
CHEMBL1774066,1.0,9.00,CHEMBL1776016,CHEMBL1773056
CHEMBL1774067,5.7,8.24,CHEMBL1776016,CHEMBL1773056
CHEMBL1774068,2.5,8.60,CHEMBL1776016,CHEMBL1773056
CHEMBL1774069,1.0,9.00,CHEMBL1776016,CHEMBL1773056
CHEMBL1774070,5.0,8.30,CHEMBL1776016,CHEMBL1773056
CHEMBL1774071,2.5,8.60,CHEMBL1776016,CHEMBL1773056
CHEMBL1774072,3.0,8.52,CHEMBL1776016,CHEMBL1773056
CHEMBL1774073,1.0,9.00,CHEMBL1776016,CHEMBL1773056
CHEMBL1774074,1.0,9.00,CHEMBL1776016,CHEMBL1773056
CHEMBL1774075,3.0,8.52,CHEMBL1776016,CHEMBL1773056
CHEMBL1774076,1.0,9.00,CHEMBL1776016,CHEMBL1773056
CHEMBL1774077,1.4,8.85,CHEMBL1776016,CHEMBL1773056
CHEMBL1774078,1.0,9.00,CHEMBL1776016,CHEMBL1773056
CHEMBL1774079,0.71,9.15,CHEMBL1776016,CHEMBL1773056
CHEMBL1774080,0.81,9.09,CHEMBL1776016,CHEMBL1773056
CHEMBL1774081,1.6,8.80,CHEMBL1776016,CHEMBL1773056
CHEMBL1774082,1.1,8.96,CHEMBL1776016,CHEMBL1773056
CHEMBL1774083,2.0,8.70,CHEMBL1776016,CHEMBL1773056
CHEMBL1774084,6.0,8.22,CHEMBL1776016,CHEMBL1773056
CHEMBL1774085,1.0,9.00,CHEMBL1776016,CHEMBL1773056
CHEMBL1774086,1.2,8.92,CHEMBL1776016,CHEMBL1773056
CHEMBL1774087,1.7,8.77,CHEMBL1776016,CHEMBL1773056
CHEMBL1774383,390.0,6.41,CHEMBL1777183,CHEMBL1772985
CHEMBL1774384,378.0,6.42,CHEMBL1777183,CHEMBL1772985
CHEMBL1774385,329.0,6.48,CHEMBL1777183,CHEMBL1772985
CHEMBL1774386,14600.0,4.84,CHEMBL1777183,CHEMBL1772985
CHEMBL1774532,274.0,6.56,CHEMBL1777183,CHEMBL1772985
CHEMBL1774533,279.0,6.55,CHEMBL1777183,CHEMBL1772985
CHEMBL1774534,421.0,6.38,CHEMBL1777183,CHEMBL1772985
CHEMBL1774535,526.0,6.28,CHEMBL1777183,CHEMBL1772985
CHEMBL1774536,2890.0,5.54,CHEMBL1777183,CHEMBL1772985
CHEMBL1774537,4260.0,5.37,CHEMBL1777183,CHEMBL1772985
CHEMBL1774538,241.0,6.62,CHEMBL1777183,CHEMBL1772985
CHEMBL1774539,472.0,6.33,CHEMBL1777183,CHEMBL1772985
CHEMBL1774540,302.0,6.52,CHEMBL1777183,CHEMBL1772985
CHEMBL1774541,230.0,6.64,CHEMBL1777183,CHEMBL1772985
CHEMBL1774542,195.0,6.71,CHEMBL1777183,CHEMBL1772985
CHEMBL180010,93.3,7.03,CHEMBL1777183,CHEMBL1772985
CHEMBL1774543,69.9,7.16,CHEMBL1777183,CHEMBL1772985
CHEMBL1774544,162.0,6.79,CHEMBL1777183,CHEMBL1772985
CHEMBL1774545,196.0,6.71,CHEMBL1777183,CHEMBL1772985
CHEMBL1774546,269.0,6.57,CHEMBL1777183,CHEMBL1772985
CHEMBL1774547,119.0,6.92,CHEMBL1777183,CHEMBL1772985
CHEMBL1774548,313.0,6.50,CHEMBL1777183,CHEMBL1772985
CHEMBL1774549,2090.0,5.68,CHEMBL1777183,CHEMBL1772985
CHEMBL1774550,5270.0,5.28,CHEMBL1777183,CHEMBL1772985
CHEMBL1774551,869.0,6.06,CHEMBL1777183,CHEMBL1772985
CHEMBL1773087,2060.0,5.69,CHEMBL1777183,CHEMBL1772985
CHEMBL25236,33.6,7.47,CHEMBL1777183,CHEMBL1772985
CHEMBL300780,112.0,6.95,CHEMBL1777183,CHEMBL1772985
CHEMBL1774552,64.7,7.19,CHEMBL1777183,CHEMBL1772985
CHEMBL139926,44.8,7.35,CHEMBL1777183,CHEMBL1772985
CHEMBL1779058,1724.0,5.76,CHEMBL1781414,CHEMBL1777734
CHEMBL1779059,10000.0,,CHEMBL1781414,CHEMBL1777734
CHEMBL1779060,10000.0,,CHEMBL1781414,CHEMBL1777734
CHEMBL54,1.0,9.00,CHEMBL1781414,CHEMBL1777734
CHEMBL64260,2850.0,5.54,CHEMBL1781414,CHEMBL1777734
CHEMBL1803023,16.0,7.80,CHEMBL1803210,CHEMBL1799971
CHEMBL1803024,22.0,7.66,CHEMBL1803210,CHEMBL1799971
CHEMBL1803025,23.0,7.64,CHEMBL1803210,CHEMBL1799971
CHEMBL1803026,17.0,7.77,CHEMBL1803210,CHEMBL1799971
CHEMBL1803027,3.3,8.48,CHEMBL1803210,CHEMBL1799971
CHEMBL1803028,2.8,8.55,CHEMBL1803210,CHEMBL1799971
CHEMBL1803029,4.8,8.32,CHEMBL1803210,CHEMBL1799971
CHEMBL1803030,63.0,7.20,CHEMBL1803210,CHEMBL1799971
CHEMBL1803049,67.0,7.17,CHEMBL1803210,CHEMBL1799971
CHEMBL1803050,52.0,7.28,CHEMBL1803210,CHEMBL1799971
CHEMBL1803051,68.0,7.17,CHEMBL1803210,CHEMBL1799971
CHEMBL1803052,18.0,7.75,CHEMBL1803210,CHEMBL1799971
CHEMBL1803053,36.0,7.44,CHEMBL1803210,CHEMBL1799971
CHEMBL1803054,9.8,8.01,CHEMBL1803210,CHEMBL1799971
CHEMBL1803055,19.0,7.72,CHEMBL1803210,CHEMBL1799971
CHEMBL54,1.5,8.82,CHEMBL1803210,CHEMBL1799971
CHEMBL1803023,25.0,7.60,CHEMBL1803211,CHEMBL1799971
CHEMBL1803024,41.0,7.39,CHEMBL1803211,CHEMBL1799971
CHEMBL1803025,17.0,7.77,CHEMBL1803211,CHEMBL1799971
CHEMBL1803026,8.2,8.09,CHEMBL1803211,CHEMBL1799971
CHEMBL1803027,3.4,8.47,CHEMBL1803211,CHEMBL1799971
CHEMBL1803028,3.7,8.43,CHEMBL1803211,CHEMBL1799971
CHEMBL1803029,6.2,8.21,CHEMBL1803211,CHEMBL1799971
CHEMBL1803030,70.0,7.16,CHEMBL1803211,CHEMBL1799971
CHEMBL1803049,53.0,7.28,CHEMBL1803211,CHEMBL1799971
CHEMBL1803050,67.0,7.17,CHEMBL1803211,CHEMBL1799971
CHEMBL1803051,100.0,7.00,CHEMBL1803211,CHEMBL1799971
CHEMBL1803052,16.0,7.80,CHEMBL1803211,CHEMBL1799971
CHEMBL1803053,32.0,7.50,CHEMBL1803211,CHEMBL1799971
CHEMBL1803054,7.3,8.14,CHEMBL1803211,CHEMBL1799971
CHEMBL1803055,17.0,7.77,CHEMBL1803211,CHEMBL1799971
CHEMBL54,1.1,8.96,CHEMBL1803211,CHEMBL1799971
CHEMBL1803024,35.0,7.46,CHEMBL1803214,CHEMBL1799971
CHEMBL1803049,12.0,7.92,CHEMBL1803214,CHEMBL1799971
CHEMBL478671,55.5,7.26,CHEMBL1811739,CHEMBL1806354
CHEMBL329904,854.0,6.07,CHEMBL1811739,CHEMBL1806354
CHEMBL1806867,2800.0,5.55,CHEMBL1811739,CHEMBL1806354
CHEMBL1806868,871.0,6.06,CHEMBL1811739,CHEMBL1806354
CHEMBL1806869,2005.0,5.70,CHEMBL1811739,CHEMBL1806354
CHEMBL1806870,4300.0,5.37,CHEMBL1811739,CHEMBL1806354
CHEMBL1806871,2200.0,5.66,CHEMBL1811739,CHEMBL1806354
CHEMBL1806872,851.0,6.07,CHEMBL1811739,CHEMBL1806354
CHEMBL1806874,174.0,6.76,CHEMBL1811739,CHEMBL1806354
CHEMBL1806875,296.0,6.53,CHEMBL1811739,CHEMBL1806354
CHEMBL1806876,342.0,6.47,CHEMBL1811739,CHEMBL1806354
CHEMBL1806877,352.0,6.45,CHEMBL1811739,CHEMBL1806354
CHEMBL1112,3.1,8.51,CHEMBL1815674,CHEMBL1811837
CHEMBL1813586,2604.0,5.58,CHEMBL1815674,CHEMBL1811837
CHEMBL1813587,145.0,6.84,CHEMBL1815674,CHEMBL1811837
CHEMBL1813588,309.0,6.51,CHEMBL1815674,CHEMBL1811837
CHEMBL1813589,611.0,6.21,CHEMBL1815674,CHEMBL1811837
CHEMBL1813590,0.22,9.66,CHEMBL1815674,CHEMBL1811837
CHEMBL1813591,0.26,9.59,CHEMBL1815674,CHEMBL1811837
CHEMBL1813585,102.0,6.99,CHEMBL1815674,CHEMBL1811837
CHEMBL1813592,25.3,7.60,CHEMBL1815674,CHEMBL1811837
CHEMBL1813593,4.6,8.34,CHEMBL1815674,CHEMBL1811837
CHEMBL1813594,0.14,9.85,CHEMBL1815674,CHEMBL1811837
CHEMBL1813595,0.07,10.15,CHEMBL1815674,CHEMBL1811837
CHEMBL1813596,4.8,8.32,CHEMBL1815674,CHEMBL1811837
CHEMBL1813597,2.6,8.59,CHEMBL1815674,CHEMBL1811837
CHEMBL1813598,7.3,8.14,CHEMBL1815674,CHEMBL1811837
CHEMBL1813599,7.4,8.13,CHEMBL1815674,CHEMBL1811837
CHEMBL1255588,0.5,9.30,CHEMBL1817460,CHEMBL1811872
CHEMBL1822386,1350.0,5.87,CHEMBL1827958,CHEMBL1821670
CHEMBL1822390,1489.0,5.83,CHEMBL1827958,CHEMBL1821670
CHEMBL1831166,870.0,6.06,CHEMBL1833373,CHEMBL1828538
CHEMBL1834226,1000.0,,CHEMBL1839308,CHEMBL1833864
CHEMBL1834234,1000.0,,CHEMBL1839308,CHEMBL1833864
CHEMBL1833977,10000.0,,CHEMBL1839313,CHEMBL1833923
CHEMBL1834252,1648.0,5.78,CHEMBL1839313,CHEMBL1833923
CHEMBL1834255,1025.0,5.99,CHEMBL1839313,CHEMBL1833923
CHEMBL1834256,5866.0,5.23,CHEMBL1839313,CHEMBL1833923
CHEMBL1834257,556.0,6.25,CHEMBL1839313,CHEMBL1833923
CHEMBL1834258,89.0,7.05,CHEMBL1839313,CHEMBL1833923
CHEMBL1834259,432.0,6.37,CHEMBL1839313,CHEMBL1833923
CHEMBL1834260,484.0,6.32,CHEMBL1839313,CHEMBL1833923
CHEMBL1834261,5791.0,5.24,CHEMBL1839313,CHEMBL1833923
CHEMBL49,108.0,6.97,CHEMBL1909140,CHEMBL1909046
CHEMBL493,0.527,9.28,CHEMBL1909140,CHEMBL1909046
CHEMBL508112,1955.0,5.71,CHEMBL1909140,CHEMBL1909046
CHEMBL296419,1507.0,5.82,CHEMBL1909140,CHEMBL1909046
CHEMBL1113,67.0,7.17,CHEMBL1909140,CHEMBL1909046
CHEMBL633,6651.0,5.18,CHEMBL1909140,CHEMBL1909046
CHEMBL1403281,0.65,9.19,CHEMBL1909140,CHEMBL1909046
CHEMBL629,336.0,6.47,CHEMBL1909140,CHEMBL1909046
CHEMBL305660,383.0,6.42,CHEMBL1909140,CHEMBL1909046
CHEMBL64894,1059.0,5.97,CHEMBL1909140,CHEMBL1909046
CHEMBL808,4269.0,5.37,CHEMBL1909140,CHEMBL1909046
CHEMBL1385840,1.677,8.78,CHEMBL1909140,CHEMBL1909046
CHEMBL30008,117.0,6.93,CHEMBL1909140,CHEMBL1909046
CHEMBL119443,184.0,6.74,CHEMBL1909140,CHEMBL1909046
CHEMBL726,0.539,9.27,CHEMBL1909140,CHEMBL1909046
CHEMBL442,1.433,8.84,CHEMBL1909140,CHEMBL1909046
CHEMBL1108,0.802,9.10,CHEMBL1909140,CHEMBL1909046
CHEMBL54,2.197,8.66,CHEMBL1909140,CHEMBL1909046
CHEMBL1626,45.0,7.35,CHEMBL1909140,CHEMBL1909046
CHEMBL936,1097.0,5.96,CHEMBL1909140,CHEMBL1909046
CHEMBL1729,158.0,6.80,CHEMBL1909140,CHEMBL1909046
CHEMBL1255837,0.491,9.31,CHEMBL1909140,CHEMBL1909046
CHEMBL964,7673.0,5.12,CHEMBL1909140,CHEMBL1909046
CHEMBL104,4062.0,5.39,CHEMBL1909140,CHEMBL1909046
CHEMBL1732,2.96,8.53,CHEMBL1909140,CHEMBL1909046
CHEMBL411,4440.0,5.35,CHEMBL1909140,CHEMBL1909046
CHEMBL43064,259.0,6.59,CHEMBL1909140,CHEMBL1909046
CHEMBL42,129.0,6.89,CHEMBL1909140,CHEMBL1909046
CHEMBL71,18.0,7.75,CHEMBL1909140,CHEMBL1909046
CHEMBL415,138.0,6.86,CHEMBL1909140,CHEMBL1909046
CHEMBL516,55.0,7.26,CHEMBL1909140,CHEMBL1909046
CHEMBL219916,0.882,9.05,CHEMBL1909140,CHEMBL1909046
CHEMBL723,49.0,7.31,CHEMBL1909140,CHEMBL1909046
CHEMBL564,168.0,6.78,CHEMBL1909140,CHEMBL1909046
CHEMBL643,260.0,6.58,CHEMBL1909140,CHEMBL1909046
CHEMBL531,37.0,7.43,CHEMBL1909140,CHEMBL1909046
CHEMBL1909072,1.35,8.87,CHEMBL1909140,CHEMBL1909046
CHEMBL715,39.0,7.41,CHEMBL1909140,CHEMBL1909046
CHEMBL716,443.3,6.35,CHEMBL1909140,CHEMBL1909046
CHEMBL728,3.608,8.44,CHEMBL1909140,CHEMBL1909046
CHEMBL1065,269.0,6.57,CHEMBL1909140,CHEMBL1909046
CHEMBL21731,1154.0,5.94,CHEMBL1909140,CHEMBL1909046
CHEMBL86,42.0,7.38,CHEMBL1909140,CHEMBL1909046
CHEMBL91,4168.0,5.38,CHEMBL1909140,CHEMBL1909046
CHEMBL19215,21.0,7.68,CHEMBL1909140,CHEMBL1909046
CHEMBL1221512,52.0,7.28,CHEMBL1909140,CHEMBL1909046
CHEMBL157138,0.953,9.02,CHEMBL1909140,CHEMBL1909046
CHEMBL1909065,234.0,6.63,CHEMBL1909140,CHEMBL1909046
CHEMBL1201356,276.0,6.56,CHEMBL1909140,CHEMBL1909046
CHEMBL267044,43.0,7.37,CHEMBL1909140,CHEMBL1909046
CHEMBL141343,5587.0,5.25,CHEMBL1909140,CHEMBL1909046
CHEMBL15245,687.0,6.16,CHEMBL1909140,CHEMBL1909046
CHEMBL479,12.0,7.92,CHEMBL1909140,CHEMBL1909046
CHEMBL83,4628.0,5.33,CHEMBL1909140,CHEMBL1909046
CHEMBL84158,411.0,6.39,CHEMBL1909140,CHEMBL1909046
CHEMBL85,6.545,8.18,CHEMBL1909140,CHEMBL1909046
CHEMBL26,68.0,7.17,CHEMBL1909140,CHEMBL1909046
CHEMBL17157,2056.0,5.69,CHEMBL1909140,CHEMBL1909046
CHEMBL81,391.0,6.41,CHEMBL1909140,CHEMBL1909046
CHEMBL54,1.1,8.96,CHEMBL1920024,CHEMBL1914371
CHEMBL1916548,8.8,8.06,CHEMBL1920024,CHEMBL1914371
CHEMBL1916720,17.0,7.77,CHEMBL1920024,CHEMBL1914371
CHEMBL1803049,53.0,7.28,CHEMBL1920024,CHEMBL1914371
CHEMBL1916552,12.0,7.92,CHEMBL1920024,CHEMBL1914371
CHEMBL1916551,4.1,8.39,CHEMBL1920024,CHEMBL1914371
CHEMBL1803024,41.0,7.39,CHEMBL1920024,CHEMBL1914371
CHEMBL1916550,110.0,6.96,CHEMBL1920024,CHEMBL1914371
CHEMBL1916549,16.0,7.80,CHEMBL1920024,CHEMBL1914371
CHEMBL54,1.5,8.82,CHEMBL1920023,CHEMBL1914371
CHEMBL1916548,14.0,7.85,CHEMBL1920023,CHEMBL1914371
CHEMBL1916720,25.0,7.60,CHEMBL1920023,CHEMBL1914371
CHEMBL1803049,67.0,7.17,CHEMBL1920023,CHEMBL1914371
CHEMBL1916552,17.0,7.77,CHEMBL1920023,CHEMBL1914371
CHEMBL1916551,12.0,7.92,CHEMBL1920023,CHEMBL1914371
CHEMBL1803024,22.0,7.66,CHEMBL1920023,CHEMBL1914371
CHEMBL1916550,110.0,6.96,CHEMBL1920023,CHEMBL1914371
CHEMBL1916549,16.0,7.80,CHEMBL1920023,CHEMBL1914371
CHEMBL1923292,7600.0,5.12,CHEMBL1926041,CHEMBL1921774
CHEMBL1923293,17000.0,4.77,CHEMBL1926041,CHEMBL1921774
CHEMBL1923415,9000.0,5.05,CHEMBL1926041,CHEMBL1921774
CHEMBL1923416,29000.0,4.54,CHEMBL1926041,CHEMBL1921774
CHEMBL1923292,5700.0,5.24,CHEMBL1926042,CHEMBL1921774
CHEMBL1923293,16000.0,4.80,CHEMBL1926042,CHEMBL1921774
CHEMBL1923415,6100.0,5.21,CHEMBL1926042,CHEMBL1921774
CHEMBL1923416,45000.0,4.35,CHEMBL1926042,CHEMBL1921774
CHEMBL1928126,25.0,7.60,CHEMBL1930838,CHEMBL1926639
CHEMBL1928125,42.0,7.38,CHEMBL1930838,CHEMBL1926639
CHEMBL1928124,290.0,6.54,CHEMBL1930838,CHEMBL1926639
CHEMBL1928123,780.0,6.11,CHEMBL1930838,CHEMBL1926639
CHEMBL1928121,16.0,7.80,CHEMBL1930838,CHEMBL1926639
CHEMBL1928122,6.6,8.18,CHEMBL1930838,CHEMBL1926639
CHEMBL1928120,95.0,7.02,CHEMBL1930838,CHEMBL1926639
CHEMBL1928119,270.0,6.57,CHEMBL1930838,CHEMBL1926639
CHEMBL1928127,47.0,7.33,CHEMBL1930838,CHEMBL1926639
CHEMBL1928128,20.0,7.70,CHEMBL1930838,CHEMBL1926639
CHEMBL1928129,51.0,7.29,CHEMBL1930838,CHEMBL1926639
CHEMBL1928130,40.0,7.40,CHEMBL1930838,CHEMBL1926639
CHEMBL1928131,150.0,6.82,CHEMBL1930838,CHEMBL1926639
CHEMBL1928132,38.0,7.42,CHEMBL1930838,CHEMBL1926639
CHEMBL1928133,29.0,7.54,CHEMBL1930838,CHEMBL1926639
CHEMBL1928134,18.0,7.75,CHEMBL1930838,CHEMBL1926639
CHEMBL1928135,67.0,7.17,CHEMBL1930838,CHEMBL1926639
CHEMBL1928136,25.0,7.60,CHEMBL1930838,CHEMBL1926639
CHEMBL1926700,8.4,8.08,CHEMBL1930838,CHEMBL1926639
CHEMBL1928137,1.8,8.74,CHEMBL1930838,CHEMBL1926639
CHEMBL1928138,4.7,8.33,CHEMBL1930838,CHEMBL1926639
CHEMBL1928139,8.3,8.08,CHEMBL1930838,CHEMBL1926639
CHEMBL1928247,19000.0,4.72,CHEMBL1930838,CHEMBL1926639
CHEMBL1928248,270.0,6.57,CHEMBL1930838,CHEMBL1926639
CHEMBL1928119,140.0,6.85,CHEMBL1930837,CHEMBL1926639
CHEMBL1928120,44.0,7.36,CHEMBL1930837,CHEMBL1926639
CHEMBL1928121,6.4,8.19,CHEMBL1930837,CHEMBL1926639
CHEMBL1928122,1.8,8.74,CHEMBL1930837,CHEMBL1926639
CHEMBL1928123,320.0,6.50,CHEMBL1930837,CHEMBL1926639
CHEMBL1928124,83.0,7.08,CHEMBL1930837,CHEMBL1926639
CHEMBL1928125,19.0,7.72,CHEMBL1930837,CHEMBL1926639
CHEMBL1928126,11.0,7.96,CHEMBL1930837,CHEMBL1926639
CHEMBL1928127,32.0,7.50,CHEMBL1930837,CHEMBL1926639
CHEMBL1928128,14.0,7.85,CHEMBL1930837,CHEMBL1926639
CHEMBL1928129,20.0,7.70,CHEMBL1930837,CHEMBL1926639
CHEMBL1928130,25.0,7.60,CHEMBL1930837,CHEMBL1926639
CHEMBL1928131,66.0,7.18,CHEMBL1930837,CHEMBL1926639
CHEMBL1928132,16.0,7.80,CHEMBL1930837,CHEMBL1926639
CHEMBL1928133,6.4,8.19,CHEMBL1930837,CHEMBL1926639
CHEMBL1928134,3.0,8.52,CHEMBL1930837,CHEMBL1926639
CHEMBL1928135,32.0,7.50,CHEMBL1930837,CHEMBL1926639
CHEMBL1928136,12.0,7.92,CHEMBL1930837,CHEMBL1926639
CHEMBL1926700,2.7,8.57,CHEMBL1930837,CHEMBL1926639
CHEMBL1928137,0.59,9.23,CHEMBL1930837,CHEMBL1926639
CHEMBL1928138,3.9,8.41,CHEMBL1930837,CHEMBL1926639
CHEMBL1928139,4.6,8.34,CHEMBL1930837,CHEMBL1926639
CHEMBL1928247,9700.0,5.01,CHEMBL1930837,CHEMBL1926639
CHEMBL1928248,280.0,6.55,CHEMBL1930837,CHEMBL1926639
CHEMBL26188,130.0,6.89,CHEMBL1930845,CHEMBL1926639
CHEMBL26188,90.0,7.05,CHEMBL1930846,CHEMBL1926639
CHEMBL25856,58.0,7.24,CHEMBL1936228,CHEMBL1932931
CHEMBL319707,302.0,6.52,CHEMBL1936228,CHEMBL1932931
CHEMBL104571,420.0,6.38,CHEMBL1936228,CHEMBL1932931
CHEMBL1940402,24.0,7.62,CHEMBL1944110,CHEMBL1938349
CHEMBL1940403,8.8,8.06,CHEMBL1944110,CHEMBL1938349
CHEMBL1940404,5.3,8.28,CHEMBL1944110,CHEMBL1938349
CHEMBL1940405,185.0,6.73,CHEMBL1944110,CHEMBL1938349
CHEMBL1940406,41.0,7.39,CHEMBL1944110,CHEMBL1938349
CHEMBL1940407,998.0,6.00,CHEMBL1944110,CHEMBL1938349
CHEMBL1940408,284.0,6.55,CHEMBL1944110,CHEMBL1938349
CHEMBL1940409,211.0,6.68,CHEMBL1944110,CHEMBL1938349
CHEMBL1940410,4753.0,5.32,CHEMBL1944110,CHEMBL1938349
CHEMBL1940411,390.0,6.41,CHEMBL1944110,CHEMBL1938349
CHEMBL1940412,37.0,7.43,CHEMBL1944110,CHEMBL1938349
CHEMBL1940413,447.0,6.35,CHEMBL1944110,CHEMBL1938349
CHEMBL1940414,119.0,6.92,CHEMBL1944110,CHEMBL1938349
CHEMBL140872,98.0,7.01,CHEMBL1944110,CHEMBL1938349
CHEMBL1940415,269.0,6.57,CHEMBL1944110,CHEMBL1938349
CHEMBL1940416,424.0,6.37,CHEMBL1944110,CHEMBL1938349
CHEMBL1940417,636.0,6.20,CHEMBL1944110,CHEMBL1938349
CHEMBL1940418,124.0,6.91,CHEMBL1944110,CHEMBL1938349
CHEMBL1940419,183.0,6.74,CHEMBL1944110,CHEMBL1938349
CHEMBL1940420,186.0,6.73,CHEMBL1944110,CHEMBL1938349
CHEMBL1946122,22.0,7.66,CHEMBL1949469,CHEMBL1944557
CHEMBL1946123,33.0,7.48,CHEMBL1949469,CHEMBL1944557
CHEMBL1946124,1021.0,5.99,CHEMBL1949469,CHEMBL1944557
CHEMBL1946125,751.1,6.12,CHEMBL1949469,CHEMBL1944557
CHEMBL1946126,172.0,6.76,CHEMBL1949469,CHEMBL1944557
CHEMBL1946253,139.0,6.86,CHEMBL1949469,CHEMBL1944557
CHEMBL1946254,258.7,6.59,CHEMBL1949469,CHEMBL1944557
CHEMBL1946257,1983.0,5.70,CHEMBL1949469,CHEMBL1944557
CHEMBL1946744,180.0,6.75,CHEMBL1949469,CHEMBL1944557
CHEMBL1946745,44.0,7.36,CHEMBL1949469,CHEMBL1944557
CHEMBL1949725,85.3,7.07,CHEMBL1954777,CHEMBL1949524
CHEMBL1949726,10000.0,,CHEMBL1954777,CHEMBL1949524
CHEMBL1949727,10000.0,,CHEMBL1954777,CHEMBL1949524
CHEMBL1949728,268.0,6.57,CHEMBL1954777,CHEMBL1949524
CHEMBL1949729,2923.0,5.53,CHEMBL1954777,CHEMBL1949524
CHEMBL2016631,245.47,6.61,CHEMBL2020817,CHEMBL2016514
CHEMBL2016628,1.23,8.91,CHEMBL2020817,CHEMBL2016514
CHEMBL2016627,1.349,8.87,CHEMBL2020817,CHEMBL2016514
CHEMBL2016626,3.162,8.50,CHEMBL2020817,CHEMBL2016514
CHEMBL2016625,8.913,8.05,CHEMBL2020817,CHEMBL2016514
CHEMBL42,102.33,6.99,CHEMBL2020817,CHEMBL2016514
CHEMBL42,106.0,6.97,CHEMBL2020817,CHEMBL2016514
CHEMBL2016625,9.1,8.04,CHEMBL2020817,CHEMBL2016514
CHEMBL2016626,3.6,8.44,CHEMBL2020817,CHEMBL2016514
CHEMBL2016627,1.41,8.85,CHEMBL2020817,CHEMBL2016514
CHEMBL2016628,1.35,8.87,CHEMBL2020817,CHEMBL2016514
CHEMBL2016631,269.0,6.57,CHEMBL2020817,CHEMBL2016514
CHEMBL2024517,5.7,8.24,CHEMBL2026141,CHEMBL2021900
CHEMBL2024517,0.81,9.09,CHEMBL2026142,CHEMBL2021900
CHEMBL2032049,3160.0,5.50,CHEMBL2032870,CHEMBL2029200
CHEMBL555146,10000.0,,CHEMBL2033610,CHEMBL2029214
CHEMBL2031737,10000.0,,CHEMBL2033610,CHEMBL2029214
CHEMBL2031873,10000.0,,CHEMBL2034400,CHEMBL2029265
CHEMBL2031874,10000.0,,CHEMBL2034400,CHEMBL2029265
CHEMBL2031876,10000.0,,CHEMBL2034400,CHEMBL2029265
CHEMBL2031877,10000.0,,CHEMBL2034400,CHEMBL2029265
CHEMBL2031884,10000.0,,CHEMBL2034400,CHEMBL2029265
CHEMBL2031885,10000.0,,CHEMBL2034400,CHEMBL2029265
CHEMBL2029915,4189.0,5.38,CHEMBL2032826,CHEMBL2029251
CHEMBL2029916,70.7,7.15,CHEMBL2032826,CHEMBL2029251
CHEMBL2029917,69.6,7.16,CHEMBL2032826,CHEMBL2029251
CHEMBL2029918,48.6,7.31,CHEMBL2032826,CHEMBL2029251
CHEMBL2029919,482.5,6.32,CHEMBL2032826,CHEMBL2029251
CHEMBL2029920,14.2,7.85,CHEMBL2032826,CHEMBL2029251
CHEMBL2029921,8.2,8.09,CHEMBL2032826,CHEMBL2029251
CHEMBL2029922,3.6,8.44,CHEMBL2032826,CHEMBL2029251
CHEMBL2029923,3575.0,5.45,CHEMBL2032826,CHEMBL2029251
CHEMBL2029924,277.8,6.56,CHEMBL2032826,CHEMBL2029251
CHEMBL2029925,82.4,7.08,CHEMBL2032826,CHEMBL2029251
CHEMBL2029926,201.6,6.70,CHEMBL2032826,CHEMBL2029251
CHEMBL2029927,3250.0,5.49,CHEMBL2032826,CHEMBL2029251
CHEMBL2029928,364.0,6.44,CHEMBL2032826,CHEMBL2029251
CHEMBL2029929,29.7,7.53,CHEMBL2032826,CHEMBL2029251
CHEMBL2029930,48.7,7.31,CHEMBL2032826,CHEMBL2029251
CHEMBL2029931,478.0,6.32,CHEMBL2032826,CHEMBL2029251
CHEMBL2030622,10000.0,,CHEMBL2033368,CHEMBL2029272
CHEMBL2030623,10000.0,,CHEMBL2033368,CHEMBL2029272
CHEMBL2030624,10000.0,,CHEMBL2033368,CHEMBL2029272
CHEMBL104700,10000.0,,CHEMBL2033368,CHEMBL2029272
CHEMBL2030627,1000.0,,CHEMBL2033368,CHEMBL2029272
CHEMBL2030628,10000.0,,CHEMBL2033368,CHEMBL2029272
CHEMBL2030629,10000.0,,CHEMBL2033368,CHEMBL2029272
CHEMBL2030630,10000.0,,CHEMBL2033368,CHEMBL2029272
CHEMBL2030636,10000.0,,CHEMBL2033368,CHEMBL2029272
CHEMBL270595,10000.0,,CHEMBL2033368,CHEMBL2029272
CHEMBL2030637,9914.0,5.00,CHEMBL2033368,CHEMBL2029272
CHEMBL439849,666.0,6.18,CHEMBL2037965,CHEMBL2034919
CHEMBL1946254,259.0,6.59,CHEMBL2037965,CHEMBL2034919
CHEMBL1946257,1983.0,5.70,CHEMBL2037965,CHEMBL2034919
CHEMBL2037430,2321.0,5.63,CHEMBL2037965,CHEMBL2034919
CHEMBL2037431,219.0,6.66,CHEMBL2037965,CHEMBL2034919
CHEMBL2037432,201.0,6.70,CHEMBL2037965,CHEMBL2034919
CHEMBL2037521,26.5,7.58,CHEMBL2037965,CHEMBL2034919
CHEMBL2037522,30.8,7.51,CHEMBL2037965,CHEMBL2034919
CHEMBL2037523,990.0,6.00,CHEMBL2037965,CHEMBL2034919
CHEMBL2037524,8355.0,5.08,CHEMBL2037965,CHEMBL2034919
CHEMBL2037525,10000.0,,CHEMBL2037965,CHEMBL2034919
CHEMBL2037518,530.0,6.28,CHEMBL2037965,CHEMBL2034919
CHEMBL2037519,1522.0,5.82,CHEMBL2037965,CHEMBL2034919
CHEMBL2037520,217.0,6.66,CHEMBL2037965,CHEMBL2034919
CHEMBL2037526,25.0,7.60,CHEMBL2037965,CHEMBL2034919
CHEMBL2037527,2931.0,5.53,CHEMBL2037965,CHEMBL2034919
CHEMBL2037528,4793.0,5.32,CHEMBL2037965,CHEMBL2034919
CHEMBL2037529,505.0,6.30,CHEMBL2037965,CHEMBL2034919
CHEMBL2037530,198.0,6.70,CHEMBL2037965,CHEMBL2034919
CHEMBL2037531,642.0,6.19,CHEMBL2037965,CHEMBL2034919
CHEMBL2059323,2.5,8.60,CHEMBL2060138,CHEMBL2057071
CHEMBL54,3.0,8.52,CHEMBL2060138,CHEMBL2057071
CHEMBL2059304,5.5,8.26,CHEMBL2060138,CHEMBL2057071
CHEMBL2059318,6.5,8.19,CHEMBL2060138,CHEMBL2057071
CHEMBL2059306,9.5,8.02,CHEMBL2060138,CHEMBL2057071
CHEMBL2059322,14.0,7.85,CHEMBL2060138,CHEMBL2057071
CHEMBL2059324,15.0,7.82,CHEMBL2060138,CHEMBL2057071
CHEMBL2059311,16.0,7.80,CHEMBL2060138,CHEMBL2057071
CHEMBL2059321,41.0,7.39,CHEMBL2060138,CHEMBL2057071
CHEMBL2059305,42.0,7.38,CHEMBL2060138,CHEMBL2057071
CHEMBL2059312,55.0,7.26,CHEMBL2060138,CHEMBL2057071
CHEMBL2059317,60.0,7.22,CHEMBL2060138,CHEMBL2057071
CHEMBL2059319,90.0,7.05,CHEMBL2060138,CHEMBL2057071
CHEMBL2059320,95.0,7.02,CHEMBL2060138,CHEMBL2057071
CHEMBL2059310,600.0,6.22,CHEMBL2060138,CHEMBL2057071
CHEMBL2059316,650.0,6.19,CHEMBL2060138,CHEMBL2057071
CHEMBL2059308,1100.0,5.96,CHEMBL2060138,CHEMBL2057071
CHEMBL2059313,1250.0,5.90,CHEMBL2060138,CHEMBL2057071
CHEMBL2059315,1350.0,5.87,CHEMBL2060138,CHEMBL2057071
CHEMBL2059307,2200.0,5.66,CHEMBL2060138,CHEMBL2057071
CHEMBL1242923,5000.0,,CHEMBL2060138,CHEMBL2057071
CHEMBL2059314,9500.0,,CHEMBL2060138,CHEMBL2057071
CHEMBL267930,0.28,9.55,CHEMBL2060922,CHEMBL2057072
CHEMBL487387,56.17,7.25,CHEMBL2060922,CHEMBL2057072
CHEMBL2057457,160.99,6.79,CHEMBL2060922,CHEMBL2057072
CHEMBL2057456,146.99,6.83,CHEMBL2060922,CHEMBL2057072
CHEMBL2057453,346.76,6.46,CHEMBL2060922,CHEMBL2057072
CHEMBL2057451,223.61,6.65,CHEMBL2060922,CHEMBL2057072
CHEMBL2062848,12000.0,4.92,CHEMBL2066740,CHEMBL2062374
CHEMBL2062849,1700.0,5.77,CHEMBL2066740,CHEMBL2062374
CHEMBL2062850,7400.0,5.13,CHEMBL2066740,CHEMBL2062374
CHEMBL2062851,250.0,6.60,CHEMBL2066740,CHEMBL2062374
CHEMBL2062852,38000.0,4.42,CHEMBL2066740,CHEMBL2062374
CHEMBL2062853,3900.0,5.41,CHEMBL2066740,CHEMBL2062374
CHEMBL2062854,66000.0,4.18,CHEMBL2066740,CHEMBL2062374
CHEMBL2062855,16000.0,4.80,CHEMBL2066740,CHEMBL2062374
CHEMBL2062856,5000.0,5.30,CHEMBL2066740,CHEMBL2062374
CHEMBL2062857,2000.0,5.70,CHEMBL2066740,CHEMBL2062374
CHEMBL2062858,42000.0,4.38,CHEMBL2066740,CHEMBL2062374
CHEMBL2062859,12000.0,4.92,CHEMBL2066740,CHEMBL2062374
CHEMBL2062860,7000.0,5.16,CHEMBL2066740,CHEMBL2062374
CHEMBL2062861,2000.0,5.70,CHEMBL2066740,CHEMBL2062374
CHEMBL59,2100.0,5.68,CHEMBL2066740,CHEMBL2062374
CHEMBL53,50.0,7.30,CHEMBL2066740,CHEMBL2062374
CHEMBL2146597,1258.93,,CHEMBL2149602,CHEMBL2146410
CHEMBL1802360,0.5012,9.30,CHEMBL2149602,CHEMBL2146410
CHEMBL2159455,32.0,7.50,CHEMBL2162846,CHEMBL2157986
CHEMBL2159456,1059.0,5.97,CHEMBL2162846,CHEMBL2157986
CHEMBL2159457,50.0,7.30,CHEMBL2162846,CHEMBL2157986
CHEMBL2159458,46.0,7.34,CHEMBL2162846,CHEMBL2157986
CHEMBL2159459,839.0,6.08,CHEMBL2162846,CHEMBL2157986
CHEMBL2159460,66.0,7.18,CHEMBL2162846,CHEMBL2157986
CHEMBL2159461,50.0,7.30,CHEMBL2162846,CHEMBL2157986
CHEMBL2159462,560.0,6.25,CHEMBL2162846,CHEMBL2157986
CHEMBL2159463,76.0,7.12,CHEMBL2162846,CHEMBL2157986
CHEMBL2159464,84.0,7.08,CHEMBL2162846,CHEMBL2157986
CHEMBL2159465,51.0,7.29,CHEMBL2162846,CHEMBL2157986
CHEMBL2159466,63.0,7.20,CHEMBL2162846,CHEMBL2157986
CHEMBL2159467,15.0,7.82,CHEMBL2162846,CHEMBL2157986
CHEMBL2159468,79.0,7.10,CHEMBL2162846,CHEMBL2157986
CHEMBL2159469,24.0,7.62,CHEMBL2162846,CHEMBL2157986
CHEMBL2159470,16.0,7.80,CHEMBL2162846,CHEMBL2157986
CHEMBL2159471,16.0,7.80,CHEMBL2162846,CHEMBL2157986
CHEMBL2159472,72.0,7.14,CHEMBL2162846,CHEMBL2157986
CHEMBL2159473,729.0,6.14,CHEMBL2162846,CHEMBL2157986
CHEMBL2159474,67.0,7.17,CHEMBL2162846,CHEMBL2157986
CHEMBL2159475,78.0,7.11,CHEMBL2162846,CHEMBL2157986
CHEMBL2159476,318.0,6.50,CHEMBL2162846,CHEMBL2157986
CHEMBL2159477,10.0,8.00,CHEMBL2162846,CHEMBL2157986
CHEMBL2159478,41.0,7.39,CHEMBL2162846,CHEMBL2157986
CHEMBL2159479,11.0,7.96,CHEMBL2162846,CHEMBL2157986
CHEMBL2159480,72.0,7.14,CHEMBL2162846,CHEMBL2157986
CHEMBL2159481,24.0,7.62,CHEMBL2162846,CHEMBL2157986
CHEMBL2159482,523.0,6.28,CHEMBL2162846,CHEMBL2157986
CHEMBL2159483,18.0,7.75,CHEMBL2162846,CHEMBL2157986
CHEMBL2159484,60.0,7.22,CHEMBL2162846,CHEMBL2157986
CHEMBL2159485,25.0,7.60,CHEMBL2162846,CHEMBL2157986
CHEMBL2159486,36.0,7.44,CHEMBL2162846,CHEMBL2157986
CHEMBL2159487,20.0,7.70,CHEMBL2162846,CHEMBL2157986
CHEMBL2159488,39.0,7.41,CHEMBL2162846,CHEMBL2157986
CHEMBL2159489,16.0,7.80,CHEMBL2162846,CHEMBL2157986
CHEMBL2159490,25.0,7.60,CHEMBL2162846,CHEMBL2157986
CHEMBL2159491,8.0,8.10,CHEMBL2162846,CHEMBL2157986
CHEMBL2159492,10.0,8.00,CHEMBL2162846,CHEMBL2157986
CHEMBL42,72.0,7.14,CHEMBL2162846,CHEMBL2157986
CHEMBL715,7.0,8.15,CHEMBL2162846,CHEMBL2157986
CHEMBL1255966,1430.0,5.84,CHEMBL2162509,CHEMBL2157876
CHEMBL71,1.2,8.92,CHEMBL2162509,CHEMBL2157876
CHEMBL2158640,160.0,6.80,CHEMBL2162509,CHEMBL2157876
CHEMBL2158636,490.0,6.31,CHEMBL2162509,CHEMBL2157876
CHEMBL1224527,230.0,6.64,CHEMBL2162509,CHEMBL2157876
CHEMBL125916,37.4,7.43,CHEMBL2167045,CHEMBL2163217
CHEMBL346692,103.0,6.99,CHEMBL2167045,CHEMBL2163217
CHEMBL2165120,3.4,8.47,CHEMBL2169117,CHEMBL2163335
CHEMBL2165119,1.2,8.92,CHEMBL2169117,CHEMBL2163335
CHEMBL2165118,5.7,8.24,CHEMBL2169117,CHEMBL2163335
CHEMBL2165117,18.0,7.75,CHEMBL2169117,CHEMBL2163335
CHEMBL2165116,104.0,6.98,CHEMBL2169117,CHEMBL2163335
CHEMBL2165115,11.0,7.96,CHEMBL2169117,CHEMBL2163335
CHEMBL2165114,18.0,7.75,CHEMBL2169117,CHEMBL2163335
CHEMBL2165140,20.0,7.70,CHEMBL2169117,CHEMBL2163335
CHEMBL2165139,30.0,7.52,CHEMBL2169117,CHEMBL2163335
CHEMBL2165138,75.0,7.12,CHEMBL2169117,CHEMBL2163335
CHEMBL2165137,42.0,7.38,CHEMBL2169117,CHEMBL2163335
CHEMBL2165136,17.0,7.77,CHEMBL2169117,CHEMBL2163335
CHEMBL2165135,15.0,7.82,CHEMBL2169117,CHEMBL2163335
CHEMBL2165134,66.0,7.18,CHEMBL2169117,CHEMBL2163335
CHEMBL2165133,18.0,7.75,CHEMBL2169117,CHEMBL2163335
CHEMBL1774063,3.4,8.47,CHEMBL2169117,CHEMBL2163335
CHEMBL161792,7.3,8.14,CHEMBL2169117,CHEMBL2163335
CHEMBL2165132,108.0,6.97,CHEMBL2169117,CHEMBL2163335
CHEMBL2165131,113.0,6.95,CHEMBL2169117,CHEMBL2163335
CHEMBL2165130,235.0,6.63,CHEMBL2169117,CHEMBL2163335
CHEMBL2165129,1004.0,6.00,CHEMBL2169117,CHEMBL2163335
CHEMBL2165128,145.0,6.84,CHEMBL2169117,CHEMBL2163335
CHEMBL2165127,21.0,7.68,CHEMBL2169117,CHEMBL2163335
CHEMBL2165126,3.6,8.44,CHEMBL2169117,CHEMBL2163335
CHEMBL2165125,11.0,7.96,CHEMBL2169117,CHEMBL2163335
CHEMBL160744,8.1,8.09,CHEMBL2169117,CHEMBL2163335
CHEMBL2165124,53.0,7.28,CHEMBL2169117,CHEMBL2163335
CHEMBL2165123,21.0,7.68,CHEMBL2169117,CHEMBL2163335
CHEMBL2165122,4.2,8.38,CHEMBL2169117,CHEMBL2163335
CHEMBL346129,5.9,8.23,CHEMBL2169117,CHEMBL2163335
CHEMBL160921,2.9,8.54,CHEMBL2169117,CHEMBL2163335
CHEMBL157923,3.7,8.43,CHEMBL2169117,CHEMBL2163335
CHEMBL160630,5.5,8.26,CHEMBL2169117,CHEMBL2163335
CHEMBL160357,4.3,8.37,CHEMBL2169117,CHEMBL2163335
CHEMBL2165121,3.1,8.51,CHEMBL2169117,CHEMBL2163335
CHEMBL443034,2.8,8.55,CHEMBL2169117,CHEMBL2163335
CHEMBL160296,0.3,9.52,CHEMBL2169117,CHEMBL2163335
CHEMBL1112,3.9,8.41,CHEMBL2169117,CHEMBL2163335
CHEMBL2164434,13570.0,4.87,CHEMBL2168000,CHEMBL2163237
CHEMBL2165679,84.0,7.08,CHEMBL2168000,CHEMBL2163237
CHEMBL2165678,15.6,7.81,CHEMBL2168000,CHEMBL2163237
CHEMBL26789,20.6,7.69,CHEMBL2168000,CHEMBL2163237
CHEMBL2165677,3.4,8.47,CHEMBL2168000,CHEMBL2163237
CHEMBL2165676,5.2,8.28,CHEMBL2168000,CHEMBL2163237
CHEMBL2165675,63.7,7.20,CHEMBL2168000,CHEMBL2163237
CHEMBL2165674,265.0,6.58,CHEMBL2168000,CHEMBL2163237
CHEMBL2165673,45.9,7.34,CHEMBL2168000,CHEMBL2163237
CHEMBL9666,679.6,6.17,CHEMBL2168000,CHEMBL2163237
CHEMBL1424807,137.3,6.86,CHEMBL2168000,CHEMBL2163237
CHEMBL125916,37.4,7.43,CHEMBL2168000,CHEMBL2163237
CHEMBL346692,103.0,6.99,CHEMBL2168000,CHEMBL2163237
CHEMBL2179222,1812.0,5.74,CHEMBL2185773,CHEMBL2176989
CHEMBL2179217,302.6,6.52,CHEMBL2185773,CHEMBL2176989
CHEMBL240773,1185.0,5.93,CHEMBL2182832,CHEMBL2177058
CHEMBL59,422.0,6.38,CHEMBL2182832,CHEMBL2177058
CHEMBL2180641,831.0,6.08,CHEMBL2182832,CHEMBL2177058
CHEMBL2180640,1233.0,5.91,CHEMBL2182832,CHEMBL2177058
CHEMBL2180639,450.0,6.35,CHEMBL2182832,CHEMBL2177058
CHEMBL2180638,118.0,6.93,CHEMBL2182832,CHEMBL2177058
CHEMBL2180637,1420.0,5.85,CHEMBL2182832,CHEMBL2177058
CHEMBL1188090,64.4,7.19,CHEMBL2182832,CHEMBL2177058
CHEMBL2204343,0.55,9.26,CHEMBL2208721,CHEMBL2203023
CHEMBL54,2.84,8.55,CHEMBL2208721,CHEMBL2203023
CHEMBL2203406,4000.0,,CHEMBL2209154,CHEMBL2203147
CHEMBL2207498,574.0,6.24,CHEMBL2211560,CHEMBL2203152
CHEMBL2207497,1535.0,5.81,CHEMBL2211560,CHEMBL2203152
CHEMBL2207496,41.0,7.39,CHEMBL2211560,CHEMBL2203152
CHEMBL2207495,12830.0,4.89,CHEMBL2211560,CHEMBL2203152
CHEMBL2207494,5182.0,5.29,CHEMBL2211560,CHEMBL2203152
CHEMBL2207493,456.0,6.34,CHEMBL2211560,CHEMBL2203152
CHEMBL2207492,10820.0,4.97,CHEMBL2211560,CHEMBL2203152
CHEMBL2207491,109.0,6.96,CHEMBL2211560,CHEMBL2203152
CHEMBL2207490,187.0,6.73,CHEMBL2211560,CHEMBL2203152
CHEMBL2207489,34.0,7.47,CHEMBL2211560,CHEMBL2203152
CHEMBL2207488,803.0,6.09,CHEMBL2211560,CHEMBL2203152
CHEMBL2207487,26.0,7.58,CHEMBL2211560,CHEMBL2203152
CHEMBL2207486,19.0,7.72,CHEMBL2211560,CHEMBL2203152
CHEMBL2207485,157.0,6.80,CHEMBL2211560,CHEMBL2203152
CHEMBL2207484,43.0,7.37,CHEMBL2211560,CHEMBL2203152
CHEMBL1423,11.7,7.93,CHEMBL2211561,CHEMBL2203152
CHEMBL708,8.5,8.07,CHEMBL2211561,CHEMBL2203152
CHEMBL85,2.7,8.57,CHEMBL2211561,CHEMBL2203152
CHEMBL2207498,2325.0,5.63,CHEMBL2211561,CHEMBL2203152
CHEMBL2207497,2870.0,5.54,CHEMBL2211561,CHEMBL2203152
CHEMBL2207496,112.0,6.95,CHEMBL2211561,CHEMBL2203152
CHEMBL2207495,12160.0,4.92,CHEMBL2211561,CHEMBL2203152
CHEMBL2207494,2002.0,5.70,CHEMBL2211561,CHEMBL2203152
CHEMBL2207493,371.0,6.43,CHEMBL2211561,CHEMBL2203152
CHEMBL2207491,1136.0,5.95,CHEMBL2211561,CHEMBL2203152
CHEMBL2207490,1066.0,5.97,CHEMBL2211561,CHEMBL2203152
CHEMBL2207489,194.0,6.71,CHEMBL2211561,CHEMBL2203152
CHEMBL2207488,2717.0,5.57,CHEMBL2211561,CHEMBL2203152
CHEMBL2207487,121.0,6.92,CHEMBL2211561,CHEMBL2203152
CHEMBL2207486,32.0,7.50,CHEMBL2211561,CHEMBL2203152
CHEMBL2207485,275.0,6.56,CHEMBL2211561,CHEMBL2203152
CHEMBL2207484,27.0,7.57,CHEMBL2211561,CHEMBL2203152
CHEMBL2205831,2830.0,5.55,CHEMBL2210352,CHEMBL2203059
CHEMBL2207643,24.0,7.62,CHEMBL2214282,CHEMBL2203106
CHEMBL2207642,160.0,6.80,CHEMBL2214282,CHEMBL2203106
CHEMBL2207641,34.0,7.47,CHEMBL2214282,CHEMBL2203106
CHEMBL2207640,57.0,7.24,CHEMBL2214282,CHEMBL2203106
CHEMBL2207639,92.0,7.04,CHEMBL2214282,CHEMBL2203106
CHEMBL2207638,37.0,7.43,CHEMBL2214282,CHEMBL2203106
CHEMBL2207637,140.0,6.85,CHEMBL2214282,CHEMBL2203106
CHEMBL2207636,39.0,7.41,CHEMBL2214282,CHEMBL2203106
CHEMBL2207635,68.0,7.17,CHEMBL2214282,CHEMBL2203106
CHEMBL2207634,60.0,7.22,CHEMBL2214282,CHEMBL2203106
CHEMBL2207633,67.0,7.17,CHEMBL2214282,CHEMBL2203106
CHEMBL2207632,76.0,7.12,CHEMBL2214282,CHEMBL2203106
CHEMBL2207643,33.0,7.48,CHEMBL2214283,CHEMBL2203106
CHEMBL2207642,95.0,7.02,CHEMBL2214283,CHEMBL2203106
CHEMBL2207641,17.0,7.77,CHEMBL2214283,CHEMBL2203106
CHEMBL2207640,60.0,7.22,CHEMBL2214283,CHEMBL2203106
CHEMBL2207639,130.0,6.89,CHEMBL2214283,CHEMBL2203106
CHEMBL2207638,51.0,7.29,CHEMBL2214283,CHEMBL2203106
CHEMBL2207637,210.0,6.68,CHEMBL2214283,CHEMBL2203106
CHEMBL2207636,8.3,8.08,CHEMBL2214283,CHEMBL2203106
CHEMBL2207635,150.0,6.82,CHEMBL2214283,CHEMBL2203106
CHEMBL2207634,76.0,7.12,CHEMBL2214283,CHEMBL2203106
CHEMBL2207633,65.0,7.19,CHEMBL2214283,CHEMBL2203106
CHEMBL2207632,95.0,7.02,CHEMBL2214283,CHEMBL2203106
CHEMBL84819,1403.0,5.85,CHEMBL3073105,CHEMBL3046886
CHEMBL87260,865.0,6.06,CHEMBL3073105,CHEMBL3046886
CHEMBL85441,406.0,6.39,CHEMBL3073105,CHEMBL3046886
CHEMBL312877,293.0,6.53,CHEMBL3073105,CHEMBL3046886
CHEMBL85972,269.0,6.57,CHEMBL3073105,CHEMBL3046886
CHEMBL2298813,129.0,6.89,CHEMBL3073105,CHEMBL3046886
CHEMBL88058,126.0,6.90,CHEMBL3073105,CHEMBL3046886
CHEMBL2298831,105.0,6.98,CHEMBL3073105,CHEMBL3046886
CHEMBL2298817,97.0,7.01,CHEMBL3073105,CHEMBL3046886
CHEMBL314983,70.0,7.16,CHEMBL3073105,CHEMBL3046886
CHEMBL2298799,51.3,7.29,CHEMBL3073105,CHEMBL3046886
CHEMBL2298801,45.5,7.34,CHEMBL3073105,CHEMBL3046886
CHEMBL2299003,44.8,7.35,CHEMBL3073105,CHEMBL3046886
CHEMBL2298821,33.0,7.48,CHEMBL3073105,CHEMBL3046886
CHEMBL2299001,26.1,7.58,CHEMBL3073105,CHEMBL3046886
CHEMBL2298820,20.0,7.70,CHEMBL3073105,CHEMBL3046886
CHEMBL2298830,13.2,7.88,CHEMBL3073105,CHEMBL3046886
CHEMBL2298824,12.6,7.90,CHEMBL3073105,CHEMBL3046886
CHEMBL313620,8.8,8.06,CHEMBL3073105,CHEMBL3046886
CHEMBL2298806,1.66,8.78,CHEMBL3073105,CHEMBL3046886
CHEMBL183776,5.37,8.27,CHEMBL3073105,CHEMBL3046886
CHEMBL87478,8.0,8.10,CHEMBL3073105,CHEMBL3046886
CHEMBL363124,23.99,7.62,CHEMBL3073105,CHEMBL3046886
CHEMBL2298807,28.18,7.55,CHEMBL3073105,CHEMBL3046886
CHEMBL2299000,7.53,8.12,CHEMBL3073105,CHEMBL3046886
CHEMBL185436,31.62,7.50,CHEMBL3073105,CHEMBL3046886
CHEMBL184770,51.29,7.29,CHEMBL3073105,CHEMBL3046886
CHEMBL42,7.11,8.15,CHEMBL3073105,CHEMBL3046886
CHEMBL2298833,7.06,8.15,CHEMBL3073105,CHEMBL3046886
CHEMBL2298828,5.94,8.23,CHEMBL3073105,CHEMBL3046886
CHEMBL2298819,5.8,8.24,CHEMBL3073105,CHEMBL3046886
CHEMBL2298818,3.0,8.52,CHEMBL3073105,CHEMBL3046886
CHEMBL2298832,2.75,8.56,CHEMBL3073105,CHEMBL3046886
CHEMBL2298805,1.51,8.82,CHEMBL3073105,CHEMBL3046886
CHEMBL2299002,1.3,8.89,CHEMBL3073105,CHEMBL3046886
CHEMBL2298827,0.67,9.17,CHEMBL3073105,CHEMBL3046886
CHEMBL2298822,0.4,9.40,CHEMBL3073105,CHEMBL3046886
CHEMBL2298829,0.19,9.72,CHEMBL3073105,CHEMBL3046886
CHEMBL85700,3333.0,,CHEMBL3073105,CHEMBL3046886
CHEMBL2298804,1000.0,,CHEMBL3073105,CHEMBL3046886
CHEMBL2298803,1000.0,,CHEMBL3073105,CHEMBL3046886
CHEMBL2298802,1000.0,,CHEMBL3073105,CHEMBL3046886
CHEMBL2298800,1000.0,,CHEMBL3073105,CHEMBL3046886
CHEMBL2299004,1000.0,,CHEMBL3073105,CHEMBL3046886
CHEMBL2298834,1000.0,,CHEMBL3073105,CHEMBL3046886
CHEMBL2298826,1000.0,,CHEMBL3073105,CHEMBL3046886
CHEMBL2298825,1000.0,,CHEMBL3073105,CHEMBL3046886
CHEMBL2298823,1000.0,,CHEMBL3073105,CHEMBL3046886
CHEMBL2298816,1000.0,,CHEMBL3073105,CHEMBL3046886
CHEMBL2298815,1000.0,,CHEMBL3073105,CHEMBL3046886
CHEMBL2298814,1000.0,,CHEMBL3073105,CHEMBL3046886
CHEMBL1112,0.8,9.10,CHEMBL2321509,CHEMBL2311489
CHEMBL2312640,8.0,8.10,CHEMBL2321509,CHEMBL2311489
CHEMBL2312639,17.0,7.77,CHEMBL2321509,CHEMBL2311489
CHEMBL2312637,11.0,7.96,CHEMBL2321509,CHEMBL2311489
CHEMBL2312935,9.0,8.05,CHEMBL2321509,CHEMBL2311489
CHEMBL2312934,16.0,7.80,CHEMBL2321509,CHEMBL2311489
CHEMBL2326176,160.0,6.80,CHEMBL2327488,CHEMBL2321719
CHEMBL2326175,220.0,6.66,CHEMBL2327488,CHEMBL2321719
CHEMBL2325935,69.0,7.16,CHEMBL2327488,CHEMBL2321719
CHEMBL2325934,830.0,6.08,CHEMBL2327488,CHEMBL2321719
CHEMBL1259203,120.0,6.92,CHEMBL2327488,CHEMBL2321719
CHEMBL2325933,1100.0,5.96,CHEMBL2327488,CHEMBL2321719
CHEMBL2325932,76.0,7.12,CHEMBL2327488,CHEMBL2321719
CHEMBL2325931,260.0,6.58,CHEMBL2327488,CHEMBL2321719
CHEMBL2325930,27.0,7.57,CHEMBL2327488,CHEMBL2321719
CHEMBL2325929,6400.0,5.19,CHEMBL2327488,CHEMBL2321719
CHEMBL2325928,150.0,6.82,CHEMBL2327488,CHEMBL2321719
CHEMBL2325927,880.0,6.06,CHEMBL2327488,CHEMBL2321719
CHEMBL2325926,15.0,7.82,CHEMBL2327488,CHEMBL2321719
CHEMBL328187,310.0,6.51,CHEMBL2327488,CHEMBL2321719
CHEMBL319352,140.0,6.85,CHEMBL2327488,CHEMBL2321719
CHEMBL12713,0.45,9.35,CHEMBL2327488,CHEMBL2321719
CHEMBL2326473,350.0,6.46,CHEMBL2328745,CHEMBL2321835
CHEMBL2326472,15.0,7.82,CHEMBL2328745,CHEMBL2321835
CHEMBL2326471,5000.0,5.30,CHEMBL2328745,CHEMBL2321835
CHEMBL2326470,580.0,6.24,CHEMBL2328745,CHEMBL2321835
CHEMBL2326469,490.0,6.31,CHEMBL2328745,CHEMBL2321835
CHEMBL2326468,320.0,6.50,CHEMBL2328745,CHEMBL2321835
CHEMBL2326485,38.0,7.42,CHEMBL2328745,CHEMBL2321835
CHEMBL2326484,200.0,6.70,CHEMBL2328745,CHEMBL2321835
CHEMBL2326483,5000.0,5.30,CHEMBL2328745,CHEMBL2321835
CHEMBL2326482,42.0,7.38,CHEMBL2328745,CHEMBL2321835
CHEMBL2326481,42.0,7.38,CHEMBL2328745,CHEMBL2321835
CHEMBL2326480,34.0,7.47,CHEMBL2328745,CHEMBL2321835
CHEMBL2326479,92.0,7.04,CHEMBL2328745,CHEMBL2321835
CHEMBL2326478,42.0,7.38,CHEMBL2328745,CHEMBL2321835
CHEMBL2326477,75.0,7.12,CHEMBL2328745,CHEMBL2321835
CHEMBL2326476,80.0,7.10,CHEMBL2328745,CHEMBL2321835
CHEMBL2326475,4300.0,5.37,CHEMBL2328745,CHEMBL2321835
CHEMBL2326474,800.0,6.10,CHEMBL2328745,CHEMBL2321835
CHEMBL2326492,5000.0,5.30,CHEMBL2328745,CHEMBL2321835
CHEMBL2326491,5000.0,5.30,CHEMBL2328745,CHEMBL2321835
CHEMBL2326490,1100.0,5.96,CHEMBL2328745,CHEMBL2321835
CHEMBL2326489,2500.0,5.60,CHEMBL2328745,CHEMBL2321835
CHEMBL2326488,1500.0,5.82,CHEMBL2328745,CHEMBL2321835
CHEMBL2326487,3900.0,5.41,CHEMBL2328745,CHEMBL2321835
CHEMBL2326486,150.0,6.82,CHEMBL2328745,CHEMBL2321835
CHEMBL218166,0.6,9.22,CHEMBL2328745,CHEMBL2321835
CHEMBL1112,0.2,9.70,CHEMBL2328745,CHEMBL2321835
CHEMBL2323582,1971.0,5.71,CHEMBL2328677,CHEMBL2321700
CHEMBL210405,75.0,7.12,CHEMBL2346426,CHEMBL2331212
CHEMBL59,110.0,6.96,CHEMBL2346426,CHEMBL2331212
CHEMBL2336893,28.0,7.55,CHEMBL2346426,CHEMBL2331212
CHEMBL2336892,33.0,7.48,CHEMBL2346426,CHEMBL2331212
CHEMBL2336892,240.0,6.62,CHEMBL2346426,CHEMBL2331212
CHEMBL210405,140.0,6.85,CHEMBL2346428,CHEMBL2331212
CHEMBL59,190.0,6.72,CHEMBL2346428,CHEMBL2331212
CHEMBL2336893,39.0,7.41,CHEMBL2346428,CHEMBL2331212
CHEMBL2336892,55.0,7.26,CHEMBL2346428,CHEMBL2331212
CHEMBL2336892,350.0,6.46,CHEMBL2346428,CHEMBL2331212
CHEMBL2334887,5000.0,,CHEMBL2343279,CHEMBL2331343
CHEMBL2314732,5000.0,,CHEMBL2343279,CHEMBL2331343
CHEMBL487182,5000.0,,CHEMBL2343279,CHEMBL2331343
CHEMBL2334891,91.0,7.04,CHEMBL2343279,CHEMBL2331343
CHEMBL1457510,145.0,6.84,CHEMBL2343279,CHEMBL2331343
CHEMBL448891,305.0,6.52,CHEMBL2343279,CHEMBL2331343
CHEMBL2057453,347.0,6.46,CHEMBL2343279,CHEMBL2331343
CHEMBL2334892,105.0,6.98,CHEMBL2343279,CHEMBL2331343
CHEMBL2334893,32.0,7.50,CHEMBL2343279,CHEMBL2331343
CHEMBL1235966,214.0,6.67,CHEMBL2343279,CHEMBL2331343
CHEMBL2057457,161.0,6.79,CHEMBL2343279,CHEMBL2331343
CHEMBL490533,119.0,6.92,CHEMBL2343279,CHEMBL2331343
CHEMBL320397,113.0,6.95,CHEMBL2343279,CHEMBL2331343
CHEMBL2057456,147.0,6.83,CHEMBL2343279,CHEMBL2331343
CHEMBL487387,11.0,7.96,CHEMBL2343279,CHEMBL2331343
CHEMBL267930,1.2,8.92,CHEMBL2343279,CHEMBL2331343
CHEMBL449920,6400.0,5.19,CHEMBL2344228,CHEMBL2331278
CHEMBL2048230,23000.0,4.64,CHEMBL2344228,CHEMBL2331278
CHEMBL2048227,900.0,6.05,CHEMBL2344228,CHEMBL2331278
CHEMBL2336282,580.0,6.24,CHEMBL2344228,CHEMBL2331278
CHEMBL2336280,12.0,7.92,CHEMBL2344228,CHEMBL2331278
CHEMBL92887,22.0,7.66,CHEMBL2344228,CHEMBL2331278
CHEMBL2336289,3800.0,5.42,CHEMBL2344228,CHEMBL2331278
CHEMBL480434,270.0,6.57,CHEMBL2344228,CHEMBL2331278
CHEMBL2336285,180.0,6.75,CHEMBL2344228,CHEMBL2331278
CHEMBL2336284,1500.0,5.82,CHEMBL2344228,CHEMBL2331278
CHEMBL451149,300.0,6.52,CHEMBL2344228,CHEMBL2331278
CHEMBL2048226,170.0,6.77,CHEMBL2344228,CHEMBL2331278
CHEMBL114510,470.0,6.33,CHEMBL2344228,CHEMBL2331278
CHEMBL449920,6309.57,5.20,CHEMBL2344228,CHEMBL2331278
CHEMBL2048230,25118.86,4.60,CHEMBL2344228,CHEMBL2331278
CHEMBL2048227,1000.0,6.00,CHEMBL2344228,CHEMBL2331278
CHEMBL2336282,630.96,6.20,CHEMBL2344228,CHEMBL2331278
CHEMBL2336280,12.59,7.90,CHEMBL2344228,CHEMBL2331278
CHEMBL92887,19.95,7.70,CHEMBL2344228,CHEMBL2331278
CHEMBL2336284,1584.89,5.80,CHEMBL2344228,CHEMBL2331278
CHEMBL114510,501.19,6.30,CHEMBL2344228,CHEMBL2331278
CHEMBL2048226,158.49,6.80,CHEMBL2344228,CHEMBL2331278
CHEMBL451149,316.23,6.50,CHEMBL2344228,CHEMBL2331278
CHEMBL2336289,3981.07,5.40,CHEMBL2344228,CHEMBL2331278
CHEMBL2336285,199.53,6.70,CHEMBL2344228,CHEMBL2331278
CHEMBL480434,251.19,6.60,CHEMBL2344228,CHEMBL2331278
CHEMBL2335739,10000.0,,CHEMBL2346210,CHEMBL2331372
CHEMBL2335738,195.0,6.71,CHEMBL2346210,CHEMBL2331372
CHEMBL2331599,132.0,6.88,CHEMBL2346210,CHEMBL2331372
CHEMBL2335741,101.0,7.00,CHEMBL2346210,CHEMBL2331372
CHEMBL2335740,14.8,7.83,CHEMBL2346210,CHEMBL2331372
CHEMBL2335737,12.3,7.91,CHEMBL2346210,CHEMBL2331372
CHEMBL2335736,4.0,8.40,CHEMBL2346210,CHEMBL2331372
CHEMBL715,11.0,7.96,CHEMBL2352923,CHEMBL2346662
CHEMBL2377445,80.0,7.10,CHEMBL2379237,CHEMBL2375249
CHEMBL2377443,343.0,6.46,CHEMBL2379237,CHEMBL2375249
CHEMBL2377591,161.0,6.79,CHEMBL2379237,CHEMBL2375249
CHEMBL2377590,14.0,7.85,CHEMBL2379237,CHEMBL2375249
CHEMBL52096,10.8,7.97,CHEMBL2390029,CHEMBL2385071
CHEMBL51767,11.75,7.93,CHEMBL2390029,CHEMBL2385071
CHEMBL300780,112.0,6.95,CHEMBL2388819,CHEMBL2385020
CHEMBL2386623,169.0,6.77,CHEMBL2388819,CHEMBL2385020
CHEMBL2386622,152.0,6.82,CHEMBL2388819,CHEMBL2385020
CHEMBL2386621,145.0,6.84,CHEMBL2388819,CHEMBL2385020
CHEMBL2386620,119.0,6.92,CHEMBL2388819,CHEMBL2385020
CHEMBL2386619,280.0,6.55,CHEMBL2388819,CHEMBL2385020
CHEMBL2386618,43.7,7.36,CHEMBL2388819,CHEMBL2385020
CHEMBL2386617,100.0,7.00,CHEMBL2388819,CHEMBL2385020
CHEMBL2386616,151.0,6.82,CHEMBL2388819,CHEMBL2385020
CHEMBL2386615,107.0,6.97,CHEMBL2388819,CHEMBL2385020
CHEMBL2386614,125.0,6.90,CHEMBL2388819,CHEMBL2385020
CHEMBL2386613,138.0,6.86,CHEMBL2388819,CHEMBL2385020
CHEMBL2386612,56.5,7.25,CHEMBL2388819,CHEMBL2385020
CHEMBL2386611,95.2,7.02,CHEMBL2388819,CHEMBL2385020
CHEMBL2386610,111.0,6.96,CHEMBL2388819,CHEMBL2385020
CHEMBL2386609,128.0,6.89,CHEMBL2388819,CHEMBL2385020
CHEMBL2386608,108.0,6.97,CHEMBL2388819,CHEMBL2385020
CHEMBL2386607,125.0,6.90,CHEMBL2388819,CHEMBL2385020
CHEMBL2386606,101.0,7.00,CHEMBL2388819,CHEMBL2385020
CHEMBL2386605,119.0,6.92,CHEMBL2388819,CHEMBL2385020
CHEMBL2386604,128.0,6.89,CHEMBL2388819,CHEMBL2385020
CHEMBL59713,58.8,7.23,CHEMBL2388819,CHEMBL2385020
CHEMBL59725,3600.0,5.44,CHEMBL2388819,CHEMBL2385020
CHEMBL287198,10000.0,,CHEMBL2388819,CHEMBL2385020
CHEMBL304605,198.0,6.70,CHEMBL2388819,CHEMBL2385020
CHEMBL2386603,89.0,7.05,CHEMBL2388819,CHEMBL2385020
CHEMBL540612,61.0,7.21,CHEMBL2388819,CHEMBL2385020
CHEMBL2391541,10000.0,,CHEMBL2395828,CHEMBL2390840
CHEMBL30713,10000.0,,CHEMBL2395828,CHEMBL2390840
CHEMBL267930,0.089,10.05,CHEMBL2395274,CHEMBL2390918
CHEMBL1255588,0.74,9.13,CHEMBL2395699,CHEMBL2390830
CHEMBL2397385,170.0,6.77,CHEMBL2399862,CHEMBL2396540
CHEMBL3216146,79.0,7.10,CHEMBL2399862,CHEMBL2396540
CHEMBL2397383,47.0,7.33,CHEMBL2399862,CHEMBL2396540
CHEMBL2397382,43.0,7.37,CHEMBL2399862,CHEMBL2396540
CHEMBL2397381,77.0,7.11,CHEMBL2399862,CHEMBL2396540
CHEMBL2397380,54.0,7.27,CHEMBL2399862,CHEMBL2396540
CHEMBL53,53.0,7.28,CHEMBL2399862,CHEMBL2396540
CHEMBL59,2100.0,5.68,CHEMBL2399862,CHEMBL2396540
CHEMBL2397480,16.0,7.80,CHEMBL2400820,CHEMBL2396548
CHEMBL2397479,33.0,7.48,CHEMBL2400820,CHEMBL2396548
CHEMBL2397478,3.9,8.41,CHEMBL2400820,CHEMBL2396548
CHEMBL2397477,8.8,8.06,CHEMBL2400820,CHEMBL2396548
CHEMBL2397476,14.0,7.85,CHEMBL2400820,CHEMBL2396548
CHEMBL2397392,9.3,8.03,CHEMBL2400820,CHEMBL2396548
CHEMBL2397391,280.0,6.55,CHEMBL2400820,CHEMBL2396548
CHEMBL2397390,230.0,6.64,CHEMBL2400820,CHEMBL2396548
CHEMBL2396663,21.0,7.68,CHEMBL2400820,CHEMBL2396548
CHEMBL2397389,18.0,7.75,CHEMBL2400820,CHEMBL2396548
CHEMBL240773,70.0,7.16,CHEMBL2400820,CHEMBL2396548
CHEMBL2397480,22.0,7.66,CHEMBL2400822,CHEMBL2396548
CHEMBL2397479,32.0,7.50,CHEMBL2400822,CHEMBL2396548
CHEMBL2397478,6.0,8.22,CHEMBL2400822,CHEMBL2396548
CHEMBL2397477,8.0,8.10,CHEMBL2400822,CHEMBL2396548
CHEMBL2397476,7.8,8.11,CHEMBL2400822,CHEMBL2396548
CHEMBL2397392,7.1,8.15,CHEMBL2400822,CHEMBL2396548
CHEMBL2397391,66.0,7.18,CHEMBL2400822,CHEMBL2396548
CHEMBL2397390,63.0,7.20,CHEMBL2400822,CHEMBL2396548
CHEMBL2396663,14.0,7.85,CHEMBL2400822,CHEMBL2396548
CHEMBL2397389,11.0,7.96,CHEMBL2400822,CHEMBL2396548
CHEMBL240773,260.0,6.58,CHEMBL2400822,CHEMBL2396548
CHEMBL2397480,2.0,8.70,CHEMBL2400821,CHEMBL2396548
CHEMBL2397479,3.1,8.51,CHEMBL2400821,CHEMBL2396548
CHEMBL2397478,0.53,9.28,CHEMBL2400821,CHEMBL2396548
CHEMBL2397477,4.2,8.38,CHEMBL2400821,CHEMBL2396548
CHEMBL2397476,1.1,8.96,CHEMBL2400821,CHEMBL2396548
CHEMBL2397392,0.55,9.26,CHEMBL2400821,CHEMBL2396548
CHEMBL2397391,3.9,8.41,CHEMBL2400821,CHEMBL2396548
CHEMBL2397390,5.5,8.26,CHEMBL2400821,CHEMBL2396548
CHEMBL2396663,1.2,8.92,CHEMBL2400821,CHEMBL2396548
CHEMBL2397389,0.6,9.22,CHEMBL2400821,CHEMBL2396548
CHEMBL240773,18.0,7.75,CHEMBL2400821,CHEMBL2396548
CHEMBL2413154,10000.0,,CHEMBL2416736,CHEMBL2413016
CHEMBL2413153,37.1,7.43,CHEMBL2416736,CHEMBL2413016
CHEMBL310843,3200.0,5.50,CHEMBL2423805,CHEMBL2417399
CHEMBL2420895,502.0,6.30,CHEMBL2423805,CHEMBL2417399
CHEMBL2420894,473.0,6.33,CHEMBL2423805,CHEMBL2417399
CHEMBL2420893,242.0,6.62,CHEMBL2423805,CHEMBL2417399
CHEMBL2420892,217.0,6.66,CHEMBL2423805,CHEMBL2417399
CHEMBL2420891,383.0,6.42,CHEMBL2423805,CHEMBL2417399
CHEMBL2420890,219.0,6.66,CHEMBL2423805,CHEMBL2417399
CHEMBL2420782,351.0,6.46,CHEMBL2423805,CHEMBL2417399
CHEMBL2420781,264.0,6.58,CHEMBL2423805,CHEMBL2417399
CHEMBL2420780,327.0,6.49,CHEMBL2423805,CHEMBL2417399
CHEMBL2420779,255.0,6.59,CHEMBL2423805,CHEMBL2417399
CHEMBL2420778,2167.0,5.66,CHEMBL2423805,CHEMBL2417399
CHEMBL2420777,1593.0,5.80,CHEMBL2423805,CHEMBL2417399
CHEMBL2420776,10000.0,,CHEMBL2423805,CHEMBL2417399
CHEMBL2420775,10000.0,,CHEMBL2423805,CHEMBL2417399
CHEMBL2420774,10000.0,,CHEMBL2423805,CHEMBL2417399
CHEMBL2420773,162.0,6.79,CHEMBL2423805,CHEMBL2417399
CHEMBL2420772,1545.0,5.81,CHEMBL2423805,CHEMBL2417399
CHEMBL2420771,2179.0,5.66,CHEMBL2423805,CHEMBL2417399
CHEMBL2420770,10000.0,,CHEMBL2423805,CHEMBL2417399
CHEMBL2420769,10000.0,,CHEMBL2423805,CHEMBL2417399
CHEMBL2430438,136.6,6.87,CHEMBL2434803,CHEMBL2429816
CHEMBL2430439,181.5,6.74,CHEMBL2434803,CHEMBL2429816
CHEMBL2430440,198.8,6.70,CHEMBL2434803,CHEMBL2429816
CHEMBL2430441,211.7,6.67,CHEMBL2434803,CHEMBL2429816
CHEMBL2430442,226.6,6.64,CHEMBL2434803,CHEMBL2429816
CHEMBL2430443,228.3,6.64,CHEMBL2434803,CHEMBL2429816
CHEMBL2432039,5675.0,5.25,CHEMBL2432454,CHEMBL2429832
CHEMBL2432050,10000.0,,CHEMBL2432454,CHEMBL2429832
CHEMBL2432049,9906.0,5.00,CHEMBL2432454,CHEMBL2429832
CHEMBL2432048,10000.0,,CHEMBL2432454,CHEMBL2429832
CHEMBL2432047,10000.0,,CHEMBL2432454,CHEMBL2429832
CHEMBL2205831,2830.0,5.55,CHEMBL2432454,CHEMBL2429832
CHEMBL2432058,5096.0,5.29,CHEMBL2432454,CHEMBL2429832
CHEMBL2436555,10000.0,,CHEMBL2439594,CHEMBL2434905
CHEMBL210232,65.0,7.19,CHEMBL2443403,CHEMBL2440010
CHEMBL2443008,1500.0,5.82,CHEMBL2443403,CHEMBL2440010
CHEMBL2443007,770.0,6.11,CHEMBL2443403,CHEMBL2440010
CHEMBL2443006,2900.0,5.54,CHEMBL2443403,CHEMBL2440010
CHEMBL2443005,520.0,6.28,CHEMBL2443403,CHEMBL2440010
CHEMBL2443004,18000.0,4.75,CHEMBL2443403,CHEMBL2440010
CHEMBL2443003,51000.0,4.29,CHEMBL2443403,CHEMBL2440010
CHEMBL2443002,42000.0,4.38,CHEMBL2443403,CHEMBL2440010
CHEMBL2443001,4700.0,5.33,CHEMBL2443403,CHEMBL2440010
CHEMBL2443000,3400.0,5.47,CHEMBL2443403,CHEMBL2440010
CHEMBL2443010,750.0,6.12,CHEMBL2443403,CHEMBL2440010
CHEMBL2443009,560.0,6.25,CHEMBL2443403,CHEMBL2440010
CHEMBL210232,120.0,6.92,CHEMBL2443402,CHEMBL2440010
CHEMBL2443008,4100.0,5.39,CHEMBL2443402,CHEMBL2440010
CHEMBL2443007,440.0,6.36,CHEMBL2443402,CHEMBL2440010
CHEMBL2443006,2700.0,5.57,CHEMBL2443402,CHEMBL2440010
CHEMBL2443005,340.0,6.47,CHEMBL2443402,CHEMBL2440010
CHEMBL2443004,1600.0,5.80,CHEMBL2443402,CHEMBL2440010
CHEMBL2443003,24000.0,4.62,CHEMBL2443402,CHEMBL2440010
CHEMBL2443002,23000.0,4.64,CHEMBL2443402,CHEMBL2440010
CHEMBL2443001,8300.0,5.08,CHEMBL2443402,CHEMBL2440010
CHEMBL2443000,7700.0,5.11,CHEMBL2443402,CHEMBL2440010
CHEMBL2443010,1600.0,5.80,CHEMBL2443402,CHEMBL2440010
CHEMBL2443009,460.0,6.34,CHEMBL2443402,CHEMBL2440010
CHEMBL708,4.8,8.32,CHEMBL3090831,CHEMBL3085767
CHEMBL42,100.0,,CHEMBL3090831,CHEMBL3085767
CHEMBL59,8.0,8.10,CHEMBL3089791,CHEMBL3085627
CHEMBL3085826,102.33,6.99,CHEMBL3089794,CHEMBL3085627
CHEMBL3085825,42.66,7.37,CHEMBL3089794,CHEMBL3085627
CHEMBL3085824,33.11,7.48,CHEMBL3089794,CHEMBL3085627
CHEMBL3085823,147.91,6.83,CHEMBL3089794,CHEMBL3085627
CHEMBL3085822,309.03,6.51,CHEMBL3089794,CHEMBL3085627
CHEMBL3085821,39.81,7.40,CHEMBL3089794,CHEMBL3085627
CHEMBL3085820,10.47,7.98,CHEMBL3089794,CHEMBL3085627
CHEMBL2028019,17.78,7.75,CHEMBL3089794,CHEMBL3085627
CHEMBL3085819,23.44,7.63,CHEMBL3089794,CHEMBL3085627
CHEMBL3085818,2238.72,5.65,CHEMBL3089794,CHEMBL3085627
CHEMBL3085817,380.19,6.42,CHEMBL3089794,CHEMBL3085627
CHEMBL3085816,13489.63,4.87,CHEMBL3089794,CHEMBL3085627
CHEMBL3085815,549.54,6.26,CHEMBL3089794,CHEMBL3085627
CHEMBL3085814,1071.52,5.97,CHEMBL3089794,CHEMBL3085627
CHEMBL3085813,1148.15,5.94,CHEMBL3089794,CHEMBL3085627
CHEMBL3085812,354.81,6.45,CHEMBL3089794,CHEMBL3085627
CHEMBL3088215,245.47,6.61,CHEMBL3089794,CHEMBL3085627
CHEMBL3085802,1000.0,6.00,CHEMBL3089794,CHEMBL3085627
CHEMBL3088214,912.01,6.04,CHEMBL3089794,CHEMBL3085627
CHEMBL3088213,5248.07,5.28,CHEMBL3089794,CHEMBL3085627
CHEMBL3088212,1479.11,5.83,CHEMBL3089794,CHEMBL3085627
CHEMBL3088209,741.31,6.13,CHEMBL3089794,CHEMBL3085627
CHEMBL3088211,2691.53,5.57,CHEMBL3089794,CHEMBL3085627
CHEMBL3088210,6025.6,5.22,CHEMBL3089794,CHEMBL3085627
CHEMBL569270,10000.0,,CHEMBL3090322,CHEMBL3085643
CHEMBL3092759,1000.0,,CHEMBL3095674,CHEMBL3091369
CHEMBL3092753,1400.0,5.85,CHEMBL3095674,CHEMBL3091369
CHEMBL294951,2.4,8.62,CHEMBL3095674,CHEMBL3091369
CHEMBL85,6.166,8.21,CHEMBL3106891,CHEMBL3102756
CHEMBL42,223.87,6.65,CHEMBL3106891,CHEMBL3102756
CHEMBL54,0.6026,9.22,CHEMBL3106891,CHEMBL3102756
CHEMBL3104515,112.2,6.95,CHEMBL3106891,CHEMBL3102756
CHEMBL3104648,50.12,7.30,CHEMBL3106891,CHEMBL3102756
CHEMBL3104647,46.77,7.33,CHEMBL3106891,CHEMBL3102756
CHEMBL3104646,41.69,7.38,CHEMBL3106891,CHEMBL3102756
CHEMBL3104524,37.15,7.43,CHEMBL3106891,CHEMBL3102756
CHEMBL3104523,645.65,6.19,CHEMBL3106891,CHEMBL3102756
CHEMBL3104522,87.1,7.06,CHEMBL3106891,CHEMBL3102756
CHEMBL3104521,177.83,6.75,CHEMBL3106891,CHEMBL3102756
CHEMBL3104520,19.05,7.72,CHEMBL3106891,CHEMBL3102756
CHEMBL3104519,120.23,6.92,CHEMBL3106891,CHEMBL3102756
CHEMBL3104518,10000.0,,CHEMBL3106891,CHEMBL3102756
CHEMBL3102875,32.36,7.49,CHEMBL3106891,CHEMBL3102756
CHEMBL3104517,17.38,7.76,CHEMBL3106891,CHEMBL3102756
CHEMBL3104516,50.12,7.30,CHEMBL3106891,CHEMBL3102756
CHEMBL54,3.548,8.45,CHEMBL3106129,CHEMBL3102773
CHEMBL54,3.5,8.46,CHEMBL3106129,CHEMBL3102773
CHEMBL3104091,835.0,6.08,CHEMBL3106129,CHEMBL3102773
CHEMBL3104093,10000.0,,CHEMBL3106129,CHEMBL3102773
CHEMBL3104092,10000.0,,CHEMBL3106129,CHEMBL3102773
CHEMBL3104091,831.76,6.08,CHEMBL3106129,CHEMBL3102773
CHEMBL538542,0.11,9.96,CHEMBL3119982,CHEMBL3112461
CHEMBL538542,0.38,9.42,CHEMBL3119983,CHEMBL3112461
CHEMBL2106804,1.5,8.82,CHEMBL3119984,CHEMBL3112461
CHEMBL1557,22.0,7.66,CHEMBL3119986,CHEMBL3112461
CHEMBL1557,56.0,7.25,CHEMBL3119988,CHEMBL3112461
CHEMBL1557,2.0,8.70,CHEMBL3119990,CHEMBL3112461
CHEMBL3115582,252.0,6.60,CHEMBL3117737,CHEMBL3112461
CHEMBL3115582,235.0,6.63,CHEMBL3117738,CHEMBL3112461
CHEMBL3115582,6.67,8.18,CHEMBL3117739,CHEMBL3112461
CHEMBL3115582,234.42,6.63,CHEMBL3117737,CHEMBL3112461
CHEMBL3115582,218.78,6.66,CHEMBL3117738,CHEMBL3112461
CHEMBL3115582,5.012,8.30,CHEMBL3117739,CHEMBL3112461
CHEMBL3115580,452.0,6.34,CHEMBL3117737,CHEMBL3112461
CHEMBL3115580,156.0,6.81,CHEMBL3117738,CHEMBL3112461
CHEMBL3115580,354.81,6.45,CHEMBL3117737,CHEMBL3112461
CHEMBL3115580,144.54,6.84,CHEMBL3117738,CHEMBL3112461
CHEMBL3115579,92.7,7.03,CHEMBL3117737,CHEMBL3112461
CHEMBL3115579,80.5,7.09,CHEMBL3117738,CHEMBL3112461
CHEMBL3115579,5.6,8.25,CHEMBL3117739,CHEMBL3112461
CHEMBL3115579,91.2,7.04,CHEMBL3117737,CHEMBL3112461
CHEMBL3115579,61.66,7.21,CHEMBL3117738,CHEMBL3112461
CHEMBL3115579,5.495,8.26,CHEMBL3117739,CHEMBL3112461
CHEMBL3115578,131.0,6.88,CHEMBL3117737,CHEMBL3112461
CHEMBL3115578,80.5,7.09,CHEMBL3117738,CHEMBL3112461
CHEMBL3115578,95.5,7.02,CHEMBL3117737,CHEMBL3112461
CHEMBL3115578,66.07,7.18,CHEMBL3117738,CHEMBL3112461
CHEMBL3115576,166.0,6.78,CHEMBL3117737,CHEMBL3112461
CHEMBL3115576,51.2,7.29,CHEMBL3117738,CHEMBL3112461
CHEMBL3115576,0.68,9.17,CHEMBL3117739,CHEMBL3112461
CHEMBL3115576,83.18,7.08,CHEMBL3117737,CHEMBL3112461
CHEMBL3115576,29.51,7.53,CHEMBL3117738,CHEMBL3112461
CHEMBL3115576,0.1622,9.79,CHEMBL3117739,CHEMBL3112461
CHEMBL3115575,30.8,7.51,CHEMBL3117737,CHEMBL3112461
CHEMBL3115575,72.9,7.14,CHEMBL3117738,CHEMBL3112461
CHEMBL3115575,2.06,8.69,CHEMBL3117739,CHEMBL3112461
CHEMBL3115575,28.84,7.54,CHEMBL3117737,CHEMBL3112461
CHEMBL3115575,33.88,7.47,CHEMBL3117738,CHEMBL3112461
CHEMBL3115575,1.023,8.99,CHEMBL3117739,CHEMBL3112461
CHEMBL3115574,140.0,6.85,CHEMBL3117737,CHEMBL3112461
CHEMBL3115574,51.8,7.29,CHEMBL3117738,CHEMBL3112461
CHEMBL3115574,3.79,8.42,CHEMBL3117739,CHEMBL3112461
CHEMBL3115574,81.28,7.09,CHEMBL3117737,CHEMBL3112461
CHEMBL3115574,35.48,7.45,CHEMBL3117738,CHEMBL3112461
CHEMBL3115574,2.042,8.69,CHEMBL3117739,CHEMBL3112461
CHEMBL3115585,260.0,6.58,CHEMBL3117737,CHEMBL3112461
CHEMBL3115585,168.0,6.78,CHEMBL3117738,CHEMBL3112461
CHEMBL3115585,8.19,8.09,CHEMBL3117739,CHEMBL3112461
CHEMBL3115585,257.04,6.59,CHEMBL3117737,CHEMBL3112461
CHEMBL3115585,151.36,6.82,CHEMBL3117738,CHEMBL3112461
CHEMBL3115585,6.31,8.20,CHEMBL3117739,CHEMBL3112461
CHEMBL134807,736.0,6.13,CHEMBL3117737,CHEMBL3112461
CHEMBL134807,70.2,7.15,CHEMBL3117738,CHEMBL3112461
CHEMBL134807,2.98,8.53,CHEMBL3117739,CHEMBL3112461
CHEMBL134807,186.21,6.73,CHEMBL3117737,CHEMBL3112461
CHEMBL134807,39.81,7.40,CHEMBL3117738,CHEMBL3112461
CHEMBL134807,1.23,8.91,CHEMBL3117739,CHEMBL3112461
CHEMBL538542,10.6,7.97,CHEMBL3117737,CHEMBL3112461
CHEMBL538542,1.73,8.76,CHEMBL3117738,CHEMBL3112461
CHEMBL538542,0.075,10.12,CHEMBL3117739,CHEMBL3112461
CHEMBL538542,4.898,8.31,CHEMBL3117737,CHEMBL3112461
CHEMBL538542,1.622,8.79,CHEMBL3117738,CHEMBL3112461
CHEMBL538542,0.07413,10.13,CHEMBL3117739,CHEMBL3112461
CHEMBL2106804,18.7,7.73,CHEMBL3117737,CHEMBL3112461
CHEMBL2106804,21.4,7.67,CHEMBL3117738,CHEMBL3112461
CHEMBL2106804,0.45,9.35,CHEMBL3117739,CHEMBL3112461
CHEMBL2106804,16.98,7.77,CHEMBL3117737,CHEMBL3112461
CHEMBL2106804,20.89,7.68,CHEMBL3117738,CHEMBL3112461
CHEMBL2106804,0.3388,9.47,CHEMBL3117739,CHEMBL3112461
CHEMBL1557,920.0,6.04,CHEMBL3117737,CHEMBL3112461
CHEMBL1557,11600.0,4.94,CHEMBL3117738,CHEMBL3112461
CHEMBL1557,231.0,6.64,CHEMBL3117739,CHEMBL3112461
CHEMBL1557,870.96,6.06,CHEMBL3117737,CHEMBL3112461
CHEMBL1557,5623.41,5.25,CHEMBL3117738,CHEMBL3112461
CHEMBL1557,107.15,6.97,CHEMBL3117739,CHEMBL3112461
CHEMBL1195032,5000.0,5.30,CHEMBL3131489,CHEMBL3124851
CHEMBL3133874,5.9,8.23,CHEMBL3136930,CHEMBL3132749
CHEMBL3133873,7.5,8.12,CHEMBL3136930,CHEMBL3132749
CHEMBL3133872,11.7,7.93,CHEMBL3136930,CHEMBL3132749
CHEMBL3133871,2.0,8.70,CHEMBL3136930,CHEMBL3132749
CHEMBL3133870,5.1,8.29,CHEMBL3136930,CHEMBL3132749
CHEMBL3133869,155.0,6.81,CHEMBL3136930,CHEMBL3132749
CHEMBL3133868,120.0,6.92,CHEMBL3136930,CHEMBL3132749
CHEMBL3133867,60.0,7.22,CHEMBL3136930,CHEMBL3132749
CHEMBL3133866,119.0,6.92,CHEMBL3136930,CHEMBL3132749
CHEMBL3133865,66.3,7.18,CHEMBL3136930,CHEMBL3132749
CHEMBL3133864,33.6,7.47,CHEMBL3136930,CHEMBL3132749
CHEMBL3133863,40.4,7.39,CHEMBL3136930,CHEMBL3132749
CHEMBL3133862,42.4,7.37,CHEMBL3136930,CHEMBL3132749
CHEMBL3133780,21.8,7.66,CHEMBL3136930,CHEMBL3132749
CHEMBL3133779,23.9,7.62,CHEMBL3136930,CHEMBL3132749
CHEMBL3133875,15.7,7.80,CHEMBL3136930,CHEMBL3132749
CHEMBL715,100.0,7.00,CHEMBL3226695,CHEMBL3217546
CHEMBL42,1000.0,6.00,CHEMBL3226695,CHEMBL3217546
CHEMBL716,1000.0,6.00,CHEMBL3226695,CHEMBL3217546
CHEMBL1112,1.0,,CHEMBL3226695,CHEMBL3217546
CHEMBL85,10.0,8.00,CHEMBL3226695,CHEMBL3217546
CHEMBL3217984,125.89,6.90,CHEMBL3226695,CHEMBL3217546
CHEMBL26,7.6,8.12,CHEMBL3224961,CHEMBL3217715
CHEMBL3221299,3.9,8.41,CHEMBL3224961,CHEMBL3217715
CHEMBL397543,398.11,6.40,CHEMBL3222870,CHEMBL3217716
CHEMBL246484,112.2,6.95,CHEMBL3222870,CHEMBL3217716
CHEMBL391984,10000.0,,CHEMBL3222870,CHEMBL3217716
CHEMBL391985,120.23,6.92,CHEMBL3222870,CHEMBL3217716
CHEMBL3220212,63.1,7.20,CHEMBL3222870,CHEMBL3217716
CHEMBL3220214,32.36,7.49,CHEMBL3222870,CHEMBL3217716
CHEMBL3220215,199.53,6.70,CHEMBL3222870,CHEMBL3217716
CHEMBL3220216,173.78,6.76,CHEMBL3222870,CHEMBL3217716
CHEMBL3220218,199.53,6.70,CHEMBL3222870,CHEMBL3217716
CHEMBL3220219,158.49,6.80,CHEMBL3222870,CHEMBL3217716
CHEMBL3220220,54.95,7.26,CHEMBL3222870,CHEMBL3217716
CHEMBL54,0.6026,9.22,CHEMBL3222870,CHEMBL3217716
CHEMBL42,223.87,6.65,CHEMBL3222870,CHEMBL3217716
CHEMBL85,6.166,8.21,CHEMBL3222870,CHEMBL3217716
CHEMBL59713,58.8,7.23,CHEMBL3238580,CHEMBL3232965
CHEMBL291439,2200.0,5.66,CHEMBL3238580,CHEMBL3232965
CHEMBL42,88.65,7.05,CHEMBL3240292,CHEMBL3232770
CHEMBL42,89.13,7.05,CHEMBL3240292,CHEMBL3232770
CHEMBL42,57.54,7.24,CHEMBL3240293,CHEMBL3232770
CHEMBL42,58.04,7.24,CHEMBL3240293,CHEMBL3232770
CHEMBL715,23.45,7.63,CHEMBL3240292,CHEMBL3232770
CHEMBL715,23.44,7.63,CHEMBL3240292,CHEMBL3232770
CHEMBL715,173.78,6.76,CHEMBL3240293,CHEMBL3232770
CHEMBL715,173.9,6.76,CHEMBL3240293,CHEMBL3232770
CHEMBL54,1.4,8.85,CHEMBL3239709,CHEMBL3232915
CHEMBL445102,7.5,8.12,CHEMBL3239709,CHEMBL3232915
CHEMBL1200270,0.9,9.05,CHEMBL3239709,CHEMBL3232915
CHEMBL3234237,158.0,6.80,CHEMBL3239709,CHEMBL3232915
CHEMBL1503220,300.0,6.52,CHEMBL3239709,CHEMBL3232915
CHEMBL3234522,190.0,6.72,CHEMBL3239709,CHEMBL3232915
CHEMBL3234536,90.0,7.05,CHEMBL3239709,CHEMBL3232915
CHEMBL3234537,23.0,7.64,CHEMBL3239709,CHEMBL3232915
CHEMBL3234538,530.0,6.28,CHEMBL3239709,CHEMBL3232915
CHEMBL3234539,290.0,6.54,CHEMBL3239709,CHEMBL3232915
CHEMBL3234541,240.0,6.62,CHEMBL3239709,CHEMBL3232915
CHEMBL3234542,310.0,6.51,CHEMBL3239709,CHEMBL3232915
CHEMBL3234543,210.0,6.68,CHEMBL3239709,CHEMBL3232915
CHEMBL3234544,100.0,7.00,CHEMBL3239709,CHEMBL3232915
CHEMBL3234545,50000.0,,CHEMBL3239709,CHEMBL3232915
CHEMBL3265065,1220.0,5.91,CHEMBL3270692,CHEMBL3259695
CHEMBL3265064,923.0,6.04,CHEMBL3270692,CHEMBL3259695
CHEMBL3265063,667.0,6.18,CHEMBL3270692,CHEMBL3259695
CHEMBL3265067,623.0,6.21,CHEMBL3270692,CHEMBL3259695
CHEMBL267932,0.133,9.88,CHEMBL3270692,CHEMBL3259695
CHEMBL8946,0.086,10.07,CHEMBL3270692,CHEMBL3259695
CHEMBL8809,12.7,7.90,CHEMBL3270692,CHEMBL3259695
CHEMBL1255588,2.58,8.59,CHEMBL3270692,CHEMBL3259695
CHEMBL242644,1090.0,5.96,CHEMBL3270692,CHEMBL3259695
CHEMBL1627305,746.0,6.13,CHEMBL3270692,CHEMBL3259695
CHEMBL3265038,21.47,7.67,CHEMBL3265956,CHEMBL3259715
CHEMBL3265039,9.69,8.01,CHEMBL3265956,CHEMBL3259715
CHEMBL3265040,10.32,7.99,CHEMBL3265956,CHEMBL3259715
CHEMBL3265041,27.32,7.56,CHEMBL3265956,CHEMBL3259715
CHEMBL3265042,12.27,7.91,CHEMBL3265956,CHEMBL3259715
CHEMBL3265043,8.14,8.09,CHEMBL3265956,CHEMBL3259715
CHEMBL3265044,12.96,7.89,CHEMBL3265956,CHEMBL3259715
CHEMBL3265045,8.01,8.10,CHEMBL3265956,CHEMBL3259715
CHEMBL3265046,28.43,7.55,CHEMBL3265956,CHEMBL3259715
CHEMBL3265047,30.33,7.52,CHEMBL3265956,CHEMBL3259715
CHEMBL3265048,23.78,7.62,CHEMBL3265956,CHEMBL3259715
CHEMBL3265049,1.47,8.83,CHEMBL3265956,CHEMBL3259715
CHEMBL3265314,27.39,7.56,CHEMBL3265956,CHEMBL3259715
CHEMBL3265315,53.92,7.27,CHEMBL3265956,CHEMBL3259715
CHEMBL3265316,25.27,7.60,CHEMBL3265956,CHEMBL3259715
CHEMBL3265317,26.13,7.58,CHEMBL3265956,CHEMBL3259715
CHEMBL3265318,35.77,7.45,CHEMBL3265956,CHEMBL3259715
CHEMBL3265319,42.8,7.37,CHEMBL3265956,CHEMBL3259715
CHEMBL3265320,44.67,7.35,CHEMBL3265956,CHEMBL3259715
CHEMBL3265321,5.98,8.22,CHEMBL3265956,CHEMBL3259715
CHEMBL3265322,52.03,7.28,CHEMBL3265956,CHEMBL3259715
CHEMBL3265323,64.16,7.19,CHEMBL3265956,CHEMBL3259715
CHEMBL3265324,7.31,8.14,CHEMBL3265956,CHEMBL3259715
CHEMBL3265325,1000.0,,CHEMBL3265956,CHEMBL3259715
CHEMBL3265326,1000.0,,CHEMBL3265956,CHEMBL3259715
CHEMBL3265327,1000.0,,CHEMBL3265956,CHEMBL3259715
CHEMBL3265328,1000.0,,CHEMBL3265956,CHEMBL3259715
CHEMBL392158,0.097,10.01,CHEMBL3265956,CHEMBL3259715
CHEMBL1255588,0.37,9.43,CHEMBL3265956,CHEMBL3259715
CHEMBL3265329,0.63,9.20,CHEMBL3265956,CHEMBL3259715
CHEMBL54,0.85,9.07,CHEMBL3265956,CHEMBL3259715
CHEMBL8809,1.21,8.92,CHEMBL3265956,CHEMBL3259715
CHEMBL71,6.1,8.21,CHEMBL3265956,CHEMBL3259715
CHEMBL3286567,2100.0,5.68,CHEMBL3294601,CHEMBL3286112
CHEMBL3286568,660.0,6.18,CHEMBL3294601,CHEMBL3286112
CHEMBL3286569,140.0,6.85,CHEMBL3294601,CHEMBL3286112
CHEMBL3286570,570.0,6.24,CHEMBL3294601,CHEMBL3286112
CHEMBL3286571,110.0,6.96,CHEMBL3294601,CHEMBL3286112
CHEMBL3286572,310.0,6.51,CHEMBL3294601,CHEMBL3286112
CHEMBL3286573,98.0,7.01,CHEMBL3294601,CHEMBL3286112
CHEMBL3286574,24.0,7.62,CHEMBL3294601,CHEMBL3286112
CHEMBL3286575,54.0,7.27,CHEMBL3294601,CHEMBL3286112
CHEMBL3286576,130.0,6.89,CHEMBL3294601,CHEMBL3286112
CHEMBL3286577,450.0,6.35,CHEMBL3294601,CHEMBL3286112
CHEMBL3286578,0.65,9.19,CHEMBL3294601,CHEMBL3286112
CHEMBL3286579,140.0,6.85,CHEMBL3294601,CHEMBL3286112
CHEMBL531,26.0,7.58,CHEMBL3294602,CHEMBL3286112
CHEMBL493,15.0,7.82,CHEMBL3294602,CHEMBL3286112
CHEMBL157138,0.66,9.18,CHEMBL3294602,CHEMBL3286112
CHEMBL218166,2.3,8.64,CHEMBL3294603,CHEMBL3286112
CHEMBL3286567,2089.3,5.68,CHEMBL3294601,CHEMBL3286112
CHEMBL3286568,660.69,6.18,CHEMBL3294601,CHEMBL3286112
CHEMBL3286569,141.25,6.85,CHEMBL3294601,CHEMBL3286112
CHEMBL3286570,575.44,6.24,CHEMBL3294601,CHEMBL3286112
CHEMBL3286571,109.65,6.96,CHEMBL3294601,CHEMBL3286112
CHEMBL3286572,309.03,6.51,CHEMBL3294601,CHEMBL3286112
CHEMBL3286573,97.72,7.01,CHEMBL3294601,CHEMBL3286112
CHEMBL3286574,23.99,7.62,CHEMBL3294601,CHEMBL3286112
CHEMBL3286575,53.7,7.27,CHEMBL3294601,CHEMBL3286112
CHEMBL3286576,128.82,6.89,CHEMBL3294601,CHEMBL3286112
CHEMBL3286577,199.53,6.70,CHEMBL3294601,CHEMBL3286112
CHEMBL3286578,0.2291,9.64,CHEMBL3294601,CHEMBL3286112
CHEMBL3286579,120.23,6.92,CHEMBL3294601,CHEMBL3286112
CHEMBL531,25.7,7.59,CHEMBL3294602,CHEMBL3286112
CHEMBL493,14.79,7.83,CHEMBL3294602,CHEMBL3286112
CHEMBL157138,0.6607,9.18,CHEMBL3294602,CHEMBL3286112
CHEMBL218166,2.291,8.64,CHEMBL3294603,CHEMBL3286112
CHEMBL476935,253.3,6.60,CHEMBL3292986,CHEMBL3286287
CHEMBL3289383,635.0,6.20,CHEMBL3292986,CHEMBL3286287
CHEMBL3289383,630.96,6.20,CHEMBL3292986,CHEMBL3286287
CHEMBL1940408,284.0,6.55,CHEMBL3292986,CHEMBL3286287
CHEMBL1940409,211.0,6.68,CHEMBL3292986,CHEMBL3286287
CHEMBL1940411,390.0,6.41,CHEMBL3292986,CHEMBL3286287
CHEMBL1940413,447.0,6.35,CHEMBL3292986,CHEMBL3286287
CHEMBL1940413,446.68,6.35,CHEMBL3292986,CHEMBL3286287
CHEMBL1940406,41.0,7.39,CHEMBL3292986,CHEMBL3286287
CHEMBL3289642,1543.0,5.81,CHEMBL3292986,CHEMBL3286287
CHEMBL3289642,1548.82,5.81,CHEMBL3292986,CHEMBL3286287
CHEMBL3289643,10000.0,,CHEMBL3292986,CHEMBL3286287
CHEMBL3289644,1417.0,5.85,CHEMBL3292986,CHEMBL3286287
CHEMBL1940418,124.0,6.91,CHEMBL3292986,CHEMBL3286287
CHEMBL1940419,183.0,6.74,CHEMBL3292986,CHEMBL3286287
CHEMBL1940420,186.0,6.73,CHEMBL3292986,CHEMBL3286287
CHEMBL3289645,1092.0,5.96,CHEMBL3292986,CHEMBL3286287
CHEMBL3289645,1096.48,5.96,CHEMBL3292986,CHEMBL3286287
CHEMBL3289646,1046.0,5.98,CHEMBL3292986,CHEMBL3286287
CHEMBL3289646,1047.13,5.98,CHEMBL3292986,CHEMBL3286287
CHEMBL3289647,1106.0,5.96,CHEMBL3292986,CHEMBL3286287
CHEMBL3289647,1000.0,6.00,CHEMBL3292986,CHEMBL3286287
CHEMBL3289648,1861.0,5.73,CHEMBL3292986,CHEMBL3286287
CHEMBL3289648,1995.26,5.70,CHEMBL3292986,CHEMBL3286287
CHEMBL1940417,636.0,6.20,CHEMBL3292986,CHEMBL3286287
CHEMBL1940416,424.0,6.37,CHEMBL3292986,CHEMBL3286287
CHEMBL1940415,269.0,6.57,CHEMBL3292986,CHEMBL3286287
CHEMBL2037431,219.0,6.66,CHEMBL3292986,CHEMBL3286287
CHEMBL2037430,2321.0,5.63,CHEMBL3292986,CHEMBL3286287
CHEMBL3289649,3108.0,5.51,CHEMBL3292986,CHEMBL3286287
CHEMBL3286429,3962.0,5.40,CHEMBL3292986,CHEMBL3286287
CHEMBL3289653,1979.0,5.70,CHEMBL3292986,CHEMBL3286287
CHEMBL3289655,2507.0,5.60,CHEMBL3292986,CHEMBL3286287
CHEMBL2037521,26.5,7.58,CHEMBL3292986,CHEMBL3286287
CHEMBL7927,3200.0,5.50,CHEMBL3292986,CHEMBL3286287
CHEMBL267014,960.0,6.02,CHEMBL3292986,CHEMBL3286287
CHEMBL240773,260.0,6.58,CHEMBL3295080,CHEMBL3286313
CHEMBL1112,0.54,9.27,CHEMBL3295080,CHEMBL3286313
CHEMBL2028019,0.47,9.33,CHEMBL3295080,CHEMBL3286313
CHEMBL3287390,34.0,7.47,CHEMBL3295080,CHEMBL3286313
CHEMBL3287391,25.0,7.60,CHEMBL3295080,CHEMBL3286313
CHEMBL3287392,4.2,8.38,CHEMBL3295080,CHEMBL3286313
CHEMBL3287393,64.0,7.19,CHEMBL3295080,CHEMBL3286313
CHEMBL3287394,9.4,8.03,CHEMBL3295080,CHEMBL3286313
CHEMBL3287395,7.4,8.13,CHEMBL3295080,CHEMBL3286313
CHEMBL3287396,3.1,8.51,CHEMBL3295080,CHEMBL3286313
CHEMBL3287397,4.6,8.34,CHEMBL3295080,CHEMBL3286313
CHEMBL3287398,29.0,7.54,CHEMBL3295080,CHEMBL3286313
CHEMBL3287399,6.2,8.21,CHEMBL3295080,CHEMBL3286313
CHEMBL3287400,51.0,7.29,CHEMBL3295080,CHEMBL3286313
CHEMBL3287401,10.0,8.00,CHEMBL3295080,CHEMBL3286313
CHEMBL3287402,14.0,7.85,CHEMBL3295080,CHEMBL3286313
CHEMBL3287403,1.8,8.74,CHEMBL3295080,CHEMBL3286313
CHEMBL3287403,0.17,9.77,CHEMBL3295080,CHEMBL3286313
CHEMBL3287404,3.3,8.48,CHEMBL3295080,CHEMBL3286313
CHEMBL3287405,0.58,9.24,CHEMBL3295080,CHEMBL3286313
CHEMBL3287406,8.9,8.05,CHEMBL3295080,CHEMBL3286313
CHEMBL240773,70.0,7.16,CHEMBL3295081,CHEMBL3286313
CHEMBL1112,0.45,9.35,CHEMBL3295081,CHEMBL3286313
CHEMBL2028019,0.41,9.39,CHEMBL3295081,CHEMBL3286313
CHEMBL3287390,39.0,7.41,CHEMBL3295081,CHEMBL3286313
CHEMBL3287391,30.0,7.52,CHEMBL3295081,CHEMBL3286313
CHEMBL3287392,2.1,8.68,CHEMBL3295081,CHEMBL3286313
CHEMBL3287393,16.0,7.80,CHEMBL3295081,CHEMBL3286313
CHEMBL3287394,10.0,8.00,CHEMBL3295081,CHEMBL3286313
CHEMBL3287395,6.7,8.17,CHEMBL3295081,CHEMBL3286313
CHEMBL3287396,2.3,8.64,CHEMBL3295081,CHEMBL3286313
CHEMBL3287397,3.2,8.49,CHEMBL3295081,CHEMBL3286313
CHEMBL3287398,24.0,7.62,CHEMBL3295081,CHEMBL3286313
CHEMBL3287399,8.1,8.09,CHEMBL3295081,CHEMBL3286313
CHEMBL3287400,15.0,7.82,CHEMBL3295081,CHEMBL3286313
CHEMBL3287401,14.0,7.85,CHEMBL3295081,CHEMBL3286313
CHEMBL3287402,14.0,7.85,CHEMBL3295081,CHEMBL3286313
CHEMBL3287403,1.7,8.77,CHEMBL3295081,CHEMBL3286313
CHEMBL3287403,0.25,9.60,CHEMBL3295081,CHEMBL3286313
CHEMBL3287404,2.3,8.64,CHEMBL3295081,CHEMBL3286313
CHEMBL3287405,0.32,9.49,CHEMBL3295081,CHEMBL3286313
CHEMBL3287406,6.7,8.17,CHEMBL3295081,CHEMBL3286313
CHEMBL1627305,750.0,6.12,CHEMBL3291797,CHEMBL3286326
CHEMBL1627306,300.0,6.52,CHEMBL3291797,CHEMBL3286326
CHEMBL1627307,790.0,6.10,CHEMBL3291797,CHEMBL3286326
CHEMBL1774386,960.0,6.02,CHEMBL3291797,CHEMBL3286326
CHEMBL3287279,800.0,6.10,CHEMBL3291797,CHEMBL3286326
CHEMBL3287280,2500.0,5.60,CHEMBL3291797,CHEMBL3286326
CHEMBL3287281,7400.0,5.13,CHEMBL3291797,CHEMBL3286326
CHEMBL3290012,1.8,8.74,CHEMBL3297335,CHEMBL3286108
CHEMBL8514,0.04,10.40,CHEMBL3297335,CHEMBL3286108
CHEMBL54,4.0,8.40,CHEMBL3297244,CHEMBL3286108
CHEMBL3289708,43.0,7.37,CHEMBL3297244,CHEMBL3286108
CHEMBL3289709,13.0,7.89,CHEMBL3297244,CHEMBL3286108
CHEMBL3289944,8.7,8.06,CHEMBL3297244,CHEMBL3286108
CHEMBL3289945,7.8,8.11,CHEMBL3297244,CHEMBL3286108
CHEMBL3289946,27.0,7.57,CHEMBL3297244,CHEMBL3286108
CHEMBL3289947,37.0,7.43,CHEMBL3297244,CHEMBL3286108
CHEMBL3286432,39.0,7.41,CHEMBL3297244,CHEMBL3286108
CHEMBL3289948,27.0,7.57,CHEMBL3297244,CHEMBL3286108
CHEMBL3289949,48.0,7.32,CHEMBL3297244,CHEMBL3286108
CHEMBL3289950,56.0,7.25,CHEMBL3297244,CHEMBL3286108
CHEMBL3289951,3.2,8.49,CHEMBL3297244,CHEMBL3286108
CHEMBL3289952,18.0,7.75,CHEMBL3297244,CHEMBL3286108
CHEMBL3289953,2.2,8.66,CHEMBL3297244,CHEMBL3286108
CHEMBL3289954,0.9,9.05,CHEMBL3297244,CHEMBL3286108
CHEMBL3289955,6.0,8.22,CHEMBL3297244,CHEMBL3286108
CHEMBL3289956,49.0,7.31,CHEMBL3297244,CHEMBL3286108
CHEMBL3289957,48.0,7.32,CHEMBL3297244,CHEMBL3286108
CHEMBL3289958,15.0,7.82,CHEMBL3297244,CHEMBL3286108
CHEMBL3289960,45.0,7.35,CHEMBL3297244,CHEMBL3286108
CHEMBL3289961,8.3,8.08,CHEMBL3297244,CHEMBL3286108
CHEMBL3289962,44.0,7.36,CHEMBL3297244,CHEMBL3286108
CHEMBL3289963,26.0,7.58,CHEMBL3297244,CHEMBL3286108
CHEMBL3289964,46.0,7.34,CHEMBL3297244,CHEMBL3286108
CHEMBL3289965,27.0,7.57,CHEMBL3297244,CHEMBL3286108
CHEMBL3289966,16.0,7.80,CHEMBL3297244,CHEMBL3286108
CHEMBL3289967,2000.0,5.70,CHEMBL3297244,CHEMBL3286108
CHEMBL3289968,44.0,7.36,CHEMBL3297244,CHEMBL3286108
CHEMBL3289969,10000.0,,CHEMBL3297244,CHEMBL3286108
CHEMBL3289970,57.0,7.24,CHEMBL3297244,CHEMBL3286108
CHEMBL3289971,10000.0,,CHEMBL3297244,CHEMBL3286108
CHEMBL3289972,77.0,7.11,CHEMBL3297244,CHEMBL3286108
CHEMBL3289973,63.0,7.20,CHEMBL3297244,CHEMBL3286108
CHEMBL3289974,400.0,6.40,CHEMBL3297244,CHEMBL3286108
CHEMBL3289975,55.0,7.26,CHEMBL3297244,CHEMBL3286108
CHEMBL3289976,5.3,8.28,CHEMBL3297244,CHEMBL3286108
CHEMBL3289977,7200.0,5.14,CHEMBL3297244,CHEMBL3286108
CHEMBL3289978,15.0,7.82,CHEMBL3297244,CHEMBL3286108
CHEMBL3289979,10000.0,,CHEMBL3297244,CHEMBL3286108
CHEMBL3289980,51.0,7.29,CHEMBL3297244,CHEMBL3286108
CHEMBL3289981,15.0,7.82,CHEMBL3297244,CHEMBL3286108
CHEMBL3289982,1300.0,5.89,CHEMBL3297244,CHEMBL3286108
CHEMBL3289983,30.0,7.52,CHEMBL3297244,CHEMBL3286108
CHEMBL3289984,54.0,7.27,CHEMBL3297244,CHEMBL3286108
CHEMBL3289985,10000.0,,CHEMBL3297244,CHEMBL3286108
CHEMBL3289986,46.0,7.34,CHEMBL3297244,CHEMBL3286108
CHEMBL3289987,100.0,7.00,CHEMBL3297244,CHEMBL3286108
CHEMBL3289988,10000.0,,CHEMBL3297244,CHEMBL3286108
CHEMBL3289989,170.0,6.77,CHEMBL3297244,CHEMBL3286108
CHEMBL3289990,20.0,7.70,CHEMBL3297244,CHEMBL3286108
CHEMBL3289991,16.0,7.80,CHEMBL3297244,CHEMBL3286108
CHEMBL3289992,17.0,7.77,CHEMBL3297244,CHEMBL3286108
CHEMBL3289993,14.0,7.85,CHEMBL3297244,CHEMBL3286108
CHEMBL3289994,15.0,7.82,CHEMBL3297244,CHEMBL3286108
CHEMBL3289995,3.7,8.43,CHEMBL3297244,CHEMBL3286108
CHEMBL3289996,26.0,7.58,CHEMBL3297244,CHEMBL3286108
CHEMBL3289997,33.0,7.48,CHEMBL3297244,CHEMBL3286108
CHEMBL3289998,64.0,7.19,CHEMBL3297244,CHEMBL3286108
CHEMBL3289999,8.7,8.06,CHEMBL3297244,CHEMBL3286108
CHEMBL3290000,1000.0,,CHEMBL3297244,CHEMBL3286108
CHEMBL3290001,9.1,8.04,CHEMBL3297244,CHEMBL3286108
CHEMBL3290002,4.0,8.40,CHEMBL3297244,CHEMBL3286108
CHEMBL3290003,3.0,8.52,CHEMBL3297244,CHEMBL3286108
CHEMBL3290004,5.2,8.28,CHEMBL3297244,CHEMBL3286108
CHEMBL3290005,1.0,9.00,CHEMBL3297244,CHEMBL3286108
CHEMBL3290006,1.1,8.96,CHEMBL3297244,CHEMBL3286108
CHEMBL3290007,23.0,7.64,CHEMBL3297244,CHEMBL3286108
CHEMBL3290008,1.0,9.00,CHEMBL3297244,CHEMBL3286108
CHEMBL3290009,36.0,7.44,CHEMBL3297244,CHEMBL3286108
CHEMBL3290010,22.0,7.66,CHEMBL3297244,CHEMBL3286108
CHEMBL3290011,11.0,7.96,CHEMBL3297244,CHEMBL3286108
CHEMBL3290012,2.0,8.70,CHEMBL3297244,CHEMBL3286108
CHEMBL3290013,27.0,7.57,CHEMBL3297244,CHEMBL3286108
CHEMBL3290014,1.2,8.92,CHEMBL3297244,CHEMBL3286108
CHEMBL3290015,8.0,8.10,CHEMBL3297244,CHEMBL3286108
CHEMBL3290016,1.9,8.72,CHEMBL3297244,CHEMBL3286108
CHEMBL3290017,1.5,8.82,CHEMBL3297244,CHEMBL3286108
CHEMBL3290018,15.0,7.82,CHEMBL3297244,CHEMBL3286108
CHEMBL3290019,1000.0,,CHEMBL3297244,CHEMBL3286108
CHEMBL3290020,1000.0,,CHEMBL3297244,CHEMBL3286108
CHEMBL3290021,25.0,7.60,CHEMBL3297244,CHEMBL3286108
CHEMBL3298755,9090.0,5.04,CHEMBL3300162,CHEMBL3297649
CHEMBL3298756,2750.0,5.56,CHEMBL3300162,CHEMBL3297649
CHEMBL3298757,1350.0,5.87,CHEMBL3300162,CHEMBL3297649
CHEMBL3298825,2110.0,5.68,CHEMBL3300162,CHEMBL3297649
CHEMBL3299091,2050.0,5.69,CHEMBL3300162,CHEMBL3297649
CHEMBL3299092,902.0,6.04,CHEMBL3300162,CHEMBL3297649
CHEMBL9666,4110.0,5.39,CHEMBL3300162,CHEMBL3297649
CHEMBL3299093,171.0,6.77,CHEMBL3300162,CHEMBL3297649
CHEMBL3299094,16.1,7.79,CHEMBL3300162,CHEMBL3297649
CHEMBL3299095,18.9,7.72,CHEMBL3300162,CHEMBL3297649
CHEMBL3299096,12.1,7.92,CHEMBL3300162,CHEMBL3297649
CHEMBL3299097,74.8,7.13,CHEMBL3300162,CHEMBL3297649
CHEMBL3299098,910.0,6.04,CHEMBL3300162,CHEMBL3297649
CHEMBL3299099,1700.0,5.77,CHEMBL3300162,CHEMBL3297649
CHEMBL3298200,2250.0,5.65,CHEMBL3300162,CHEMBL3297649
CHEMBL3298685,1980.0,5.70,CHEMBL3300162,CHEMBL3297649
CHEMBL3298686,975.0,6.01,CHEMBL3300162,CHEMBL3297649
CHEMBL3298758,48.3,7.32,CHEMBL3300162,CHEMBL3297649
CHEMBL3298759,19.5,7.71,CHEMBL3300162,CHEMBL3297649
CHEMBL3298826,6.3,8.20,CHEMBL3300162,CHEMBL3297649
CHEMBL3298827,3.5,8.46,CHEMBL3300162,CHEMBL3297649
CHEMBL3298828,0.6,9.22,CHEMBL3300162,CHEMBL3297649
CHEMBL3298755,9120.11,5.04,CHEMBL3300162,CHEMBL3297649
CHEMBL3298756,2754.23,5.56,CHEMBL3300162,CHEMBL3297649
CHEMBL3298757,1348.96,5.87,CHEMBL3300162,CHEMBL3297649
CHEMBL3298825,2089.3,5.68,CHEMBL3300162,CHEMBL3297649
CHEMBL3299091,2041.74,5.69,CHEMBL3300162,CHEMBL3297649
CHEMBL3299092,891.25,6.05,CHEMBL3300162,CHEMBL3297649
CHEMBL9666,4073.8,5.39,CHEMBL3300162,CHEMBL3297649
CHEMBL3299093,169.82,6.77,CHEMBL3300162,CHEMBL3297649
CHEMBL3299094,15.85,7.80,CHEMBL3300162,CHEMBL3297649
CHEMBL3299095,19.05,7.72,CHEMBL3300162,CHEMBL3297649
CHEMBL3299096,12.02,7.92,CHEMBL3300162,CHEMBL3297649
CHEMBL3299097,74.13,7.13,CHEMBL3300162,CHEMBL3297649
CHEMBL3299098,912.01,6.04,CHEMBL3300162,CHEMBL3297649
CHEMBL3299099,1698.24,5.77,CHEMBL3300162,CHEMBL3297649
CHEMBL3298200,2238.72,5.65,CHEMBL3300162,CHEMBL3297649
CHEMBL3298685,1995.26,5.70,CHEMBL3300162,CHEMBL3297649
CHEMBL3298686,977.24,6.01,CHEMBL3300162,CHEMBL3297649
CHEMBL3298758,47.86,7.32,CHEMBL3300162,CHEMBL3297649
CHEMBL3298759,19.5,7.71,CHEMBL3300162,CHEMBL3297649
CHEMBL3298826,6.31,8.20,CHEMBL3300162,CHEMBL3297649
CHEMBL3298827,3.548,8.45,CHEMBL3300162,CHEMBL3297649
CHEMBL3298828,0.6166,9.21,CHEMBL3300162,CHEMBL3297649
CHEMBL1424807,1160.0,5.94,CHEMBL3300162,CHEMBL3297649
CHEMBL3298829,42.6,7.37,CHEMBL3300162,CHEMBL3297649
CHEMBL3298830,15.5,7.81,CHEMBL3300162,CHEMBL3297649
CHEMBL3298895,11.2,7.95,CHEMBL3300162,CHEMBL3297649
CHEMBL3298896,9.1,8.04,CHEMBL3300162,CHEMBL3297649
CHEMBL1424807,1148.15,5.94,CHEMBL3300162,CHEMBL3297649
CHEMBL3298829,42.66,7.37,CHEMBL3300162,CHEMBL3297649
CHEMBL3298830,15.49,7.81,CHEMBL3300162,CHEMBL3297649
CHEMBL3298895,11.22,7.95,CHEMBL3300162,CHEMBL3297649
CHEMBL3298896,9.12,8.04,CHEMBL3300162,CHEMBL3297649
CHEMBL3353916,9.4,8.03,CHEMBL3374187,CHEMBL3352598
CHEMBL3353915,12.8,7.89,CHEMBL3374187,CHEMBL3352598
CHEMBL3353914,26.6,7.58,CHEMBL3374187,CHEMBL3352598
CHEMBL3353913,37.7,7.42,CHEMBL3374187,CHEMBL3352598
CHEMBL3353912,44.1,7.36,CHEMBL3374187,CHEMBL3352598
CHEMBL3353911,62.6,7.20,CHEMBL3374187,CHEMBL3352598
CHEMBL3353910,171.0,6.77,CHEMBL3374187,CHEMBL3352598
CHEMBL3353909,162.0,6.79,CHEMBL3374187,CHEMBL3352598
CHEMBL3353908,62.7,7.20,CHEMBL3374187,CHEMBL3352598
CHEMBL3353907,139.0,6.86,CHEMBL3374187,CHEMBL3352598
CHEMBL3353906,272.0,6.57,CHEMBL3374187,CHEMBL3352598
CHEMBL3353905,23.7,7.62,CHEMBL3374187,CHEMBL3352598
CHEMBL3353904,46.7,7.33,CHEMBL3374187,CHEMBL3352598
CHEMBL3353903,73.5,7.13,CHEMBL3374187,CHEMBL3352598
CHEMBL3353902,109.0,6.96,CHEMBL3374187,CHEMBL3352598
CHEMBL3353901,94.3,7.03,CHEMBL3374187,CHEMBL3352598
CHEMBL3353900,158.0,6.80,CHEMBL3374187,CHEMBL3352598
CHEMBL3353899,17.7,7.75,CHEMBL3374187,CHEMBL3352598
CHEMBL3353898,42.3,7.37,CHEMBL3374187,CHEMBL3352598
CHEMBL3353897,79.3,7.10,CHEMBL3374187,CHEMBL3352598
CHEMBL3353896,19.4,7.71,CHEMBL3374187,CHEMBL3352598
CHEMBL3353895,30.9,7.51,CHEMBL3374187,CHEMBL3352598
CHEMBL3353894,64.0,7.19,CHEMBL3374187,CHEMBL3352598
CHEMBL1688991,54.5,7.26,CHEMBL3374187,CHEMBL3352598
CHEMBL1688990,34.4,7.46,CHEMBL3374187,CHEMBL3352598
CHEMBL3323010,191.0,6.72,CHEMBL3379351,CHEMBL3351252
CHEMBL3323009,361.0,6.44,CHEMBL3379351,CHEMBL3351252
CHEMBL3323008,366.0,6.44,CHEMBL3379351,CHEMBL3351252
CHEMBL3323007,4604.0,5.34,CHEMBL3379351,CHEMBL3351252
CHEMBL3323006,3646.0,5.44,CHEMBL3379351,CHEMBL3351252
CHEMBL3323005,24938.0,4.60,CHEMBL3379351,CHEMBL3351252
CHEMBL3323004,1452.0,5.84,CHEMBL3379351,CHEMBL3351252
CHEMBL3323003,1133.0,5.95,CHEMBL3379351,CHEMBL3351252
CHEMBL3323002,1563.0,5.81,CHEMBL3379351,CHEMBL3351252
CHEMBL3323001,1883.0,5.72,CHEMBL3379351,CHEMBL3351252
CHEMBL3323000,4983.0,5.30,CHEMBL3379351,CHEMBL3351252
CHEMBL3322999,13567.0,4.87,CHEMBL3379351,CHEMBL3351252
CHEMBL3322998,572.0,6.24,CHEMBL3379351,CHEMBL3351252
CHEMBL3322997,1303.0,5.88,CHEMBL3379351,CHEMBL3351252
CHEMBL3322996,191.0,6.72,CHEMBL3379351,CHEMBL3351252
CHEMBL3322995,162.0,6.79,CHEMBL3379351,CHEMBL3351252
CHEMBL3322994,12.0,7.92,CHEMBL3379351,CHEMBL3351252
CHEMBL3322993,19.0,7.72,CHEMBL3379351,CHEMBL3351252
CHEMBL3322992,178.0,6.75,CHEMBL3379351,CHEMBL3351252
CHEMBL3323116,337.0,6.47,CHEMBL3379351,CHEMBL3351252
CHEMBL3323117,1510.0,5.82,CHEMBL3379351,CHEMBL3351252
CHEMBL3323011,702.0,6.15,CHEMBL3379354,CHEMBL3351252
CHEMBL3323112,191.0,6.72,CHEMBL3379354,CHEMBL3351252
CHEMBL3323114,245.0,6.61,CHEMBL3379354,CHEMBL3351252
CHEMBL3323011,148.0,6.83,CHEMBL3379897,CHEMBL3351252
CHEMBL3323112,72.0,7.14,CHEMBL3379897,CHEMBL3351252
CHEMBL3323114,176.0,6.75,CHEMBL3379897,CHEMBL3351252
CHEMBL3310123,1000.0,,CHEMBL3373152,CHEMBL3352264
CHEMBL3318831,6.7,8.17,CHEMBL3369121,CHEMBL3352709
CHEMBL3318832,12.0,7.92,CHEMBL3369121,CHEMBL3352709
CHEMBL3318833,3.0,8.52,CHEMBL3369121,CHEMBL3352709
CHEMBL3318834,3.3,8.48,CHEMBL3369121,CHEMBL3352709
CHEMBL3318835,2.5,8.60,CHEMBL3369121,CHEMBL3352709
CHEMBL3318836,5.6,8.25,CHEMBL3369121,CHEMBL3352709
CHEMBL3318837,15.0,7.82,CHEMBL3369121,CHEMBL3352709
CHEMBL3318838,66.0,7.18,CHEMBL3369121,CHEMBL3352709
CHEMBL3318839,120.0,6.92,CHEMBL3369121,CHEMBL3352709
CHEMBL3318840,140.0,6.85,CHEMBL3369121,CHEMBL3352709
CHEMBL3318841,160.0,6.80,CHEMBL3369121,CHEMBL3352709
CHEMBL3318842,25.0,7.60,CHEMBL3369121,CHEMBL3352709
CHEMBL3318843,310.0,6.51,CHEMBL3369121,CHEMBL3352709
CHEMBL3318844,56.0,7.25,CHEMBL3369121,CHEMBL3352709
CHEMBL3318845,4.5,8.35,CHEMBL3369121,CHEMBL3352709
CHEMBL3318824,3.9,8.41,CHEMBL3369121,CHEMBL3352709
CHEMBL1200986,1.8,8.74,CHEMBL3369121,CHEMBL3352709
CHEMBL3318846,2.5,8.60,CHEMBL3369121,CHEMBL3352709
CHEMBL3318847,3.2,8.49,CHEMBL3369121,CHEMBL3352709
CHEMBL3318848,1.9,8.72,CHEMBL3369121,CHEMBL3352709
CHEMBL3318849,1.3,8.89,CHEMBL3369121,CHEMBL3352709
CHEMBL3318850,4.9,8.31,CHEMBL3369121,CHEMBL3352709
CHEMBL3317465,1.0,9.00,CHEMBL3369121,CHEMBL3352709
CHEMBL3318851,1.6,8.80,CHEMBL3369121,CHEMBL3352709
CHEMBL3318852,860.0,6.07,CHEMBL3369121,CHEMBL3352709
CHEMBL54,0.81,9.09,CHEMBL3369121,CHEMBL3352709
CHEMBL3318831,5.4,8.27,CHEMBL3369122,CHEMBL3352709
CHEMBL3318832,12.0,7.92,CHEMBL3369122,CHEMBL3352709
CHEMBL3318833,2.3,8.64,CHEMBL3369122,CHEMBL3352709
CHEMBL3318834,2.6,8.59,CHEMBL3369122,CHEMBL3352709
CHEMBL3318835,2.9,8.54,CHEMBL3369122,CHEMBL3352709
CHEMBL3318836,6.5,8.19,CHEMBL3369122,CHEMBL3352709
CHEMBL3318837,31.0,7.51,CHEMBL3369122,CHEMBL3352709
CHEMBL3318838,46.0,7.34,CHEMBL3369122,CHEMBL3352709
CHEMBL3318839,62.0,7.21,CHEMBL3369122,CHEMBL3352709
CHEMBL3318840,280.0,6.55,CHEMBL3369122,CHEMBL3352709
CHEMBL3318841,150.0,6.82,CHEMBL3369122,CHEMBL3352709
CHEMBL3318842,27.0,7.57,CHEMBL3369122,CHEMBL3352709
CHEMBL3318843,280.0,6.55,CHEMBL3369122,CHEMBL3352709
CHEMBL3318844,47.0,7.33,CHEMBL3369122,CHEMBL3352709
CHEMBL3318845,4.5,8.35,CHEMBL3369122,CHEMBL3352709
CHEMBL3318824,1.6,8.80,CHEMBL3369122,CHEMBL3352709
CHEMBL1200986,0.46,9.34,CHEMBL3369122,CHEMBL3352709
CHEMBL3318846,1.1,8.96,CHEMBL3369122,CHEMBL3352709
CHEMBL3318847,2.2,8.66,CHEMBL3369122,CHEMBL3352709
CHEMBL3318848,1.8,8.74,CHEMBL3369122,CHEMBL3352709
CHEMBL3318849,1.6,8.80,CHEMBL3369122,CHEMBL3352709
CHEMBL3318850,5.4,8.27,CHEMBL3369122,CHEMBL3352709
CHEMBL3317465,3.0,8.52,CHEMBL3369122,CHEMBL3352709
CHEMBL3318851,3.8,8.42,CHEMBL3369122,CHEMBL3352709
CHEMBL3318852,470.0,6.33,CHEMBL3369122,CHEMBL3352709
CHEMBL54,0.85,9.07,CHEMBL3369122,CHEMBL3352709
CHEMBL3325902,1000.0,,CHEMBL3364544,CHEMBL3351966
CHEMBL1193274,1000.0,,CHEMBL3364544,CHEMBL3351966
CHEMBL3325901,1000.0,,CHEMBL3364544,CHEMBL3351966
CHEMBL3325903,1000.0,,CHEMBL3364544,CHEMBL3351966
CHEMBL3325904,1000.0,,CHEMBL3364544,CHEMBL3351966
CHEMBL3325905,1000.0,,CHEMBL3364544,CHEMBL3351966
CHEMBL3325906,1000.0,,CHEMBL3364544,CHEMBL3351966
CHEMBL3325907,1000.0,,CHEMBL3364544,CHEMBL3351966
CHEMBL3325908,1000.0,,CHEMBL3364544,CHEMBL3351966
CHEMBL3325909,1000.0,,CHEMBL3364544,CHEMBL3351966
CHEMBL3356088,1000.0,,CHEMBL3364544,CHEMBL3351966
CHEMBL3325911,1000.0,,CHEMBL3364544,CHEMBL3351966
CHEMBL3325912,1000.0,,CHEMBL3364544,CHEMBL3351966
CHEMBL3325913,1000.0,,CHEMBL3364544,CHEMBL3351966
CHEMBL3325914,1000.0,,CHEMBL3364544,CHEMBL3351966
CHEMBL3325915,1000.0,,CHEMBL3364544,CHEMBL3351966
CHEMBL3325916,1000.0,,CHEMBL3364544,CHEMBL3351966
CHEMBL3325917,1000.0,,CHEMBL3364544,CHEMBL3351966
CHEMBL3325918,1000.0,,CHEMBL3364544,CHEMBL3351966
CHEMBL3325919,1000.0,,CHEMBL3364544,CHEMBL3351966
CHEMBL3325920,1000.0,,CHEMBL3364544,CHEMBL3351966
CHEMBL3325921,1000.0,,CHEMBL3364544,CHEMBL3351966
CHEMBL3325922,1000.0,,CHEMBL3364544,CHEMBL3351966
CHEMBL3325923,1000.0,,CHEMBL3364544,CHEMBL3351966
CHEMBL3325924,1000.0,,CHEMBL3364544,CHEMBL3351966
CHEMBL3325925,1000.0,,CHEMBL3364544,CHEMBL3351966
CHEMBL3325926,1000.0,,CHEMBL3364544,CHEMBL3351966
CHEMBL3323115,809.0,6.09,CHEMBL3379351,CHEMBL3351252
CHEMBL3323114,298.0,6.53,CHEMBL3379351,CHEMBL3351252
CHEMBL3323113,934.0,6.03,CHEMBL3379351,CHEMBL3351252
CHEMBL3323112,301.0,6.52,CHEMBL3379351,CHEMBL3351252
CHEMBL3323019,527.0,6.28,CHEMBL3379351,CHEMBL3351252
CHEMBL3323018,481.0,6.32,CHEMBL3379351,CHEMBL3351252
CHEMBL3323017,655.0,6.18,CHEMBL3379351,CHEMBL3351252
CHEMBL3323016,450.0,6.35,CHEMBL3379351,CHEMBL3351252
CHEMBL3323015,436.0,6.36,CHEMBL3379351,CHEMBL3351252
CHEMBL3323014,683.0,6.17,CHEMBL3379351,CHEMBL3351252
CHEMBL3323013,336.0,6.47,CHEMBL3379351,CHEMBL3351252
CHEMBL3323012,913.0,6.04,CHEMBL3379351,CHEMBL3351252
CHEMBL3323011,511.0,6.29,CHEMBL3379351,CHEMBL3351252
CHEMBL54,0.89,9.05,CHEMBL3366156,CHEMBL3352364
CHEMBL1940402,24.0,7.62,CHEMBL3366156,CHEMBL3352364
CHEMBL1940404,8.8,8.06,CHEMBL3366156,CHEMBL3352364
CHEMBL1940403,5.3,8.28,CHEMBL3366156,CHEMBL3352364
CHEMBL210578,0.31,9.51,CHEMBL3366156,CHEMBL3352364
CHEMBL3321788,33.0,7.48,CHEMBL3366156,CHEMBL3352364
CHEMBL3321789,22.0,7.66,CHEMBL3366156,CHEMBL3352364
CHEMBL3321790,2.9,8.54,CHEMBL3366156,CHEMBL3352364
CHEMBL3321791,27.0,7.57,CHEMBL3366156,CHEMBL3352364
CHEMBL3321792,4.8,8.32,CHEMBL3366156,CHEMBL3352364
CHEMBL715,20.0,7.70,CHEMBL3366156,CHEMBL3352364
CHEMBL3344356,88.02,7.05,CHEMBL3387736,CHEMBL3351714
CHEMBL3344456,40.83,7.39,CHEMBL3387736,CHEMBL3351714
CHEMBL3344457,38.63,7.41,CHEMBL3387736,CHEMBL3351714
CHEMBL3344458,17.61,7.75,CHEMBL3387736,CHEMBL3351714
CHEMBL3344459,7.54,8.12,CHEMBL3387736,CHEMBL3351714
CHEMBL3344460,46.7,7.33,CHEMBL3387736,CHEMBL3351714
CHEMBL3344461,79.54,7.10,CHEMBL3387736,CHEMBL3351714
CHEMBL3344462,29.1,7.54,CHEMBL3387736,CHEMBL3351714
CHEMBL3344463,189.99,6.72,CHEMBL3387736,CHEMBL3351714
CHEMBL3344465,34.23,7.47,CHEMBL3387736,CHEMBL3351714
CHEMBL3344466,11.51,7.94,CHEMBL3387736,CHEMBL3351714
CHEMBL3344467,34.36,7.46,CHEMBL3387736,CHEMBL3351714
CHEMBL3344468,18.38,7.74,CHEMBL3387736,CHEMBL3351714
CHEMBL3344469,16.49,7.78,CHEMBL3387736,CHEMBL3351714
CHEMBL3344470,12.02,7.92,CHEMBL3387736,CHEMBL3351714
CHEMBL487387,105.41,6.98,CHEMBL3387736,CHEMBL3351714
CHEMBL3358519,1000.0,,CHEMBL3381713,CHEMBL3351528
CHEMBL3358518,1000.0,,CHEMBL3381713,CHEMBL3351528
CHEMBL3358517,1000.0,,CHEMBL3381713,CHEMBL3351528
CHEMBL3358516,1000.0,,CHEMBL3381713,CHEMBL3351528
CHEMBL3358515,1000.0,,CHEMBL3381713,CHEMBL3351528
CHEMBL3358514,1000.0,,CHEMBL3381713,CHEMBL3351528
CHEMBL3358513,1.0,9.00,CHEMBL3381713,CHEMBL3351528
CHEMBL3358512,58.0,7.24,CHEMBL3381713,CHEMBL3351528
CHEMBL3358511,1000.0,,CHEMBL3381713,CHEMBL3351528
CHEMBL3358510,1000.0,,CHEMBL3381713,CHEMBL3351528
CHEMBL3358509,1000.0,,CHEMBL3381713,CHEMBL3351528
CHEMBL3358508,1000.0,,CHEMBL3381713,CHEMBL3351528
CHEMBL3358507,1000.0,,CHEMBL3381713,CHEMBL3351528
CHEMBL3358506,3412.0,5.47,CHEMBL3381713,CHEMBL3351528
CHEMBL3358505,1000.0,,CHEMBL3381713,CHEMBL3351528
CHEMBL3358504,1000.0,,CHEMBL3381713,CHEMBL3351528
CHEMBL3358503,1000.0,,CHEMBL3381713,CHEMBL3351528
CHEMBL3358502,1000.0,,CHEMBL3381713,CHEMBL3351528
CHEMBL3358501,1000.0,,CHEMBL3381713,CHEMBL3351528
CHEMBL3358500,1000.0,,CHEMBL3381713,CHEMBL3351528
CHEMBL3358499,1000.0,,CHEMBL3381713,CHEMBL3351528
CHEMBL3358498,160.0,6.80,CHEMBL3381713,CHEMBL3351528
CHEMBL3358497,1000.0,,CHEMBL3381713,CHEMBL3351528
CHEMBL3358496,1000.0,,CHEMBL3381713,CHEMBL3351528
CHEMBL3358495,1000.0,,CHEMBL3381713,CHEMBL3351528
CHEMBL3358098,5596.0,5.25,CHEMBL3381713,CHEMBL3351528
CHEMBL3358099,1000.0,,CHEMBL3381713,CHEMBL3351528
CHEMBL3358100,286.0,6.54,CHEMBL3381713,CHEMBL3351528
CHEMBL3358101,1000.0,,CHEMBL3381713,CHEMBL3351528
CHEMBL85,3.8,8.42,CHEMBL3381713,CHEMBL3351528
CHEMBL1112,0.8,9.10,CHEMBL3381713,CHEMBL3351528
CHEMBL715,20.0,7.70,CHEMBL3381713,CHEMBL3351528
CHEMBL42,210.0,6.68,CHEMBL3381713,CHEMBL3351528
CHEMBL496739,263.0,6.58,CHEMBL3381713,CHEMBL3351528
CHEMBL3358102,219.0,6.66,CHEMBL3381713,CHEMBL3351528
CHEMBL3358103,1000.0,,CHEMBL3381713,CHEMBL3351528
CHEMBL3358104,53.0,7.28,CHEMBL3381713,CHEMBL3351528
CHEMBL3358105,76.0,7.12,CHEMBL3381713,CHEMBL3351528
CHEMBL3358106,1000.0,,CHEMBL3381713,CHEMBL3351528
CHEMBL3358107,1000.0,,CHEMBL3381713,CHEMBL3351528
CHEMBL3358492,1000.0,,CHEMBL3381713,CHEMBL3351528
CHEMBL3358493,85.0,7.07,CHEMBL3381713,CHEMBL3351528
CHEMBL3358494,1000.0,,CHEMBL3381713,CHEMBL3351528
CHEMBL3343670,1000.0,,CHEMBL3381341,CHEMBL3351957
CHEMBL3335470,30.0,7.52,CHEMBL3387258,CHEMBL3352435
CHEMBL3335471,5.4,8.27,CHEMBL3387258,CHEMBL3352435
CHEMBL3335472,37.0,7.43,CHEMBL3387258,CHEMBL3352435
CHEMBL3335535,100000.0,,CHEMBL3383110,CHEMBL3352711
CHEMBL3335536,100000.0,,CHEMBL3383110,CHEMBL3352711
CHEMBL3335537,100000.0,,CHEMBL3383110,CHEMBL3352711
CHEMBL3335538,5500.0,5.26,CHEMBL3383656,CHEMBL3352711
CHEMBL3335554,5500.0,5.26,CHEMBL3383656,CHEMBL3352711
CHEMBL3409257,78.0,7.11,CHEMBL3413541,CHEMBL3407464
CHEMBL3409256,6.3,8.20,CHEMBL3413541,CHEMBL3407464
CHEMBL3409255,220.0,6.66,CHEMBL3413541,CHEMBL3407464
CHEMBL3409254,23.0,7.64,CHEMBL3413541,CHEMBL3407464
CHEMBL54,4.0,8.40,CHEMBL3413541,CHEMBL3407464
CHEMBL3409253,76.0,7.12,CHEMBL3413541,CHEMBL3407464
CHEMBL3409252,44.0,7.36,CHEMBL3413541,CHEMBL3407464
CHEMBL3409251,45.0,7.35,CHEMBL3413541,CHEMBL3407464
CHEMBL3409250,21.0,7.68,CHEMBL3413541,CHEMBL3407464
CHEMBL3409249,95.0,7.02,CHEMBL3413541,CHEMBL3407464
CHEMBL3409248,180.0,6.75,CHEMBL3413541,CHEMBL3407464
CHEMBL3409247,270.0,6.57,CHEMBL3413541,CHEMBL3407464
CHEMBL3409246,62.0,7.21,CHEMBL3413541,CHEMBL3407464
CHEMBL3409245,29.0,7.54,CHEMBL3413541,CHEMBL3407464
CHEMBL3409244,160.0,6.80,CHEMBL3413541,CHEMBL3407464
CHEMBL3409243,31.0,7.51,CHEMBL3413541,CHEMBL3407464
CHEMBL3409242,1.3,8.89,CHEMBL3413541,CHEMBL3407464
CHEMBL3409241,12.0,7.92,CHEMBL3413541,CHEMBL3407464
CHEMBL3409240,6.1,8.21,CHEMBL3413541,CHEMBL3407464
CHEMBL3409239,11.0,7.96,CHEMBL3413541,CHEMBL3407464
CHEMBL3409238,1.3,8.89,CHEMBL3413541,CHEMBL3407464
CHEMBL3409237,20.0,7.70,CHEMBL3413541,CHEMBL3407464
CHEMBL3409236,120.0,6.92,CHEMBL3413541,CHEMBL3407464
CHEMBL3409235,70.0,7.16,CHEMBL3413541,CHEMBL3407464
CHEMBL3407518,14.0,7.85,CHEMBL3413541,CHEMBL3407464
CHEMBL3409234,4.8,8.32,CHEMBL3413541,CHEMBL3407464
CHEMBL3409233,40.0,7.40,CHEMBL3413541,CHEMBL3407464
CHEMBL3409232,73.0,7.14,CHEMBL3413541,CHEMBL3407464
CHEMBL8514,0.04,10.40,CHEMBL3413553,CHEMBL3407464
CHEMBL3409256,6.3,8.20,CHEMBL3413553,CHEMBL3407464
CHEMBL3409263,47.0,7.33,CHEMBL3413541,CHEMBL3407464
CHEMBL3409262,67.0,7.17,CHEMBL3413541,CHEMBL3407464
CHEMBL3409261,62.0,7.21,CHEMBL3413541,CHEMBL3407464
CHEMBL3409260,290.0,6.54,CHEMBL3413541,CHEMBL3407464
CHEMBL3409259,120.0,6.92,CHEMBL3413541,CHEMBL3407464
CHEMBL3409258,110.0,6.96,CHEMBL3413541,CHEMBL3407464
CHEMBL3423328,700.0,6.16,CHEMBL3423552,CHEMBL3421538
CHEMBL3423329,265.0,6.58,CHEMBL3423552,CHEMBL3421538
CHEMBL3423330,430.0,6.37,CHEMBL3423552,CHEMBL3421538
CHEMBL3423331,468.0,6.33,CHEMBL3423552,CHEMBL3421538
CHEMBL3423332,4.0,8.40,CHEMBL3423552,CHEMBL3421538
CHEMBL3423333,24.0,7.62,CHEMBL3423552,CHEMBL3421538
CHEMBL3423334,259.0,6.59,CHEMBL3423552,CHEMBL3421538
CHEMBL3423335,123.0,6.91,CHEMBL3423552,CHEMBL3421538
CHEMBL3423336,106.0,6.97,CHEMBL3423552,CHEMBL3421538
CHEMBL3423337,23.0,7.64,CHEMBL3423552,CHEMBL3421538
CHEMBL3423338,9.0,8.05,CHEMBL3423552,CHEMBL3421538
CHEMBL3423339,27.0,7.57,CHEMBL3423552,CHEMBL3421538
CHEMBL3423340,59.0,7.23,CHEMBL3423552,CHEMBL3421538
CHEMBL3423377,340.0,6.47,CHEMBL3423552,CHEMBL3421538
CHEMBL3423378,68.0,7.17,CHEMBL3423552,CHEMBL3421538
CHEMBL3423379,215.0,6.67,CHEMBL3423552,CHEMBL3421538
CHEMBL240773,260.0,6.58,CHEMBL3578854,CHEMBL3576771
CHEMBL2397389,14.0,7.85,CHEMBL3578854,CHEMBL3576771
CHEMBL2396663,9.4,8.03,CHEMBL3578854,CHEMBL3576771
CHEMBL3577342,1.6,8.80,CHEMBL3578854,CHEMBL3576771
CHEMBL3577343,4.9,8.31,CHEMBL3578854,CHEMBL3576771
CHEMBL3577344,24.0,7.62,CHEMBL3578854,CHEMBL3576771
CHEMBL3577345,18.0,7.75,CHEMBL3578854,CHEMBL3576771
CHEMBL3577346,0.47,9.33,CHEMBL3578854,CHEMBL3576771
CHEMBL240773,70.0,7.16,CHEMBL3578855,CHEMBL3576771
CHEMBL2397389,8.8,8.06,CHEMBL3578855,CHEMBL3576771
CHEMBL2396663,3.9,8.41,CHEMBL3578855,CHEMBL3576771
CHEMBL3577342,2.9,8.54,CHEMBL3578855,CHEMBL3576771
CHEMBL3577343,10.0,8.00,CHEMBL3578855,CHEMBL3576771
CHEMBL3577344,53.0,7.28,CHEMBL3578855,CHEMBL3576771
CHEMBL3577345,30.0,7.52,CHEMBL3578855,CHEMBL3576771
CHEMBL3577346,0.54,9.27,CHEMBL3578855,CHEMBL3576771
CHEMBL589,3.7,8.43,CHEMBL3587541,CHEMBL3585327
CHEMBL3590077,38.0,7.42,CHEMBL3592693,CHEMBL3588764
CHEMBL3590078,7.5,8.12,CHEMBL3592693,CHEMBL3588764
CHEMBL3590079,6.6,8.18,CHEMBL3592693,CHEMBL3588764
CHEMBL3590080,19.0,7.72,CHEMBL3592693,CHEMBL3588764
CHEMBL3590081,23.0,7.64,CHEMBL3592693,CHEMBL3588764
CHEMBL3590082,25.0,7.60,CHEMBL3592693,CHEMBL3588764
CHEMBL3590083,40.0,7.40,CHEMBL3592693,CHEMBL3588764
CHEMBL3590084,43.0,7.37,CHEMBL3592693,CHEMBL3588764
CHEMBL3589575,5.0,8.30,CHEMBL3592693,CHEMBL3588764
CHEMBL3589576,3.9,8.41,CHEMBL3592693,CHEMBL3588764
CHEMBL3589577,110.0,6.96,CHEMBL3592693,CHEMBL3588764
CHEMBL3590077,34.0,7.47,CHEMBL3592694,CHEMBL3588764
CHEMBL3590078,12.0,7.92,CHEMBL3592694,CHEMBL3588764
CHEMBL3590079,9.5,8.02,CHEMBL3592694,CHEMBL3588764
CHEMBL3590080,2.9,8.54,CHEMBL3592694,CHEMBL3588764
CHEMBL3590081,36.0,7.44,CHEMBL3592694,CHEMBL3588764
CHEMBL3590082,13.0,7.89,CHEMBL3592694,CHEMBL3588764
CHEMBL3590083,12.0,7.92,CHEMBL3592694,CHEMBL3588764
CHEMBL3590084,13.0,7.89,CHEMBL3592694,CHEMBL3588764
CHEMBL3589575,4.0,8.40,CHEMBL3592694,CHEMBL3588764
CHEMBL3589576,8.5,8.07,CHEMBL3592694,CHEMBL3588764
CHEMBL3589577,73.0,7.14,CHEMBL3592694,CHEMBL3588764
CHEMBL3588913,31.5,7.50,CHEMBL3591124,CHEMBL3588746
CHEMBL3588914,57.2,7.24,CHEMBL3591124,CHEMBL3588746
CHEMBL3588915,51.8,7.29,CHEMBL3591124,CHEMBL3588746
CHEMBL3588916,83.4,7.08,CHEMBL3591124,CHEMBL3588746
CHEMBL3353895,53.6,7.27,CHEMBL3591124,CHEMBL3588746
CHEMBL3588917,80.8,7.09,CHEMBL3591124,CHEMBL3588746
CHEMBL3588918,424.0,6.37,CHEMBL3591124,CHEMBL3588746
CHEMBL3588919,46.6,7.33,CHEMBL3591124,CHEMBL3588746
CHEMBL3588920,23.3,7.63,CHEMBL3591124,CHEMBL3588746
CHEMBL3588921,50.1,7.30,CHEMBL3591124,CHEMBL3588746
CHEMBL3588981,43.7,7.36,CHEMBL3591124,CHEMBL3588746
CHEMBL3588982,42.5,7.37,CHEMBL3591124,CHEMBL3588746
CHEMBL3588983,69.0,7.16,CHEMBL3591124,CHEMBL3588746
CHEMBL2430443,137.0,6.86,CHEMBL3591124,CHEMBL3588746
CHEMBL3588984,103.0,6.99,CHEMBL3591124,CHEMBL3588746
CHEMBL3588985,885.0,6.05,CHEMBL3591124,CHEMBL3588746
CHEMBL3588986,56.1,7.25,CHEMBL3591124,CHEMBL3588746
CHEMBL3588987,53.9,7.27,CHEMBL3591124,CHEMBL3588746
CHEMBL3588988,2590.0,5.59,CHEMBL3591124,CHEMBL3588746
CHEMBL3588989,189.0,6.72,CHEMBL3591124,CHEMBL3588746
CHEMBL3588990,819.0,6.09,CHEMBL3591124,CHEMBL3588746
CHEMBL3588991,1210.0,5.92,CHEMBL3591124,CHEMBL3588746
CHEMBL3588992,1020.0,5.99,CHEMBL3591124,CHEMBL3588746
CHEMBL3588993,607.0,6.22,CHEMBL3591124,CHEMBL3588746
CHEMBL3588994,424.0,6.37,CHEMBL3591124,CHEMBL3588746
CHEMBL3588995,18800.0,4.73,CHEMBL3591124,CHEMBL3588746
CHEMBL3588996,15100.0,4.82,CHEMBL3591124,CHEMBL3588746
CHEMBL3588997,789.0,6.10,CHEMBL3591124,CHEMBL3588746
CHEMBL3588998,963.0,6.02,CHEMBL3591124,CHEMBL3588746
CHEMBL3589650,244.0,6.61,CHEMBL3591124,CHEMBL3588746
CHEMBL1627305,746.0,6.13,CHEMBL3591124,CHEMBL3588746
CHEMBL3589651,321.0,6.49,CHEMBL3591124,CHEMBL3588746
CHEMBL3589652,54.7,7.26,CHEMBL3591124,CHEMBL3588746
CHEMBL1627314,217.0,6.66,CHEMBL3591366,CHEMBL3588810
CHEMBL300780,54.7,7.26,CHEMBL3591366,CHEMBL3588810
CHEMBL3590086,46.9,7.33,CHEMBL3591366,CHEMBL3588810
CHEMBL180010,74.0,7.13,CHEMBL3591366,CHEMBL3588810
CHEMBL3590085,2110.0,5.68,CHEMBL3591366,CHEMBL3588810
CHEMBL1112,0.343,9.46,CHEMBL3591366,CHEMBL3588810
CHEMBL3590086,335.0,6.47,CHEMBL3591527,CHEMBL3588810
CHEMBL1627306,295.0,6.53,CHEMBL3599871,CHEMBL3596172
CHEMBL1627305,746.0,6.13,CHEMBL3599873,CHEMBL3596172
CHEMBL3597641,53.0,7.28,CHEMBL3599873,CHEMBL3596172
CHEMBL3597642,72.3,7.14,CHEMBL3599873,CHEMBL3596172
CHEMBL3597643,12.9,7.89,CHEMBL3599873,CHEMBL3596172
CHEMBL3597644,13.8,7.86,CHEMBL3599873,CHEMBL3596172
CHEMBL3596212,14.8,7.83,CHEMBL3599873,CHEMBL3596172
CHEMBL3597645,8.37,8.08,CHEMBL3599873,CHEMBL3596172
CHEMBL68740,36.8,7.43,CHEMBL3599873,CHEMBL3596172
CHEMBL1627310,328.0,6.48,CHEMBL3599873,CHEMBL3596172
CHEMBL127317,66.8,7.17,CHEMBL3599873,CHEMBL3596172
CHEMBL3597646,929.0,6.03,CHEMBL3599873,CHEMBL3596172
CHEMBL3597647,68.2,7.17,CHEMBL3599873,CHEMBL3596172
CHEMBL3597648,1000.0,6.00,CHEMBL3599873,CHEMBL3596172
CHEMBL3597649,915.0,6.04,CHEMBL3599873,CHEMBL3596172
CHEMBL3597650,34.1,7.47,CHEMBL3599873,CHEMBL3596172
CHEMBL3597651,682.0,6.17,CHEMBL3599873,CHEMBL3596172
CHEMBL3597652,707.0,6.15,CHEMBL3599873,CHEMBL3596172
CHEMBL3597653,774.0,6.11,CHEMBL3599873,CHEMBL3596172
CHEMBL3597654,1030.0,5.99,CHEMBL3599873,CHEMBL3596172
CHEMBL3597635,15.8,7.80,CHEMBL3599873,CHEMBL3596172
CHEMBL3597636,258.0,6.59,CHEMBL3599873,CHEMBL3596172
CHEMBL3597637,43.1,7.37,CHEMBL3599873,CHEMBL3596172
CHEMBL3597638,885.0,6.05,CHEMBL3599873,CHEMBL3596172
CHEMBL3597639,39.2,7.41,CHEMBL3599873,CHEMBL3596172
CHEMBL3597640,827.0,6.08,CHEMBL3599873,CHEMBL3596172
CHEMBL3605327,5586.0,5.25,CHEMBL3608115,CHEMBL3603825
CHEMBL3605331,175.0,6.76,CHEMBL3608115,CHEMBL3603825
CHEMBL3605344,197.0,6.71,CHEMBL3608115,CHEMBL3603825
CHEMBL267930,1.08,8.97,CHEMBL3610650,CHEMBL3608303
CHEMBL221843,35.0,7.46,CHEMBL3614290,CHEMBL3612016
CHEMBL373873,14.0,7.85,CHEMBL3614290,CHEMBL3612016
CHEMBL344677,34.0,7.47,CHEMBL3614290,CHEMBL3612016
CHEMBL342060,58.0,7.24,CHEMBL3614290,CHEMBL3612016
CHEMBL143352,290.0,6.54,CHEMBL3614290,CHEMBL3612016
CHEMBL139600,7.1,8.15,CHEMBL3614290,CHEMBL3612016
CHEMBL140968,35.0,7.46,CHEMBL3614290,CHEMBL3612016
CHEMBL357684,150.0,6.82,CHEMBL3614290,CHEMBL3612016
CHEMBL221587,2.5,8.60,CHEMBL3614290,CHEMBL3612016
CHEMBL218607,6.4,8.19,CHEMBL3614290,CHEMBL3612016
CHEMBL437525,13.0,7.89,CHEMBL3614290,CHEMBL3612016
CHEMBL220754,2.7,8.57,CHEMBL3614290,CHEMBL3612016
CHEMBL218351,7.1,8.15,CHEMBL3614290,CHEMBL3612016
CHEMBL385289,17.0,7.77,CHEMBL3614290,CHEMBL3612016
CHEMBL217981,0.58,9.24,CHEMBL3614290,CHEMBL3612016
CHEMBL386986,3.0,8.52,CHEMBL3614290,CHEMBL3612016
CHEMBL221129,0.91,9.04,CHEMBL3614290,CHEMBL3612016
CHEMBL1112,0.48,9.32,CHEMBL3614290,CHEMBL3612016
CHEMBL424294,25.0,7.60,CHEMBL3614290,CHEMBL3612016
CHEMBL59725,1000.0,6.00,CHEMBL3614290,CHEMBL3612016
CHEMBL124444,170.0,6.77,CHEMBL3614290,CHEMBL3612016
CHEMBL139926,82.0,7.09,CHEMBL3614290,CHEMBL3612016
CHEMBL346692,760.0,6.12,CHEMBL3614290,CHEMBL3612016
CHEMBL3613873,140.0,6.85,CHEMBL3614290,CHEMBL3612016
CHEMBL3613874,6.7,8.17,CHEMBL3614290,CHEMBL3612016
CHEMBL3613875,110.0,6.96,CHEMBL3614290,CHEMBL3612016
CHEMBL142020,99.0,7.00,CHEMBL3614290,CHEMBL3612016
CHEMBL141845,85.0,7.07,CHEMBL3614290,CHEMBL3612016
CHEMBL425285,6.4,8.19,CHEMBL3614290,CHEMBL3612016
CHEMBL221866,1.5,8.82,CHEMBL3614290,CHEMBL3612016
CHEMBL3613876,11.0,7.96,CHEMBL3614290,CHEMBL3612016
CHEMBL3613877,18.0,7.75,CHEMBL3614290,CHEMBL3612016
CHEMBL3613878,22.0,7.66,CHEMBL3614290,CHEMBL3612016
CHEMBL3613879,130.0,6.89,CHEMBL3614290,CHEMBL3612016
CHEMBL3613880,23.0,7.64,CHEMBL3614290,CHEMBL3612016
CHEMBL3613873,81.0,7.09,CHEMBL3614291,CHEMBL3612016
CHEMBL3613874,3.8,8.42,CHEMBL3614291,CHEMBL3612016
CHEMBL3613875,51.0,7.29,CHEMBL3614291,CHEMBL3612016
CHEMBL3613876,8.0,8.10,CHEMBL3614291,CHEMBL3612016
CHEMBL3613877,9.4,8.03,CHEMBL3614291,CHEMBL3612016
CHEMBL3613878,10.0,8.00,CHEMBL3614291,CHEMBL3612016
CHEMBL3613879,54.0,7.27,CHEMBL3614291,CHEMBL3612016
CHEMBL3613880,7.3,8.14,CHEMBL3614291,CHEMBL3612016
CHEMBL54,0.96,9.02,CHEMBL3626473,CHEMBL3621057
CHEMBL3622103,920.0,6.04,CHEMBL3626473,CHEMBL3621057
CHEMBL3622102,4100.0,5.39,CHEMBL3626473,CHEMBL3621057
CHEMBL3622101,5200.0,5.28,CHEMBL3626473,CHEMBL3621057
CHEMBL3622100,4000.0,5.40,CHEMBL3626473,CHEMBL3621057
CHEMBL3622099,58.0,7.24,CHEMBL3626473,CHEMBL3621057
CHEMBL3622098,120.0,6.92,CHEMBL3626473,CHEMBL3621057
CHEMBL3622097,53.0,7.28,CHEMBL3626473,CHEMBL3621057
CHEMBL3622096,430.0,6.37,CHEMBL3626473,CHEMBL3621057
CHEMBL3622095,220.0,6.66,CHEMBL3626473,CHEMBL3621057
CHEMBL3622094,520.0,6.28,CHEMBL3626473,CHEMBL3621057
CHEMBL3622093,920.0,6.04,CHEMBL3626473,CHEMBL3621057
CHEMBL3622092,7500.0,5.12,CHEMBL3626473,CHEMBL3621057
CHEMBL3622099,51.0,7.29,CHEMBL3626475,CHEMBL3621057
CHEMBL3622097,48.0,7.32,CHEMBL3626475,CHEMBL3621057
CHEMBL313620,8.8,8.06,CHEMBL3636470,CHEMBL3632483
CHEMBL3664838,277.39,6.56,CHEMBL3707825,CHEMBL3638396
CHEMBL3676915,15.19,7.82,CHEMBL3706129,CHEMBL3639297
CHEMBL3695369,729.0,6.14,CHEMBL3705383,CHEMBL3638568
CHEMBL3695446,243.6,6.61,CHEMBL3705383,CHEMBL3638568
CHEMBL3664873,149.51,6.83,CHEMBL3707825,CHEMBL3638396
CHEMBL3664833,202.82,6.69,CHEMBL3707825,CHEMBL3638396
CHEMBL3697976,150.42,6.82,CHEMBL3707837,CHEMBL3639169
CHEMBL3697974,181.01,6.74,CHEMBL3707837,CHEMBL3639169
CHEMBL3697998,88.19,7.05,CHEMBL3707837,CHEMBL3639169
CHEMBL3642735,592.9,6.23,CHEMBL3705135,CHEMBL3639183
CHEMBL3664860,183.74,6.74,CHEMBL3707825,CHEMBL3638396
CHEMBL3697975,250.3,6.60,CHEMBL3707837,CHEMBL3639169
CHEMBL3695435,366.1,6.44,CHEMBL3705383,CHEMBL3638568
CHEMBL3664859,165.4,6.78,CHEMBL3707825,CHEMBL3638396
CHEMBL3676919,92.47,7.03,CHEMBL3706129,CHEMBL3639297
CHEMBL3642749,444.2,6.35,CHEMBL3705135,CHEMBL3639183
CHEMBL3642703,246.0,6.61,CHEMBL3705135,CHEMBL3639183
CHEMBL3695361,650.0,6.19,CHEMBL3705383,CHEMBL3638568
CHEMBL3642719,609.5,6.21,CHEMBL3705135,CHEMBL3639183
CHEMBL3676870,33.71,7.47,CHEMBL3706129,CHEMBL3639297
CHEMBL3676920,60.84,7.22,CHEMBL3706129,CHEMBL3639297
CHEMBL3664845,406.7,6.39,CHEMBL3707825,CHEMBL3638396
CHEMBL3676904,46.9,7.33,CHEMBL3706129,CHEMBL3639297
CHEMBL3642695,539.0,6.27,CHEMBL3705135,CHEMBL3639183
CHEMBL3676877,46.39,7.33,CHEMBL3706129,CHEMBL3639297
CHEMBL3642765,731.8,6.14,CHEMBL3705135,CHEMBL3639183
CHEMBL3664867,164.9,6.78,CHEMBL3707825,CHEMBL3638396
CHEMBL3676878,45.27,7.34,CHEMBL3706129,CHEMBL3639297
CHEMBL85,5.9,8.23,CHEMBL3707630,CHEMBL3638417
CHEMBL3676846,50.4,7.30,CHEMBL3706129,CHEMBL3639297
CHEMBL3976966,3248.0,5.49,CHEMBL3705383,CHEMBL3638568
CHEMBL3642812,3161.0,5.50,CHEMBL3705135,CHEMBL3639183
CHEMBL3642781,1126.0,5.95,CHEMBL3705135,CHEMBL3639183
CHEMBL3642743,781.5,6.11,CHEMBL3705135,CHEMBL3639183
CHEMBL3698017,72.43,7.14,CHEMBL3707837,CHEMBL3639169
CHEMBL3676906,226.91,6.64,CHEMBL3706129,CHEMBL3639297
CHEMBL3695413,301.2,6.52,CHEMBL3705383,CHEMBL3638568
CHEMBL3697961,269.17,6.57,CHEMBL3707837,CHEMBL3639169
CHEMBL3695432,808.8,6.09,CHEMBL3705383,CHEMBL3638568
CHEMBL3664834,361.06,6.44,CHEMBL3707825,CHEMBL3638396
CHEMBL3695444,501.4,6.30,CHEMBL3705383,CHEMBL3638568
CHEMBL3695367,671.2,6.17,CHEMBL3705383,CHEMBL3638568
CHEMBL3642705,392.0,6.41,CHEMBL3705135,CHEMBL3639183
CHEMBL3642801,116.6,6.93,CHEMBL3705135,CHEMBL3639183
CHEMBL3695406,372.6,6.43,CHEMBL3705383,CHEMBL3638568
CHEMBL3676869,68.89,7.16,CHEMBL3706129,CHEMBL3639297
CHEMBL3642718,733.5,6.13,CHEMBL3705135,CHEMBL3639183
CHEMBL3642792,312.6,6.50,CHEMBL3705135,CHEMBL3639183
CHEMBL3695389,239.4,6.62,CHEMBL3705383,CHEMBL3638568
CHEMBL3676931,79.51,7.10,CHEMBL3706129,CHEMBL3639297
CHEMBL3697999,4818.65,5.32,CHEMBL3707837,CHEMBL3639169
CHEMBL3664875,360.81,6.44,CHEMBL3707825,CHEMBL3638396
CHEMBL3698004,91.14,7.04,CHEMBL3707837,CHEMBL3639169
CHEMBL3676903,28.63,7.54,CHEMBL3706129,CHEMBL3639297
CHEMBL3695384,514.1,6.29,CHEMBL3705383,CHEMBL3638568
CHEMBL3676898,18.01,7.74,CHEMBL3706129,CHEMBL3639297
CHEMBL3642699,234.0,6.63,CHEMBL3705135,CHEMBL3639183
CHEMBL3676855,83.59,7.08,CHEMBL3706129,CHEMBL3639297
CHEMBL3642682,780.0,6.11,CHEMBL3705135,CHEMBL3639183
CHEMBL3642704,218.0,6.66,CHEMBL3705135,CHEMBL3639183
CHEMBL3697987,175.4,6.76,CHEMBL3707837,CHEMBL3639169
CHEMBL3664839,194.24,6.71,CHEMBL3707825,CHEMBL3638396
CHEMBL3642815,801.3,6.10,CHEMBL3705135,CHEMBL3639183
CHEMBL3697954,301.03,6.52,CHEMBL3707837,CHEMBL3639169
CHEMBL3676908,22.11,7.66,CHEMBL3706129,CHEMBL3639297
CHEMBL3664854,491.09,6.31,CHEMBL3707825,CHEMBL3638396
CHEMBL3664850,233.95,6.63,CHEMBL3707825,CHEMBL3638396
CHEMBL3695398,191.8,6.72,CHEMBL3705383,CHEMBL3638568
CHEMBL3642726,1093.5,5.96,CHEMBL3705135,CHEMBL3639183
CHEMBL3664821,302.84,6.52,CHEMBL3707825,CHEMBL3638396
CHEMBL3676847,71.18,7.15,CHEMBL3706129,CHEMBL3639297
CHEMBL3676863,81.48,7.09,CHEMBL3706129,CHEMBL3639297
CHEMBL3664866,100.3,7.00,CHEMBL3707825,CHEMBL3638396
CHEMBL3695405,135.0,6.87,CHEMBL3705383,CHEMBL3638568
CHEMBL3642693,119.0,6.92,CHEMBL3705135,CHEMBL3639183
CHEMBL3676854,32.32,7.49,CHEMBL3706129,CHEMBL3639297
CHEMBL716,400.0,6.40,CHEMBL3707630,CHEMBL3638417
CHEMBL3642683,1347.0,5.87,CHEMBL3705135,CHEMBL3639183
CHEMBL3664855,321.69,6.49,CHEMBL3707825,CHEMBL3638396
CHEMBL3697953,197.58,6.70,CHEMBL3707837,CHEMBL3639169
CHEMBL3664884,114.29,6.94,CHEMBL3707825,CHEMBL3638396
CHEMBL3697969,143.65,6.84,CHEMBL3707837,CHEMBL3639169
CHEMBL3676907,50.09,7.30,CHEMBL3706129,CHEMBL3639297
CHEMBL3642740,485.6,6.31,CHEMBL3705135,CHEMBL3639183
CHEMBL3676885,53.03,7.28,CHEMBL3706129,CHEMBL3639297
CHEMBL3698000,572.43,6.24,CHEMBL3707837,CHEMBL3639169
CHEMBL3695443,85.1,7.07,CHEMBL3705383,CHEMBL3638568
CHEMBL3697986,123.97,6.91,CHEMBL3707837,CHEMBL3639169
CHEMBL3695366,345.7,6.46,CHEMBL3705383,CHEMBL3638568
CHEMBL3642717,1568.0,5.80,CHEMBL3705135,CHEMBL3639183
CHEMBL3642694,780.0,6.11,CHEMBL3705135,CHEMBL3639183
CHEMBL3642813,788.5,6.10,CHEMBL3705135,CHEMBL3639183
CHEMBL3642742,2451.9,5.61,CHEMBL3705135,CHEMBL3639183
CHEMBL3676892,33.75,7.47,CHEMBL3706129,CHEMBL3639297
CHEMBL3697970,143.98,6.84,CHEMBL3707837,CHEMBL3639169
CHEMBL3639943,721.3,6.14,CHEMBL3705383,CHEMBL3638568
CHEMBL3639637,408.24,6.39,CHEMBL3707825,CHEMBL3638396
CHEMBL3695419,615.9,6.21,CHEMBL3705383,CHEMBL3638568
CHEMBL3642681,1538.0,5.81,CHEMBL3705135,CHEMBL3639183
CHEMBL3642800,1265.0,5.90,CHEMBL3705135,CHEMBL3639183
CHEMBL3676932,38.17,7.42,CHEMBL3706129,CHEMBL3639297
CHEMBL3953892,102.85,6.99,CHEMBL3706129,CHEMBL3639297
CHEMBL3698005,95.38,7.02,CHEMBL3707837,CHEMBL3639169
CHEMBL3664822,120.38,6.92,CHEMBL3707825,CHEMBL3638396
CHEMBL3695420,612.9,6.21,CHEMBL3705383,CHEMBL3638568
CHEMBL3676897,48.85,7.31,CHEMBL3706129,CHEMBL3639297
CHEMBL3642734,867.1,6.06,CHEMBL3705135,CHEMBL3639183
CHEMBL3676871,37.09,7.43,CHEMBL3706129,CHEMBL3639297
CHEMBL3642711,869.0,6.06,CHEMBL3705135,CHEMBL3639183
CHEMBL3664868,593.34,6.23,CHEMBL3707825,CHEMBL3638396
CHEMBL3642816,842.7,6.07,CHEMBL3705135,CHEMBL3639183
CHEMBL3642757,198.4,6.70,CHEMBL3705135,CHEMBL3639183
CHEMBL3664885,346.12,6.46,CHEMBL3707825,CHEMBL3638396
CHEMBL3695365,219.0,6.66,CHEMBL3705383,CHEMBL3638568
CHEMBL3676933,70.03,7.16,CHEMBL3706129,CHEMBL3639297
CHEMBL3664883,104.22,6.98,CHEMBL3707825,CHEMBL3638396
CHEMBL3642758,945.4,6.02,CHEMBL3705135,CHEMBL3639183
CHEMBL3676891,55.43,7.26,CHEMBL3706129,CHEMBL3639297
CHEMBL3664891,229.43,6.64,CHEMBL3707825,CHEMBL3638396
CHEMBL3698010,81.06,7.09,CHEMBL3707837,CHEMBL3639169
CHEMBL3664846,463.94,6.33,CHEMBL3707825,CHEMBL3638396
CHEMBL3698016,73.84,7.13,CHEMBL3707837,CHEMBL3639169
CHEMBL3642750,602.7,6.22,CHEMBL3705135,CHEMBL3639183
CHEMBL3676862,52.97,7.28,CHEMBL3706129,CHEMBL3639297
CHEMBL3642780,1461.0,5.83,CHEMBL3705135,CHEMBL3639183
CHEMBL3664890,229.21,6.64,CHEMBL3707825,CHEMBL3638396
CHEMBL3695359,509.4,6.29,CHEMBL3705383,CHEMBL3638568
CHEMBL3698002,58.95,7.23,CHEMBL3707837,CHEMBL3639169
CHEMBL3697988,122.13,6.91,CHEMBL3707837,CHEMBL3639169
CHEMBL3695414,235.8,6.63,CHEMBL3705383,CHEMBL3638568
CHEMBL3664851,208.99,6.68,CHEMBL3707825,CHEMBL3638396
CHEMBL3695390,240.5,6.62,CHEMBL3705383,CHEMBL3638568
CHEMBL3642793,381.2,6.42,CHEMBL3705135,CHEMBL3639183
CHEMBL3642775,640.6,6.19,CHEMBL3705135,CHEMBL3639183
CHEMBL3642741,1262.8,5.90,CHEMBL3705135,CHEMBL3639183
CHEMBL3642710,503.5,6.30,CHEMBL3705135,CHEMBL3639183
CHEMBL3695397,147.1,6.83,CHEMBL3705383,CHEMBL3638568
CHEMBL3695360,716.3,6.14,CHEMBL3705383,CHEMBL3638568
CHEMBL3695368,418.7,6.38,CHEMBL3705383,CHEMBL3638568
CHEMBL3664831,133.11,6.88,CHEMBL3707825,CHEMBL3638396
CHEMBL3676926,204.42,6.69,CHEMBL3706129,CHEMBL3639297
CHEMBL3642779,1486.0,5.83,CHEMBL3705135,CHEMBL3639183
CHEMBL3695433,196.5,6.71,CHEMBL3705383,CHEMBL3638568
CHEMBL3676861,53.71,7.27,CHEMBL3706129,CHEMBL3639297
CHEMBL3695382,151.4,6.82,CHEMBL3705383,CHEMBL3638568
CHEMBL3697968,132.77,6.88,CHEMBL3707837,CHEMBL3639169
CHEMBL708,5.0,8.30,CHEMBL3707630,CHEMBL3638417
CHEMBL3642685,1360.0,5.87,CHEMBL3705135,CHEMBL3639183
CHEMBL3695358,297.7,6.53,CHEMBL3705383,CHEMBL3638568
CHEMBL3695399,919.5,6.04,CHEMBL3705383,CHEMBL3638568
CHEMBL3642702,992.0,6.00,CHEMBL3705135,CHEMBL3639183
CHEMBL3695370,318.7,6.50,CHEMBL3705383,CHEMBL3638568
CHEMBL3695376,285.0,6.54,CHEMBL3705383,CHEMBL3638568
CHEMBL3695417,403.7,6.39,CHEMBL3705383,CHEMBL3638568
CHEMBL3664823,209.41,6.68,CHEMBL3707825,CHEMBL3638396
CHEMBL3642713,812.7,6.09,CHEMBL3705135,CHEMBL3639183
CHEMBL3698020,113.43,6.95,CHEMBL3707837,CHEMBL3639169
CHEMBL3676876,46.02,7.34,CHEMBL3706129,CHEMBL3639297
CHEMBL3695447,161.5,6.79,CHEMBL3705383,CHEMBL3638568
CHEMBL3664874,225.02,6.65,CHEMBL3707825,CHEMBL3638396
CHEMBL3695354,186.6,6.73,CHEMBL3705383,CHEMBL3638568
CHEMBL3697996,82.51,7.08,CHEMBL3707837,CHEMBL3639169
CHEMBL3698018,46.18,7.34,CHEMBL3707837,CHEMBL3639169
CHEMBL3642684,959.0,6.02,CHEMBL3705135,CHEMBL3639183
CHEMBL3697997,509.13,6.29,CHEMBL3707837,CHEMBL3639169
CHEMBL3695416,1063.3,5.97,CHEMBL3705383,CHEMBL3638568
CHEMBL3697956,188.71,6.72,CHEMBL3707837,CHEMBL3639169
CHEMBL3676849,77.56,7.11,CHEMBL3706129,CHEMBL3639297
CHEMBL3642725,1269.5,5.90,CHEMBL3705135,CHEMBL3639183
CHEMBL3676922,344.55,6.46,CHEMBL3706129,CHEMBL3639297
CHEMBL3676914,28.13,7.55,CHEMBL3706129,CHEMBL3639297
CHEMBL3676930,244.83,6.61,CHEMBL3706129,CHEMBL3639297
CHEMBL3676896,345.18,6.46,CHEMBL3706129,CHEMBL3639297
CHEMBL3695388,73.7,7.13,CHEMBL3705383,CHEMBL3638568
CHEMBL3664877,297.86,6.53,CHEMBL3707825,CHEMBL3638396
CHEMBL3695387,71.9,7.14,CHEMBL3705383,CHEMBL3638568
CHEMBL3698003,138.86,6.86,CHEMBL3707837,CHEMBL3639169
CHEMBL3697981,310.25,6.51,CHEMBL3707837,CHEMBL3639169
CHEMBL3642807,1663.0,5.78,CHEMBL3705135,CHEMBL3639183
CHEMBL3676873,37.96,7.42,CHEMBL3706129,CHEMBL3639297
CHEMBL3642728,586.8,6.23,CHEMBL3705135,CHEMBL3639183
CHEMBL3642716,1018.3,5.99,CHEMBL3705135,CHEMBL3639183
CHEMBL3695412,394.4,6.40,CHEMBL3705383,CHEMBL3638568
CHEMBL3642752,705.1,6.15,CHEMBL3705135,CHEMBL3639183
CHEMBL3642806,506.0,6.30,CHEMBL3705135,CHEMBL3639183
CHEMBL3664816,529.67,6.28,CHEMBL3707825,CHEMBL3638396
CHEMBL3642798,3042.0,5.52,CHEMBL3705135,CHEMBL3639183
CHEMBL3642786,2951.0,5.53,CHEMBL3705135,CHEMBL3639183
CHEMBL3664889,2707.02,5.57,CHEMBL3707825,CHEMBL3638396
CHEMBL3676905,1111.22,5.95,CHEMBL3706129,CHEMBL3639297
CHEMBL3642739,547.5,6.26,CHEMBL3705135,CHEMBL3639183
CHEMBL3676884,37.47,7.43,CHEMBL3706129,CHEMBL3639297
CHEMBL3676889,61.16,7.21,CHEMBL3706129,CHEMBL3639297
CHEMBL3642691,261.0,6.58,CHEMBL3705135,CHEMBL3639183
CHEMBL3664837,238.8,6.62,CHEMBL3707825,CHEMBL3638396
CHEMBL3664861,245.32,6.61,CHEMBL3707825,CHEMBL3638396
CHEMBL3642814,242.6,6.62,CHEMBL3705135,CHEMBL3639183
CHEMBL3695442,233.5,6.63,CHEMBL3705383,CHEMBL3638568
CHEMBL3664830,531.19,6.28,CHEMBL3707825,CHEMBL3638396
CHEMBL3697973,182.55,6.74,CHEMBL3707837,CHEMBL3639169
CHEMBL3664853,422.11,6.38,CHEMBL3707825,CHEMBL3638396
CHEMBL3697990,73.41,7.13,CHEMBL3707837,CHEMBL3639169
CHEMBL3642756,773.3,6.11,CHEMBL3705135,CHEMBL3639183
CHEMBL3642773,248.8,6.60,CHEMBL3705135,CHEMBL3639183
CHEMBL3695400,328.2,6.48,CHEMBL3705383,CHEMBL3638568
CHEMBL3642764,999.7,6.00,CHEMBL3705135,CHEMBL3639183
CHEMBL3698026,62.99,7.20,CHEMBL3707837,CHEMBL3639169
CHEMBL3695355,287.6,6.54,CHEMBL3705383,CHEMBL3638568
CHEMBL3698009,101.02,7.00,CHEMBL3707837,CHEMBL3639169
CHEMBL3676852,50.8,7.29,CHEMBL3706129,CHEMBL3639297
CHEMBL3642769,828.3,6.08,CHEMBL3705135,CHEMBL3639183
CHEMBL3642744,1461.0,5.83,CHEMBL3705135,CHEMBL3639183
CHEMBL3695374,420.3,6.38,CHEMBL3705383,CHEMBL3638568
CHEMBL3642698,302.0,6.52,CHEMBL3705135,CHEMBL3639183
CHEMBL3664836,397.43,6.40,CHEMBL3707825,CHEMBL3638396
CHEMBL3642733,5340.0,5.27,CHEMBL3705135,CHEMBL3639183
CHEMBL3695445,99.8,7.00,CHEMBL3705383,CHEMBL3638568
CHEMBL3664827,152.76,6.82,CHEMBL3707825,CHEMBL3638396
CHEMBL3695430,329.1,6.48,CHEMBL3705383,CHEMBL3638568
CHEMBL3642790,2365.4,5.63,CHEMBL3705135,CHEMBL3639183
CHEMBL3642778,1950.0,5.71,CHEMBL3705135,CHEMBL3639183
CHEMBL3698019,55.32,7.26,CHEMBL3707837,CHEMBL3639169
CHEMBL3676850,48.1,7.32,CHEMBL3706129,CHEMBL3639297
CHEMBL3698024,157.94,6.80,CHEMBL3707837,CHEMBL3639169
CHEMBL3642782,2718.0,5.57,CHEMBL3705135,CHEMBL3639183
CHEMBL3642730,766.8,6.12,CHEMBL3705135,CHEMBL3639183
CHEMBL3695378,379.2,6.42,CHEMBL3705383,CHEMBL3638568
CHEMBL3664887,52.74,7.28,CHEMBL3707825,CHEMBL3638396
CHEMBL3642746,857.9,6.07,CHEMBL3705135,CHEMBL3639183
CHEMBL3676924,72.97,7.14,CHEMBL3706129,CHEMBL3639297
CHEMBL3698011,38.06,7.42,CHEMBL3707837,CHEMBL3639169
CHEMBL3676888,47.02,7.33,CHEMBL3706129,CHEMBL3639297
CHEMBL3664864,130.0,6.89,CHEMBL3707825,CHEMBL3638396
CHEMBL3676911,19.22,7.72,CHEMBL3706129,CHEMBL3639297
CHEMBL3642699,271.0,6.57,CHEMBL3705135,CHEMBL3639183
CHEMBL3642753,709.4,6.15,CHEMBL3705135,CHEMBL3639183
CHEMBL3676917,67.41,7.17,CHEMBL3706129,CHEMBL3639297
CHEMBL3695363,256.3,6.59,CHEMBL3705383,CHEMBL3638568
CHEMBL3695429,411.0,6.39,CHEMBL3705383,CHEMBL3638568
CHEMBL3642687,1463.0,5.83,CHEMBL3705135,CHEMBL3639183
CHEMBL3695436,69.9,7.16,CHEMBL3705383,CHEMBL3638568
CHEMBL3664848,281.84,6.55,CHEMBL3707825,CHEMBL3638396
CHEMBL3697964,75.98,7.12,CHEMBL3707837,CHEMBL3639169
CHEMBL3642724,871.2,6.06,CHEMBL3705135,CHEMBL3639183
CHEMBL3695371,344.6,6.46,CHEMBL3705383,CHEMBL3638568
CHEMBL3642794,179.5,6.75,CHEMBL3705135,CHEMBL3639183
CHEMBL3698007,62.94,7.20,CHEMBL3707837,CHEMBL3639169
CHEMBL3697965,159.74,6.80,CHEMBL3707837,CHEMBL3639169
CHEMBL3642797,3372.0,5.47,CHEMBL3705135,CHEMBL3639183
CHEMBL3695415,1201.3,5.92,CHEMBL3705383,CHEMBL3638568
CHEMBL3698012,86.54,7.06,CHEMBL3707837,CHEMBL3639169
CHEMBL3695385,557.4,6.25,CHEMBL3705383,CHEMBL3638568
CHEMBL3664886,229.19,6.64,CHEMBL3707825,CHEMBL3638396
CHEMBL3676856,46.52,7.33,CHEMBL3706129,CHEMBL3639297
CHEMBL3698014,89.5,7.05,CHEMBL3707837,CHEMBL3639169
CHEMBL3676880,50.42,7.30,CHEMBL3706129,CHEMBL3639297
CHEMBL3642709,770.1,6.11,CHEMBL3705135,CHEMBL3639183
CHEMBL3642770,1277.1,5.89,CHEMBL3705135,CHEMBL3639183
CHEMBL42,190.0,6.72,CHEMBL3707630,CHEMBL3638417
CHEMBL3695407,633.0,6.20,CHEMBL3705383,CHEMBL3638568
CHEMBL3664852,283.73,6.55,CHEMBL3707825,CHEMBL3638396
CHEMBL3676890,65.98,7.18,CHEMBL3706129,CHEMBL3639297
CHEMBL3642777,915.0,6.04,CHEMBL3705135,CHEMBL3639183
CHEMBL3695439,118.4,6.93,CHEMBL3705383,CHEMBL3638568
CHEMBL3642767,1291.7,5.89,CHEMBL3705135,CHEMBL3639183
CHEMBL3698023,116.67,6.93,CHEMBL3707837,CHEMBL3639169
CHEMBL3642689,515.0,6.29,CHEMBL3705135,CHEMBL3639183
CHEMBL3664829,227.84,6.64,CHEMBL3707825,CHEMBL3638396
CHEMBL3642772,1253.7,5.90,CHEMBL3705135,CHEMBL3639183
CHEMBL3642688,683.0,6.17,CHEMBL3705135,CHEMBL3639183
CHEMBL3697960,183.57,6.74,CHEMBL3707837,CHEMBL3639169
CHEMBL3695437,73.9,7.13,CHEMBL3705383,CHEMBL3638568
CHEMBL3664869,370.18,6.43,CHEMBL3707825,CHEMBL3638396
CHEMBL715,31.0,7.51,CHEMBL3707630,CHEMBL3638417
CHEMBL3697967,136.57,6.87,CHEMBL3707837,CHEMBL3639169
CHEMBL3664878,218.85,6.66,CHEMBL3707825,CHEMBL3638396
CHEMBL3676882,47.99,7.32,CHEMBL3706129,CHEMBL3639297
CHEMBL3695426,196.8,6.71,CHEMBL3705383,CHEMBL3638568
CHEMBL3697982,136.98,6.86,CHEMBL3707837,CHEMBL3639169
CHEMBL3642808,518.3,6.29,CHEMBL3705135,CHEMBL3639183
CHEMBL3664881,413.56,6.38,CHEMBL3707825,CHEMBL3638396
CHEMBL3664870,345.34,6.46,CHEMBL3707825,CHEMBL3638396
CHEMBL3698015,111.52,6.95,CHEMBL3707837,CHEMBL3639169
CHEMBL3642692,866.0,6.06,CHEMBL3705135,CHEMBL3639183
CHEMBL3695440,167.2,6.78,CHEMBL3705383,CHEMBL3638568
CHEMBL3642804,500.6,6.30,CHEMBL3705135,CHEMBL3639183
CHEMBL3676887,92.3,7.04,CHEMBL3706129,CHEMBL3639297
CHEMBL3676866,62.94,7.20,CHEMBL3706129,CHEMBL3639297
CHEMBL3642700,220.0,6.66,CHEMBL3705135,CHEMBL3639183
CHEMBL3695402,137.7,6.86,CHEMBL3705383,CHEMBL3638568
CHEMBL3642762,396.8,6.40,CHEMBL3705135,CHEMBL3639183
CHEMBL3697995,1510.24,5.82,CHEMBL3707837,CHEMBL3639169
CHEMBL3695386,128.1,6.89,CHEMBL3705383,CHEMBL3638568
CHEMBL3642748,654.8,6.18,CHEMBL3705135,CHEMBL3639183
CHEMBL3676867,47.49,7.32,CHEMBL3706129,CHEMBL3639297
CHEMBL3697977,76.78,7.12,CHEMBL3707837,CHEMBL3639169
CHEMBL3642774,274.6,6.56,CHEMBL3705135,CHEMBL3639183
CHEMBL3676928,401.84,6.40,CHEMBL3706129,CHEMBL3639297
CHEMBL3642805,1308.9,5.88,CHEMBL3705135,CHEMBL3639183
CHEMBL3642751,438.3,6.36,CHEMBL3705135,CHEMBL3639183
CHEMBL3639416,1935.0,5.71,CHEMBL3705135,CHEMBL3639183
CHEMBL3676929,355.25,6.45,CHEMBL3706129,CHEMBL3639297
CHEMBL3664871,324.88,6.49,CHEMBL3707825,CHEMBL3638396
CHEMBL3695357,218.8,6.66,CHEMBL3705383,CHEMBL3638568
CHEMBL3664863,351.61,6.45,CHEMBL3707825,CHEMBL3638396
CHEMBL3664847,503.95,6.30,CHEMBL3707825,CHEMBL3638396
CHEMBL3642707,265.0,6.58,CHEMBL3705135,CHEMBL3639183
CHEMBL3695394,124.1,6.91,CHEMBL3705383,CHEMBL3638568
CHEMBL3642787,3564.0,5.45,CHEMBL3705135,CHEMBL3639183
CHEMBL3698001,680.96,6.17,CHEMBL3707837,CHEMBL3639169
CHEMBL3695377,212.6,6.67,CHEMBL3705383,CHEMBL3638568
CHEMBL3664849,146.9,6.83,CHEMBL3707825,CHEMBL3638396
CHEMBL3664865,351.77,6.45,CHEMBL3707825,CHEMBL3638396
CHEMBL3695380,344.3,6.46,CHEMBL3705383,CHEMBL3638568
CHEMBL3676900,25.62,7.59,CHEMBL3706129,CHEMBL3639297
CHEMBL3664820,203.61,6.69,CHEMBL3707825,CHEMBL3638396
CHEMBL3642720,1044.0,5.98,CHEMBL3705135,CHEMBL3639183
CHEMBL3695379,144.8,6.84,CHEMBL3705383,CHEMBL3638568
CHEMBL3695411,377.7,6.42,CHEMBL3705383,CHEMBL3638568
CHEMBL3676848,37.32,7.43,CHEMBL3706129,CHEMBL3639297
CHEMBL3695418,361.3,6.44,CHEMBL3705383,CHEMBL3638568
CHEMBL3698025,127.71,6.89,CHEMBL3707837,CHEMBL3639169
CHEMBL3695383,267.5,6.57,CHEMBL3705383,CHEMBL3638568
CHEMBL3642723,289.2,6.54,CHEMBL3705135,CHEMBL3639183
CHEMBL3697971,181.28,6.74,CHEMBL3707837,CHEMBL3639169
CHEMBL3642729,555.0,6.26,CHEMBL3705135,CHEMBL3639183
CHEMBL54,0.7,9.15,CHEMBL3707630,CHEMBL3638417
CHEMBL3642768,926.5,6.03,CHEMBL3705135,CHEMBL3639183
CHEMBL3664817,467.56,6.33,CHEMBL3707825,CHEMBL3638396
CHEMBL3697994,116.64,6.93,CHEMBL3707837,CHEMBL3639169
CHEMBL3695396,288.7,6.54,CHEMBL3705383,CHEMBL3638568
CHEMBL3676864,96.68,7.01,CHEMBL3706129,CHEMBL3639297
CHEMBL3664843,330.53,6.48,CHEMBL3707825,CHEMBL3638396
CHEMBL3642745,914.7,6.04,CHEMBL3705135,CHEMBL3639183
CHEMBL3695403,104.8,6.98,CHEMBL3705383,CHEMBL3638568
CHEMBL3676865,38.05,7.42,CHEMBL3706129,CHEMBL3639297
CHEMBL3639968,241.28,6.62,CHEMBL3707837,CHEMBL3639169
CHEMBL3697992,89.81,7.05,CHEMBL3707837,CHEMBL3639169
CHEMBL3642727,240.0,6.62,CHEMBL3705135,CHEMBL3639183
CHEMBL3676872,22.68,7.64,CHEMBL3706129,CHEMBL3639297
CHEMBL3664832,515.7,6.29,CHEMBL3707825,CHEMBL3638396
CHEMBL3642712,1488.0,5.83,CHEMBL3705135,CHEMBL3639183
CHEMBL3676913,34.26,7.46,CHEMBL3706129,CHEMBL3639297
CHEMBL3642738,1124.0,5.95,CHEMBL3705135,CHEMBL3639183
CHEMBL3695410,1461.2,5.83,CHEMBL3705383,CHEMBL3638568
CHEMBL3676858,406.32,6.39,CHEMBL3706129,CHEMBL3639297
CHEMBL3676881,47.35,7.33,CHEMBL3706129,CHEMBL3639297
CHEMBL3642737,687.5,6.16,CHEMBL3705135,CHEMBL3639183
CHEMBL3695409,2272.3,5.64,CHEMBL3705383,CHEMBL3638568
CHEMBL3695427,253.0,6.60,CHEMBL3705383,CHEMBL3638568
CHEMBL3676857,42.66,7.37,CHEMBL3706129,CHEMBL3639297
CHEMBL3642706,461.0,6.34,CHEMBL3705135,CHEMBL3639183
CHEMBL3698022,123.11,6.91,CHEMBL3707837,CHEMBL3639169
CHEMBL3642714,1471.4,5.83,CHEMBL3705135,CHEMBL3639183
CHEMBL3642736,702.5,6.15,CHEMBL3705135,CHEMBL3639183
CHEMBL3642732,475.0,6.32,CHEMBL3705135,CHEMBL3639183
CHEMBL3664835,523.08,6.28,CHEMBL3707825,CHEMBL3638396
CHEMBL3642802,478.0,6.32,CHEMBL3705135,CHEMBL3639183
CHEMBL3642817,408.6,6.39,CHEMBL3705135,CHEMBL3639183
CHEMBL3676910,51.8,7.29,CHEMBL3706129,CHEMBL3639297
CHEMBL3697962,68.55,7.16,CHEMBL3707837,CHEMBL3639169
CHEMBL3676916,168.26,6.77,CHEMBL3706129,CHEMBL3639297
CHEMBL3664844,305.62,6.51,CHEMBL3707825,CHEMBL3638396
CHEMBL3642759,425.6,6.37,CHEMBL3705135,CHEMBL3639183
CHEMBL3697963,314.12,6.50,CHEMBL3707837,CHEMBL3639169
CHEMBL1112,1.6,8.80,CHEMBL3707630,CHEMBL3638417
CHEMBL3695434,355.8,6.45,CHEMBL3705383,CHEMBL3638568
CHEMBL3642799,958.6,6.02,CHEMBL3705135,CHEMBL3639183
CHEMBL3642785,4510.0,5.35,CHEMBL3705135,CHEMBL3639183
CHEMBL3664828,133.46,6.88,CHEMBL3707825,CHEMBL3638396
CHEMBL3642788,842.6,6.07,CHEMBL3705135,CHEMBL3639183
CHEMBL3676883,58.62,7.23,CHEMBL3706129,CHEMBL3639297
CHEMBL3642761,1304.6,5.88,CHEMBL3705135,CHEMBL3639183
CHEMBL3642722,341.9,6.47,CHEMBL3705135,CHEMBL3639183
CHEMBL3695393,563.0,6.25,CHEMBL3705383,CHEMBL3638568
CHEMBL3642811,680.5,6.17,CHEMBL3705135,CHEMBL3639183
CHEMBL3642795,998.4,6.00,CHEMBL3705135,CHEMBL3639183
CHEMBL3664819,389.06,6.41,CHEMBL3707825,CHEMBL3638396
CHEMBL3697978,94.57,7.02,CHEMBL3707837,CHEMBL3639169
CHEMBL3698008,81.08,7.09,CHEMBL3707837,CHEMBL3639169
CHEMBL3642810,1132.0,5.95,CHEMBL3705135,CHEMBL3639183
CHEMBL3697989,90.15,7.04,CHEMBL3707837,CHEMBL3639169
CHEMBL3664888,229.7,6.64,CHEMBL3707825,CHEMBL3638396
CHEMBL3664876,268.44,6.57,CHEMBL3707825,CHEMBL3638396
CHEMBL3642771,1143.6,5.94,CHEMBL3705135,CHEMBL3639183
CHEMBL3695372,540.0,6.27,CHEMBL3705383,CHEMBL3638568
CHEMBL3695356,305.0,6.52,CHEMBL3705383,CHEMBL3638568
CHEMBL3642690,996.0,6.00,CHEMBL3705135,CHEMBL3639183
CHEMBL3695401,333.0,6.48,CHEMBL3705383,CHEMBL3638568
CHEMBL3695438,437.7,6.36,CHEMBL3705383,CHEMBL3638568
CHEMBL3642796,222.9,6.65,CHEMBL3705135,CHEMBL3639183
CHEMBL3676901,38.76,7.41,CHEMBL3706129,CHEMBL3639297
CHEMBL3664880,103.73,6.98,CHEMBL3707825,CHEMBL3638396
CHEMBL3697957,74.48,7.13,CHEMBL3707837,CHEMBL3639169
CHEMBL3676868,41.51,7.38,CHEMBL3706129,CHEMBL3639297
CHEMBL3642760,837.2,6.08,CHEMBL3705135,CHEMBL3639183
CHEMBL3695428,1067.6,5.97,CHEMBL3705383,CHEMBL3638568
CHEMBL3642789,1384.9,5.86,CHEMBL3705135,CHEMBL3639183
CHEMBL3664858,463.7,6.33,CHEMBL3707825,CHEMBL3638396
CHEMBL3664862,245.54,6.61,CHEMBL3707825,CHEMBL3638396
CHEMBL3695425,175.51,6.76,CHEMBL3705383,CHEMBL3638568
CHEMBL3642763,2562.7,5.59,CHEMBL3705135,CHEMBL3639183
CHEMBL3642766,887.4,6.05,CHEMBL3705135,CHEMBL3639183
CHEMBL3642686,1158.0,5.94,CHEMBL3705135,CHEMBL3639183
CHEMBL3695422,3728.0,5.43,CHEMBL3705383,CHEMBL3638568
CHEMBL3697980,219.64,6.66,CHEMBL3707837,CHEMBL3639169
CHEMBL3664814,253.68,6.60,CHEMBL3707825,CHEMBL3638396
CHEMBL3695364,153.9,6.81,CHEMBL3705383,CHEMBL3638568
CHEMBL3664841,305.12,6.52,CHEMBL3707825,CHEMBL3638396
CHEMBL3695404,250.9,6.60,CHEMBL3705383,CHEMBL3638568
CHEMBL3642721,481.2,6.32,CHEMBL3705135,CHEMBL3639183
CHEMBL3642803,2147.0,5.67,CHEMBL3705135,CHEMBL3639183
CHEMBL3676909,16.72,7.78,CHEMBL3706129,CHEMBL3639297
CHEMBL3697952,173.34,6.76,CHEMBL3707837,CHEMBL3639169
CHEMBL3664882,63.45,7.20,CHEMBL3707825,CHEMBL3638396
CHEMBL3676921,34.19,7.47,CHEMBL3706129,CHEMBL3639297
CHEMBL3697955,172.17,6.76,CHEMBL3707837,CHEMBL3639169
CHEMBL3676860,43.49,7.36,CHEMBL3706129,CHEMBL3639297
CHEMBL3676912,105.59,6.98,CHEMBL3706129,CHEMBL3639297
CHEMBL3664856,393.12,6.41,CHEMBL3707825,CHEMBL3638396
CHEMBL3642783,2471.0,5.61,CHEMBL3705135,CHEMBL3639183
CHEMBL3698006,752.51,6.12,CHEMBL3707837,CHEMBL3639169
CHEMBL3697979,61.45,7.21,CHEMBL3707837,CHEMBL3639169
CHEMBL3664857,262.23,6.58,CHEMBL3707825,CHEMBL3638396
CHEMBL3642784,2308.0,5.64,CHEMBL3705135,CHEMBL3639183
CHEMBL3697985,84.94,7.07,CHEMBL3707837,CHEMBL3639169
CHEMBL3676879,41.33,7.38,CHEMBL3706129,CHEMBL3639297
CHEMBL3695362,91.9,7.04,CHEMBL3705383,CHEMBL3638568
CHEMBL3695375,687.4,6.16,CHEMBL3705383,CHEMBL3638568
CHEMBL3664815,426.6,6.37,CHEMBL3707825,CHEMBL3638396
CHEMBL3697983,183.73,6.74,CHEMBL3707837,CHEMBL3639169
CHEMBL3676923,129.19,6.89,CHEMBL3706129,CHEMBL3639297
CHEMBL3698013,116.62,6.93,CHEMBL3707837,CHEMBL3639169
CHEMBL3642776,429.7,6.37,CHEMBL3705135,CHEMBL3639183
CHEMBL3664872,1047.58,5.98,CHEMBL3707825,CHEMBL3638396
CHEMBL3697966,91.22,7.04,CHEMBL3707837,CHEMBL3639169
CHEMBL3664842,258.19,6.59,CHEMBL3707825,CHEMBL3638396
CHEMBL3698021,30.42,7.52,CHEMBL3707837,CHEMBL3639169
CHEMBL3697993,218.89,6.66,CHEMBL3707837,CHEMBL3639169
CHEMBL3642696,163.0,6.79,CHEMBL3705135,CHEMBL3639183
CHEMBL3676893,58.22,7.24,CHEMBL3706129,CHEMBL3639297
CHEMBL3642680,802.0,6.10,CHEMBL3705135,CHEMBL3639183
CHEMBL3695423,194.8,6.71,CHEMBL3705383,CHEMBL3638568
CHEMBL3642701,144.0,6.84,CHEMBL3705135,CHEMBL3639183
CHEMBL3642809,163.3,6.79,CHEMBL3705135,CHEMBL3639183
CHEMBL3697958,141.87,6.85,CHEMBL3707837,CHEMBL3639169
CHEMBL3642754,754.6,6.12,CHEMBL3705135,CHEMBL3639183
CHEMBL3676874,52.86,7.28,CHEMBL3706129,CHEMBL3639297
CHEMBL3695421,1700.0,5.77,CHEMBL3705383,CHEMBL3638568
CHEMBL3695408,139.6,6.86,CHEMBL3705383,CHEMBL3638568
CHEMBL3664818,332.35,6.48,CHEMBL3707825,CHEMBL3638396
CHEMBL3697959,238.22,6.62,CHEMBL3707837,CHEMBL3639169
CHEMBL3695395,151.0,6.82,CHEMBL3705383,CHEMBL3638568
CHEMBL3676886,36.41,7.44,CHEMBL3706129,CHEMBL3639297
CHEMBL3695441,10000000.0,,CHEMBL3705383,CHEMBL3638568
CHEMBL3664824,410.4,6.39,CHEMBL3707825,CHEMBL3638396
CHEMBL3664840,402.37,6.39,CHEMBL3707825,CHEMBL3638396
CHEMBL3676859,39.54,7.40,CHEMBL3706129,CHEMBL3639297
CHEMBL3642715,1545.4,5.81,CHEMBL3705135,CHEMBL3639183
CHEMBL3676851,80.1,7.10,CHEMBL3706129,CHEMBL3639297
CHEMBL3664826,507.18,6.29,CHEMBL3707825,CHEMBL3638396
CHEMBL3642731,506.5,6.29,CHEMBL3705135,CHEMBL3639183
CHEMBL3695373,570.9,6.24,CHEMBL3705383,CHEMBL3638568
CHEMBL3695381,298.6,6.53,CHEMBL3705383,CHEMBL3638568
CHEMBL3642791,516.0,6.29,CHEMBL3705135,CHEMBL3639183
CHEMBL3695424,10000000.0,,CHEMBL3705383,CHEMBL3638568
CHEMBL3695392,305.5,6.51,CHEMBL3705383,CHEMBL3638568
CHEMBL3639415,486.0,6.31,CHEMBL3705135,CHEMBL3639183
CHEMBL3676895,151.81,6.82,CHEMBL3706129,CHEMBL3639297
CHEMBL3697972,105.93,6.97,CHEMBL3707837,CHEMBL3639169
CHEMBL3642755,322.5,6.49,CHEMBL3705135,CHEMBL3639183
CHEMBL3676902,65.71,7.18,CHEMBL3706129,CHEMBL3639297
CHEMBL3676875,28.11,7.55,CHEMBL3706129,CHEMBL3639297
CHEMBL3664825,235.5,6.63,CHEMBL3707825,CHEMBL3638396
CHEMBL3664879,196.5,6.71,CHEMBL3707825,CHEMBL3638396
CHEMBL3676899,57.95,7.24,CHEMBL3706129,CHEMBL3639297
CHEMBL3697984,145.23,6.84,CHEMBL3707837,CHEMBL3639169
CHEMBL3676925,291.61,6.54,CHEMBL3706129,CHEMBL3639297
CHEMBL3642697,305.0,6.52,CHEMBL3705135,CHEMBL3639183
CHEMBL3642747,523.9,6.28,CHEMBL3705135,CHEMBL3639183
CHEMBL3676853,85.9,7.07,CHEMBL3706129,CHEMBL3639297
CHEMBL3642708,217.0,6.66,CHEMBL3705135,CHEMBL3639183
CHEMBL3695391,495.1,6.30,CHEMBL3705383,CHEMBL3638568
CHEMBL3697951,67.35,7.17,CHEMBL3707837,CHEMBL3639169
CHEMBL3676894,25.8,7.59,CHEMBL3706129,CHEMBL3639297
CHEMBL3697991,250.97,6.60,CHEMBL3707837,CHEMBL3639169
CHEMBL3735756,1729.0,5.76,CHEMBL3736706,CHEMBL3734659
CHEMBL3740360,6230.0,5.21,CHEMBL3742610,CHEMBL3739355
CHEMBL3740498,1290.0,5.89,CHEMBL3742610,CHEMBL3739355
CHEMBL3739820,79630.0,4.10,CHEMBL3742610,CHEMBL3739355
CHEMBL339960,23890.0,,CHEMBL3742610,CHEMBL3739355
CHEMBL3742076,51.0,7.29,CHEMBL3744663,CHEMBL3739404
CHEMBL3740054,102.0,6.99,CHEMBL3744663,CHEMBL3739404
CHEMBL3740235,147.0,6.83,CHEMBL3744663,CHEMBL3739404
CHEMBL3739745,140.0,6.85,CHEMBL3744663,CHEMBL3739404
CHEMBL3739680,104.0,6.98,CHEMBL3744663,CHEMBL3739404
CHEMBL3740055,85.0,7.07,CHEMBL3744663,CHEMBL3739404
CHEMBL2159466,63.0,7.20,CHEMBL3744663,CHEMBL3739404
CHEMBL3747052,60.0,7.22,CHEMBL3750144,CHEMBL3745654
CHEMBL3747114,45.0,7.35,CHEMBL3750144,CHEMBL3745654
CHEMBL3747071,50.0,7.30,CHEMBL3750144,CHEMBL3745654
CHEMBL3747459,46.0,7.34,CHEMBL3750144,CHEMBL3745654
CHEMBL3746806,360.0,6.44,CHEMBL3750144,CHEMBL3745654
CHEMBL3745975,290.0,6.54,CHEMBL3750144,CHEMBL3745654
CHEMBL3746079,324.0,6.49,CHEMBL3750144,CHEMBL3745654
CHEMBL3746771,280.0,6.55,CHEMBL3750144,CHEMBL3745654
CHEMBL3746713,52.0,7.28,CHEMBL3750144,CHEMBL3745654
CHEMBL3745815,54.0,7.27,CHEMBL3750144,CHEMBL3745654
CHEMBL3747003,35.0,7.46,CHEMBL3750144,CHEMBL3745654
CHEMBL3747148,15.0,7.82,CHEMBL3750144,CHEMBL3745654
CHEMBL3747744,20.0,7.70,CHEMBL3750144,CHEMBL3745654
CHEMBL3745882,18.0,7.75,CHEMBL3750144,CHEMBL3745654
CHEMBL3746083,160.0,6.80,CHEMBL3750144,CHEMBL3745654
CHEMBL3746493,230.0,6.64,CHEMBL3750144,CHEMBL3745654
CHEMBL3745853,37.0,7.43,CHEMBL3750144,CHEMBL3745654
CHEMBL3747240,16.0,7.80,CHEMBL3750144,CHEMBL3745654
CHEMBL3753318,5128.61,5.29,CHEMBL3756490,CHEMBL3751848
CHEMBL2391541,10000.0,,CHEMBL3756490,CHEMBL3751848
CHEMBL3752900,1862.09,5.73,CHEMBL3756490,CHEMBL3751848
CHEMBL3754166,4365.16,5.36,CHEMBL3756490,CHEMBL3751848
CHEMBL3752576,10000.0,,CHEMBL3756490,CHEMBL3751848
CHEMBL3754496,2454.71,5.61,CHEMBL3756490,CHEMBL3751848
CHEMBL3752882,1000.0,,CHEMBL3757879,CHEMBL3751719
CHEMBL3752512,45.0,7.35,CHEMBL3757879,CHEMBL3751719
CHEMBL3753195,1000.0,,CHEMBL3757879,CHEMBL3751719
CHEMBL201093,190.0,6.72,CHEMBL3757879,CHEMBL3751719
CHEMBL3754576,1000.0,,CHEMBL3757879,CHEMBL3751719
CHEMBL3753266,1.5,8.82,CHEMBL3757879,CHEMBL3751719
CHEMBL441618,44.5,7.35,CHEMBL3757879,CHEMBL3751719
CHEMBL201525,56.5,7.25,CHEMBL3757879,CHEMBL3751719
CHEMBL201170,44.5,7.35,CHEMBL3757879,CHEMBL3751719
CHEMBL42,431.0,6.37,CHEMBL3757886,CHEMBL3751719
CHEMBL715,53.0,7.28,CHEMBL3757886,CHEMBL3751719
CHEMBL3187365,8.9,8.05,CHEMBL3757886,CHEMBL3751719
CHEMBL3758368,34.0,7.47,CHEMBL3762401,CHEMBL3758127
CHEMBL3758913,322.0,6.49,CHEMBL3762401,CHEMBL3758127
CHEMBL26962,168.0,6.78,CHEMBL3762401,CHEMBL3758127
CHEMBL3760063,482.0,6.32,CHEMBL3762401,CHEMBL3758127
CHEMBL3759312,1549.0,5.81,CHEMBL3762401,CHEMBL3758127
CHEMBL3758991,13.0,7.89,CHEMBL3762401,CHEMBL3758127
CHEMBL3758665,911.0,6.04,CHEMBL3762401,CHEMBL3758127
CHEMBL3758610,55.0,7.26,CHEMBL3762401,CHEMBL3758127
CHEMBL3760110,131.0,6.88,CHEMBL3762401,CHEMBL3758127
CHEMBL3759441,52.0,7.28,CHEMBL3762401,CHEMBL3758127
CHEMBL3759865,95.0,7.02,CHEMBL3762401,CHEMBL3758127
CHEMBL3759491,373.0,6.43,CHEMBL3762401,CHEMBL3758127
CHEMBL3758711,1553.0,5.81,CHEMBL3762401,CHEMBL3758127
CHEMBL3758741,302.0,6.52,CHEMBL3762401,CHEMBL3758127
CHEMBL154508,1149.0,5.94,CHEMBL3762401,CHEMBL3758127
CHEMBL3758920,12143.0,4.92,CHEMBL3762401,CHEMBL3758127
CHEMBL3759513,3323.0,5.48,CHEMBL3762401,CHEMBL3758127
CHEMBL218203,238.0,6.62,CHEMBL3762401,CHEMBL3758127
CHEMBL3759607,310.0,6.51,CHEMBL3762401,CHEMBL3758127
CHEMBL3758330,5031.0,5.30,CHEMBL3762401,CHEMBL3758127
CHEMBL3758881,404.0,6.39,CHEMBL3762401,CHEMBL3758127
CHEMBL25236,186.0,6.73,CHEMBL3762401,CHEMBL3758127
CHEMBL3758591,322.0,6.49,CHEMBL3762073,CHEMBL3758131
CHEMBL3759617,199.0,6.70,CHEMBL3762073,CHEMBL3758131
CHEMBL3759205,60.0,7.22,CHEMBL3762073,CHEMBL3758131
CHEMBL3759819,94.0,7.03,CHEMBL3762073,CHEMBL3758131
CHEMBL3740054,102.0,6.99,CHEMBL3762073,CHEMBL3758131
CHEMBL85606,501.19,6.30,CHEMBL3768209,CHEMBL3763143
CHEMBL3765754,10000.0,,CHEMBL3768209,CHEMBL3763143
CHEMBL3765754,10000.0,,CHEMBL3768209,CHEMBL3763143
CHEMBL3764557,12589.25,4.90,CHEMBL3768209,CHEMBL3763143
CHEMBL3763418,10000.0,,CHEMBL3768209,CHEMBL3763143
CHEMBL3763418,10000.0,,CHEMBL3768209,CHEMBL3763143
CHEMBL3764586,10000.0,5.00,CHEMBL3768209,CHEMBL3763143
CHEMBL3764833,15848.93,4.80,CHEMBL3768209,CHEMBL3763143
CHEMBL3764191,7943.28,5.10,CHEMBL3768209,CHEMBL3763143
CHEMBL3764884,7943.28,5.10,CHEMBL3768209,CHEMBL3763143
CHEMBL3764251,10000.0,,CHEMBL3768209,CHEMBL3763143
CHEMBL3764739,6309.57,5.20,CHEMBL3768209,CHEMBL3763143
CHEMBL3764245,7943.28,5.10,CHEMBL3768209,CHEMBL3763143
CHEMBL3763200,12589.25,4.90,CHEMBL3768209,CHEMBL3763143
CHEMBL3764612,15848.93,4.80,CHEMBL3768209,CHEMBL3763143
CHEMBL3765169,10000.0,5.00,CHEMBL3768209,CHEMBL3763143
CHEMBL3764306,25118.86,4.60,CHEMBL3768209,CHEMBL3763143
CHEMBL3765422,15848.93,4.80,CHEMBL3768209,CHEMBL3763143
CHEMBL3765426,10000.0,5.00,CHEMBL3768209,CHEMBL3763143
CHEMBL3765426,12589.25,4.90,CHEMBL3768209,CHEMBL3763143
CHEMBL3764212,15848.93,4.80,CHEMBL3768209,CHEMBL3763143
CHEMBL3765267,19952.62,4.70,CHEMBL3768209,CHEMBL3763143
CHEMBL3764830,31622.78,,CHEMBL3768209,CHEMBL3763143
CHEMBL3764639,10000.0,5.00,CHEMBL3768209,CHEMBL3763143
CHEMBL3764597,15848.93,4.80,CHEMBL3768209,CHEMBL3763143
CHEMBL3764143,1584.89,5.80,CHEMBL3768209,CHEMBL3763143
CHEMBL3764143,15848.93,4.80,CHEMBL3768209,CHEMBL3763143
CHEMBL3764143,5011.87,5.30,CHEMBL3768209,CHEMBL3763143
CHEMBL3765072,10000.0,5.00,CHEMBL3768209,CHEMBL3763143
CHEMBL3765285,12589.25,4.90,CHEMBL3768209,CHEMBL3763143
CHEMBL3765266,10000.0,,CHEMBL3768209,CHEMBL3763143
CHEMBL3764246,25118.86,4.60,CHEMBL3768209,CHEMBL3763143
CHEMBL3769968,4897.79,5.31,CHEMBL3774018,CHEMBL3769385
CHEMBL3769968,4898.0,5.31,CHEMBL3774018,CHEMBL3769385
CHEMBL715,9.0,8.05,CHEMBL3771916,CHEMBL3769356
CHEMBL3771222,261.0,6.58,CHEMBL3771916,CHEMBL3769356
CHEMBL3770110,2261.0,5.65,CHEMBL3771916,CHEMBL3769356
CHEMBL3770581,1976.0,5.70,CHEMBL3771916,CHEMBL3769356
CHEMBL3769536,6790.0,5.17,CHEMBL3771916,CHEMBL3769356
CHEMBL3770522,4255.0,5.37,CHEMBL3771916,CHEMBL3769356
CHEMBL3770293,5641.0,5.25,CHEMBL3771916,CHEMBL3769356
CHEMBL3769612,1814.0,5.74,CHEMBL3771916,CHEMBL3769356
CHEMBL3771309,302.0,6.52,CHEMBL3771916,CHEMBL3769356
CHEMBL3770639,931.0,6.03,CHEMBL3771916,CHEMBL3769356
CHEMBL3769534,127.0,6.90,CHEMBL3771916,CHEMBL3769356
CHEMBL3769606,839.0,6.08,CHEMBL3771916,CHEMBL3769356
CHEMBL3770473,1709.0,5.77,CHEMBL3771916,CHEMBL3769356
CHEMBL3769441,5187.0,5.29,CHEMBL3771916,CHEMBL3769356
CHEMBL3769836,2906.0,5.54,CHEMBL3771916,CHEMBL3769356
CHEMBL3302600,715.0,6.15,CHEMBL3771916,CHEMBL3769356
CHEMBL3775589,158.49,6.80,CHEMBL3776848,CHEMBL3774368
CHEMBL3775226,50.12,7.30,CHEMBL3776848,CHEMBL3774368
CHEMBL3774431,398.11,6.40,CHEMBL3776608,CHEMBL3774368
CHEMBL3774431,39.81,7.40,CHEMBL3776608,CHEMBL3774368
CHEMBL3774431,794.33,6.10,CHEMBL3776608,CHEMBL3774368
CHEMBL3774463,6309.57,5.20,CHEMBL3776608,CHEMBL3774368
CHEMBL3774462,501.19,6.30,CHEMBL3776608,CHEMBL3774368
CHEMBL3774462,158.49,6.80,CHEMBL3776608,CHEMBL3774368
CHEMBL3774462,199.53,6.70,CHEMBL3776608,CHEMBL3774368
CHEMBL3775737,251.19,6.60,CHEMBL3776608,CHEMBL3774368
CHEMBL3775737,630.96,6.20,CHEMBL3776608,CHEMBL3774368
CHEMBL3775737,251.19,6.60,CHEMBL3776608,CHEMBL3774368
CHEMBL3774649,199.53,6.70,CHEMBL3776608,CHEMBL3774368
CHEMBL3774649,794.33,6.10,CHEMBL3776608,CHEMBL3774368
CHEMBL3774649,251.19,6.60,CHEMBL3776608,CHEMBL3774368
CHEMBL3775243,199.53,6.70,CHEMBL3776608,CHEMBL3774368
CHEMBL3775243,501.19,6.30,CHEMBL3776608,CHEMBL3774368
CHEMBL3775243,199.53,6.70,CHEMBL3776608,CHEMBL3774368
CHEMBL3775350,3981.07,5.40,CHEMBL3776608,CHEMBL3774368
CHEMBL3775350,1000.0,6.00,CHEMBL3776608,CHEMBL3774368
CHEMBL3775350,1258.93,5.90,CHEMBL3776608,CHEMBL3774368
CHEMBL3774569,398.11,6.40,CHEMBL3776608,CHEMBL3774368
CHEMBL3775033,630.96,6.20,CHEMBL3776608,CHEMBL3774368
CHEMBL3774769,501.19,6.30,CHEMBL3776608,CHEMBL3774368
CHEMBL3774769,1584.89,5.80,CHEMBL3776608,CHEMBL3774368
CHEMBL3774769,630.96,6.20,CHEMBL3776608,CHEMBL3774368
CHEMBL3775718,398.11,6.40,CHEMBL3776608,CHEMBL3774368
CHEMBL3774411,630.96,6.20,CHEMBL3776608,CHEMBL3774368
CHEMBL3774411,1995.26,5.70,CHEMBL3776608,CHEMBL3774368
CHEMBL3774411,630.96,6.20,CHEMBL3776608,CHEMBL3774368
CHEMBL3775408,316.23,6.50,CHEMBL3776608,CHEMBL3774368
CHEMBL3775214,251.19,6.60,CHEMBL3776608,CHEMBL3774368
CHEMBL3775197,1258.93,5.90,CHEMBL3776608,CHEMBL3774368
CHEMBL3775197,398.11,6.40,CHEMBL3776608,CHEMBL3774368
CHEMBL3775197,794.33,6.10,CHEMBL3776608,CHEMBL3774368
CHEMBL3775554,398.11,6.40,CHEMBL3776608,CHEMBL3774368
CHEMBL3774490,398.11,6.40,CHEMBL3776608,CHEMBL3774368
CHEMBL3775604,794.33,6.10,CHEMBL3776608,CHEMBL3774368
CHEMBL3775482,158.49,6.80,CHEMBL3776608,CHEMBL3774368
CHEMBL3775256,158.49,6.80,CHEMBL3776608,CHEMBL3774368
CHEMBL3775036,199.53,6.70,CHEMBL3776608,CHEMBL3774368
CHEMBL3775583,316.23,6.50,CHEMBL3776608,CHEMBL3774368
CHEMBL3774534,630.96,6.20,CHEMBL3776608,CHEMBL3774368
CHEMBL3775810,158.49,6.80,CHEMBL3776608,CHEMBL3774368
CHEMBL3775572,1258.93,5.90,CHEMBL3776608,CHEMBL3774368
CHEMBL3774519,630.96,6.20,CHEMBL3776608,CHEMBL3774368
CHEMBL3775771,630.96,6.20,CHEMBL3776608,CHEMBL3774368
CHEMBL3775946,398.11,6.40,CHEMBL3776608,CHEMBL3774368
CHEMBL3774911,1258.93,5.90,CHEMBL3776608,CHEMBL3774368
CHEMBL3775753,501.19,6.30,CHEMBL3776608,CHEMBL3774368
CHEMBL3774591,316.23,6.50,CHEMBL3776608,CHEMBL3774368
CHEMBL3774591,1000.0,6.00,CHEMBL3776608,CHEMBL3774368
CHEMBL3774591,398.11,6.40,CHEMBL3776608,CHEMBL3774368
CHEMBL3775598,251.19,6.60,CHEMBL3776608,CHEMBL3774368
CHEMBL3775598,5011.87,5.30,CHEMBL3776608,CHEMBL3774368
CHEMBL3775598,251.19,6.60,CHEMBL3776608,CHEMBL3774368
CHEMBL3775631,199.53,6.70,CHEMBL3776608,CHEMBL3774368
CHEMBL3775667,100.0,7.00,CHEMBL3776608,CHEMBL3774368
CHEMBL3775097,6309.57,5.20,CHEMBL3776608,CHEMBL3774368
CHEMBL3774621,31.62,7.50,CHEMBL3776608,CHEMBL3774368
CHEMBL3774895,100.0,7.00,CHEMBL3776608,CHEMBL3774368
CHEMBL3775386,316.23,6.50,CHEMBL3776608,CHEMBL3774368
CHEMBL3775618,316.23,6.50,CHEMBL3776608,CHEMBL3774368
CHEMBL3774412,398.11,6.40,CHEMBL3776608,CHEMBL3774368
CHEMBL3775023,1584.89,5.80,CHEMBL3776608,CHEMBL3774368
CHEMBL3774927,3162.28,5.50,CHEMBL3776608,CHEMBL3774368
CHEMBL3775836,316.23,6.50,CHEMBL3776608,CHEMBL3774368
CHEMBL3775071,630.96,6.20,CHEMBL3776608,CHEMBL3774368
CHEMBL3775294,398.11,6.40,CHEMBL3776608,CHEMBL3774368
CHEMBL3774869,251.19,6.60,CHEMBL3776608,CHEMBL3774368
CHEMBL3774996,199.53,6.70,CHEMBL3776608,CHEMBL3774368
CHEMBL3774783,630.96,6.20,CHEMBL3776608,CHEMBL3774368
CHEMBL3774783,251.19,6.60,CHEMBL3776608,CHEMBL3774368
CHEMBL3774783,316.23,6.50,CHEMBL3776608,CHEMBL3774368
CHEMBL3774425,31.62,7.50,CHEMBL3776608,CHEMBL3774368
CHEMBL3774683,158.49,6.80,CHEMBL3776608,CHEMBL3774368
CHEMBL3774683,501.19,6.30,CHEMBL3776608,CHEMBL3774368
CHEMBL3774683,251.19,6.60,CHEMBL3776608,CHEMBL3774368
CHEMBL3775872,19.95,7.70,CHEMBL3776608,CHEMBL3774368
CHEMBL3775967,501.19,6.30,CHEMBL3776608,CHEMBL3774368
CHEMBL3775301,501.19,6.30,CHEMBL3776608,CHEMBL3774368
CHEMBL3775338,10.0,8.00,CHEMBL3776608,CHEMBL3774368
CHEMBL3775534,630.96,6.20,CHEMBL3776608,CHEMBL3774368
CHEMBL3775534,31.62,7.50,CHEMBL3776608,CHEMBL3774368
CHEMBL3775534,50.12,7.30,CHEMBL3776608,CHEMBL3774368
CHEMBL3775005,158.49,6.80,CHEMBL3776608,CHEMBL3774368
CHEMBL3775395,630.96,6.20,CHEMBL3776608,CHEMBL3774368
CHEMBL3774588,199.53,6.70,CHEMBL3776608,CHEMBL3774368
CHEMBL3774588,125.89,6.90,CHEMBL3776608,CHEMBL3774368
CHEMBL3774588,199.53,6.70,CHEMBL3776608,CHEMBL3774368
CHEMBL3775226,63.1,7.20,CHEMBL3776608,CHEMBL3774368
CHEMBL3775226,1584.89,5.80,CHEMBL3776608,CHEMBL3774368
CHEMBL3775226,100.0,7.00,CHEMBL3776608,CHEMBL3774368
CHEMBL3774540,100.0,7.00,CHEMBL3776608,CHEMBL3774368
CHEMBL3774540,630.96,6.20,CHEMBL3776608,CHEMBL3774368
CHEMBL3774540,125.89,6.90,CHEMBL3776608,CHEMBL3774368
CHEMBL3775589,251.19,6.60,CHEMBL3776608,CHEMBL3774368
CHEMBL3775589,398.11,6.40,CHEMBL3776608,CHEMBL3774368
CHEMBL3775589,251.19,6.60,CHEMBL3776608,CHEMBL3774368
CHEMBL85606,501.19,6.30,CHEMBL3776608,CHEMBL3774368
CHEMBL54,9.6,8.02,CHEMBL3783165,CHEMBL3779868
CHEMBL3780812,10000.0,,CHEMBL3783165,CHEMBL3779868
CHEMBL3780438,10000.0,,CHEMBL3783165,CHEMBL3779868
CHEMBL3780975,1095.0,5.96,CHEMBL3783165,CHEMBL3779868
CHEMBL3780184,54.0,7.27,CHEMBL3783165,CHEMBL3779868
CHEMBL3780268,211.0,6.68,CHEMBL3783165,CHEMBL3779868
CHEMBL3780140,283.0,6.55,CHEMBL3783165,CHEMBL3779868
CHEMBL3781840,121.0,6.92,CHEMBL3783165,CHEMBL3779868
CHEMBL3780506,99.0,7.00,CHEMBL3783165,CHEMBL3779868
CHEMBL3779928,159.0,6.80,CHEMBL3783165,CHEMBL3779868
CHEMBL3780481,102.0,6.99,CHEMBL3783165,CHEMBL3779868
CHEMBL595489,115.5,6.94,CHEMBL3783165,CHEMBL3779868
CHEMBL1258313,5.754,8.24,CHEMBL3790456,CHEMBL3784936
CHEMBL1258427,15.85,7.80,CHEMBL3790456,CHEMBL3784936
CHEMBL1258084,22.39,7.65,CHEMBL3790456,CHEMBL3784936
CHEMBL1258199,35.48,7.45,CHEMBL3790456,CHEMBL3784936
CHEMBL1257382,0.05754,10.24,CHEMBL3790456,CHEMBL3784936
CHEMBL1257493,0.5754,9.24,CHEMBL3790456,CHEMBL3784936
CHEMBL1257735,0.5754,9.24,CHEMBL3790456,CHEMBL3784936
CHEMBL1257614,1.549,8.81,CHEMBL3790456,CHEMBL3784936
CHEMBL1257492,2.089,8.68,CHEMBL3790456,CHEMBL3784936
CHEMBL1258647,7.413,8.13,CHEMBL3790456,CHEMBL3784936
CHEMBL1257968,11.48,7.94,CHEMBL3790456,CHEMBL3784936
CHEMBL1257857,22.39,7.65,CHEMBL3790456,CHEMBL3784936
CHEMBL3792751,10000.0,,CHEMBL3796327,CHEMBL3792377
CHEMBL3792731,10000.0,,CHEMBL3796327,CHEMBL3792377
CHEMBL3794079,10000.0,,CHEMBL3796327,CHEMBL3792377
CHEMBL3792751,10000.0,,CHEMBL3796328,CHEMBL3792377
CHEMBL3792731,10000.0,,CHEMBL3796328,CHEMBL3792377
CHEMBL3794079,10000.0,,CHEMBL3796328,CHEMBL3792377
CHEMBL3799626,5.47,8.26,CHEMBL3801665,CHEMBL3797097
CHEMBL3798179,5.78,8.24,CHEMBL3801665,CHEMBL3797097
CHEMBL3800633,15.5,7.81,CHEMBL3801665,CHEMBL3797097
CHEMBL3798803,12.8,7.89,CHEMBL3801665,CHEMBL3797097
CHEMBL3799157,13.2,7.88,CHEMBL3801665,CHEMBL3797097
CHEMBL3797209,2.59,8.59,CHEMBL3801665,CHEMBL3797097
CHEMBL3797740,12.5,7.90,CHEMBL3801665,CHEMBL3797097
CHEMBL3800165,8.08,8.09,CHEMBL3801665,CHEMBL3797097
CHEMBL26181,11.4,7.94,CHEMBL3801665,CHEMBL3797097
CHEMBL434665,2.78,8.56,CHEMBL3801665,CHEMBL3797097
CHEMBL3798018,5120.0,5.29,CHEMBL3801665,CHEMBL3797097
CHEMBL3799271,114.0,6.94,CHEMBL3801665,CHEMBL3797097
CHEMBL419792,17.1,7.77,CHEMBL3801665,CHEMBL3797097
CHEMBL240773,5.56,8.26,CHEMBL3801665,CHEMBL3797097
CHEMBL285755,2.27,8.64,CHEMBL3801665,CHEMBL3797097
CHEMBL59,8.73,8.06,CHEMBL3801665,CHEMBL3797097
CHEMBL3799626,3700.0,5.43,CHEMBL3801662,CHEMBL3797097
CHEMBL3798179,4230.0,5.37,CHEMBL3801662,CHEMBL3797097
CHEMBL3800633,14700.0,4.83,CHEMBL3801662,CHEMBL3797097
CHEMBL3798803,361.0,6.44,CHEMBL3801662,CHEMBL3797097
CHEMBL3799157,751.0,6.12,CHEMBL3801662,CHEMBL3797097
CHEMBL3797209,146.0,6.84,CHEMBL3801662,CHEMBL3797097
CHEMBL3797740,1180.0,5.93,CHEMBL3801662,CHEMBL3797097
CHEMBL3800165,868.0,6.06,CHEMBL3801662,CHEMBL3797097
CHEMBL434665,2430.0,5.61,CHEMBL3801662,CHEMBL3797097
CHEMBL3799271,12100.0,4.92,CHEMBL3801662,CHEMBL3797097
CHEMBL419792,16300.0,4.79,CHEMBL3801662,CHEMBL3797097
CHEMBL240773,2950.0,5.53,CHEMBL3801662,CHEMBL3797097
CHEMBL285755,143.0,6.84,CHEMBL3801662,CHEMBL3797097
CHEMBL59,3690.0,5.43,CHEMBL3801662,CHEMBL3797097
CHEMBL3799638,547.0,6.26,CHEMBL3800738,CHEMBL3797149
CHEMBL3798953,614.0,6.21,CHEMBL3800738,CHEMBL3797149
CHEMBL3797717,367.0,6.43,CHEMBL3800738,CHEMBL3797149
CHEMBL3798840,630.0,6.20,CHEMBL3800738,CHEMBL3797149
CHEMBL3799547,113.0,6.95,CHEMBL3800738,CHEMBL3797149
CHEMBL3797651,22.0,7.66,CHEMBL3800738,CHEMBL3797149
CHEMBL3800150,86.0,7.07,CHEMBL3800738,CHEMBL3797149
CHEMBL3800539,108.0,6.97,CHEMBL3800738,CHEMBL3797149
CHEMBL3797435,205.0,6.69,CHEMBL3800738,CHEMBL3797149
CHEMBL3799430,2000.0,,CHEMBL3800738,CHEMBL3797149
CHEMBL3798478,382.0,6.42,CHEMBL3800738,CHEMBL3797149
CHEMBL3797293,2000.0,,CHEMBL3800738,CHEMBL3797149
CHEMBL3800442,2000.0,,CHEMBL3800738,CHEMBL3797149
CHEMBL3800576,2000.0,,CHEMBL3800738,CHEMBL3797149
CHEMBL3800251,640.0,6.19,CHEMBL3800738,CHEMBL3797149
CHEMBL3800055,2000.0,,CHEMBL3800738,CHEMBL3797149
CHEMBL3800153,1231.0,5.91,CHEMBL3800738,CHEMBL3797149
CHEMBL3799120,25.0,7.60,CHEMBL3800738,CHEMBL3797149
CHEMBL3799330,2000.0,,CHEMBL3800738,CHEMBL3797149
CHEMBL3799448,2000.0,,CHEMBL3800738,CHEMBL3797149
CHEMBL3798490,52.0,7.28,CHEMBL3800738,CHEMBL3797149
CHEMBL3799529,1700.0,5.77,CHEMBL3800738,CHEMBL3797149
CHEMBL3800400,5700.0,5.24,CHEMBL3801476,CHEMBL3797035
CHEMBL3800468,2900.0,5.54,CHEMBL3801476,CHEMBL3797035
CHEMBL3799455,64.0,7.19,CHEMBL3801476,CHEMBL3797035
CHEMBL3800303,110.0,6.96,CHEMBL3801476,CHEMBL3797035
CHEMBL3799427,1900.0,5.72,CHEMBL3801476,CHEMBL3797035
CHEMBL3800636,63.0,7.20,CHEMBL3801476,CHEMBL3797035
CHEMBL3798748,130.0,6.89,CHEMBL3801476,CHEMBL3797035
CHEMBL3797205,310.0,6.51,CHEMBL3801476,CHEMBL3797035
CHEMBL3800341,12.0,7.92,CHEMBL3801476,CHEMBL3797035
CHEMBL3797876,640.0,6.19,CHEMBL3801476,CHEMBL3797035
CHEMBL3799593,350.0,6.46,CHEMBL3801476,CHEMBL3797035
CHEMBL3797758,85.0,7.07,CHEMBL3801476,CHEMBL3797035
CHEMBL240773,260.0,6.58,CHEMBL3801476,CHEMBL3797035
CHEMBL434,48000.0,4.32,CHEMBL3801476,CHEMBL3797035
CHEMBL3800400,3200.0,5.50,CHEMBL3801477,CHEMBL3797035
CHEMBL3800468,2300.0,5.64,CHEMBL3801477,CHEMBL3797035
CHEMBL3799455,160.0,6.80,CHEMBL3801477,CHEMBL3797035
CHEMBL3800303,67.0,7.17,CHEMBL3801477,CHEMBL3797035
CHEMBL3799427,1700.0,5.77,CHEMBL3801477,CHEMBL3797035
CHEMBL3800636,120.0,6.92,CHEMBL3801477,CHEMBL3797035
CHEMBL3798748,65.0,7.19,CHEMBL3801477,CHEMBL3797035
CHEMBL3797205,96.0,7.02,CHEMBL3801477,CHEMBL3797035
CHEMBL3800341,17.0,7.77,CHEMBL3801477,CHEMBL3797035
CHEMBL3797876,430.0,6.37,CHEMBL3801477,CHEMBL3797035
CHEMBL3799593,200.0,6.70,CHEMBL3801477,CHEMBL3797035
CHEMBL3797758,48.0,7.32,CHEMBL3801477,CHEMBL3797035
CHEMBL240773,70.0,7.16,CHEMBL3801477,CHEMBL3797035
CHEMBL434,12000.0,4.92,CHEMBL3801477,CHEMBL3797035
CHEMBL59,48.0,7.32,CHEMBL3801477,CHEMBL3797035
CHEMBL269004,7.1,8.15,CHEMBL3801477,CHEMBL3797035
CHEMBL301559,40.0,7.40,CHEMBL3801477,CHEMBL3797035
CHEMBL301265,60.0,7.22,CHEMBL3801477,CHEMBL3797035
CHEMBL1256786,13000.0,4.89,CHEMBL3801477,CHEMBL3797035
CHEMBL160519,86000.0,4.07,CHEMBL3801477,CHEMBL3797035
CHEMBL1263,32000.0,4.50,CHEMBL3801477,CHEMBL3797035
CHEMBL679,910.0,6.04,CHEMBL3801477,CHEMBL3797035
CHEMBL1437,1300.0,5.89,CHEMBL3801477,CHEMBL3797035
CHEMBL3799125,49.0,7.31,CHEMBL3801477,CHEMBL3797035
CHEMBL3798017,26.0,7.58,CHEMBL3801477,CHEMBL3797035
CHEMBL3817911,10000.0,,CHEMBL3821452,CHEMBL3817758
CHEMBL3819494,170.0,6.77,CHEMBL3821452,CHEMBL3817758
CHEMBL3819082,1150.0,5.94,CHEMBL3821452,CHEMBL3817758
CHEMBL3818128,319.0,6.50,CHEMBL3821452,CHEMBL3817758
CHEMBL3819366,166.0,6.78,CHEMBL3821452,CHEMBL3817758
CHEMBL3819556,123.0,6.91,CHEMBL3821452,CHEMBL3817758
CHEMBL3818710,422.0,6.38,CHEMBL3821452,CHEMBL3817758
CHEMBL3818994,49.0,7.31,CHEMBL3821452,CHEMBL3817758
CHEMBL3818989,646.0,6.19,CHEMBL3821452,CHEMBL3817758
CHEMBL3818200,1456.0,5.84,CHEMBL3821452,CHEMBL3817758
CHEMBL3819427,218.0,6.66,CHEMBL3821452,CHEMBL3817758
CHEMBL3817898,249.0,6.60,CHEMBL3821452,CHEMBL3817758
CHEMBL3818056,366.0,6.44,CHEMBL3821452,CHEMBL3817758
CHEMBL3818047,126.0,6.90,CHEMBL3821452,CHEMBL3817758
CHEMBL1112,3.3,8.48,CHEMBL3821452,CHEMBL3817758
CHEMBL42,130.0,6.89,CHEMBL3821459,CHEMBL3817758
CHEMBL3819494,158.49,6.80,CHEMBL3821452,CHEMBL3817758
CHEMBL3818128,316.23,6.50,CHEMBL3821452,CHEMBL3817758
CHEMBL3819366,165.96,6.78,CHEMBL3821452,CHEMBL3817758
CHEMBL3819556,123.03,6.91,CHEMBL3821452,CHEMBL3817758
CHEMBL3818710,426.58,6.37,CHEMBL3821452,CHEMBL3817758
CHEMBL3818989,645.65,6.19,CHEMBL3821452,CHEMBL3817758
CHEMBL3818200,1445.44,5.84,CHEMBL3821452,CHEMBL3817758
CHEMBL3819427,218.78,6.66,CHEMBL3821452,CHEMBL3817758
CHEMBL3817898,251.19,6.60,CHEMBL3821452,CHEMBL3817758
CHEMBL3818056,363.08,6.44,CHEMBL3821452,CHEMBL3817758
CHEMBL3818047,125.89,6.90,CHEMBL3821452,CHEMBL3817758
CHEMBL3818881,180.0,6.75,CHEMBL3820048,CHEMBL3817845
CHEMBL3819434,44.0,7.36,CHEMBL3820048,CHEMBL3817845
CHEMBL3818940,438.0,6.36,CHEMBL3820048,CHEMBL3817845
CHEMBL2037432,201.0,6.70,CHEMBL3820048,CHEMBL3817845
CHEMBL3819642,763.0,6.12,CHEMBL3820048,CHEMBL3817845
CHEMBL3819403,159.0,6.80,CHEMBL3820048,CHEMBL3817845
CHEMBL3818799,195.0,6.71,CHEMBL3820048,CHEMBL3817845
CHEMBL3818805,134.0,6.87,CHEMBL3820048,CHEMBL3817845
CHEMBL3819153,95.0,7.02,CHEMBL3820048,CHEMBL3817845
CHEMBL2037520,217.0,6.66,CHEMBL3820048,CHEMBL3817845
CHEMBL3818398,215.0,6.67,CHEMBL3820048,CHEMBL3817845
CHEMBL3818478,22.0,7.66,CHEMBL3820048,CHEMBL3817845
CHEMBL3818935,10.0,8.00,CHEMBL3820048,CHEMBL3817845
CHEMBL2037526,25.0,7.60,CHEMBL3820048,CHEMBL3817845
CHEMBL3818124,18.0,7.75,CHEMBL3820048,CHEMBL3817845
CHEMBL3819567,24.0,7.62,CHEMBL3820048,CHEMBL3817845
CHEMBL297302,0.027,10.57,CHEMBL3820059,CHEMBL3817845
CHEMBL3819567,23.99,7.62,CHEMBL3820048,CHEMBL3817845
CHEMBL3818124,18.2,7.74,CHEMBL3820048,CHEMBL3817845
CHEMBL2037526,25.7,7.59,CHEMBL3820048,CHEMBL3817845
CHEMBL3818935,10.23,7.99,CHEMBL3820048,CHEMBL3817845
CHEMBL3818478,22.39,7.65,CHEMBL3820048,CHEMBL3817845
CHEMBL3818398,213.8,6.67,CHEMBL3820048,CHEMBL3817845
CHEMBL2037520,218.78,6.66,CHEMBL3820048,CHEMBL3817845
CHEMBL3819153,95.5,7.02,CHEMBL3820048,CHEMBL3817845
CHEMBL3818805,134.9,6.87,CHEMBL3820048,CHEMBL3817845
CHEMBL3818799,194.98,6.71,CHEMBL3820048,CHEMBL3817845
CHEMBL3819403,158.49,6.80,CHEMBL3820048,CHEMBL3817845
CHEMBL3819642,758.58,6.12,CHEMBL3820048,CHEMBL3817845
CHEMBL2037432,199.53,6.70,CHEMBL3820048,CHEMBL3817845
CHEMBL3819434,44.67,7.35,CHEMBL3820048,CHEMBL3817845
CHEMBL3818881,181.97,6.74,CHEMBL3820048,CHEMBL3817845
CHEMBL85606,489.78,6.31,CHEMBL3855278,CHEMBL3853329
CHEMBL3958494,1000.0,6.00,CHEMBL3855278,CHEMBL3853329
CHEMBL3958494,512.86,6.29,CHEMBL3855278,CHEMBL3853329
CHEMBL3901211,707.95,6.15,CHEMBL3855278,CHEMBL3853329
CHEMBL3913062,933.25,6.03,CHEMBL3855278,CHEMBL3853329
CHEMBL3913062,16982.44,4.77,CHEMBL3855278,CHEMBL3853329
CHEMBL3983937,794.33,6.10,CHEMBL3855278,CHEMBL3853329
CHEMBL3913607,660.69,6.18,CHEMBL3855278,CHEMBL3853329
CHEMBL3913607,891.25,6.05,CHEMBL3855278,CHEMBL3853329
CHEMBL3944642,630.96,6.20,CHEMBL3855278,CHEMBL3853329
CHEMBL3935692,295.12,6.53,CHEMBL3855278,CHEMBL3853329
CHEMBL3935692,213.8,6.67,CHEMBL3855278,CHEMBL3853329
CHEMBL3954568,512.86,6.29,CHEMBL3855278,CHEMBL3853329
CHEMBL3954568,977.24,6.01,CHEMBL3855278,CHEMBL3853329
CHEMBL3953365,794.33,6.10,CHEMBL3855278,CHEMBL3853329
CHEMBL3936812,524.81,6.28,CHEMBL3855278,CHEMBL3853329
CHEMBL3908862,977.24,6.01,CHEMBL3855278,CHEMBL3853329
CHEMBL3914195,123.03,6.91,CHEMBL3855278,CHEMBL3853329
CHEMBL3914195,724.44,6.14,CHEMBL3855278,CHEMBL3853329
CHEMBL3975989,63.1,7.20,CHEMBL3855278,CHEMBL3853329
CHEMBL3905196,1584.89,5.80,CHEMBL3855278,CHEMBL3853329
CHEMBL3950264,977.24,6.01,CHEMBL3855278,CHEMBL3853329
CHEMBL3950264,1096.48,5.96,CHEMBL3855278,CHEMBL3853329
CHEMBL3912029,794.33,6.10,CHEMBL3855278,CHEMBL3853329
CHEMBL3922143,426.58,6.37,CHEMBL3855278,CHEMBL3853329
CHEMBL3922143,8128.31,5.09,CHEMBL3855278,CHEMBL3853329
CHEMBL3963783,239.88,6.62,CHEMBL3855278,CHEMBL3853329
CHEMBL3908548,537.03,6.27,CHEMBL3855278,CHEMBL3853329
CHEMBL3908548,676.08,6.17,CHEMBL3855278,CHEMBL3853329
CHEMBL3945775,954.99,6.02,CHEMBL3855278,CHEMBL3853329
CHEMBL3917887,295.12,6.53,CHEMBL3855278,CHEMBL3853329
CHEMBL3926847,257.04,6.59,CHEMBL3855278,CHEMBL3853329
CHEMBL3935776,316.23,6.50,CHEMBL3855278,CHEMBL3853329
CHEMBL3935776,309.03,6.51,CHEMBL3855278,CHEMBL3853329
CHEMBL3901587,977.24,6.01,CHEMBL3855278,CHEMBL3853329
CHEMBL3927895,331.13,6.48,CHEMBL3855278,CHEMBL3853329
CHEMBL3927895,4365.16,5.36,CHEMBL3855278,CHEMBL3853329
CHEMBL3955505,223.87,6.65,CHEMBL3855278,CHEMBL3853329
CHEMBL3985877,165.96,6.78,CHEMBL3855278,CHEMBL3853329
CHEMBL3966647,2187.76,5.66,CHEMBL3855278,CHEMBL3853329
CHEMBL3945776,3801.89,5.42,CHEMBL3855278,CHEMBL3853329
CHEMBL3975147,1288.25,5.89,CHEMBL3855278,CHEMBL3853329
CHEMBL3954490,1737.8,5.76,CHEMBL3855278,CHEMBL3853329
CHEMBL3983121,66.07,7.18,CHEMBL3855278,CHEMBL3853329
CHEMBL3899336,61.66,7.21,CHEMBL3855278,CHEMBL3853329
CHEMBL3894257,1230.27,5.91,CHEMBL3855278,CHEMBL3853329
CHEMBL3923578,1621.81,5.79,CHEMBL3855278,CHEMBL3853329
CHEMBL3895585,467.74,6.33,CHEMBL3855278,CHEMBL3853329
CHEMBL3914556,426.58,6.37,CHEMBL3855278,CHEMBL3853329
CHEMBL3984387,117.49,6.93,CHEMBL3855278,CHEMBL3853329
CHEMBL3905582,128.82,6.89,CHEMBL3855278,CHEMBL3853329
CHEMBL3976319,346.74,6.46,CHEMBL3855278,CHEMBL3853329
CHEMBL3896638,331.13,6.48,CHEMBL3855278,CHEMBL3853329
CHEMBL3967806,478.63,6.32,CHEMBL3855278,CHEMBL3853329
CHEMBL3985419,501.19,6.30,CHEMBL3855278,CHEMBL3853329
CHEMBL3956758,537.03,6.27,CHEMBL3855278,CHEMBL3853329
CHEMBL3908174,851.14,6.07,CHEMBL3855278,CHEMBL3853329
CHEMBL3978613,524.81,6.28,CHEMBL3855278,CHEMBL3853329
CHEMBL3899125,354.81,6.45,CHEMBL3855278,CHEMBL3853329
CHEMBL3970323,630.96,6.20,CHEMBL3855278,CHEMBL3853329
CHEMBL3890178,39.81,7.40,CHEMBL3855278,CHEMBL3853329
CHEMBL3959240,218.78,6.66,CHEMBL3855278,CHEMBL3853329
CHEMBL3979523,446.68,6.35,CHEMBL3855278,CHEMBL3853329
CHEMBL3950540,346.74,6.46,CHEMBL3855278,CHEMBL3853329
CHEMBL3981856,467.74,6.33,CHEMBL3855278,CHEMBL3853329
CHEMBL3941818,363.08,6.44,CHEMBL3855278,CHEMBL3853329
CHEMBL3920167,501.19,6.30,CHEMBL3855278,CHEMBL3853329
CHEMBL3947961,870.96,6.06,CHEMBL3855278,CHEMBL3853329
CHEMBL3929083,616.6,6.21,CHEMBL3855278,CHEMBL3853329
CHEMBL3956612,1348.96,5.87,CHEMBL3855278,CHEMBL3853329
CHEMBL3938107,891.25,6.05,CHEMBL3855278,CHEMBL3853329
CHEMBL3967683,630.96,6.20,CHEMBL3855278,CHEMBL3853329
CHEMBL3946901,524.81,6.28,CHEMBL3855278,CHEMBL3853329
CHEMBL3976192,1445.44,5.84,CHEMBL3855278,CHEMBL3853329
CHEMBL3955608,467.74,6.33,CHEMBL3855278,CHEMBL3853329
CHEMBL3984236,436.52,6.36,CHEMBL3855278,CHEMBL3853329
CHEMBL3958309,295.12,6.53,CHEMBL3855278,CHEMBL3853329
CHEMBL3930825,1778.28,5.75,CHEMBL3855278,CHEMBL3853329
CHEMBL3969386,1380.38,5.86,CHEMBL3855278,CHEMBL3853329
CHEMBL3939830,2570.4,5.59,CHEMBL3855278,CHEMBL3853329
CHEMBL3940897,1548.82,5.81,CHEMBL3855278,CHEMBL3853329
CHEMBL3912897,3311.31,5.48,CHEMBL3855278,CHEMBL3853329
CHEMBL3949662,724.44,6.14,CHEMBL3855278,CHEMBL3853329
CHEMBL3921885,524.81,6.28,CHEMBL3855278,CHEMBL3853329
CHEMBL3897134,660.69,6.18,CHEMBL3855278,CHEMBL3853329
CHEMBL3968272,1479.11,5.83,CHEMBL3855278,CHEMBL3853329
CHEMBL3946313,954.99,6.02,CHEMBL3855278,CHEMBL3853329
CHEMBL3958949,1148.15,5.94,CHEMBL3855278,CHEMBL3853329
CHEMBL3922535,691.83,6.16,CHEMBL3855278,CHEMBL3853329
CHEMBL3950254,549.54,6.26,CHEMBL3855278,CHEMBL3853329
CHEMBL3913542,1230.27,5.91,CHEMBL3855278,CHEMBL3853329
CHEMBL3941520,1148.15,5.94,CHEMBL3855278,CHEMBL3853329
CHEMBL3964649,7585.78,5.12,CHEMBL3855278,CHEMBL3853329
CHEMBL3894853,2238.72,5.65,CHEMBL3855278,CHEMBL3853329
CHEMBL3963243,1000.0,6.00,CHEMBL3855278,CHEMBL3853329
CHEMBL3948167,812.83,6.09,CHEMBL3855278,CHEMBL3853329
CHEMBL3903779,741.31,6.13,CHEMBL3855278,CHEMBL3853329
CHEMBL3958201,588.84,6.23,CHEMBL3855278,CHEMBL3853329
CHEMBL3964512,338.84,6.47,CHEMBL3855278,CHEMBL3853329
CHEMBL3897772,1445.44,5.84,CHEMBL3855278,CHEMBL3853329
CHEMBL3912801,457.09,6.34,CHEMBL3855278,CHEMBL3853329
CHEMBL3964512,758.58,6.12,CHEMBL3855278,CHEMBL3853329
CHEMBL3922838,870.96,6.06,CHEMBL3855278,CHEMBL3853329
CHEMBL3913849,1348.96,5.87,CHEMBL3855278,CHEMBL3853329
CHEMBL3983684,1698.24,5.77,CHEMBL3855278,CHEMBL3853329
CHEMBL3914155,631.0,6.20,CHEMBL3857974,CHEMBL3856221
CHEMBL3895172,345.0,6.46,CHEMBL3857974,CHEMBL3856221
CHEMBL3923145,2450.0,5.61,CHEMBL3857974,CHEMBL3856221
CHEMBL3904094,537.0,6.27,CHEMBL3857974,CHEMBL3856221
CHEMBL3950020,268.0,6.57,CHEMBL3857974,CHEMBL3856221
CHEMBL3913100,4346.0,5.36,CHEMBL3857974,CHEMBL3856221
CHEMBL3941102,2766.0,5.56,CHEMBL3857974,CHEMBL3856221
CHEMBL3947670,1959.0,5.71,CHEMBL3857974,CHEMBL3856221
CHEMBL3976948,3460.0,5.46,CHEMBL3857974,CHEMBL3856221
CHEMBL3922670,685.0,6.16,CHEMBL3857974,CHEMBL3856221
CHEMBL3894679,393.0,6.41,CHEMBL3857974,CHEMBL3856221
CHEMBL3983496,321.0,6.49,CHEMBL3857974,CHEMBL3856221
CHEMBL3984541,419.0,6.38,CHEMBL3857974,CHEMBL3856221
CHEMBL3955917,375.0,6.43,CHEMBL3857974,CHEMBL3856221
CHEMBL3896355,260.0,6.58,CHEMBL3857974,CHEMBL3856221
CHEMBL3924375,293.0,6.53,CHEMBL3857974,CHEMBL3856221
CHEMBL3985152,36.0,7.44,CHEMBL3857974,CHEMBL3856221
CHEMBL3977072,136.0,6.87,CHEMBL3857974,CHEMBL3856221
CHEMBL3906408,64.0,7.19,CHEMBL3857974,CHEMBL3856221
CHEMBL3968569,75.0,7.12,CHEMBL3857974,CHEMBL3856221
CHEMBL3897426,522.0,6.28,CHEMBL3857974,CHEMBL3856221
CHEMBL3910730,1385.0,5.86,CHEMBL3857974,CHEMBL3856221
CHEMBL3986254,308.0,6.51,CHEMBL3857974,CHEMBL3856221
CHEMBL3971125,243.0,6.61,CHEMBL3857974,CHEMBL3856221
CHEMBL3941529,53.0,7.28,CHEMBL3857974,CHEMBL3856221
CHEMBL3960056,116.0,6.94,CHEMBL3857974,CHEMBL3856221
CHEMBL3932551,295.0,6.53,CHEMBL3857974,CHEMBL3856221
CHEMBL3892201,177.0,6.75,CHEMBL3857974,CHEMBL3856221
CHEMBL3958956,178.0,6.75,CHEMBL3857974,CHEMBL3856221
CHEMBL3979307,243.0,6.61,CHEMBL3857974,CHEMBL3856221
CHEMBL522691,242.0,6.62,CHEMBL3857980,CHEMBL3856221
CHEMBL3959209,915.0,6.04,CHEMBL3863657,CHEMBL3862017
CHEMBL3899099,272.0,6.57,CHEMBL3863657,CHEMBL3862017
CHEMBL3970299,138.0,6.86,CHEMBL3863657,CHEMBL3862017
CHEMBL3971383,853.0,6.07,CHEMBL3863657,CHEMBL3862017
CHEMBL3941795,1087.0,5.96,CHEMBL3863657,CHEMBL3862017
CHEMBL3959919,418.0,6.38,CHEMBL3863657,CHEMBL3862017
CHEMBL3970994,5647.0,5.25,CHEMBL3863657,CHEMBL3862017
CHEMBL3908870,2933.0,5.53,CHEMBL3863657,CHEMBL3862017
CHEMBL3924565,3578.0,5.45,CHEMBL3863657,CHEMBL3862017
CHEMBL3952251,1170.0,5.93,CHEMBL3863657,CHEMBL3862017
CHEMBL3986927,5399.0,5.27,CHEMBL3863657,CHEMBL3862017
CHEMBL3958215,750.0,6.12,CHEMBL3863657,CHEMBL3862017
CHEMBL3978642,2583.5,5.59,CHEMBL3863657,CHEMBL3862017
CHEMBL3898250,946.0,6.02,CHEMBL3863657,CHEMBL3862017
CHEMBL3959209,812.83,6.09,CHEMBL3863657,CHEMBL3862017
CHEMBL3899099,269.15,6.57,CHEMBL3863657,CHEMBL3862017
CHEMBL3970299,138.04,6.86,CHEMBL3863657,CHEMBL3862017
CHEMBL3971383,851.14,6.07,CHEMBL3863657,CHEMBL3862017
CHEMBL3941795,1096.48,5.96,CHEMBL3863657,CHEMBL3862017
CHEMBL3959919,416.87,6.38,CHEMBL3863657,CHEMBL3862017
CHEMBL3970994,5623.41,5.25,CHEMBL3863657,CHEMBL3862017
CHEMBL3908870,2951.21,5.53,CHEMBL3863657,CHEMBL3862017
CHEMBL3924565,3548.13,5.45,CHEMBL3863657,CHEMBL3862017
CHEMBL3952251,1174.9,5.93,CHEMBL3863657,CHEMBL3862017
CHEMBL3986927,5370.32,5.27,CHEMBL3863657,CHEMBL3862017
CHEMBL3958215,758.58,6.12,CHEMBL3863657,CHEMBL3862017
CHEMBL3898250,954.99,6.02,CHEMBL3863657,CHEMBL3862017
CHEMBL11493,68.1,7.17,CHEMBL3863990,CHEMBL3862037
CHEMBL3126735,228.0,6.64,CHEMBL3863990,CHEMBL3862037
CHEMBL3916231,693.0,6.16,CHEMBL3863990,CHEMBL3862037
CHEMBL3931765,298.0,6.53,CHEMBL3863990,CHEMBL3862037
CHEMBL3918282,78.6,7.11,CHEMBL3863990,CHEMBL3862037
CHEMBL1201192,100000.0,,CHEMBL3863990,CHEMBL3862037
CHEMBL8946,0.26,9.59,CHEMBL3863990,CHEMBL3862037
CHEMBL3936289,10000.0,,CHEMBL3869820,CHEMBL3868615
CHEMBL3897499,10000.0,,CHEMBL3869820,CHEMBL3868615
CHEMBL3908917,10000.0,,CHEMBL3872136,CHEMBL3871306
CHEMBL3979230,10000.0,,CHEMBL3872136,CHEMBL3871306
CHEMBL3895173,10000.0,,CHEMBL3872136,CHEMBL3871306
CHEMBL3966484,15848.93,4.80,CHEMBL3872136,CHEMBL3871306
CHEMBL3910287,251.19,6.60,CHEMBL3872136,CHEMBL3871306
CHEMBL3929918,1995.26,5.70,CHEMBL3872136,CHEMBL3871306
CHEMBL3948819,1000.0,6.00,CHEMBL3872136,CHEMBL3871306
CHEMBL3889852,794.33,6.10,CHEMBL3872136,CHEMBL3871306
CHEMBL3961596,2511.89,5.60,CHEMBL3872136,CHEMBL3871306
CHEMBL3890882,15848.93,4.80,CHEMBL3872136,CHEMBL3871306
CHEMBL3971039,10000.0,,CHEMBL3872136,CHEMBL3871306
CHEMBL3963688,6309.57,5.20,CHEMBL3872136,CHEMBL3871306
CHEMBL3916787,10000.0,,CHEMBL3872136,CHEMBL3871306
CHEMBL3938498,10000.0,,CHEMBL3872136,CHEMBL3871306
CHEMBL3941190,14.0,7.85,CHEMBL3872755,CHEMBL3872208
CHEMBL3970746,26.0,7.58,CHEMBL3872755,CHEMBL3872208
CHEMBL3932186,2.1,8.68,CHEMBL3872755,CHEMBL3872208
CHEMBL3959698,8.9,8.05,CHEMBL3872755,CHEMBL3872208
CHEMBL3923240,4.0,8.40,CHEMBL3872755,CHEMBL3872208
CHEMBL3950977,6.3,8.20,CHEMBL3872755,CHEMBL3872208
CHEMBL3914241,10.0,8.00,CHEMBL3872755,CHEMBL3872208
CHEMBL3942236,15.0,7.82,CHEMBL3872755,CHEMBL3872208
CHEMBL3905247,0.43,9.37,CHEMBL3872755,CHEMBL3872208
CHEMBL3933256,0.35,9.46,CHEMBL3872755,CHEMBL3872208
CHEMBL3895540,0.3,9.52,CHEMBL3872755,CHEMBL3872208
CHEMBL3966842,0.43,9.37,CHEMBL3872755,CHEMBL3872208
CHEMBL3967779,0.85,9.07,CHEMBL3872755,CHEMBL3872208
CHEMBL3938210,0.21,9.68,CHEMBL3872755,CHEMBL3872208
CHEMBL3976282,0.19,9.72,CHEMBL3872755,CHEMBL3872208
CHEMBL3946995,2.9,8.54,CHEMBL3872755,CHEMBL3872208
CHEMBL3948056,0.42,9.38,CHEMBL3872755,CHEMBL3872208
CHEMBL3920252,0.33,9.48,CHEMBL3872755,CHEMBL3872208
CHEMBL3956720,0.85,9.07,CHEMBL3872755,CHEMBL3872208
CHEMBL3929168,0.94,9.03,CHEMBL3872755,CHEMBL3872208
CHEMBL3920432,1.9,8.72,CHEMBL3872755,CHEMBL3872208
CHEMBL3892440,8.9,8.05,CHEMBL3872755,CHEMBL3872208
CHEMBL3913691,1.7,8.77,CHEMBL3872755,CHEMBL3872208
CHEMBL3962525,2.8,8.55,CHEMBL3872755,CHEMBL3872208
CHEMBL3902496,18.0,7.75,CHEMBL3872755,CHEMBL3872208
CHEMBL3973487,25.0,7.60,CHEMBL3872755,CHEMBL3872208
CHEMBL3903560,9.6,8.02,CHEMBL3872755,CHEMBL3872208
CHEMBL2028019,1.3,8.89,CHEMBL3872755,CHEMBL3872208
CHEMBL3982486,0.71,9.15,CHEMBL3872755,CHEMBL3872208
CHEMBL3953773,2.4,8.62,CHEMBL3872755,CHEMBL3872208
CHEMBL3896937,0.51,9.29,CHEMBL3872755,CHEMBL3872208
CHEMBL3918755,0.63,9.20,CHEMBL3872755,CHEMBL3872208
CHEMBL3940712,1.4,8.85,CHEMBL3872755,CHEMBL3872208
CHEMBL3909821,2.2,8.66,CHEMBL3872755,CHEMBL3872208
CHEMBL3971907,0.51,9.29,CHEMBL3872755,CHEMBL3872208
CHEMBL3900752,0.72,9.14,CHEMBL3872755,CHEMBL3872208
CHEMBL3960785,0.53,9.28,CHEMBL3872755,CHEMBL3872208
CHEMBL3891773,4.6,8.34,CHEMBL3872755,CHEMBL3872208
CHEMBL42,72.0,7.14,CHEMBL3880782,CHEMBL3880399
CHEMBL3646149,11.0,7.96,CHEMBL3705566,CHEMBL3639279
CHEMBL3526391,37.0,7.43,CHEMBL3705566,CHEMBL3639279
CHEMBL3646150,0.7,9.15,CHEMBL3705566,CHEMBL3639279
CHEMBL304902,0.49,9.31,CHEMBL3705566,CHEMBL3639279
CHEMBL3646151,1.1,8.96,CHEMBL3705566,CHEMBL3639279
CHEMBL3647673,10.8,7.97,CHEMBL3705539,CHEMBL3638685
CHEMBL3647674,6.9,8.16,CHEMBL3705539,CHEMBL3638685
CHEMBL3647675,45.2,7.34,CHEMBL3705539,CHEMBL3638685
CHEMBL3647676,182.5,6.74,CHEMBL3705539,CHEMBL3638685
CHEMBL3647677,28.5,7.54,CHEMBL3705539,CHEMBL3638685
CHEMBL3647678,100.9,7.00,CHEMBL3705539,CHEMBL3638685
CHEMBL3647679,16.9,7.77,CHEMBL3705539,CHEMBL3638685
CHEMBL3647680,25.4,7.59,CHEMBL3705539,CHEMBL3638685
CHEMBL3647681,30.3,7.52,CHEMBL3705539,CHEMBL3638685
CHEMBL3647682,31.8,7.50,CHEMBL3705539,CHEMBL3638685
CHEMBL3647683,40.4,7.39,CHEMBL3705539,CHEMBL3638685
CHEMBL3647684,34.3,7.46,CHEMBL3705539,CHEMBL3638685
CHEMBL3647685,112.8,6.95,CHEMBL3705539,CHEMBL3638685
CHEMBL3647686,39.2,7.41,CHEMBL3705539,CHEMBL3638685
CHEMBL3647687,56.4,7.25,CHEMBL3705539,CHEMBL3638685
CHEMBL4110066,79.7,7.10,CHEMBL3705539,CHEMBL3638685
CHEMBL3647688,255.1,6.59,CHEMBL3705539,CHEMBL3638685
CHEMBL3647689,32.5,7.49,CHEMBL3705539,CHEMBL3638685
CHEMBL3647690,76.5,7.12,CHEMBL3705539,CHEMBL3638685
CHEMBL3647691,149.3,6.83,CHEMBL3705539,CHEMBL3638685
CHEMBL3647692,22.5,7.65,CHEMBL3705539,CHEMBL3638685
CHEMBL3647693,67.6,7.17,CHEMBL3705539,CHEMBL3638685
CHEMBL3647694,1000.0,,CHEMBL3705539,CHEMBL3638685
CHEMBL3647695,114.6,6.94,CHEMBL3705539,CHEMBL3638685
CHEMBL3647696,1000.0,,CHEMBL3705539,CHEMBL3638685
CHEMBL3647697,199.5,6.70,CHEMBL3705539,CHEMBL3638685
CHEMBL3647698,328.3,6.48,CHEMBL3705539,CHEMBL3638685
CHEMBL3647699,175.3,6.76,CHEMBL3705539,CHEMBL3638685
CHEMBL3647700,272.4,6.57,CHEMBL3705539,CHEMBL3638685
CHEMBL3647701,309.0,6.51,CHEMBL3705539,CHEMBL3638685
CHEMBL3647702,276.8,6.56,CHEMBL3705539,CHEMBL3638685
CHEMBL3647703,39.9,7.40,CHEMBL3705539,CHEMBL3638685
CHEMBL3647704,14.0,7.85,CHEMBL3705539,CHEMBL3638685
CHEMBL3647705,135.2,6.87,CHEMBL3705539,CHEMBL3638685
CHEMBL3647706,46.8,7.33,CHEMBL3705539,CHEMBL3638685
CHEMBL3647707,24.2,7.62,CHEMBL3705539,CHEMBL3638685
CHEMBL3647708,38.6,7.41,CHEMBL3705539,CHEMBL3638685
CHEMBL3647707,44.0,7.36,CHEMBL3705539,CHEMBL3638685
CHEMBL3647709,15.0,7.82,CHEMBL3705539,CHEMBL3638685
CHEMBL3647710,298.9,6.52,CHEMBL3705539,CHEMBL3638685
CHEMBL3647711,345.2,6.46,CHEMBL3705539,CHEMBL3638685
CHEMBL3647712,25.3,7.60,CHEMBL3705539,CHEMBL3638685
CHEMBL3647713,179.4,6.75,CHEMBL3705539,CHEMBL3638685
CHEMBL3647714,329.7,6.48,CHEMBL3705539,CHEMBL3638685
CHEMBL3650452,444.9,6.35,CHEMBL3705539,CHEMBL3638685
CHEMBL3650453,8.5,8.07,CHEMBL3705539,CHEMBL3638685
CHEMBL3650454,285.3,6.54,CHEMBL3705539,CHEMBL3638685
CHEMBL3650455,199.6,6.70,CHEMBL3705539,CHEMBL3638685
CHEMBL3647688,31.6,7.50,CHEMBL3705539,CHEMBL3638685
CHEMBL3650456,84.2,7.08,CHEMBL3705539,CHEMBL3638685
CHEMBL3650457,19.4,7.71,CHEMBL3705539,CHEMBL3638685
CHEMBL398615,0.07,10.15,CHEMBL3887246,CHEMBL3886237
CHEMBL3954123,14.0,7.85,CHEMBL3887246,CHEMBL3886237
CHEMBL219916,1.3,8.89,CHEMBL3887246,CHEMBL3886237
CHEMBL86,64.0,7.19,CHEMBL3887246,CHEMBL3886237
CHEMBL3918805,8.3,8.08,CHEMBL3887359,CHEMBL3886292
CHEMBL2165126,3.6,8.44,CHEMBL3887359,CHEMBL3886292
CHEMBL2165119,1.2,8.92,CHEMBL3887359,CHEMBL3886292
CHEMBL2165120,3.4,8.47,CHEMBL3887359,CHEMBL3886292
CHEMBL2165118,5.7,8.24,CHEMBL3887359,CHEMBL3886292
CHEMBL3943838,4.6,8.34,CHEMBL3887359,CHEMBL3886292
CHEMBL2165114,18.0,7.75,CHEMBL3887359,CHEMBL3886292
CHEMBL2165140,20.0,7.70,CHEMBL3887359,CHEMBL3886292
CHEMBL3973357,4.0,8.40,CHEMBL3887359,CHEMBL3886292
CHEMBL3957278,2.1,8.68,CHEMBL3887359,CHEMBL3886292
CHEMBL3929710,5.7,8.24,CHEMBL3887359,CHEMBL3886292
CHEMBL3891542,4.1,8.39,CHEMBL3887359,CHEMBL3886292
CHEMBL3935170,4.4,8.36,CHEMBL3887359,CHEMBL3886292
CHEMBL3944009,3.6,8.44,CHEMBL3887359,CHEMBL3886292
CHEMBL3916047,3.4,8.47,CHEMBL3887359,CHEMBL3886292
CHEMBL3952761,0.87,9.06,CHEMBL3887359,CHEMBL3886292
CHEMBL3978288,1.29,8.89,CHEMBL3887359,CHEMBL3886292
CHEMBL3921903,0.93,9.03,CHEMBL3887359,CHEMBL3886292
CHEMBL3915863,4.5,8.35,CHEMBL3887359,CHEMBL3886292
CHEMBL2165116,104.0,6.98,CHEMBL3887359,CHEMBL3886292
CHEMBL2165137,42.0,7.38,CHEMBL3887359,CHEMBL3886292
CHEMBL2165138,75.0,7.12,CHEMBL3887359,CHEMBL3886292
CHEMBL2165139,30.0,7.52,CHEMBL3887359,CHEMBL3886292
CHEMBL2165115,10.9,7.96,CHEMBL3887359,CHEMBL3886292
CHEMBL2165133,18.0,7.75,CHEMBL3887359,CHEMBL3886292
CHEMBL3903542,145.0,6.84,CHEMBL3887359,CHEMBL3886292
CHEMBL2165129,1004.0,6.00,CHEMBL3887359,CHEMBL3886292
CHEMBL2165134,66.0,7.18,CHEMBL3887359,CHEMBL3886292
CHEMBL3896746,15.0,7.82,CHEMBL3887359,CHEMBL3886292
CHEMBL2165131,113.0,6.95,CHEMBL3887359,CHEMBL3886292
CHEMBL2165132,108.0,6.97,CHEMBL3887359,CHEMBL3886292
CHEMBL2165117,18.0,7.75,CHEMBL3887359,CHEMBL3886292
CHEMBL3898054,20.0,7.70,CHEMBL3887359,CHEMBL3886292
CHEMBL3934712,25.0,7.60,CHEMBL3887359,CHEMBL3886292
CHEMBL2165135,15.0,7.82,CHEMBL3887359,CHEMBL3886292
CHEMBL2165136,17.0,7.77,CHEMBL3887359,CHEMBL3886292
CHEMBL3937643,1.7,8.77,CHEMBL3887359,CHEMBL3886292
CHEMBL3983588,0.47,9.33,CHEMBL3887359,CHEMBL3886292
CHEMBL160296,0.32,9.49,CHEMBL3887359,CHEMBL3886292
CHEMBL3982360,0.3,9.52,CHEMBL3887359,CHEMBL3886292
CHEMBL3912435,0.45,9.35,CHEMBL3887359,CHEMBL3886292
CHEMBL3966956,0.4,9.40,CHEMBL3887359,CHEMBL3886292
CHEMBL3899117,72.0,7.14,CHEMBL3887359,CHEMBL3886292
CHEMBL1112,8.0,8.10,CHEMBL3887359,CHEMBL3886292
CHEMBL2165119,2.6,8.59,CHEMBL3887359,CHEMBL3886292
CHEMBL2165126,5.0,8.30,CHEMBL3887359,CHEMBL3886292
CHEMBL3982119,334.38,6.48,CHEMBL3888598,CHEMBL3886775
CHEMBL3903297,239.9,6.62,CHEMBL3888598,CHEMBL3886775
CHEMBL3897805,485.43,6.31,CHEMBL3888598,CHEMBL3886775
CHEMBL2057451,223.61,6.65,CHEMBL3888598,CHEMBL3886775
CHEMBL2334893,32.16,7.49,CHEMBL3888598,CHEMBL3886775
CHEMBL2057457,160.99,6.79,CHEMBL3888598,CHEMBL3886775
CHEMBL267930,0.5,9.30,CHEMBL3888598,CHEMBL3886775
CHEMBL2334882,146.9,6.83,CHEMBL3888603,CHEMBL3886775
CHEMBL2057457,160.9,6.79,CHEMBL3888603,CHEMBL3886775
CHEMBL3899169,2780.0,5.56,CHEMBL3889270,CHEMBL3887018
CHEMBL3899169,4570.0,,CHEMBL3889270,CHEMBL3887018
CHEMBL708,2.1,8.68,CHEMBL3997508,CHEMBL3994665
CHEMBL4090862,10000.0,,CHEMBL3997508,CHEMBL3994665
CHEMBL4096141,10000.0,,CHEMBL3997508,CHEMBL3994665
CHEMBL4068850,4287.0,5.37,CHEMBL3997508,CHEMBL3994665
CHEMBL4088416,10000.0,,CHEMBL3997508,CHEMBL3994665
CHEMBL4060194,4351.0,5.36,CHEMBL3997508,CHEMBL3994665
CHEMBL4083059,1489.0,5.83,CHEMBL3997508,CHEMBL3994665
CHEMBL4061189,6698.0,5.17,CHEMBL3997508,CHEMBL3994665
CHEMBL4079631,5162.0,5.29,CHEMBL3997508,CHEMBL3994665
CHEMBL4103891,10000.0,,CHEMBL3997508,CHEMBL3994665
CHEMBL1457510,49.2,7.31,CHEMBL3999639,CHEMBL3997822
CHEMBL490533,80.2,7.10,CHEMBL3999639,CHEMBL3997822
CHEMBL448891,533.0,6.27,CHEMBL3999639,CHEMBL3997822
CHEMBL2334885,42.4,7.37,CHEMBL3999639,CHEMBL3997822
CHEMBL487182,1125.0,5.95,CHEMBL3999644,CHEMBL3997822
CHEMBL2334891,41.8,7.38,CHEMBL3999644,CHEMBL3997822
CHEMBL4093980,275.42,6.56,CHEMBL4000277,CHEMBL4000143
CHEMBL4066435,42.66,7.37,CHEMBL4000277,CHEMBL4000143
CHEMBL4090568,17.78,7.75,CHEMBL4000277,CHEMBL4000143
CHEMBL4062602,3.236,8.49,CHEMBL4000277,CHEMBL4000143
CHEMBL4104013,1.738,8.76,CHEMBL4000277,CHEMBL4000143
CHEMBL1242923,831.76,6.08,CHEMBL4000277,CHEMBL4000143
CHEMBL4093980,273.0,6.56,CHEMBL4000277,CHEMBL4000143
CHEMBL4066435,42.7,7.37,CHEMBL4000277,CHEMBL4000143
CHEMBL4090568,17.7,7.75,CHEMBL4000277,CHEMBL4000143
CHEMBL4062602,3.2,8.49,CHEMBL4000277,CHEMBL4000143
CHEMBL4104013,1.7,8.77,CHEMBL4000277,CHEMBL4000143
CHEMBL1242923,834.0,6.08,CHEMBL4000277,CHEMBL4000143
CHEMBL8514,0.27,9.57,CHEMBL4001156,CHEMBL4000185
CHEMBL4088639,1.4,8.85,CHEMBL4010156,CHEMBL4007455
CHEMBL4060403,0.3,9.52,CHEMBL4010156,CHEMBL4007455
CHEMBL4063282,46.0,7.34,CHEMBL4010156,CHEMBL4007455
CHEMBL4091155,8.1,8.09,CHEMBL4010156,CHEMBL4007455
CHEMBL1112,0.53,9.28,CHEMBL4010156,CHEMBL4007455
CHEMBL4069091,0.57,9.24,CHEMBL4010156,CHEMBL4007455
CHEMBL4096353,0.97,9.01,CHEMBL4010156,CHEMBL4007455
CHEMBL4091064,0.91,9.04,CHEMBL4010156,CHEMBL4007455
CHEMBL4070091,1.1,8.96,CHEMBL4010156,CHEMBL4007455
CHEMBL4098803,1.8,8.74,CHEMBL4010156,CHEMBL4007455
CHEMBL4080762,18.0,7.75,CHEMBL4010156,CHEMBL4007455
CHEMBL4072821,8.1,8.09,CHEMBL4010156,CHEMBL4007455
CHEMBL4099711,6.0,8.22,CHEMBL4010156,CHEMBL4007455
CHEMBL4087187,5.1,8.29,CHEMBL4010156,CHEMBL4007455
CHEMBL4105030,3.3,8.48,CHEMBL4010156,CHEMBL4007455
CHEMBL4079301,12.0,7.92,CHEMBL4010156,CHEMBL4007455
CHEMBL4097330,0.63,9.20,CHEMBL4010156,CHEMBL4007455
CHEMBL4102616,120.0,6.92,CHEMBL4010156,CHEMBL4007455
CHEMBL4078348,2.1,8.68,CHEMBL4010156,CHEMBL4007455
CHEMBL4094869,96.0,7.02,CHEMBL4010156,CHEMBL4007455
CHEMBL4067439,7.8,8.11,CHEMBL4010156,CHEMBL4007455
CHEMBL4098236,1.8,8.74,CHEMBL4010156,CHEMBL4007455
CHEMBL4071185,2.4,8.62,CHEMBL4010156,CHEMBL4007455
CHEMBL4090208,2.3,8.64,CHEMBL4010156,CHEMBL4007455
CHEMBL4069145,4.2,8.38,CHEMBL4010156,CHEMBL4007455
CHEMBL4060461,1.2,8.92,CHEMBL4010156,CHEMBL4007455
CHEMBL4060461,0.16,9.80,CHEMBL4010156,CHEMBL4007455
CHEMBL4071868,2.5,8.60,CHEMBL4010156,CHEMBL4007455
CHEMBL4098859,2.2,8.66,CHEMBL4010156,CHEMBL4007455
CHEMBL4063235,0.25,9.60,CHEMBL4010156,CHEMBL4007455
CHEMBL1112,0.45,9.35,CHEMBL4010153,CHEMBL4007455
CHEMBL4091155,7.8,8.11,CHEMBL4010153,CHEMBL4007455
CHEMBL4063282,36.0,7.44,CHEMBL4010153,CHEMBL4007455
CHEMBL4060403,0.41,9.39,CHEMBL4010153,CHEMBL4007455
CHEMBL4088639,1.5,8.82,CHEMBL4010153,CHEMBL4007455
CHEMBL4069091,0.5,9.30,CHEMBL4010153,CHEMBL4007455
CHEMBL4096353,0.52,9.28,CHEMBL4010153,CHEMBL4007455
CHEMBL4091064,0.52,9.28,CHEMBL4010153,CHEMBL4007455
CHEMBL4070091,0.55,9.26,CHEMBL4010153,CHEMBL4007455
CHEMBL4098803,0.74,9.13,CHEMBL4010153,CHEMBL4007455
CHEMBL4080762,14.0,7.85,CHEMBL4010153,CHEMBL4007455
CHEMBL4072821,7.4,8.13,CHEMBL4010153,CHEMBL4007455
CHEMBL4099711,5.8,8.24,CHEMBL4010153,CHEMBL4007455
CHEMBL4087187,5.5,8.26,CHEMBL4010153,CHEMBL4007455
CHEMBL4105030,1.9,8.72,CHEMBL4010153,CHEMBL4007455
CHEMBL4079301,12.0,7.92,CHEMBL4010153,CHEMBL4007455
CHEMBL4097330,0.75,9.12,CHEMBL4010153,CHEMBL4007455
CHEMBL4102616,48.0,7.32,CHEMBL4010153,CHEMBL4007455
CHEMBL4078348,0.7,9.15,CHEMBL4010153,CHEMBL4007455
CHEMBL4094869,39.0,7.41,CHEMBL4010153,CHEMBL4007455
CHEMBL4067439,7.7,8.11,CHEMBL4010153,CHEMBL4007455
CHEMBL4098236,2.3,8.64,CHEMBL4010153,CHEMBL4007455
CHEMBL4071185,0.94,9.03,CHEMBL4010153,CHEMBL4007455
CHEMBL4090208,0.9,9.05,CHEMBL4010153,CHEMBL4007455
CHEMBL4069145,1.7,8.77,CHEMBL4010153,CHEMBL4007455
CHEMBL4060461,0.72,9.14,CHEMBL4010153,CHEMBL4007455
CHEMBL4060461,0.094,10.03,CHEMBL4010153,CHEMBL4007455
CHEMBL4071868,0.84,9.08,CHEMBL4010153,CHEMBL4007455
CHEMBL4098859,0.87,9.06,CHEMBL4010153,CHEMBL4007455
CHEMBL4063235,0.16,9.80,CHEMBL4010153,CHEMBL4007455
CHEMBL4096422,40.1,7.40,CHEMBL4011211,CHEMBL4007493
CHEMBL4078379,21.8,7.66,CHEMBL4011211,CHEMBL4007493
CHEMBL4093477,8.43,8.07,CHEMBL4011211,CHEMBL4007493
CHEMBL4095452,306.0,6.51,CHEMBL4011211,CHEMBL4007493
CHEMBL4085282,34.7,7.46,CHEMBL4011211,CHEMBL4007493
CHEMBL4100322,111.0,6.96,CHEMBL4011211,CHEMBL4007493
CHEMBL4068455,86.8,7.06,CHEMBL4011211,CHEMBL4007493
CHEMBL4065353,18.5,7.73,CHEMBL4011211,CHEMBL4007493
CHEMBL4100734,284.0,6.55,CHEMBL4011211,CHEMBL4007493
CHEMBL4077430,338.0,6.47,CHEMBL4011211,CHEMBL4007493
CHEMBL4086953,124.0,6.91,CHEMBL4011211,CHEMBL4007493
CHEMBL4076129,23.8,7.62,CHEMBL4011211,CHEMBL4007493
CHEMBL4097572,38.7,7.41,CHEMBL4011211,CHEMBL4007493
CHEMBL4071243,60.6,7.22,CHEMBL4011211,CHEMBL4007493
CHEMBL4093223,54.8,7.26,CHEMBL4011211,CHEMBL4007493
CHEMBL4060603,121.0,6.92,CHEMBL4011211,CHEMBL4007493
CHEMBL4059581,37.2,7.43,CHEMBL4011211,CHEMBL4007493
CHEMBL419792,46.3,7.33,CHEMBL4011211,CHEMBL4007493
CHEMBL1112,0.48,9.32,CHEMBL4011211,CHEMBL4007493
CHEMBL59,16.0,7.80,CHEMBL4011211,CHEMBL4007493
CHEMBL240773,13.1,7.88,CHEMBL4011211,CHEMBL4007493
CHEMBL2028019,0.49,9.31,CHEMBL4012540,CHEMBL4011616
CHEMBL2028019,0.69,9.16,CHEMBL4012541,CHEMBL4011616
CHEMBL4083239,0.89,9.05,CHEMBL4015806,CHEMBL4014323
CHEMBL4099666,4.8,8.32,CHEMBL4015806,CHEMBL4014323
CHEMBL4072780,0.87,9.06,CHEMBL4015806,CHEMBL4014323
CHEMBL4091933,2.9,8.54,CHEMBL4015806,CHEMBL4014323
CHEMBL4064186,3.4,8.47,CHEMBL4015806,CHEMBL4014323
CHEMBL4102628,1.6,8.80,CHEMBL4015806,CHEMBL4014323
CHEMBL4084690,100.0,7.00,CHEMBL4015806,CHEMBL4014323
CHEMBL4064742,1.6,8.80,CHEMBL4015806,CHEMBL4014323
CHEMBL4092441,8.3,8.08,CHEMBL4015806,CHEMBL4014323
CHEMBL4073330,40.0,7.40,CHEMBL4015806,CHEMBL4014323
CHEMBL4100183,2.0,8.70,CHEMBL4015806,CHEMBL4014323
CHEMBL4083727,110.0,6.96,CHEMBL4015806,CHEMBL4014323
CHEMBL4061986,33.0,7.48,CHEMBL4015806,CHEMBL4014323
CHEMBL4091507,78.0,7.11,CHEMBL4015806,CHEMBL4014323
CHEMBL4070604,350.0,6.46,CHEMBL4015806,CHEMBL4014323
CHEMBL4068702,200.0,6.70,CHEMBL4015806,CHEMBL4014323
CHEMBL1112,0.52,9.28,CHEMBL4015806,CHEMBL4014323
CHEMBL2165126,0.53,9.28,CHEMBL4015806,CHEMBL4014323
CHEMBL4083239,1.0,9.00,CHEMBL4015807,CHEMBL4014323
CHEMBL4099666,2.0,8.70,CHEMBL4015807,CHEMBL4014323
CHEMBL4072780,0.67,9.17,CHEMBL4015807,CHEMBL4014323
CHEMBL4091933,2.2,8.66,CHEMBL4015807,CHEMBL4014323
CHEMBL4064186,1.5,8.82,CHEMBL4015807,CHEMBL4014323
CHEMBL4102628,0.81,9.09,CHEMBL4015807,CHEMBL4014323
CHEMBL4084690,37.0,7.43,CHEMBL4015807,CHEMBL4014323
CHEMBL4064742,1.6,8.80,CHEMBL4015807,CHEMBL4014323
CHEMBL4092441,3.7,8.43,CHEMBL4015807,CHEMBL4014323
CHEMBL4073330,19.0,7.72,CHEMBL4015807,CHEMBL4014323
CHEMBL4100183,0.86,9.07,CHEMBL4015807,CHEMBL4014323
CHEMBL4083727,68.0,7.17,CHEMBL4015807,CHEMBL4014323
CHEMBL4061986,25.0,7.60,CHEMBL4015807,CHEMBL4014323
CHEMBL4091507,46.0,7.34,CHEMBL4015807,CHEMBL4014323
CHEMBL4070604,440.0,6.36,CHEMBL4015807,CHEMBL4014323
CHEMBL4068702,220.0,6.66,CHEMBL4015807,CHEMBL4014323
CHEMBL1112,0.38,9.42,CHEMBL4015807,CHEMBL4014323
CHEMBL2165126,0.2,9.70,CHEMBL4015807,CHEMBL4014323
CHEMBL4084262,10895.0,4.96,CHEMBL4032441,CHEMBL4028897
CHEMBL4062553,6168.0,5.21,CHEMBL4032441,CHEMBL4028897
CHEMBL4092015,29300.0,4.53,CHEMBL4032441,CHEMBL4028897
CHEMBL4071189,37579.0,4.42,CHEMBL4032441,CHEMBL4028897
CHEMBL4076516,6370.0,5.20,CHEMBL4032441,CHEMBL4028897
CHEMBL4089290,60152.0,4.22,CHEMBL4032441,CHEMBL4028897
CHEMBL4098399,109574.0,,CHEMBL4032441,CHEMBL4028897
CHEMBL4079642,114945.0,,CHEMBL4032441,CHEMBL4028897
CHEMBL4077251,21216.0,4.67,CHEMBL4032441,CHEMBL4028897
CHEMBL4100699,104847.0,,CHEMBL4032441,CHEMBL4028897
CHEMBL4073927,9792.0,5.01,CHEMBL4032441,CHEMBL4028897
CHEMBL4076527,83671.0,4.08,CHEMBL4032441,CHEMBL4028897
CHEMBL4076086,57101.0,4.24,CHEMBL4032441,CHEMBL4028897
CHEMBL4101993,7501.0,5.12,CHEMBL4032441,CHEMBL4028897
CHEMBL4083252,260.0,6.58,CHEMBL4032441,CHEMBL4028897
CHEMBL267930,0.06,10.22,CHEMBL4032441,CHEMBL4028897
CHEMBL4076903,1237.0,5.91,CHEMBL4036228,CHEMBL4033716
CHEMBL4075422,1218.0,5.91,CHEMBL4036228,CHEMBL4033716
CHEMBL4080398,141.0,6.85,CHEMBL4036228,CHEMBL4033716
CHEMBL4076525,223.0,6.65,CHEMBL4036228,CHEMBL4033716
CHEMBL4089427,418.0,6.38,CHEMBL4036228,CHEMBL4033716
CHEMBL4076408,76.0,7.12,CHEMBL4036228,CHEMBL4033716
CHEMBL4096866,37.0,7.43,CHEMBL4036228,CHEMBL4033716
CHEMBL4077538,1821.0,5.74,CHEMBL4036228,CHEMBL4033716
CHEMBL4061131,1011.0,6.00,CHEMBL4036228,CHEMBL4033716
CHEMBL4081383,149.0,6.83,CHEMBL4036228,CHEMBL4033716
CHEMBL4100470,148.0,6.83,CHEMBL4036228,CHEMBL4033716
CHEMBL4082456,36.0,7.44,CHEMBL4036228,CHEMBL4033716
CHEMBL4093971,30.0,7.52,CHEMBL4036228,CHEMBL4033716
CHEMBL4066426,121.0,6.92,CHEMBL4036228,CHEMBL4033716
CHEMBL4086211,145.0,6.84,CHEMBL4036228,CHEMBL4033716
CHEMBL49,484.0,6.32,CHEMBL4037101,CHEMBL4033775
CHEMBL284092,4320.0,5.37,CHEMBL4037101,CHEMBL4033775
CHEMBL267014,960.0,6.02,CHEMBL4039163,CHEMBL4038300
CHEMBL346389,413.0,6.38,CHEMBL4039163,CHEMBL4038300
CHEMBL103772,2230.0,5.65,CHEMBL4039163,CHEMBL4038300
CHEMBL66227,3310.0,,CHEMBL4039163,CHEMBL4038300
CHEMBL146556,738.0,6.13,CHEMBL4039163,CHEMBL4038300
CHEMBL81330,199.0,6.70,CHEMBL4039163,CHEMBL4038300
CHEMBL4095082,1842.0,5.74,CHEMBL4039163,CHEMBL4038300
CHEMBL69759,5147.0,5.29,CHEMBL4039163,CHEMBL4038300
CHEMBL126429,93.0,7.03,CHEMBL4039163,CHEMBL4038300
CHEMBL303692,1000.0,,CHEMBL4039163,CHEMBL4038300
CHEMBL305276,133.0,6.88,CHEMBL4039163,CHEMBL4038300
CHEMBL320597,113.0,6.95,CHEMBL4039163,CHEMBL4038300
CHEMBL444309,1700.0,,CHEMBL4039163,CHEMBL4038300
CHEMBL4069306,1300.0,5.89,CHEMBL4039163,CHEMBL4038300
CHEMBL4104272,400.0,6.40,CHEMBL4039163,CHEMBL4038300
CHEMBL4080034,133.0,6.88,CHEMBL4039163,CHEMBL4038300
CHEMBL3335537,100000.0,,CHEMBL4039163,CHEMBL4038300
CHEMBL7927,4300.0,5.37,CHEMBL4039193,CHEMBL4038300
CHEMBL310843,6300.0,5.20,CHEMBL4039193,CHEMBL4038300
CHEMBL7927,3200.0,5.50,CHEMBL4039194,CHEMBL4038300
CHEMBL310843,6000.0,,CHEMBL4039194,CHEMBL4038300
CHEMBL127257,6000.0,,CHEMBL4039194,CHEMBL4038300
CHEMBL4096543,1000.0,,CHEMBL4039194,CHEMBL4038300
CHEMBL4078873,20.0,7.70,CHEMBL4041093,CHEMBL4038339
CHEMBL4060649,17.0,7.77,CHEMBL4041093,CHEMBL4038339
CHEMBL4075673,3.0,8.52,CHEMBL4041093,CHEMBL4038339
CHEMBL4065568,3.3,8.48,CHEMBL4041093,CHEMBL4038339
CHEMBL4077040,5.5,8.26,CHEMBL4041093,CHEMBL4038339
CHEMBL4080369,2.5,8.60,CHEMBL4041093,CHEMBL4038339
CHEMBL4104596,350.0,6.46,CHEMBL4041093,CHEMBL4038339
CHEMBL4081987,67.0,7.17,CHEMBL4041093,CHEMBL4038339
CHEMBL4099997,56.0,7.25,CHEMBL4041093,CHEMBL4038339
CHEMBL4071451,14.0,7.85,CHEMBL4041093,CHEMBL4038339
CHEMBL4092243,0.7,9.15,CHEMBL4041093,CHEMBL4038339
CHEMBL4062817,0.3,9.52,CHEMBL4041093,CHEMBL4038339
CHEMBL4084492,44.0,7.36,CHEMBL4041093,CHEMBL4038339
CHEMBL4100951,3.7,8.43,CHEMBL4041093,CHEMBL4038339
CHEMBL4074195,2.6,8.59,CHEMBL4041093,CHEMBL4038339
CHEMBL4067700,180.0,6.75,CHEMBL4041093,CHEMBL4038339
CHEMBL4088925,100.0,7.00,CHEMBL4041093,CHEMBL4038339
CHEMBL4079972,99.0,7.00,CHEMBL4041093,CHEMBL4038339
CHEMBL4104216,37.0,7.43,CHEMBL4041093,CHEMBL4038339
CHEMBL4069237,2.8,8.55,CHEMBL4041093,CHEMBL4038339
CHEMBL4096479,2.3,8.64,CHEMBL4041093,CHEMBL4038339
CHEMBL4095555,2.4,8.62,CHEMBL4041093,CHEMBL4038339
CHEMBL4075144,1.7,8.77,CHEMBL4041093,CHEMBL4038339
CHEMBL4087852,1.8,8.74,CHEMBL4041093,CHEMBL4038339
CHEMBL4066532,23.0,7.64,CHEMBL4041093,CHEMBL4038339
CHEMBL4091193,5.6,8.25,CHEMBL4041093,CHEMBL4038339
CHEMBL4070254,1.0,9.00,CHEMBL4041093,CHEMBL4038339
CHEMBL4104622,1.5,8.82,CHEMBL4041093,CHEMBL4038339
CHEMBL4080399,2.6,8.59,CHEMBL4041093,CHEMBL4038339
CHEMBL4066971,2.5,8.60,CHEMBL4041093,CHEMBL4038339
CHEMBL4088249,10.0,8.00,CHEMBL4041093,CHEMBL4038339
CHEMBL4077937,3.5,8.46,CHEMBL4041093,CHEMBL4038339
CHEMBL4095979,4.4,8.36,CHEMBL4041093,CHEMBL4038339
CHEMBL4085802,11.0,7.96,CHEMBL4041093,CHEMBL4038339
CHEMBL4103725,2.7,8.57,CHEMBL4041093,CHEMBL4038339
CHEMBL4070715,4.5,8.35,CHEMBL4041093,CHEMBL4038339
CHEMBL54,1.4,8.85,CHEMBL4041093,CHEMBL4038339
CHEMBL4086894,240.0,6.62,CHEMBL4044352,CHEMBL4043101
CHEMBL4065455,1500.0,5.82,CHEMBL4044352,CHEMBL4043101
CHEMBL4082245,1000.0,6.00,CHEMBL4044352,CHEMBL4043101
CHEMBL4100263,260.0,6.58,CHEMBL4044352,CHEMBL4043101
CHEMBL4071729,2200.0,5.66,CHEMBL4044352,CHEMBL4043101
CHEMBL54,0.42,9.38,CHEMBL4044352,CHEMBL4043101
CHEMBL4086894,73.0,7.14,CHEMBL4044353,CHEMBL4043101
CHEMBL4065455,1500.0,5.82,CHEMBL4044353,CHEMBL4043101
CHEMBL4082245,940.0,6.03,CHEMBL4044353,CHEMBL4043101
CHEMBL4100263,140.0,6.85,CHEMBL4044353,CHEMBL4043101
CHEMBL4071729,1500.0,5.82,CHEMBL4044353,CHEMBL4043101
CHEMBL54,0.25,9.60,CHEMBL4044353,CHEMBL4043101
CHEMBL4079375,1.1,8.96,CHEMBL4046973,CHEMBL4043213
CHEMBL4103639,1.0,9.00,CHEMBL4046973,CHEMBL4043213
CHEMBL1112,0.52,9.28,CHEMBL4046973,CHEMBL4043213
CHEMBL4095881,5.7,8.24,CHEMBL4046973,CHEMBL4043213
CHEMBL4068561,3.4,8.47,CHEMBL4046973,CHEMBL4043213
CHEMBL4068561,1.6,8.80,CHEMBL4046973,CHEMBL4043213
CHEMBL4063145,0.91,9.04,CHEMBL4046973,CHEMBL4043213
CHEMBL4063145,0.98,9.01,CHEMBL4046973,CHEMBL4043213
CHEMBL4085752,29.0,7.54,CHEMBL4046973,CHEMBL4043213
CHEMBL4085752,1.7,8.77,CHEMBL4046973,CHEMBL4043213
CHEMBL4064191,5300.0,5.28,CHEMBL4046973,CHEMBL4043213
CHEMBL4093493,8300.0,5.08,CHEMBL4046973,CHEMBL4043213
CHEMBL4072785,14000.0,4.85,CHEMBL4046973,CHEMBL4043213
CHEMBL4066916,6900.0,5.16,CHEMBL4046973,CHEMBL4043213
CHEMBL4094407,780.0,6.11,CHEMBL4046973,CHEMBL4043213
CHEMBL4102646,630.0,6.20,CHEMBL4046973,CHEMBL4043213
CHEMBL4084712,6400.0,5.19,CHEMBL4046973,CHEMBL4043213
CHEMBL4064759,3200.0,5.50,CHEMBL4046973,CHEMBL4043213
CHEMBL4092462,1900.0,5.72,CHEMBL4046973,CHEMBL4043213
CHEMBL4087217,120.0,6.92,CHEMBL4046973,CHEMBL4043213
CHEMBL4065797,360.0,6.44,CHEMBL4046973,CHEMBL4043213
CHEMBL4094900,15000.0,,CHEMBL4046973,CHEMBL4043213
CHEMBL1112,0.38,9.42,CHEMBL4046974,CHEMBL4043213
CHEMBL4103639,0.58,9.24,CHEMBL4046974,CHEMBL4043213
CHEMBL4079375,0.73,9.14,CHEMBL4046974,CHEMBL4043213
CHEMBL4095881,2.9,8.54,CHEMBL4046974,CHEMBL4043213
CHEMBL4068561,1.3,8.89,CHEMBL4046974,CHEMBL4043213
CHEMBL4068561,0.54,9.27,CHEMBL4046974,CHEMBL4043213
CHEMBL4063145,0.67,9.17,CHEMBL4046974,CHEMBL4043213
CHEMBL4063145,0.95,9.02,CHEMBL4046974,CHEMBL4043213
CHEMBL4085752,16.0,7.80,CHEMBL4046974,CHEMBL4043213
CHEMBL4085752,1.1,8.96,CHEMBL4046974,CHEMBL4043213
CHEMBL4064191,1200.0,5.92,CHEMBL4046974,CHEMBL4043213
CHEMBL4093493,1800.0,5.75,CHEMBL4046974,CHEMBL4043213
CHEMBL4072785,8900.0,5.05,CHEMBL4046974,CHEMBL4043213
CHEMBL4066916,6000.0,5.22,CHEMBL4046974,CHEMBL4043213
CHEMBL4094407,250.0,6.60,CHEMBL4046974,CHEMBL4043213
CHEMBL4102646,200.0,6.70,CHEMBL4046974,CHEMBL4043213
CHEMBL4084712,3400.0,5.47,CHEMBL4046974,CHEMBL4043213
CHEMBL4064759,1500.0,5.82,CHEMBL4046974,CHEMBL4043213
CHEMBL4092462,480.0,6.32,CHEMBL4046974,CHEMBL4043213
CHEMBL4087217,35.0,7.46,CHEMBL4046974,CHEMBL4043213
CHEMBL4065797,56.0,7.25,CHEMBL4046974,CHEMBL4043213
CHEMBL4094900,5700.0,5.24,CHEMBL4046974,CHEMBL4043213
CHEMBL4093656,10.0,8.00,CHEMBL4052936,CHEMBL4052584
CHEMBL3589651,268.0,6.57,CHEMBL4052936,CHEMBL4052584
CHEMBL4081424,202.0,6.70,CHEMBL4052936,CHEMBL4052584
CHEMBL4105681,316.0,6.50,CHEMBL4052936,CHEMBL4052584
CHEMBL4072171,588.0,6.23,CHEMBL4052936,CHEMBL4052584
CHEMBL4092928,93.1,7.03,CHEMBL4052936,CHEMBL4052584
CHEMBL4063564,1400.0,5.85,CHEMBL4052936,CHEMBL4052584
CHEMBL4085184,317.0,6.50,CHEMBL4052936,CHEMBL4052584
CHEMBL1627306,433.0,6.36,CHEMBL4052936,CHEMBL4052584
CHEMBL1627307,715.0,6.15,CHEMBL4052936,CHEMBL4052584
CHEMBL346692,103.0,6.99,CHEMBL4052936,CHEMBL4052584
CHEMBL2165677,3.4,8.47,CHEMBL4052936,CHEMBL4052584
CHEMBL4099491,4890.0,5.31,CHEMBL4053560,CHEMBL4052607
CHEMBL4076796,53800.0,4.27,CHEMBL4053560,CHEMBL4052607
CHEMBL27162,11400.0,4.94,CHEMBL4053560,CHEMBL4052607
CHEMBL4086613,493.0,6.31,CHEMBL4053560,CHEMBL4052607
CHEMBL4062165,8300.0,5.08,CHEMBL4053560,CHEMBL4052607
CHEMBL4083890,832.0,6.08,CHEMBL4053560,CHEMBL4052607
CHEMBL4100358,30000.0,,CHEMBL4053560,CHEMBL4052607
CHEMBL4073520,100000.0,,CHEMBL4053560,CHEMBL4052607
CHEMBL4092619,100000.0,,CHEMBL4053560,CHEMBL4052607
CHEMBL4064919,13400.0,4.87,CHEMBL4053560,CHEMBL4052607
CHEMBL2219578,485.0,6.31,CHEMBL4053560,CHEMBL4052607
CHEMBL85606,5160.0,5.29,CHEMBL4053560,CHEMBL4052607
CHEMBL4077536,8.41,8.07,CHEMBL4053560,CHEMBL4052607
CHEMBL4083903,19.9,7.70,CHEMBL4053560,CHEMBL4052607
CHEMBL4105375,2290.0,5.64,CHEMBL4053560,CHEMBL4052607
CHEMBL4087513,9500.0,5.02,CHEMBL4053560,CHEMBL4052607
CHEMBL4067792,1440.0,5.84,CHEMBL4053560,CHEMBL4052607
CHEMBL4095216,695.0,6.16,CHEMBL4053560,CHEMBL4052607
CHEMBL4089939,182.0,6.74,CHEMBL4053560,CHEMBL4052607
CHEMBL4068843,14.4,7.84,CHEMBL4053560,CHEMBL4052607
CHEMBL4097669,476.0,6.32,CHEMBL4053560,CHEMBL4052607
CHEMBL4079637,190.0,6.72,CHEMBL4053560,CHEMBL4052607
CHEMBL2028019,0.47,9.33,CHEMBL4054777,CHEMBL4052643
CHEMBL142020,270.0,6.57,CHEMBL4054777,CHEMBL4052643
CHEMBL4064974,39.0,7.41,CHEMBL4054777,CHEMBL4052643
CHEMBL4085920,430.0,6.37,CHEMBL4054777,CHEMBL4052643
CHEMBL4060837,6300.0,5.20,CHEMBL4054777,CHEMBL4052643
CHEMBL4096858,4000.0,5.40,CHEMBL4054777,CHEMBL4052643
CHEMBL2028019,0.41,9.39,CHEMBL4054778,CHEMBL4052643
CHEMBL142020,200.0,6.70,CHEMBL4054778,CHEMBL4052643
CHEMBL4064974,21.0,7.68,CHEMBL4054778,CHEMBL4052643
CHEMBL4085920,200.0,6.70,CHEMBL4054778,CHEMBL4052643
CHEMBL4060837,4500.0,5.35,CHEMBL4054778,CHEMBL4052643
CHEMBL4096858,2700.0,5.57,CHEMBL4054778,CHEMBL4052643
CHEMBL1625084,10000.0,,CHEMBL4137914,CHEMBL4130639
CHEMBL4166021,10000.0,,CHEMBL4137914,CHEMBL4130639
CHEMBL4173260,10000.0,,CHEMBL4137914,CHEMBL4130639
CHEMBL4162575,10000.0,,CHEMBL4137914,CHEMBL4130639
CHEMBL4169834,10000.0,,CHEMBL4137914,CHEMBL4130639
CHEMBL4159188,10000.0,,CHEMBL4137914,CHEMBL4130639
CHEMBL4166411,3683.0,5.43,CHEMBL4137914,CHEMBL4130639
CHEMBL4174330,3420.0,5.47,CHEMBL4137914,CHEMBL4130639
CHEMBL4165881,10000.0,,CHEMBL4137914,CHEMBL4130639
CHEMBL4176490,2187.0,5.66,CHEMBL4137914,CHEMBL4130639
CHEMBL4171171,53.0,7.28,CHEMBL4137914,CHEMBL4130639
CHEMBL4164849,5698.0,5.24,CHEMBL4137914,CHEMBL4130639
CHEMBL1712377,10000.0,,CHEMBL4137914,CHEMBL4130639
CHEMBL4161436,3231.0,5.49,CHEMBL4137914,CHEMBL4130639
CHEMBL4168691,1821.0,5.74,CHEMBL4137914,CHEMBL4130639
CHEMBL4176546,7881.0,5.10,CHEMBL4137914,CHEMBL4130639
CHEMBL4165273,5947.0,5.23,CHEMBL4137914,CHEMBL4130639
CHEMBL4173176,334.0,6.48,CHEMBL4137914,CHEMBL4130639
CHEMBL4161837,2233.0,5.65,CHEMBL4137914,CHEMBL4130639
CHEMBL4169755,3195.0,5.50,CHEMBL4137914,CHEMBL4130639
CHEMBL4169603,5596.0,5.25,CHEMBL4137914,CHEMBL4130639
CHEMBL4161676,1996.0,5.70,CHEMBL4137914,CHEMBL4130639
CHEMBL4166178,4918.0,5.31,CHEMBL4137914,CHEMBL4130639
CHEMBL4176800,7745.0,5.11,CHEMBL4137914,CHEMBL4130639
CHEMBL3461530,1606.0,5.79,CHEMBL4137914,CHEMBL4130639
CHEMBL4173442,6912.0,5.16,CHEMBL4137914,CHEMBL4130639
CHEMBL4159365,10000.0,,CHEMBL4137914,CHEMBL4130639
CHEMBL4170001,10000.0,,CHEMBL4137914,CHEMBL4130639
CHEMBL4164695,6787.0,5.17,CHEMBL4137914,CHEMBL4130639
CHEMBL4175327,10000.0,,CHEMBL4137914,CHEMBL4130639
CHEMBL4171581,10000.0,,CHEMBL4137914,CHEMBL4130639
CHEMBL4160967,1522.0,5.82,CHEMBL4137914,CHEMBL4130639
CHEMBL4175018,1245.0,5.91,CHEMBL4137914,CHEMBL4130639
CHEMBL4164366,10000.0,,CHEMBL4137914,CHEMBL4130639
CHEMBL4159893,3129.0,5.50,CHEMBL4137914,CHEMBL4130639
CHEMBL4167807,5044.0,5.30,CHEMBL4137914,CHEMBL4130639
CHEMBL4163265,37.0,7.43,CHEMBL4137914,CHEMBL4130639
CHEMBL4175829,3482.0,5.46,CHEMBL4146376,CHEMBL4145461
CHEMBL4164541,6100.0,5.21,CHEMBL4146376,CHEMBL4145461
CHEMBL4169236,3436.0,5.46,CHEMBL4146376,CHEMBL4145461
CHEMBL4161308,2941.0,5.53,CHEMBL4146376,CHEMBL4145461
CHEMBL1083390,997.0,6.00,CHEMBL4146376,CHEMBL4145461
CHEMBL4163778,1165.0,5.93,CHEMBL4148417,CHEMBL4145534
CHEMBL4171652,782.0,6.11,CHEMBL4148417,CHEMBL4145534
CHEMBL4163626,931.0,6.03,CHEMBL4148417,CHEMBL4145534
CHEMBL4176588,876.0,6.06,CHEMBL4148417,CHEMBL4145534
CHEMBL4160262,301.0,6.52,CHEMBL4148417,CHEMBL4145534
CHEMBL4174681,269.0,6.57,CHEMBL4148417,CHEMBL4145534
CHEMBL4170484,497.0,6.30,CHEMBL4148417,CHEMBL4145534
CHEMBL4162548,534.0,6.27,CHEMBL4148417,CHEMBL4145534
CHEMBL4170657,267.0,6.57,CHEMBL4148417,CHEMBL4145534
CHEMBL4162279,1690.0,5.77,CHEMBL4148417,CHEMBL4145534
CHEMBL4168743,1033.0,5.99,CHEMBL4148417,CHEMBL4145534
CHEMBL4176950,303.0,6.52,CHEMBL4148417,CHEMBL4145534
CHEMBL4166804,601.0,6.22,CHEMBL4148417,CHEMBL4145534
CHEMBL4174055,1285.0,5.89,CHEMBL4148417,CHEMBL4145534
CHEMBL4159967,366.0,6.44,CHEMBL4148417,CHEMBL4145534
CHEMBL4170613,506.0,6.30,CHEMBL4148417,CHEMBL4145534
CHEMBL715,9.0,8.05,CHEMBL4148417,CHEMBL4145534
CHEMBL4216126,328.0,6.48,CHEMBL4178665,CHEMBL4177556
CHEMBL4212199,343.0,6.46,CHEMBL4178665,CHEMBL4177556
CHEMBL3763633,2300.0,5.64,CHEMBL4179172,CHEMBL4177580
CHEMBL4208744,250.0,6.60,CHEMBL4179172,CHEMBL4177580
CHEMBL4216870,8210.0,5.09,CHEMBL4189962,CHEMBL4184336
CHEMBL54,5.9,8.23,CHEMBL4195136,CHEMBL4190389
CHEMBL4207653,189.0,6.72,CHEMBL4195136,CHEMBL4190389
CHEMBL4213352,162.0,6.79,CHEMBL4195136,CHEMBL4190389
CHEMBL4217761,1206.0,5.92,CHEMBL4195136,CHEMBL4190389
CHEMBL4212812,299.0,6.52,CHEMBL4195136,CHEMBL4190389
CHEMBL4205526,4963.0,5.30,CHEMBL4195136,CHEMBL4190389
CHEMBL4209888,97.0,7.01,CHEMBL4195136,CHEMBL4190389
CHEMBL4213647,219.0,6.66,CHEMBL4195129,CHEMBL4190389
CHEMBL896,378.0,6.42,CHEMBL4195122,CHEMBL4190389
CHEMBL4204059,37.0,7.43,CHEMBL4199279,CHEMBL4196098
CHEMBL4208934,466.0,6.33,CHEMBL4199279,CHEMBL4196098
CHEMBL1201343,3.9,8.41,CHEMBL4223409,CHEMBL4219212
CHEMBL7549,137.0,6.86,CHEMBL4223409,CHEMBL4219212
CHEMBL81675,68.0,7.17,CHEMBL4223409,CHEMBL4219212
CHEMBL4225830,2877.0,5.54,CHEMBL4223412,CHEMBL4219212
CHEMBL4228054,10000.0,,CHEMBL4223412,CHEMBL4219212
CHEMBL4227192,3555.0,5.45,CHEMBL4223412,CHEMBL4219212
CHEMBL4226336,369.0,6.43,CHEMBL4223412,CHEMBL4219212
CHEMBL4224763,368.0,6.43,CHEMBL4223412,CHEMBL4219212
CHEMBL4225278,98.0,7.01,CHEMBL4223412,CHEMBL4219212
CHEMBL4229178,464.0,6.33,CHEMBL4223412,CHEMBL4219212
CHEMBL4225278,42.0,7.38,CHEMBL4223412,CHEMBL4219212
CHEMBL4225278,62.0,7.21,CHEMBL4223412,CHEMBL4219212
CHEMBL4226226,343.0,6.46,CHEMBL4223412,CHEMBL4219212
CHEMBL4226226,360.0,6.44,CHEMBL4223412,CHEMBL4219212
CHEMBL4226226,345.0,6.46,CHEMBL4223412,CHEMBL4219212
CHEMBL4239823,11.0,7.96,CHEMBL4229953,CHEMBL4229332
CHEMBL708,0.8,9.10,CHEMBL4229838,CHEMBL4229332
CHEMBL85,0.6,9.22,CHEMBL4229838,CHEMBL4229332
CHEMBL715,4.0,8.40,CHEMBL4229838,CHEMBL4229332
CHEMBL54,2.0,8.70,CHEMBL4229838,CHEMBL4229332
CHEMBL42,71.0,7.15,CHEMBL4229838,CHEMBL4229332
CHEMBL1112,0.8,9.10,CHEMBL4229838,CHEMBL4229332
CHEMBL4245607,6.0,8.22,CHEMBL4229838,CHEMBL4229332
CHEMBL4241497,10.0,8.00,CHEMBL4229838,CHEMBL4229332
CHEMBL4244280,23.0,7.64,CHEMBL4229838,CHEMBL4229332
CHEMBL4248544,21.0,7.68,CHEMBL4229838,CHEMBL4229332
CHEMBL4239705,29.0,7.54,CHEMBL4229838,CHEMBL4229332
CHEMBL4243932,24.0,7.62,CHEMBL4229838,CHEMBL4229332
CHEMBL4250274,3.0,8.52,CHEMBL4229838,CHEMBL4229332
CHEMBL4240162,4.0,8.40,CHEMBL4229838,CHEMBL4229332
CHEMBL4240642,5.0,8.30,CHEMBL4229838,CHEMBL4229332
CHEMBL4241081,7.0,8.15,CHEMBL4229838,CHEMBL4229332
CHEMBL4243497,10.0,8.00,CHEMBL4229838,CHEMBL4229332
CHEMBL4238897,11.0,7.96,CHEMBL4229838,CHEMBL4229332
CHEMBL4245997,3.0,8.52,CHEMBL4229838,CHEMBL4229332
CHEMBL4248597,8.0,8.10,CHEMBL4229838,CHEMBL4229332
CHEMBL4242170,37.0,7.43,CHEMBL4229838,CHEMBL4229332
CHEMBL4238029,42.0,7.38,CHEMBL4229838,CHEMBL4229332
CHEMBL4238479,5.0,8.30,CHEMBL4229838,CHEMBL4229332
CHEMBL4248491,6.0,8.22,CHEMBL4229838,CHEMBL4229332
CHEMBL4243848,4.0,8.40,CHEMBL4229838,CHEMBL4229332
CHEMBL4244691,5.0,8.30,CHEMBL4229838,CHEMBL4229332
CHEMBL4239823,11.0,7.96,CHEMBL4229838,CHEMBL4229332
CHEMBL4240954,16.0,7.80,CHEMBL4229838,CHEMBL4229332
CHEMBL4243579,3.0,8.52,CHEMBL4229838,CHEMBL4229332
CHEMBL4249640,3.0,8.52,CHEMBL4229838,CHEMBL4229332
CHEMBL4249179,4.0,8.40,CHEMBL4229838,CHEMBL4229332
CHEMBL4239091,0.3,9.52,CHEMBL4229838,CHEMBL4229332
CHEMBL4238679,0.9,9.05,CHEMBL4229838,CHEMBL4229332
CHEMBL4242858,0.7,9.15,CHEMBL4229838,CHEMBL4229332
CHEMBL4242392,0.5,9.30,CHEMBL4229838,CHEMBL4229332
CHEMBL4246655,0.14,9.85,CHEMBL4229838,CHEMBL4229332
CHEMBL4246202,1.0,9.00,CHEMBL4229838,CHEMBL4229332
CHEMBL4250475,2.0,8.70,CHEMBL4229838,CHEMBL4229332
CHEMBL4245263,0.1,10.00,CHEMBL4229838,CHEMBL4229332
CHEMBL4241050,1.7,8.77,CHEMBL4229838,CHEMBL4229332
CHEMBL4246630,12.0,7.92,CHEMBL4229838,CHEMBL4229332
CHEMBL4245622,15.0,7.82,CHEMBL4229838,CHEMBL4229332
CHEMBL4250244,13.0,7.89,CHEMBL4229838,CHEMBL4229332
CHEMBL4249426,11.0,7.96,CHEMBL4229838,CHEMBL4229332
CHEMBL4242268,22.0,7.66,CHEMBL4229838,CHEMBL4229332
CHEMBL4238124,12.0,7.92,CHEMBL4229838,CHEMBL4229332
CHEMBL4247770,19.0,7.72,CHEMBL4229838,CHEMBL4229332
CHEMBL4241830,13.0,7.89,CHEMBL4229838,CHEMBL4229332
CHEMBL4243036,12.0,7.92,CHEMBL4229838,CHEMBL4229332
CHEMBL4247275,5.0,8.30,CHEMBL4229838,CHEMBL4229332
CHEMBL4240910,9.0,8.05,CHEMBL4229838,CHEMBL4229332
CHEMBL4241776,252.0,6.60,CHEMBL4236718,CHEMBL4229559
CHEMBL4241180,94.0,7.03,CHEMBL4236718,CHEMBL4229559
CHEMBL4242453,115.0,6.94,CHEMBL4236718,CHEMBL4229559
CHEMBL4246881,45.0,7.35,CHEMBL4236718,CHEMBL4229559
CHEMBL4246185,171.0,6.77,CHEMBL4236718,CHEMBL4229559
CHEMBL4241844,13.0,7.89,CHEMBL4236718,CHEMBL4229559
CHEMBL4239987,142.0,6.85,CHEMBL4236718,CHEMBL4229559
CHEMBL4250062,69.0,7.16,CHEMBL4236718,CHEMBL4229559
CHEMBL4242192,19.0,7.72,CHEMBL4236718,CHEMBL4229559
CHEMBL4239573,352.0,6.45,CHEMBL4236717,CHEMBL4229559
CHEMBL4249547,438.0,6.36,CHEMBL4236717,CHEMBL4229559
CHEMBL4241776,398.0,6.40,CHEMBL4236717,CHEMBL4229559
CHEMBL4241180,147.0,6.83,CHEMBL4236717,CHEMBL4229559
CHEMBL4242453,303.0,6.52,CHEMBL4236717,CHEMBL4229559
CHEMBL4246881,132.0,6.88,CHEMBL4236717,CHEMBL4229559
CHEMBL4246185,79.0,7.10,CHEMBL4236717,CHEMBL4229559
CHEMBL4241844,50.0,7.30,CHEMBL4236717,CHEMBL4229559
CHEMBL4239987,295.0,6.53,CHEMBL4236717,CHEMBL4229559
CHEMBL4250062,77.0,7.11,CHEMBL4236717,CHEMBL4229559
CHEMBL4242192,17.0,7.77,CHEMBL4236717,CHEMBL4229559
CHEMBL4249547,251.0,6.60,CHEMBL4236718,CHEMBL4229559
CHEMBL4239573,186.0,6.73,CHEMBL4236718,CHEMBL4229559
CHEMBL3771222,261.0,6.58,CHEMBL4259654,CHEMBL4257531
CHEMBL4287055,23889.0,,CHEMBL4259825,CHEMBL4257542
CHEMBL4285942,202.3,6.69,CHEMBL4259825,CHEMBL4257542
CHEMBL3605327,5586.0,5.25,CHEMBL4259825,CHEMBL4257542
CHEMBL3605331,175.0,6.76,CHEMBL4259825,CHEMBL4257542
CHEMBL4294744,2163.1,5.67,CHEMBL4259825,CHEMBL4257542
CHEMBL4287623,317.0,6.50,CHEMBL4260833,CHEMBL4257579
CHEMBL4282702,460.0,6.34,CHEMBL4260833,CHEMBL4257579
CHEMBL4291048,148.0,6.83,CHEMBL4260833,CHEMBL4257579
CHEMBL4278465,550.0,6.26,CHEMBL4260833,CHEMBL4257579
CHEMBL1644978,194.0,6.71,CHEMBL4260833,CHEMBL4257579
CHEMBL1644980,38.0,7.42,CHEMBL4260833,CHEMBL4257579
CHEMBL4293307,417.0,6.38,CHEMBL4260833,CHEMBL4257579
CHEMBL47050,159.0,6.80,CHEMBL4260833,CHEMBL4257579
CHEMBL4282887,860.0,6.07,CHEMBL4269466,CHEMBL4266003
CHEMBL4291172,10000.0,,CHEMBL4269466,CHEMBL4266003
CHEMBL4283982,1100.0,5.96,CHEMBL4269466,CHEMBL4266003
CHEMBL4287062,700.0,6.16,CHEMBL4269466,CHEMBL4266003
CHEMBL4287471,800.0,6.10,CHEMBL4269466,CHEMBL4266003
CHEMBL4440695,9.0,8.05,CHEMBL4308346,CHEMBL4304820
CHEMBL4470487,51.0,7.29,CHEMBL4308346,CHEMBL4304820
CHEMBL4592941,239.0,6.62,CHEMBL4308346,CHEMBL4304820
CHEMBL4434735,15.0,7.82,CHEMBL4308346,CHEMBL4304820
CHEMBL4454105,8.0,8.10,CHEMBL4308346,CHEMBL4304820
CHEMBL4540404,48.0,7.32,CHEMBL4308346,CHEMBL4304820
CHEMBL4463030,7.0,8.15,CHEMBL4308346,CHEMBL4304820
CHEMBL4462839,27.0,7.57,CHEMBL4308346,CHEMBL4304820
CHEMBL4439144,950.0,6.02,CHEMBL4308346,CHEMBL4304820
CHEMBL4456046,113.0,6.95,CHEMBL4308346,CHEMBL4304820
CHEMBL4565558,61.0,7.21,CHEMBL4308346,CHEMBL4304820
CHEMBL4465181,105.0,6.98,CHEMBL4308346,CHEMBL4304820
CHEMBL4569757,132.0,6.88,CHEMBL4308346,CHEMBL4304820
CHEMBL4439795,28.0,7.55,CHEMBL4308346,CHEMBL4304820
CHEMBL4464512,39.0,7.41,CHEMBL4308346,CHEMBL4304820
CHEMBL4473026,24.0,7.62,CHEMBL4308346,CHEMBL4304820
CHEMBL4457109,45.0,7.35,CHEMBL4308346,CHEMBL4304820
CHEMBL1112,3.3,8.48,CHEMBL4308344,CHEMBL4304820
CHEMBL49,484.0,6.32,CHEMBL4308339,CHEMBL4304820
CHEMBL8412,1224.0,5.91,CHEMBL4308338,CHEMBL4304820
CHEMBL4457754,10000.0,,CHEMBL4308626,CHEMBL4304834
CHEMBL4472703,10000.0,,CHEMBL4308626,CHEMBL4304834
CHEMBL4528651,10000.0,,CHEMBL4308626,CHEMBL4304834
CHEMBL4572167,10000.0,,CHEMBL4308626,CHEMBL4304834
CHEMBL4447975,10000.0,,CHEMBL4308626,CHEMBL4304834
CHEMBL2105760,0.3,9.52,CHEMBL4314365,CHEMBL4311986
CHEMBL1112,0.34,9.47,CHEMBL4314365,CHEMBL4311986
CHEMBL2377591,161.0,6.79,CHEMBL4314365,CHEMBL4311986
CHEMBL2377590,14.0,7.85,CHEMBL4314365,CHEMBL4311986
CHEMBL1237021,1.7,8.77,CHEMBL4314365,CHEMBL4311986
CHEMBL2028019,0.49,9.31,CHEMBL4314365,CHEMBL4311986
CHEMBL4454176,20.0,7.70,CHEMBL4314365,CHEMBL4311986
CHEMBL4515160,19.0,7.72,CHEMBL4314365,CHEMBL4311986
CHEMBL4571862,190.0,6.72,CHEMBL4314365,CHEMBL4311986
CHEMBL4591440,217.0,6.66,CHEMBL4314365,CHEMBL4311986
CHEMBL4571321,62.0,7.21,CHEMBL4314365,CHEMBL4311986
CHEMBL4483554,16.0,7.80,CHEMBL4314365,CHEMBL4311986
CHEMBL4462814,676.0,6.17,CHEMBL4316415,CHEMBL4312034
CHEMBL4435528,391.0,6.41,CHEMBL4316415,CHEMBL4312034
CHEMBL4591410,1730.0,5.76,CHEMBL4316415,CHEMBL4312034
CHEMBL4448285,1025.0,5.99,CHEMBL4316415,CHEMBL4312034
CHEMBL4593671,571.0,6.24,CHEMBL4316415,CHEMBL4312034
CHEMBL4519266,1365.0,5.87,CHEMBL4316415,CHEMBL4312034
CHEMBL4465414,757.0,6.12,CHEMBL4316415,CHEMBL4312034
CHEMBL4474618,178.0,6.75,CHEMBL4316415,CHEMBL4312034
CHEMBL4583082,220.0,6.66,CHEMBL4316415,CHEMBL4312034
CHEMBL4552041,368.0,6.43,CHEMBL4316415,CHEMBL4312034
CHEMBL4437523,376.0,6.42,CHEMBL4316415,CHEMBL4312034
CHEMBL4584504,446.0,6.35,CHEMBL4316415,CHEMBL4312034
CHEMBL4536315,167.0,6.78,CHEMBL4316415,CHEMBL4312034
CHEMBL4442855,505.0,6.30,CHEMBL4316415,CHEMBL4312034
CHEMBL3286580,1215.0,5.92,CHEMBL4316415,CHEMBL4312034
CHEMBL708,2.1,8.68,CHEMBL4316415,CHEMBL4312034
CHEMBL267014,47000.0,4.33,CHEMBL4323478,CHEMBL4321823
CHEMBL45244,2300.0,5.64,CHEMBL4323478,CHEMBL4321823
CHEMBL4463276,270.0,6.57,CHEMBL4323478,CHEMBL4321823
CHEMBL4534703,110.0,6.96,CHEMBL4323478,CHEMBL4321823
CHEMBL3590077,38.0,7.42,CHEMBL4323478,CHEMBL4321823
CHEMBL4465002,100.0,7.00,CHEMBL4323478,CHEMBL4321823
CHEMBL4563944,6.6,8.18,CHEMBL4323478,CHEMBL4321823
CHEMBL4448166,160.0,6.80,CHEMBL4323478,CHEMBL4321823
CHEMBL4442460,77.0,7.11,CHEMBL4323478,CHEMBL4321823
CHEMBL4544086,140.0,6.85,CHEMBL4323478,CHEMBL4321823
CHEMBL4442470,92.0,7.04,CHEMBL4323478,CHEMBL4321823
CHEMBL4437233,73.0,7.14,CHEMBL4323478,CHEMBL4321823
CHEMBL4463200,77.0,7.11,CHEMBL4323478,CHEMBL4321823
CHEMBL4550633,110.0,6.96,CHEMBL4323478,CHEMBL4321823
CHEMBL4520460,210.0,6.68,CHEMBL4323478,CHEMBL4321823
CHEMBL4454096,140.0,6.85,CHEMBL4323478,CHEMBL4321823
CHEMBL4470231,32.0,7.50,CHEMBL4323478,CHEMBL4321823
CHEMBL4570073,41.0,7.39,CHEMBL4323478,CHEMBL4321823
CHEMBL4475042,35.0,7.46,CHEMBL4323478,CHEMBL4321823
CHEMBL4583596,150.0,6.82,CHEMBL4323478,CHEMBL4321823
CHEMBL4439644,55.0,7.26,CHEMBL4323478,CHEMBL4321823
CHEMBL4467437,45.0,7.35,CHEMBL4323478,CHEMBL4321823
CHEMBL4460743,45.0,7.35,CHEMBL4323478,CHEMBL4321823
CHEMBL4434714,42.0,7.38,CHEMBL4323478,CHEMBL4321823
CHEMBL4585384,59.0,7.23,CHEMBL4323478,CHEMBL4321823
CHEMBL4582096,160.0,6.80,CHEMBL4323478,CHEMBL4321823
CHEMBL4442419,150.0,6.82,CHEMBL4323478,CHEMBL4321823
CHEMBL4445706,250.0,6.60,CHEMBL4323478,CHEMBL4321823
CHEMBL4475978,180.0,6.75,CHEMBL4323478,CHEMBL4321823
CHEMBL4472580,210.0,6.68,CHEMBL4323478,CHEMBL4321823
CHEMBL4587645,640.0,6.19,CHEMBL4323478,CHEMBL4321823
CHEMBL4476278,730.0,6.14,CHEMBL4323478,CHEMBL4321823
CHEMBL4443944,580.0,6.24,CHEMBL4323478,CHEMBL4321823
CHEMBL4589982,500.0,6.30,CHEMBL4323478,CHEMBL4321823
CHEMBL4439728,790.0,6.10,CHEMBL4323478,CHEMBL4321823
CHEMBL4567758,430.0,6.37,CHEMBL4323478,CHEMBL4321823
CHEMBL4536530,390.0,6.41,CHEMBL4323478,CHEMBL4321823
CHEMBL4572646,690.0,6.16,CHEMBL4323478,CHEMBL4321823
CHEMBL4466114,490.0,6.31,CHEMBL4323478,CHEMBL4321823
CHEMBL267014,33000.0,4.48,CHEMBL4323479,CHEMBL4321823
CHEMBL45244,1100.0,5.96,CHEMBL4323479,CHEMBL4321823
CHEMBL4463276,140.0,6.85,CHEMBL4323479,CHEMBL4321823
CHEMBL4534703,51.0,7.29,CHEMBL4323479,CHEMBL4321823
CHEMBL3590077,34.0,7.47,CHEMBL4323479,CHEMBL4321823
CHEMBL4465002,71.0,7.15,CHEMBL4323479,CHEMBL4321823
CHEMBL4563944,4.3,8.37,CHEMBL4323479,CHEMBL4321823
CHEMBL4448166,94.0,7.03,CHEMBL4323479,CHEMBL4321823
CHEMBL4442460,73.0,7.14,CHEMBL4323479,CHEMBL4321823
CHEMBL4544086,110.0,6.96,CHEMBL4323479,CHEMBL4321823
CHEMBL4442470,47.0,7.33,CHEMBL4323479,CHEMBL4321823
CHEMBL4437233,46.0,7.34,CHEMBL4323479,CHEMBL4321823
CHEMBL4463200,30.0,7.52,CHEMBL4323479,CHEMBL4321823
CHEMBL4550633,62.0,7.21,CHEMBL4323479,CHEMBL4321823
CHEMBL4520460,120.0,6.92,CHEMBL4323479,CHEMBL4321823
CHEMBL4454096,42.0,7.38,CHEMBL4323479,CHEMBL4321823
CHEMBL4470231,23.0,7.64,CHEMBL4323479,CHEMBL4321823
CHEMBL4570073,26.0,7.58,CHEMBL4323479,CHEMBL4321823
CHEMBL4475042,24.0,7.62,CHEMBL4323479,CHEMBL4321823
CHEMBL4583596,94.0,7.03,CHEMBL4323479,CHEMBL4321823
CHEMBL4439644,34.0,7.47,CHEMBL4323479,CHEMBL4321823
CHEMBL4467437,22.0,7.66,CHEMBL4323479,CHEMBL4321823
CHEMBL4460743,19.0,7.72,CHEMBL4323479,CHEMBL4321823
CHEMBL4434714,19.0,7.72,CHEMBL4323479,CHEMBL4321823
CHEMBL4585384,35.0,7.46,CHEMBL4323479,CHEMBL4321823
CHEMBL4582096,110.0,6.96,CHEMBL4323479,CHEMBL4321823
CHEMBL4442419,110.0,6.96,CHEMBL4323479,CHEMBL4321823
CHEMBL4445706,110.0,6.96,CHEMBL4323479,CHEMBL4321823
CHEMBL4475978,340.0,6.47,CHEMBL4323479,CHEMBL4321823
CHEMBL4472580,300.0,6.52,CHEMBL4323479,CHEMBL4321823
CHEMBL4587645,410.0,6.39,CHEMBL4323479,CHEMBL4321823
CHEMBL4476278,520.0,6.28,CHEMBL4323479,CHEMBL4321823
CHEMBL4443944,440.0,6.36,CHEMBL4323479,CHEMBL4321823
CHEMBL4589982,380.0,6.42,CHEMBL4323479,CHEMBL4321823
CHEMBL4439728,620.0,6.21,CHEMBL4323479,CHEMBL4321823
CHEMBL4567758,310.0,6.51,CHEMBL4323479,CHEMBL4321823
CHEMBL4536530,430.0,6.37,CHEMBL4323479,CHEMBL4321823
CHEMBL4572646,670.0,6.17,CHEMBL4323479,CHEMBL4321823
CHEMBL4466114,510.0,6.29,CHEMBL4323479,CHEMBL4321823
CHEMBL279085,616.6,6.21,CHEMBL4334861,CHEMBL4334436
CHEMBL4448120,3.236,8.49,CHEMBL4334858,CHEMBL4334436
CHEMBL4462915,2.818,8.55,CHEMBL4334858,CHEMBL4334436
CHEMBL4572887,22.39,7.65,CHEMBL4334858,CHEMBL4334436
CHEMBL4435367,2754.23,5.56,CHEMBL4334858,CHEMBL4334436
CHEMBL4439577,18.2,7.74,CHEMBL4334858,CHEMBL4334436
CHEMBL4438968,2511.89,5.60,CHEMBL4334858,CHEMBL4334436
CHEMBL4437202,41686.94,4.38,CHEMBL4334858,CHEMBL4334436
CHEMBL4451351,151.36,6.82,CHEMBL4334858,CHEMBL4334436
CHEMBL4570930,64.57,7.19,CHEMBL4334858,CHEMBL4334436
CHEMBL4582714,85.11,7.07,CHEMBL4334858,CHEMBL4334436
CHEMBL4472043,6309.57,5.20,CHEMBL4334858,CHEMBL4334436
CHEMBL4460592,5495.41,5.26,CHEMBL4334858,CHEMBL4334436
CHEMBL4475262,177.83,6.75,CHEMBL4334858,CHEMBL4334436
CHEMBL54,6.22,8.21,CHEMBL4344297,CHEMBL4342460
CHEMBL2414991,340.0,6.47,CHEMBL4344297,CHEMBL4342460
CHEMBL4591554,286.0,6.54,CHEMBL4344297,CHEMBL4342460
CHEMBL54,6.166,8.21,CHEMBL4344297,CHEMBL4342460
CHEMBL2414991,338.84,6.47,CHEMBL4344297,CHEMBL4342460
CHEMBL4591554,288.4,6.54,CHEMBL4344297,CHEMBL4342460
CHEMBL4577206,17000.0,,CHEMBL4350893,CHEMBL4346764
CHEMBL1739963,0.17,9.77,CHEMBL4350893,CHEMBL4346764
CHEMBL4438361,14.7,7.83,CHEMBL4350893,CHEMBL4346764
CHEMBL4462851,5000.0,,CHEMBL4350893,CHEMBL4346764
CHEMBL4586531,8434.0,5.07,CHEMBL4350893,CHEMBL4346764
CHEMBL4450777,169.0,6.77,CHEMBL4350893,CHEMBL4346764
CHEMBL4446350,12046.0,4.92,CHEMBL4350893,CHEMBL4346764
CHEMBL4442321,27359.0,4.56,CHEMBL4350893,CHEMBL4346764
CHEMBL4535174,63.1,7.20,CHEMBL4350893,CHEMBL4346764
CHEMBL4438037,757.0,6.12,CHEMBL4350893,CHEMBL4346764
CHEMBL4583609,2049.0,5.69,CHEMBL4350893,CHEMBL4346764
CHEMBL4567895,38.6,7.41,CHEMBL4350893,CHEMBL4346764
CHEMBL4570430,1832.0,5.74,CHEMBL4350893,CHEMBL4346764
CHEMBL4459381,3449.0,5.46,CHEMBL4350893,CHEMBL4346764
CHEMBL4579251,140.0,6.85,CHEMBL4350893,CHEMBL4346764
CHEMBL4565997,4753.0,5.32,CHEMBL4350893,CHEMBL4346764
CHEMBL4587635,190.0,6.72,CHEMBL4350893,CHEMBL4346764
CHEMBL4438630,16318.0,4.79,CHEMBL4350893,CHEMBL4346764
CHEMBL4545775,24994.0,4.60,CHEMBL4350893,CHEMBL4346764
CHEMBL4571568,92.9,7.03,CHEMBL4350893,CHEMBL4346764
CHEMBL4437341,743.0,6.13,CHEMBL4350893,CHEMBL4346764
CHEMBL4438602,20000.0,,CHEMBL4350893,CHEMBL4346764
CHEMBL4476605,261.0,6.58,CHEMBL4350893,CHEMBL4346764
CHEMBL4590192,99.7,7.00,CHEMBL4350893,CHEMBL4346764
CHEMBL4521525,30000.0,,CHEMBL4350893,CHEMBL4346764
CHEMBL4441060,87.0,7.06,CHEMBL4354013,CHEMBL4351001
CHEMBL4586353,794.0,6.10,CHEMBL4354013,CHEMBL4351001
CHEMBL4469860,1585.0,5.80,CHEMBL4354013,CHEMBL4351001
CHEMBL4435010,1202.0,5.92,CHEMBL4354013,CHEMBL4351001
CHEMBL4516784,1622.0,5.79,CHEMBL4354013,CHEMBL4351001
CHEMBL4590882,7079.0,5.15,CHEMBL4354013,CHEMBL4351001
CHEMBL4471055,1175.0,5.93,CHEMBL4354013,CHEMBL4351001
CHEMBL4442332,1318.0,5.88,CHEMBL4354013,CHEMBL4351001
CHEMBL4451939,2344.0,5.63,CHEMBL4354013,CHEMBL4351001
CHEMBL4450907,3981.0,5.40,CHEMBL4354013,CHEMBL4351001
CHEMBL4472629,708.0,6.15,CHEMBL4354013,CHEMBL4351001
CHEMBL4467359,10000.0,,CHEMBL4354013,CHEMBL4351001
CHEMBL4528162,10000.0,,CHEMBL4354013,CHEMBL4351001
CHEMBL4592085,10000.0,,CHEMBL4354013,CHEMBL4351001
CHEMBL4461327,10000.0,,CHEMBL4354013,CHEMBL4351001
CHEMBL4571469,10000.0,,CHEMBL4354013,CHEMBL4351001
CHEMBL4440402,10000.0,,CHEMBL4354013,CHEMBL4351001
CHEMBL4466071,10000.0,,CHEMBL4354013,CHEMBL4351001
CHEMBL4573880,10000.0,,CHEMBL4354013,CHEMBL4351001
CHEMBL4586990,10000.0,,CHEMBL4354013,CHEMBL4351001
CHEMBL4584746,10000.0,,CHEMBL4354013,CHEMBL4351001
CHEMBL4451666,10000.0,,CHEMBL4354013,CHEMBL4351001
CHEMBL4521199,10000.0,,CHEMBL4354013,CHEMBL4351001
CHEMBL4465638,10000.0,,CHEMBL4354013,CHEMBL4351001
CHEMBL4474829,10000.0,,CHEMBL4354013,CHEMBL4351001
CHEMBL4469792,10000.0,,CHEMBL4354013,CHEMBL4351001
CHEMBL4453250,10000.0,,CHEMBL4354013,CHEMBL4351001
CHEMBL4558215,10000.0,,CHEMBL4354013,CHEMBL4351001
CHEMBL4483304,3631.0,5.44,CHEMBL4354013,CHEMBL4351001
CHEMBL4548837,10000.0,,CHEMBL4354013,CHEMBL4351001
CHEMBL4524906,10000.0,,CHEMBL4354013,CHEMBL4351001
CHEMBL4572629,1230.0,5.91,CHEMBL4354013,CHEMBL4351001
CHEMBL4455699,3162.0,5.50,CHEMBL4354013,CHEMBL4351001
CHEMBL4442148,10000.0,,CHEMBL4354013,CHEMBL4351001
CHEMBL4463737,3802.0,5.42,CHEMBL4354013,CHEMBL4351001
CHEMBL4453733,3981.0,5.40,CHEMBL4354013,CHEMBL4351001
CHEMBL4519004,2138.0,5.67,CHEMBL4354013,CHEMBL4351001
CHEMBL4520003,1175.0,5.93,CHEMBL4354013,CHEMBL4351001
CHEMBL4468396,5129.0,5.29,CHEMBL4354013,CHEMBL4351001
CHEMBL708,0.8511,9.07,CHEMBL4354013,CHEMBL4351001
CHEMBL708,0.9,9.05,CHEMBL4354013,CHEMBL4351001
CHEMBL4469147,5248.0,5.28,CHEMBL4354013,CHEMBL4351001
CHEMBL4446215,10000.0,,CHEMBL4354013,CHEMBL4351001
CHEMBL4465929,1348.0,5.87,CHEMBL4366763,CHEMBL4364280
CHEMBL4548041,2362.0,5.63,CHEMBL4366763,CHEMBL4364280
CHEMBL4524981,674.0,6.17,CHEMBL4366763,CHEMBL4364280
CHEMBL4520796,1094.0,5.96,CHEMBL4366763,CHEMBL4364280
CHEMBL4570584,4247.0,5.37,CHEMBL4366763,CHEMBL4364280
CHEMBL4532712,740.0,6.13,CHEMBL4366763,CHEMBL4364280
CHEMBL4584325,2916.0,5.54,CHEMBL4366763,CHEMBL4364280
CHEMBL4560883,4369.0,5.36,CHEMBL4366763,CHEMBL4364280
CHEMBL4473083,1234.0,5.91,CHEMBL4366763,CHEMBL4364280
CHEMBL4527124,1224.0,5.91,CHEMBL4366763,CHEMBL4364280
CHEMBL4522568,566.0,6.25,CHEMBL4366763,CHEMBL4364280
CHEMBL4447416,1001.0,6.00,CHEMBL4366763,CHEMBL4364280
CHEMBL4557247,734.0,6.13,CHEMBL4366763,CHEMBL4364280
CHEMBL4591878,329.0,6.48,CHEMBL4366763,CHEMBL4364280
CHEMBL4515075,520.0,6.28,CHEMBL4366763,CHEMBL4364280
CHEMBL4580959,506.0,6.30,CHEMBL4366763,CHEMBL4364280
CHEMBL4462404,656.0,6.18,CHEMBL4366763,CHEMBL4364280
CHEMBL4441655,50140.0,4.30,CHEMBL4366763,CHEMBL4364280
CHEMBL715,9.0,8.05,CHEMBL4366763,CHEMBL4364280
CHEMBL4476164,2349.0,5.63,CHEMBL4368000,CHEMBL4364313
CHEMBL4455658,896.0,6.05,CHEMBL4368000,CHEMBL4364313
CHEMBL4470437,10000.0,,CHEMBL4368000,CHEMBL4364313
CHEMBL4469633,1651.0,5.78,CHEMBL4368000,CHEMBL4364313
CHEMBL4469537,1977.0,5.70,CHEMBL4368000,CHEMBL4364313
CHEMBL4582567,1047.0,5.98,CHEMBL4368000,CHEMBL4364313
CHEMBL4471755,1802.0,5.74,CHEMBL4368000,CHEMBL4364313
CHEMBL54,4.5,8.35,CHEMBL4368000,CHEMBL4364313
CHEMBL53,42.0,7.38,CHEMBL4368000,CHEMBL4364313
CHEMBL71,1.8,8.74,CHEMBL4368000,CHEMBL4364313
CHEMBL4463034,58.0,7.24,CHEMBL4368218,CHEMBL4364325
CHEMBL4521477,257.0,6.59,CHEMBL4368222,CHEMBL4364325
CHEMBL4543263,142.0,6.85,CHEMBL4368222,CHEMBL4364325
CHEMBL4554558,71.9,7.14,CHEMBL4368222,CHEMBL4364325
CHEMBL4444351,141.0,6.85,CHEMBL4368222,CHEMBL4364325
CHEMBL4527257,166.0,6.78,CHEMBL4368222,CHEMBL4364325
CHEMBL4558444,465.0,6.33,CHEMBL4368222,CHEMBL4364325
CHEMBL285157,25.8,7.59,CHEMBL4368222,CHEMBL4364325
CHEMBL366081,62.7,7.20,CHEMBL4368222,CHEMBL4364325
CHEMBL4454000,151.0,6.82,CHEMBL4368222,CHEMBL4364325
CHEMBL4457881,321.0,6.49,CHEMBL4368222,CHEMBL4364325
CHEMBL4565126,87.3,7.06,CHEMBL4368222,CHEMBL4364325
CHEMBL4449936,148.0,6.83,CHEMBL4368222,CHEMBL4364325
CHEMBL4466356,132.0,6.88,CHEMBL4368222,CHEMBL4364325
CHEMBL4548632,165.0,6.78,CHEMBL4368222,CHEMBL4364325
CHEMBL4552542,26.9,7.57,CHEMBL4368222,CHEMBL4364325
CHEMBL4460564,112.0,6.95,CHEMBL4368222,CHEMBL4364325
CHEMBL4578143,108.0,6.97,CHEMBL4368222,CHEMBL4364325
CHEMBL4460839,299.0,6.52,CHEMBL4368222,CHEMBL4364325
CHEMBL54,3.25,8.49,CHEMBL4368222,CHEMBL4364325
CHEMBL4467984,0.84,9.08,CHEMBL4368754,CHEMBL4364348
CHEMBL4541515,2.2,8.66,CHEMBL4368754,CHEMBL4364348
CHEMBL4465127,2.4,8.62,CHEMBL4368754,CHEMBL4364348
CHEMBL4546839,1.1,8.96,CHEMBL4368754,CHEMBL4364348
CHEMBL4579585,4.2,8.38,CHEMBL4368754,CHEMBL4364348
CHEMBL109684,13.3,7.88,CHEMBL4368751,CHEMBL4364348
CHEMBL4544802,10000.0,,CHEMBL4369114,CHEMBL4368858
CHEMBL4517552,10000.0,,CHEMBL4369114,CHEMBL4368858
CHEMBL4474827,5561.0,5.25,CHEMBL4369114,CHEMBL4368858
CHEMBL4469847,10000.0,,CHEMBL4369114,CHEMBL4368858
CHEMBL4216263,4847.0,5.32,CHEMBL4369114,CHEMBL4368858
CHEMBL522691,142.0,6.85,CHEMBL4369149,CHEMBL4368858
CHEMBL4542754,114.0,6.94,CHEMBL4390409,CHEMBL4387768
CHEMBL4443185,180.0,6.75,CHEMBL4390409,CHEMBL4387768
CHEMBL4587772,11.0,7.96,CHEMBL4390409,CHEMBL4387768
CHEMBL4442385,867.0,6.06,CHEMBL4390409,CHEMBL4387768
CHEMBL4470304,188.0,6.73,CHEMBL4390409,CHEMBL4387768
CHEMBL4468036,431.0,6.37,CHEMBL4390409,CHEMBL4387768
CHEMBL4458938,82.0,7.09,CHEMBL4390409,CHEMBL4387768
CHEMBL4555890,30.0,7.52,CHEMBL4390409,CHEMBL4387768
CHEMBL4571077,118.0,6.93,CHEMBL4390409,CHEMBL4387768
CHEMBL4449148,264.0,6.58,CHEMBL4390409,CHEMBL4387768
CHEMBL4584719,10.0,8.00,CHEMBL4390409,CHEMBL4387768
CHEMBL4532741,271.0,6.57,CHEMBL4390409,CHEMBL4387768
CHEMBL4447330,40040.0,4.40,CHEMBL4390409,CHEMBL4387768
CHEMBL4476432,27.0,7.57,CHEMBL4390409,CHEMBL4387768
CHEMBL4564093,1302.0,5.88,CHEMBL4390409,CHEMBL4387768
CHEMBL4469539,141.0,6.85,CHEMBL4390409,CHEMBL4387768
CHEMBL4538667,2.0,8.70,CHEMBL4390409,CHEMBL4387768
CHEMBL4530770,90.0,7.05,CHEMBL4390419,CHEMBL4387769
CHEMBL4455845,142.0,6.85,CHEMBL4390419,CHEMBL4387769
CHEMBL4453687,121.0,6.92,CHEMBL4390419,CHEMBL4387769
CHEMBL4436319,336.0,6.47,CHEMBL4390419,CHEMBL4387769
CHEMBL4449590,220.0,6.66,CHEMBL4390419,CHEMBL4387769
CHEMBL4528793,254.0,6.59,CHEMBL4390419,CHEMBL4387769
CHEMBL4447659,304.0,6.52,CHEMBL4390419,CHEMBL4387769
CHEMBL4464370,927.0,6.03,CHEMBL4390419,CHEMBL4387769
CHEMBL4541606,320.0,6.50,CHEMBL4390419,CHEMBL4387769
CHEMBL4567345,58.0,7.24,CHEMBL4390419,CHEMBL4387769
CHEMBL4519312,75.0,7.12,CHEMBL4390419,CHEMBL4387769
CHEMBL4548353,197.0,6.71,CHEMBL4390419,CHEMBL4387769
CHEMBL4546775,94.0,7.03,CHEMBL4390419,CHEMBL4387769
CHEMBL4592962,246.0,6.61,CHEMBL4390419,CHEMBL4387769
CHEMBL4442062,204.0,6.69,CHEMBL4390419,CHEMBL4387769
CHEMBL4585051,161.0,6.79,CHEMBL4390419,CHEMBL4387769
CHEMBL4447594,496.0,6.30,CHEMBL4390419,CHEMBL4387769
CHEMBL4545270,945.0,6.03,CHEMBL4390419,CHEMBL4387769
CHEMBL4559278,323.59,6.49,CHEMBL4391918,CHEMBL4390666
CHEMBL4466677,112.2,6.95,CHEMBL4391918,CHEMBL4390666
CHEMBL4441888,2187.76,5.66,CHEMBL4391918,CHEMBL4390666
CHEMBL4277264,8300.0,5.08,CHEMBL4392130,CHEMBL4390674
CHEMBL4572614,9600.0,5.02,CHEMBL4392130,CHEMBL4390674
CHEMBL4469848,7600.0,5.12,CHEMBL4392130,CHEMBL4390674
CHEMBL4466483,8700.0,5.06,CHEMBL4392130,CHEMBL4390674
CHEMBL4555349,3020.0,5.52,CHEMBL4394035,CHEMBL4393658
CHEMBL4204595,10000.0,,CHEMBL4394035,CHEMBL4393658
CHEMBL4469847,10000.0,,CHEMBL4394035,CHEMBL4393658
CHEMBL4464377,10000.0,,CHEMBL4394035,CHEMBL4393658
CHEMBL4565881,10000.0,,CHEMBL4394035,CHEMBL4393658
CHEMBL4455588,10000.0,,CHEMBL4394035,CHEMBL4393658
CHEMBL4452121,10000.0,,CHEMBL4394035,CHEMBL4393658
CHEMBL4559312,10000.0,,CHEMBL4394035,CHEMBL4393658
CHEMBL4216263,4898.0,5.31,CHEMBL4394035,CHEMBL4393658
CHEMBL4592256,8710.0,5.06,CHEMBL4394035,CHEMBL4393658
CHEMBL4476520,10000.0,,CHEMBL4394035,CHEMBL4393658
CHEMBL4529615,10000.0,,CHEMBL4394035,CHEMBL4393658
CHEMBL4573883,10000.0,,CHEMBL4394035,CHEMBL4393658
CHEMBL4531898,10000.0,,CHEMBL4394035,CHEMBL4393658
CHEMBL4442337,10000.0,,CHEMBL4394035,CHEMBL4393658
CHEMBL4516621,10000.0,,CHEMBL4394035,CHEMBL4393658
CHEMBL4555115,10000.0,,CHEMBL4394035,CHEMBL4393658
CHEMBL4438349,10000.0,,CHEMBL4394035,CHEMBL4393658
CHEMBL4476372,9333.0,5.03,CHEMBL4394035,CHEMBL4393658
CHEMBL4585956,10000.0,,CHEMBL4394035,CHEMBL4393658
CHEMBL4462820,10000.0,,CHEMBL4394035,CHEMBL4393658
CHEMBL4526012,1862.0,5.73,CHEMBL4394035,CHEMBL4393658
CHEMBL4541526,10000.0,,CHEMBL4394035,CHEMBL4393658
CHEMBL4558202,10000.0,,CHEMBL4394035,CHEMBL4393658
CHEMBL4583507,10000.0,,CHEMBL4394035,CHEMBL4393658
CHEMBL4444268,10000.0,,CHEMBL4394035,CHEMBL4393658
CHEMBL4435235,10000.0,,CHEMBL4394035,CHEMBL4393658
CHEMBL4452569,7080.0,5.15,CHEMBL4394035,CHEMBL4393658
CHEMBL708,0.9,9.05,CHEMBL4394035,CHEMBL4393658
CHEMBL4545912,10000.0,,CHEMBL4399687,CHEMBL4396932
CHEMBL71,1.8,8.74,CHEMBL4401065,CHEMBL4400523
CHEMBL53,42.0,7.38,CHEMBL4401065,CHEMBL4400523
CHEMBL54,4.5,8.35,CHEMBL4401065,CHEMBL4400523
CHEMBL4570209,11160.0,4.95,CHEMBL4401065,CHEMBL4400523
CHEMBL4469813,1129.0,5.95,CHEMBL4401065,CHEMBL4400523
CHEMBL4462139,963.0,6.02,CHEMBL4401065,CHEMBL4400523
CHEMBL4451231,17670.0,4.75,CHEMBL4401065,CHEMBL4400523
CHEMBL4442936,1161.4,5.93,CHEMBL4406061,CHEMBL4402598
CHEMBL4590966,275.4,6.56,CHEMBL4406061,CHEMBL4402598
CHEMBL4514800,323.6,6.49,CHEMBL4406061,CHEMBL4402598
CHEMBL4514586,253.1,6.60,CHEMBL4406061,CHEMBL4402598
CHEMBL4450429,380.2,6.42,CHEMBL4406061,CHEMBL4402598
CHEMBL4467528,5000.0,,CHEMBL4406061,CHEMBL4402598
CHEMBL4590356,660.7,6.18,CHEMBL4406061,CHEMBL4402598
CHEMBL4448853,844.6,6.07,CHEMBL4406061,CHEMBL4402598
CHEMBL4585289,2435.9,5.61,CHEMBL4406061,CHEMBL4402598
CHEMBL4546749,1502.0,5.82,CHEMBL4406061,CHEMBL4402598
CHEMBL4453405,512.9,6.29,CHEMBL4406061,CHEMBL4402598
CHEMBL4440698,5000.0,,CHEMBL4406061,CHEMBL4402598
CHEMBL4578364,238.0,6.62,CHEMBL4406061,CHEMBL4402598
CHEMBL4584372,233.0,6.63,CHEMBL4406061,CHEMBL4402598
CHEMBL4475699,216.0,6.67,CHEMBL4406061,CHEMBL4402598
CHEMBL540612,247.0,6.61,CHEMBL4406061,CHEMBL4402598
CHEMBL4452683,407.4,6.39,CHEMBL4406061,CHEMBL4402598
CHEMBL4454872,1083.9,5.96,CHEMBL4406061,CHEMBL4402598
CHEMBL4561808,380.0,6.42,CHEMBL4406061,CHEMBL4402598
CHEMBL4531363,507.0,6.29,CHEMBL4406061,CHEMBL4402598
CHEMBL4442408,3144.0,5.50,CHEMBL4406061,CHEMBL4402598
CHEMBL4541924,408.0,6.39,CHEMBL4406061,CHEMBL4402598
CHEMBL4456964,1116.0,5.95,CHEMBL4406061,CHEMBL4402598
CHEMBL4577162,1421.0,5.85,CHEMBL4406061,CHEMBL4402598
CHEMBL4455719,2105.0,5.68,CHEMBL4406061,CHEMBL4402598
CHEMBL4439535,4823.0,5.32,CHEMBL4406061,CHEMBL4402598
CHEMBL4590839,3494.0,5.46,CHEMBL4406061,CHEMBL4402598
CHEMBL4452329,5000.0,,CHEMBL4406061,CHEMBL4402598
CHEMBL4525624,4012.0,5.40,CHEMBL4406061,CHEMBL4402598
CHEMBL4453478,3494.0,5.46,CHEMBL4406061,CHEMBL4402598
CHEMBL4568916,5000.0,,CHEMBL4406061,CHEMBL4402598
CHEMBL4550187,5623.0,5.25,CHEMBL4406061,CHEMBL4402598
CHEMBL4569006,5934.0,5.23,CHEMBL4406061,CHEMBL4402598
CHEMBL4467486,5000.0,,CHEMBL4406061,CHEMBL4402598
CHEMBL4469584,4606.0,5.34,CHEMBL4406061,CHEMBL4402598
CHEMBL4472900,3162.0,5.50,CHEMBL4406061,CHEMBL4402598
CHEMBL4543870,5000.0,,CHEMBL4406061,CHEMBL4402598
CHEMBL4444691,5000.0,,CHEMBL4406061,CHEMBL4402598
CHEMBL4584481,5000.0,,CHEMBL4406061,CHEMBL4402598
CHEMBL4470439,5000.0,,CHEMBL4406061,CHEMBL4402598
CHEMBL4590211,2105.0,5.68,CHEMBL4406061,CHEMBL4402598
CHEMBL4456007,1502.0,5.82,CHEMBL4406061,CHEMBL4402598
CHEMBL4527244,2362.0,5.63,CHEMBL4406061,CHEMBL4402598
CHEMBL4475406,1349.0,5.87,CHEMBL4406061,CHEMBL4402598
CHEMBL4593394,1230.0,5.91,CHEMBL4406061,CHEMBL4402598
CHEMBL4454380,676.0,6.17,CHEMBL4406061,CHEMBL4402598
CHEMBL4580817,1148.0,5.94,CHEMBL4406061,CHEMBL4402598
CHEMBL4439544,537.0,6.27,CHEMBL4406061,CHEMBL4402598
CHEMBL4586582,992.0,6.00,CHEMBL4406061,CHEMBL4402598
CHEMBL4443039,550.0,6.26,CHEMBL4406061,CHEMBL4402598
CHEMBL4522558,1023.0,5.99,CHEMBL4406061,CHEMBL4402598
CHEMBL4473519,186.0,6.73,CHEMBL4409079,CHEMBL4406846
CHEMBL4471658,138.0,6.86,CHEMBL4409079,CHEMBL4406846
CHEMBL4565200,214.0,6.67,CHEMBL4409079,CHEMBL4406846
CHEMBL4517296,56.0,7.25,CHEMBL4409079,CHEMBL4406846
CHEMBL4554053,66.0,7.18,CHEMBL4409079,CHEMBL4406846
CHEMBL4540218,29.0,7.54,CHEMBL4409079,CHEMBL4406846
CHEMBL4473519,186.21,6.73,CHEMBL4409079,CHEMBL4406846
CHEMBL4471658,138.04,6.86,CHEMBL4409079,CHEMBL4406846
CHEMBL4565200,213.8,6.67,CHEMBL4409079,CHEMBL4406846
CHEMBL4517296,56.23,7.25,CHEMBL4409079,CHEMBL4406846
CHEMBL4554053,66.07,7.18,CHEMBL4409079,CHEMBL4406846
CHEMBL4540218,29.51,7.53,CHEMBL4409079,CHEMBL4406846
CHEMBL4534566,20800.0,4.68,CHEMBL4415924,CHEMBL4414587
CHEMBL4436317,21400.0,4.67,CHEMBL4415924,CHEMBL4414587
CHEMBL4527078,18900.0,4.72,CHEMBL4415924,CHEMBL4414587
CHEMBL4515234,247.0,6.61,CHEMBL4415924,CHEMBL4414587
CHEMBL4584497,80.2,7.10,CHEMBL4415924,CHEMBL4414587
CHEMBL4446609,891.0,6.05,CHEMBL4415924,CHEMBL4414587
CHEMBL4546210,10800.0,4.97,CHEMBL4415924,CHEMBL4414587
CHEMBL4553059,328.0,6.48,CHEMBL4415924,CHEMBL4414587
CHEMBL4464971,364.0,6.44,CHEMBL4415924,CHEMBL4414587
CHEMBL4518618,424.0,6.37,CHEMBL4415924,CHEMBL4414587
CHEMBL4463620,537.0,6.27,CHEMBL4415924,CHEMBL4414587
CHEMBL4465596,1440.0,5.84,CHEMBL4415924,CHEMBL4414587
CHEMBL4476394,13200.0,4.88,CHEMBL4415924,CHEMBL4414587
CHEMBL4555827,10800.0,4.97,CHEMBL4415924,CHEMBL4414587
CHEMBL4570554,13500.0,4.87,CHEMBL4415924,CHEMBL4414587
CHEMBL4451683,132.0,6.88,CHEMBL4415924,CHEMBL4414587
CHEMBL4519938,75.8,7.12,CHEMBL4415924,CHEMBL4414587
CHEMBL4483569,219.0,6.66,CHEMBL4415924,CHEMBL4414587
CHEMBL54,0.4677,9.33,CHEMBL4416273,CHEMBL4414605
CHEMBL4455788,1.0,9.00,CHEMBL4416273,CHEMBL4414605
CHEMBL4540679,2.138,8.67,CHEMBL4416273,CHEMBL4414605
CHEMBL4570273,0.1202,9.92,CHEMBL4416273,CHEMBL4414605
CHEMBL4444768,2.63,8.58,CHEMBL4416273,CHEMBL4414605
CHEMBL4529368,1.023,8.99,CHEMBL4416273,CHEMBL4414605
CHEMBL4453290,1.479,8.83,CHEMBL4416273,CHEMBL4414605
CHEMBL4544491,0.1549,9.81,CHEMBL4416273,CHEMBL4414605
CHEMBL4436241,0.4467,9.35,CHEMBL4416273,CHEMBL4414605
CHEMBL54206,7.586,8.12,CHEMBL4416273,CHEMBL4414605
CHEMBL2104700,0.7244,9.14,CHEMBL4416273,CHEMBL4414605
CHEMBL4436610,0.3236,9.49,CHEMBL4416273,CHEMBL4414605
CHEMBL4568709,5.248,8.28,CHEMBL4416273,CHEMBL4414605
CHEMBL4461948,3.311,8.48,CHEMBL4416273,CHEMBL4414605
CHEMBL4472206,2.455,8.61,CHEMBL4416273,CHEMBL4414605
CHEMBL4514517,7.943,8.10,CHEMBL4416273,CHEMBL4414605
CHEMBL611991,38.02,7.42,CHEMBL4416273,CHEMBL4414605
CHEMBL4590085,46.77,7.33,CHEMBL4416273,CHEMBL4414605
CHEMBL4468416,83.18,7.08,CHEMBL4416273,CHEMBL4414605
CHEMBL4482896,112.2,6.95,CHEMBL4416273,CHEMBL4414605
CHEMBL4576998,63.1,7.20,CHEMBL4416273,CHEMBL4414605
CHEMBL4463187,7.762,8.11,CHEMBL4416273,CHEMBL4414605
CHEMBL4465318,169.82,6.77,CHEMBL4416273,CHEMBL4414605
CHEMBL4472585,3.548,8.45,CHEMBL4416273,CHEMBL4414605
CHEMBL4475608,3.548,8.45,CHEMBL4416273,CHEMBL4414605
CHEMBL363548,5.012,8.30,CHEMBL4416273,CHEMBL4414605
CHEMBL199226,1.778,8.75,CHEMBL4416273,CHEMBL4414605
CHEMBL1940403,2.089,8.68,CHEMBL4416273,CHEMBL4414605
CHEMBL1940404,1.072,8.97,CHEMBL4416273,CHEMBL4414605
CHEMBL1036,91.2,7.04,CHEMBL4416273,CHEMBL4414605
CHEMBL4474020,11.22,7.95,CHEMBL4416273,CHEMBL4414605
CHEMBL4440708,29.51,7.53,CHEMBL4416273,CHEMBL4414605
CHEMBL4472382,1.514,8.82,CHEMBL4416273,CHEMBL4414605
CHEMBL4537230,29.51,7.53,CHEMBL4416273,CHEMBL4414605
CHEMBL94371,131.83,6.88,CHEMBL4416273,CHEMBL4414605
CHEMBL4450047,12.02,7.92,CHEMBL4416273,CHEMBL4414605
CHEMBL4579971,61.66,7.21,CHEMBL4416273,CHEMBL4414605
CHEMBL1940402,5.37,8.27,CHEMBL4416273,CHEMBL4414605
CHEMBL4519420,21.88,7.66,CHEMBL4416273,CHEMBL4414605
CHEMBL4584060,281.84,6.55,CHEMBL4416273,CHEMBL4414605
CHEMBL4475451,74.13,7.13,CHEMBL4416273,CHEMBL4414605
CHEMBL4470321,19.05,7.72,CHEMBL4416273,CHEMBL4414605
CHEMBL4451384,0.05248,10.28,CHEMBL4416273,CHEMBL4414605
CHEMBL476935,29.51,7.53,CHEMBL4416273,CHEMBL4414605
CHEMBL3544895,10.0,8.00,CHEMBL4416273,CHEMBL4414605
CHEMBL4528835,0.1585,9.80,CHEMBL4416273,CHEMBL4414605
CHEMBL56843,7.762,8.11,CHEMBL4416273,CHEMBL4414605
CHEMBL147830,1.738,8.76,CHEMBL4416273,CHEMBL4414605
CHEMBL422334,1.905,8.72,CHEMBL4416273,CHEMBL4414605
CHEMBL4556173,17.78,7.75,CHEMBL4416273,CHEMBL4414605
CHEMBL4446597,32.36,7.49,CHEMBL4416273,CHEMBL4414605
CHEMBL4469309,3319.0,5.48,CHEMBL4426355,CHEMBL4425120
CHEMBL4447846,240.0,6.62,CHEMBL4426355,CHEMBL4425120
CHEMBL4440130,302.0,6.52,CHEMBL4426355,CHEMBL4425120
CHEMBL4572158,1168.0,5.93,CHEMBL4426355,CHEMBL4425120
CHEMBL4442456,1410.0,5.85,CHEMBL4426355,CHEMBL4425120
CHEMBL4586327,619.0,6.21,CHEMBL4429153,CHEMBL4428060
CHEMBL4441358,139.0,6.86,CHEMBL4429153,CHEMBL4428060
CHEMBL4543685,233.0,6.63,CHEMBL4429153,CHEMBL4428060
CHEMBL4469777,58.1,7.24,CHEMBL4429153,CHEMBL4428060
CHEMBL4440301,29.8,7.53,CHEMBL4429153,CHEMBL4428060
CHEMBL4471669,2.93,8.53,CHEMBL4429153,CHEMBL4428060
CHEMBL4521947,27.8,7.56,CHEMBL4429153,CHEMBL4428060
CHEMBL4476394,11400.0,4.94,CHEMBL4429153,CHEMBL4428060
CHEMBL4459533,137.0,6.86,CHEMBL4429153,CHEMBL4428060
CHEMBL4436025,1620.0,5.79,CHEMBL4429153,CHEMBL4428060
CHEMBL4544583,5.5,8.26,CHEMBL4429153,CHEMBL4428060
CHEMBL4451683,151.0,6.82,CHEMBL4429153,CHEMBL4428060
CHEMBL4476699,6.34,8.20,CHEMBL4429153,CHEMBL4428060
CHEMBL4517102,164.0,6.79,CHEMBL4429153,CHEMBL4428060
CHEMBL4555307,5.64,8.25,CHEMBL4429153,CHEMBL4428060
CHEMBL4517898,193.0,6.71,CHEMBL4429153,CHEMBL4428060
CHEMBL4577414,4.65,8.33,CHEMBL4429153,CHEMBL4428060
CHEMBL4543524,12.5,7.90,CHEMBL4429153,CHEMBL4428060
CHEMBL4461461,12.2,7.91,CHEMBL4429153,CHEMBL4428060
CHEMBL4516799,150.0,6.82,CHEMBL4429153,CHEMBL4428060
CHEMBL4564507,16.1,7.79,CHEMBL4429153,CHEMBL4428060
CHEMBL4552939,6.83,8.17,CHEMBL4429153,CHEMBL4428060
CHEMBL8809,12.7,7.90,CHEMBL4429179,CHEMBL4428060
CHEMBL4586276,458.0,6.34,CHEMBL4479923,CHEMBL4477255
CHEMBL4551220,136.0,6.87,CHEMBL4479923,CHEMBL4477255
CHEMBL4591250,95.0,7.02,CHEMBL4479923,CHEMBL4477255
CHEMBL4483496,411.0,6.39,CHEMBL4479923,CHEMBL4477255
CHEMBL4550561,1826.0,5.74,CHEMBL4479923,CHEMBL4477255
CHEMBL4549734,310.0,6.51,CHEMBL4479923,CHEMBL4477255
CHEMBL4537294,180.0,6.75,CHEMBL4479923,CHEMBL4477255
CHEMBL4520580,1592.0,5.80,CHEMBL4479923,CHEMBL4477255
CHEMBL4566363,1042.0,5.98,CHEMBL4479923,CHEMBL4477255
CHEMBL4534733,211.0,6.68,CHEMBL4479923,CHEMBL4477255
CHEMBL4566992,84.0,7.08,CHEMBL4479923,CHEMBL4477255
CHEMBL4579883,42.0,7.38,CHEMBL4479923,CHEMBL4477255
CHEMBL4525992,355.0,6.45,CHEMBL4479923,CHEMBL4477255
CHEMBL4562787,438.0,6.36,CHEMBL4479923,CHEMBL4477255
CHEMBL4519916,245.0,6.61,CHEMBL4479923,CHEMBL4477255
CHEMBL4536834,324.0,6.49,CHEMBL4479923,CHEMBL4477255
CHEMBL4642292,10000.0,,CHEMBL4612212,CHEMBL4610098
CHEMBL4645139,1507.8,5.82,CHEMBL4625240,CHEMBL4622940
CHEMBL54,5.58,8.25,CHEMBL4625240,CHEMBL4622940
CHEMBL4641502,1740.0,5.76,CHEMBL4625526,CHEMBL4622954
CHEMBL54,5.58,8.25,CHEMBL4625526,CHEMBL4622954
CHEMBL54,1.97,8.71,CHEMBL4628381,CHEMBL4627308
CHEMBL4633772,854.0,6.07,CHEMBL4628381,CHEMBL4627308
CHEMBL4637673,978.0,6.01,CHEMBL4628381,CHEMBL4627308
CHEMBL4636589,431.0,6.37,CHEMBL4628381,CHEMBL4627308
CHEMBL4649785,759.0,6.12,CHEMBL4628381,CHEMBL4627308
CHEMBL4636318,963.0,6.02,CHEMBL4628381,CHEMBL4627308
CHEMBL4639398,260.0,6.58,CHEMBL4628381,CHEMBL4627308
CHEMBL4637246,231.0,6.64,CHEMBL4628381,CHEMBL4627308
CHEMBL4638749,2048.0,5.69,CHEMBL4628381,CHEMBL4627308
CHEMBL4646927,478.0,6.32,CHEMBL4628381,CHEMBL4627308
CHEMBL4636948,320.0,6.50,CHEMBL4628381,CHEMBL4627308
CHEMBL4634039,679.0,6.17,CHEMBL4628381,CHEMBL4627308
CHEMBL53,82.0,7.09,CHEMBL4628391,CHEMBL4627308
CHEMBL4641609,1.0,9.00,CHEMBL4629186,CHEMBL4627360
CHEMBL4645308,35.0,7.46,CHEMBL4629186,CHEMBL4627360
CHEMBL4635363,225.0,6.65,CHEMBL4629186,CHEMBL4627360
CHEMBL4632519,370.0,6.43,CHEMBL4629186,CHEMBL4627360
CHEMBL4639203,55.0,7.26,CHEMBL4629186,CHEMBL4627360
CHEMBL4636435,168.0,6.78,CHEMBL4629186,CHEMBL4627360
CHEMBL4645292,41.0,7.39,CHEMBL4629186,CHEMBL4627360
CHEMBL38409,10.0,8.00,CHEMBL4629186,CHEMBL4627360
CHEMBL4648581,9.0,8.05,CHEMBL4629186,CHEMBL4627360
CHEMBL4643450,16.0,7.80,CHEMBL4629186,CHEMBL4627360
CHEMBL4635603,33.0,7.48,CHEMBL4629186,CHEMBL4627360
CHEMBL4644906,39.0,7.41,CHEMBL4629186,CHEMBL4627360
CHEMBL4637294,56.0,7.25,CHEMBL4629186,CHEMBL4627360
CHEMBL4642594,18.0,7.75,CHEMBL4629186,CHEMBL4627360
CHEMBL4646868,59.0,7.23,CHEMBL4629186,CHEMBL4627360
CHEMBL4642981,1.0,9.00,CHEMBL4629186,CHEMBL4627360
CHEMBL4648390,164.0,6.79,CHEMBL4629186,CHEMBL4627360
CHEMBL4638388,106.0,6.97,CHEMBL4629186,CHEMBL4627360
CHEMBL4638308,16.0,7.80,CHEMBL4629186,CHEMBL4627360
CHEMBL4645793,14.0,7.85,CHEMBL4629186,CHEMBL4627360
CHEMBL4641296,31.0,7.51,CHEMBL4629186,CHEMBL4627360
CHEMBL4636031,31.0,7.51,CHEMBL4629186,CHEMBL4627360
CHEMBL4645525,27.0,7.57,CHEMBL4629186,CHEMBL4627360
CHEMBL1442422,30200.0,4.52,CHEMBL4669829,CHEMBL4665756
CHEMBL4746800,11600.0,4.94,CHEMBL4669829,CHEMBL4665756
CHEMBL4756446,9000.0,5.05,CHEMBL4669829,CHEMBL4665756
CHEMBL4742201,65300.0,4.18,CHEMBL4669829,CHEMBL4665756
CHEMBL4778076,19100.0,4.72,CHEMBL4669829,CHEMBL4665756
CHEMBL4796968,7500.0,5.12,CHEMBL4669829,CHEMBL4665756
CHEMBL42,389.0,6.41,CHEMBL4671577,CHEMBL4665835
CHEMBL715,58.0,7.24,CHEMBL4671577,CHEMBL4665835
CHEMBL3039528,28.0,7.55,CHEMBL4671577,CHEMBL4665835
CHEMBL298406,1240.0,5.91,CHEMBL4671577,CHEMBL4665835
CHEMBL4748915,1380.0,5.86,CHEMBL4671577,CHEMBL4665835
CHEMBL4782694,1180.0,5.93,CHEMBL4671577,CHEMBL4665835
CHEMBL4779001,479.0,6.32,CHEMBL4671577,CHEMBL4665835
CHEMBL4753299,1400.0,,CHEMBL4671577,CHEMBL4665835
CHEMBL4745124,63.0,7.20,CHEMBL4671577,CHEMBL4665835
CHEMBL4760903,28.0,7.55,CHEMBL4671577,CHEMBL4665835
CHEMBL4757297,69.0,7.16,CHEMBL4671577,CHEMBL4665835
CHEMBL4758966,47.0,7.33,CHEMBL4671577,CHEMBL4665835
CHEMBL4745489,110.0,6.96,CHEMBL4671577,CHEMBL4665835
CHEMBL4758723,127.0,6.90,CHEMBL4671577,CHEMBL4665835
CHEMBL4795230,106.0,6.97,CHEMBL4671577,CHEMBL4665835
CHEMBL4742056,135.0,6.87,CHEMBL4671577,CHEMBL4665835
CHEMBL4745242,1400.0,,CHEMBL4671577,CHEMBL4665835
CHEMBL4779083,1400.0,,CHEMBL4671577,CHEMBL4665835
CHEMBL4784005,1400.0,,CHEMBL4671577,CHEMBL4665835
CHEMBL4797375,1218.0,5.91,CHEMBL4671577,CHEMBL4665835
CHEMBL4776090,453.0,6.34,CHEMBL4671577,CHEMBL4665835
CHEMBL4756254,98.0,7.01,CHEMBL4671577,CHEMBL4665835
CHEMBL4793813,819.0,6.09,CHEMBL4671577,CHEMBL4665835
CHEMBL4756987,167.5,6.78,CHEMBL4671577,CHEMBL4665835
CHEMBL4740880,124.0,6.91,CHEMBL4671577,CHEMBL4665835
CHEMBL2028019,0.49,9.31,CHEMBL4677471,CHEMBL4673287
CHEMBL4779912,290.5,6.54,CHEMBL4677471,CHEMBL4673287
CHEMBL4755563,188.7,6.72,CHEMBL4677471,CHEMBL4673287
CHEMBL4759975,2.8,8.55,CHEMBL4677471,CHEMBL4673287
CHEMBL4797996,6.3,8.20,CHEMBL4677471,CHEMBL4673287
CHEMBL4741702,2.9,8.54,CHEMBL4677471,CHEMBL4673287
CHEMBL4743651,91.1,7.04,CHEMBL4677471,CHEMBL4673287
CHEMBL4750939,23.9,7.62,CHEMBL4677471,CHEMBL4673287
CHEMBL4799863,5.9,8.23,CHEMBL4677471,CHEMBL4673287
CHEMBL4753808,12.1,7.92,CHEMBL4677471,CHEMBL4673287
CHEMBL4788140,43.7,7.36,CHEMBL4677471,CHEMBL4673287
CHEMBL4784751,31.6,7.50,CHEMBL4677471,CHEMBL4673287
CHEMBL4752414,5.8,8.24,CHEMBL4677471,CHEMBL4673287
CHEMBL4762024,14.1,7.85,CHEMBL4677471,CHEMBL4673287
CHEMBL4741673,25.3,7.60,CHEMBL4677471,CHEMBL4673287
CHEMBL4745809,20.6,7.69,CHEMBL4677471,CHEMBL4673287
CHEMBL4762918,99.3,7.00,CHEMBL4677471,CHEMBL4673287
CHEMBL4756826,9.8,8.01,CHEMBL4677471,CHEMBL4673287
CHEMBL4761274,84.0,7.08,CHEMBL4677471,CHEMBL4673287
CHEMBL4780335,93.9,7.03,CHEMBL4677471,CHEMBL4673287
CHEMBL4785434,12.3,7.91,CHEMBL4685403,CHEMBL4680205
CHEMBL4759492,0.9333,9.03,CHEMBL4685403,CHEMBL4680205
CHEMBL4749824,38.02,7.42,CHEMBL4685403,CHEMBL4680205
CHEMBL4748107,102.33,6.99,CHEMBL4685403,CHEMBL4680205
CHEMBL4764557,56.23,7.25,CHEMBL4685403,CHEMBL4680205
CHEMBL4784228,56.23,7.25,CHEMBL4685403,CHEMBL4680205
CHEMBL4747225,0.1995,9.70,CHEMBL4685403,CHEMBL4680205
CHEMBL4750587,169.82,6.77,CHEMBL4685403,CHEMBL4680205
CHEMBL4758402,95.5,7.02,CHEMBL4685403,CHEMBL4680205
CHEMBL4744007,3.09,8.51,CHEMBL4685403,CHEMBL4680205
CHEMBL4776225,32.36,7.49,CHEMBL4685403,CHEMBL4680205
CHEMBL4775997,56.23,7.25,CHEMBL4685403,CHEMBL4680205
CHEMBL4779739,104.71,6.98,CHEMBL4685403,CHEMBL4680205
CHEMBL4742856,9.12,8.04,CHEMBL4685403,CHEMBL4680205
CHEMBL4760655,2.57,8.59,CHEMBL4685403,CHEMBL4680205
CHEMBL4750664,31.62,7.50,CHEMBL4685403,CHEMBL4680205
CHEMBL4763085,14.13,7.85,CHEMBL4685403,CHEMBL4680205
CHEMBL4754138,20.42,7.69,CHEMBL4685403,CHEMBL4680205
CHEMBL4796647,323.59,6.49,CHEMBL4685403,CHEMBL4680205
CHEMBL4741142,100.0,7.00,CHEMBL4685403,CHEMBL4680205
CHEMBL4764006,1.23,8.91,CHEMBL4685403,CHEMBL4680205
CHEMBL4753094,5.623,8.25,CHEMBL4685403,CHEMBL4680205
CHEMBL4793608,19.95,7.70,CHEMBL4685403,CHEMBL4680205
CHEMBL4782149,43.65,7.36,CHEMBL4685403,CHEMBL4680205
CHEMBL4795995,0.4467,9.35,CHEMBL4685403,CHEMBL4680205
CHEMBL4764468,16.22,7.79,CHEMBL4685403,CHEMBL4680205
CHEMBL4751063,8.318,8.08,CHEMBL4685403,CHEMBL4680205
CHEMBL4763106,34.67,7.46,CHEMBL4685403,CHEMBL4680205
CHEMBL4754193,1.413,8.85,CHEMBL4685403,CHEMBL4680205
CHEMBL4762226,17.78,7.75,CHEMBL4685403,CHEMBL4680205
CHEMBL4748379,1.738,8.76,CHEMBL4685403,CHEMBL4680205
CHEMBL4784414,23.99,7.62,CHEMBL4685403,CHEMBL4680205
CHEMBL4780470,8.913,8.05,CHEMBL4685403,CHEMBL4680205
CHEMBL4790020,38.9,7.41,CHEMBL4685403,CHEMBL4680205
CHEMBL4747978,0.631,9.20,CHEMBL4685403,CHEMBL4680205
CHEMBL4778418,15.14,7.82,CHEMBL4685403,CHEMBL4680205
CHEMBL54,1.862,8.73,CHEMBL4685403,CHEMBL4680205
CHEMBL4751170,3.981,8.40,CHEMBL4686239,CHEMBL4680230
CHEMBL1940418,124.0,6.91,CHEMBL4688544,CHEMBL4680313
CHEMBL1112,3.3,8.48,CHEMBL4688549,CHEMBL4680313
CHEMBL340211,229.0,6.64,CHEMBL4688549,CHEMBL4680313
CHEMBL4462108,193.0,6.71,CHEMBL4688549,CHEMBL4680313
CHEMBL4573441,287.0,6.54,CHEMBL4688549,CHEMBL4680313
CHEMBL3289648,1861.0,5.73,CHEMBL4688549,CHEMBL4680313
CHEMBL4783987,10000.0,,CHEMBL4688549,CHEMBL4680313
CHEMBL4743284,641.0,6.19,CHEMBL4688549,CHEMBL4680313
CHEMBL4533305,181.0,6.74,CHEMBL4688549,CHEMBL4680313
CHEMBL4574793,41.0,7.39,CHEMBL4688549,CHEMBL4680313
CHEMBL4570411,649.0,6.19,CHEMBL4688549,CHEMBL4680313
CHEMBL4474014,599.0,6.22,CHEMBL4688549,CHEMBL4680313
CHEMBL4558031,364.0,6.44,CHEMBL4688549,CHEMBL4680313
CHEMBL1946124,1021.0,5.99,CHEMBL4688549,CHEMBL4680313
CHEMBL4789472,1249.0,5.90,CHEMBL4688549,CHEMBL4680313
CHEMBL4793296,1168.0,5.93,CHEMBL4688549,CHEMBL4680313
CHEMBL340211,229.09,6.64,CHEMBL4688549,CHEMBL4680313
CHEMBL4462108,194.98,6.71,CHEMBL4688549,CHEMBL4680313
CHEMBL4573441,288.4,6.54,CHEMBL4688549,CHEMBL4680313
CHEMBL3289648,1995.26,5.70,CHEMBL4688549,CHEMBL4680313
CHEMBL4783987,10000.0,,CHEMBL4688549,CHEMBL4680313
CHEMBL4743284,645.65,6.19,CHEMBL4688549,CHEMBL4680313
CHEMBL4533305,199.53,6.70,CHEMBL4688549,CHEMBL4680313
CHEMBL4574793,40.74,7.39,CHEMBL4688549,CHEMBL4680313
CHEMBL4570411,645.65,6.19,CHEMBL4688549,CHEMBL4680313
CHEMBL4474014,602.56,6.22,CHEMBL4688549,CHEMBL4680313
CHEMBL4558031,363.08,6.44,CHEMBL4688549,CHEMBL4680313
CHEMBL1946124,1023.29,5.99,CHEMBL4688549,CHEMBL4680313
CHEMBL4789472,1258.93,5.90,CHEMBL4688549,CHEMBL4680313
CHEMBL4793296,1174.9,5.93,CHEMBL4688549,CHEMBL4680313
CHEMBL4754363,1000.0,,CHEMBL4707366,CHEMBL4706479
CHEMBL4786537,1000.0,,CHEMBL4707366,CHEMBL4706479
CHEMBL4789505,1000.0,,CHEMBL4707366,CHEMBL4706479
CHEMBL4740097,1000.0,,CHEMBL4707366,CHEMBL4706479
CHEMBL4793515,1000.0,,CHEMBL4707366,CHEMBL4706479
CHEMBL4759629,1000.0,,CHEMBL4707366,CHEMBL4706479
CHEMBL4741857,1000.0,,CHEMBL4707366,CHEMBL4706479
CHEMBL4753328,1000.0,,CHEMBL4707366,CHEMBL4706479
CHEMBL4742112,1000.0,,CHEMBL4707366,CHEMBL4706479
CHEMBL4754941,1000.0,,CHEMBL4707366,CHEMBL4706479
CHEMBL230963,1000.0,,CHEMBL4707366,CHEMBL4706479
CHEMBL4742122,1000.0,,CHEMBL4707366,CHEMBL4706479
CHEMBL4761382,1000.0,,CHEMBL4707366,CHEMBL4706479
CHEMBL4753414,1000.0,,CHEMBL4707366,CHEMBL4706479
CHEMBL4745099,1000.0,,CHEMBL4707366,CHEMBL4706479
CHEMBL4777084,1000.0,,CHEMBL4707366,CHEMBL4706479
CHEMBL4753988,1000.0,,CHEMBL4707366,CHEMBL4706479
CHEMBL4748858,1000.0,,CHEMBL4707366,CHEMBL4706479
CHEMBL4746734,1000.0,,CHEMBL4707366,CHEMBL4706479
CHEMBL4293999,2.9,8.54,CHEMBL4709830,CHEMBL4706549
CHEMBL2105760,0.3,9.52,CHEMBL4709838,CHEMBL4706549
CHEMBL1373,100000.0,,CHEMBL4711026,CHEMBL4706586
CHEMBL3931765,298.0,6.53,CHEMBL4711026,CHEMBL4706586
CHEMBL3918282,78.6,7.11,CHEMBL4711026,CHEMBL4706586
CHEMBL3916231,693.0,6.16,CHEMBL4711026,CHEMBL4706586
CHEMBL4636778,11900.0,4.92,CHEMBL4711026,CHEMBL4706586
CHEMBL4794406,2920.0,5.54,CHEMBL4711026,CHEMBL4706586
CHEMBL4750660,12400.0,4.91,CHEMBL4711026,CHEMBL4706586
CHEMBL4750607,4020.0,5.40,CHEMBL4711026,CHEMBL4706586
CHEMBL4758774,6610.0,5.18,CHEMBL4711026,CHEMBL4706586
CHEMBL4798638,2270.0,5.64,CHEMBL4711026,CHEMBL4706586
CHEMBL4744824,2900.0,5.54,CHEMBL4711026,CHEMBL4706586
CHEMBL4741279,8830.0,5.05,CHEMBL4711026,CHEMBL4706586
CHEMBL4777080,156000.0,,CHEMBL4711026,CHEMBL4706586
CHEMBL4765081,6070.0,5.22,CHEMBL4711026,CHEMBL4706586
CHEMBL4791063,7440.0,5.13,CHEMBL4711026,CHEMBL4706586
CHEMBL4741978,813.0,6.09,CHEMBL4711041,CHEMBL4706587
CHEMBL716,140.0,6.85,CHEMBL4718597,CHEMBL4715748
CHEMBL42,130.0,6.89,CHEMBL4718597,CHEMBL4715748
CHEMBL54,0.12,9.92,CHEMBL4723517,CHEMBL4715859
CHEMBL596802,17500.0,4.76,CHEMBL4723553,CHEMBL4715859
CHEMBL596802,7500.0,5.12,CHEMBL4723554,CHEMBL4715859
CHEMBL4779364,167.2,6.78,CHEMBL4729778,CHEMBL4725387
CHEMBL4752919,10000.0,,CHEMBL4729778,CHEMBL4725387
CHEMBL4745313,10000.0,,CHEMBL4729778,CHEMBL4725387
CHEMBL4789422,467.3,6.33,CHEMBL4729778,CHEMBL4725387
CHEMBL4798631,498.2,6.30,CHEMBL4729778,CHEMBL4725387
CHEMBL4784373,2.1,8.68,CHEMBL4729778,CHEMBL4725387
CHEMBL4777055,79.1,7.10,CHEMBL4729778,CHEMBL4725387
CHEMBL4764692,16.3,7.79,CHEMBL4729778,CHEMBL4725387
CHEMBL85,3.8,8.42,CHEMBL4729778,CHEMBL4725387
CHEMBL4755062,10000.0,,CHEMBL4729778,CHEMBL4725387
CHEMBL4760590,10000.0,,CHEMBL4729778,CHEMBL4725387
CHEMBL4790699,148.3,6.83,CHEMBL4729778,CHEMBL4725387
CHEMBL4760689,150.3,6.82,CHEMBL4729778,CHEMBL4725387
CHEMBL4764639,1589.0,5.80,CHEMBL4729778,CHEMBL4725387
CHEMBL4792709,20.6,7.69,CHEMBL4729778,CHEMBL4725387
CHEMBL4794963,1143.0,5.94,CHEMBL4729778,CHEMBL4725387
CHEMBL4779051,10000.0,,CHEMBL4729778,CHEMBL4725387
CHEMBL4790288,10000.0,,CHEMBL4729778,CHEMBL4725387
CHEMBL4799934,119.2,6.92,CHEMBL4729778,CHEMBL4725387
CHEMBL317493,10000.0,,CHEMBL4731079,CHEMBL4725442
CHEMBL4764883,1010.0,6.00,CHEMBL4731081,CHEMBL4725442
CHEMBL4744811,104.0,6.98,CHEMBL4731081,CHEMBL4725442
CHEMBL4791884,9420.0,5.03,CHEMBL4731081,CHEMBL4725442
CHEMBL4778398,5880.0,5.23,CHEMBL4731081,CHEMBL4725442
CHEMBL97424,7580.0,5.12,CHEMBL4731081,CHEMBL4725442
CHEMBL70565,28.0,7.55,CHEMBL4731081,CHEMBL4725442
CHEMBL4759730,31.0,7.51,CHEMBL4735854,CHEMBL4732129
CHEMBL4759208,241.0,6.62,CHEMBL4735854,CHEMBL4732129
CHEMBL4781480,189.0,6.72,CHEMBL4736183,CHEMBL4732144
CHEMBL4790018,73.0,7.14,CHEMBL4736183,CHEMBL4732144
CHEMBL4786420,66.0,7.18,CHEMBL4736183,CHEMBL4732144
CHEMBL4755336,48.0,7.32,CHEMBL4736183,CHEMBL4732144
CHEMBL4794870,970.0,6.01,CHEMBL4736183,CHEMBL4732144
CHEMBL4748201,270.0,6.57,CHEMBL4736183,CHEMBL4732144
CHEMBL4792999,250.0,6.60,CHEMBL4736183,CHEMBL4732144
CHEMBL4740785,59.0,7.23,CHEMBL4736183,CHEMBL4732144
CHEMBL4856059,154.88,6.81,CHEMBL4815484,CHEMBL4813951
CHEMBL4860528,446.68,6.35,CHEMBL4815484,CHEMBL4813951
CHEMBL4875600,316.23,6.50,CHEMBL4815484,CHEMBL4813951
CHEMBL4846638,263.03,6.58,CHEMBL4815484,CHEMBL4813951
CHEMBL249420,1000.0,6.00,CHEMBL4815484,CHEMBL4813951
CHEMBL4853668,562.34,6.25,CHEMBL4815484,CHEMBL4813951
CHEMBL4856005,602.56,6.22,CHEMBL4815484,CHEMBL4813951
CHEMBL4867962,794.33,6.10,CHEMBL4815484,CHEMBL4813951
CHEMBL4846380,1698.24,5.77,CHEMBL4815484,CHEMBL4813951
CHEMBL4848815,524.81,6.28,CHEMBL4815484,CHEMBL4813951
CHEMBL4857560,478.63,6.32,CHEMBL4815484,CHEMBL4813951
CHEMBL4853107,501.19,6.30,CHEMBL4815484,CHEMBL4813951
CHEMBL4865765,354.81,6.45,CHEMBL4815484,CHEMBL4813951
CHEMBL4846201,588.84,6.23,CHEMBL4815484,CHEMBL4813951
CHEMBL4853772,1174.9,5.93,CHEMBL4815484,CHEMBL4813951
CHEMBL4872375,2511.89,5.60,CHEMBL4815484,CHEMBL4813951
CHEMBL4876799,1258.93,5.90,CHEMBL4815484,CHEMBL4813951
CHEMBL4878215,549.54,6.26,CHEMBL4815484,CHEMBL4813951
CHEMBL54,0.263,9.58,CHEMBL4815484,CHEMBL4813951
CHEMBL340211,228.0,6.64,CHEMBL4815619,CHEMBL4813955
CHEMBL1940418,124.0,6.91,CHEMBL4815619,CHEMBL4813955
CHEMBL4875079,1092.0,5.96,CHEMBL4815619,CHEMBL4813955
CHEMBL4859988,1930.0,5.71,CHEMBL4815619,CHEMBL4813955
CHEMBL4861794,1095.0,5.96,CHEMBL4815619,CHEMBL4813955
CHEMBL4845741,674.0,6.17,CHEMBL4815619,CHEMBL4813955
CHEMBL4845947,10000.0,,CHEMBL4815619,CHEMBL4813955
CHEMBL4857597,526.5,6.28,CHEMBL4815619,CHEMBL4813955
CHEMBL4865591,2667.0,5.57,CHEMBL4815619,CHEMBL4813955
CHEMBL4859722,2798.0,5.55,CHEMBL4815619,CHEMBL4813955
CHEMBL4874069,699.0,6.16,CHEMBL4815619,CHEMBL4813955
CHEMBL4866053,510.0,6.29,CHEMBL4815619,CHEMBL4813955
CHEMBL4866058,1234.0,5.91,CHEMBL4815619,CHEMBL4813955
CHEMBL4876297,4513.0,5.35,CHEMBL4815619,CHEMBL4813955
CHEMBL4854456,3071.0,5.51,CHEMBL4815619,CHEMBL4813955
CHEMBL4857665,1056.0,5.98,CHEMBL4815619,CHEMBL4813955
CHEMBL4846823,1096.0,5.96,CHEMBL4815619,CHEMBL4813955
CHEMBL4871868,3260.0,5.49,CHEMBL4815619,CHEMBL4813955
CHEMBL1112,3.3,8.48,CHEMBL4815619,CHEMBL4813955
CHEMBL340211,229.09,6.64,CHEMBL4815619,CHEMBL4813955
CHEMBL4875079,1096.48,5.96,CHEMBL4815619,CHEMBL4813955
CHEMBL4859988,1949.84,5.71,CHEMBL4815619,CHEMBL4813955
CHEMBL4861794,1096.48,5.96,CHEMBL4815619,CHEMBL4813955
CHEMBL4845741,676.08,6.17,CHEMBL4815619,CHEMBL4813955
CHEMBL4845947,10000.0,,CHEMBL4815619,CHEMBL4813955
CHEMBL4857597,501.19,6.30,CHEMBL4815619,CHEMBL4813955
CHEMBL4865591,2691.53,5.57,CHEMBL4815619,CHEMBL4813955
CHEMBL4859722,2818.38,5.55,CHEMBL4815619,CHEMBL4813955
CHEMBL4874069,691.83,6.16,CHEMBL4815619,CHEMBL4813955
CHEMBL4866058,1230.27,5.91,CHEMBL4815619,CHEMBL4813955
CHEMBL4876297,4466.84,5.35,CHEMBL4815619,CHEMBL4813955
CHEMBL4854456,3090.3,5.51,CHEMBL4815619,CHEMBL4813955
CHEMBL4857665,1047.13,5.98,CHEMBL4815619,CHEMBL4813955
CHEMBL4846823,1096.48,5.96,CHEMBL4815619,CHEMBL4813955
CHEMBL4871868,3235.94,5.49,CHEMBL4815619,CHEMBL4813955
CHEMBL4447416,1001.0,6.00,CHEMBL4819277,CHEMBL4818985
CHEMBL4847379,1506.0,5.82,CHEMBL4819277,CHEMBL4818985
CHEMBL4855393,432.0,6.37,CHEMBL4819277,CHEMBL4818985
CHEMBL4873623,421.0,6.38,CHEMBL4819277,CHEMBL4818985
CHEMBL4869411,495.0,6.30,CHEMBL4819277,CHEMBL4818985
CHEMBL4873127,506.0,6.30,CHEMBL4819277,CHEMBL4818985
CHEMBL4860719,206.0,6.69,CHEMBL4819277,CHEMBL4818985
CHEMBL4846146,375.0,6.43,CHEMBL4819277,CHEMBL4818985
CHEMBL4860275,320.0,6.50,CHEMBL4819277,CHEMBL4818985
CHEMBL4858771,229.0,6.64,CHEMBL4819277,CHEMBL4818985
CHEMBL4864863,103.0,6.99,CHEMBL4819277,CHEMBL4818985
CHEMBL4849230,413.0,6.38,CHEMBL4819277,CHEMBL4818985
CHEMBL4861431,754.0,6.12,CHEMBL4819277,CHEMBL4818985
CHEMBL4857676,580.0,6.24,CHEMBL4819277,CHEMBL4818985
CHEMBL4868911,356.0,6.45,CHEMBL4819277,CHEMBL4818985
CHEMBL4860006,157.0,6.80,CHEMBL4819277,CHEMBL4818985
CHEMBL4876727,368.0,6.43,CHEMBL4819277,CHEMBL4818985
CHEMBL4864448,377.0,6.42,CHEMBL4819277,CHEMBL4818985
CHEMBL4849077,270.0,6.57,CHEMBL4819277,CHEMBL4818985
CHEMBL715,9.0,8.05,CHEMBL4819277,CHEMBL4818985
CHEMBL2387229,2.6,8.59,CHEMBL4821052,CHEMBL4819047
CHEMBL3883955,5.0,8.30,CHEMBL4821052,CHEMBL4819047
CHEMBL4289498,2.9,8.54,CHEMBL4821052,CHEMBL4819047
CHEMBL4852663,12.2,7.91,CHEMBL4821052,CHEMBL4819047
CHEMBL4879054,14.1,7.85,CHEMBL4821052,CHEMBL4819047
CHEMBL4857350,12.6,7.90,CHEMBL4821052,CHEMBL4819047
CHEMBL4877940,6.2,8.21,CHEMBL4821052,CHEMBL4819047
CHEMBL4865735,10.8,7.97,CHEMBL4821052,CHEMBL4819047
CHEMBL4861311,9.7,8.01,CHEMBL4821052,CHEMBL4819047
CHEMBL4859348,10.3,7.99,CHEMBL4821052,CHEMBL4819047
CHEMBL4876719,11.6,7.94,CHEMBL4821052,CHEMBL4819047
CHEMBL4870307,9.5,8.02,CHEMBL4821052,CHEMBL4819047
CHEMBL4870716,1.5,8.82,CHEMBL4821052,CHEMBL4819047
CHEMBL4856753,2.0,8.70,CHEMBL4821052,CHEMBL4819047
CHEMBL4860828,1.9,8.72,CHEMBL4821052,CHEMBL4819047
CHEMBL4878271,2.0,8.70,CHEMBL4821052,CHEMBL4819047
CHEMBL4853342,2.5,8.60,CHEMBL4821052,CHEMBL4819047
CHEMBL4863980,5.4,8.27,CHEMBL4821052,CHEMBL4819047
CHEMBL4877973,3.1,8.51,CHEMBL4821052,CHEMBL4819047
CHEMBL4873319,2.6,8.59,CHEMBL4821052,CHEMBL4819047
CHEMBL4861193,7.4,8.13,CHEMBL4821052,CHEMBL4819047
CHEMBL4861643,2.7,8.57,CHEMBL4821052,CHEMBL4819047
CHEMBL4865907,1.7,8.77,CHEMBL4821052,CHEMBL4819047
CHEMBL4846866,1.9,8.72,CHEMBL4821052,CHEMBL4819047
CHEMBL4857918,13.4,7.87,CHEMBL4821052,CHEMBL4819047
CHEMBL4867978,10.5,7.98,CHEMBL4821052,CHEMBL4819047
CHEMBL85,3.9,8.41,CHEMBL4821052,CHEMBL4819047
CHEMBL1112,9.7,8.01,CHEMBL4821052,CHEMBL4819047
CHEMBL394110,38.0,7.42,CHEMBL4821476,CHEMBL4819072
CHEMBL238915,177.0,6.75,CHEMBL4821476,CHEMBL4819072
CHEMBL238916,113.0,6.95,CHEMBL4821476,CHEMBL4819072
CHEMBL238917,360.0,6.44,CHEMBL4821476,CHEMBL4819072
CHEMBL8412,1224.0,5.91,CHEMBL4821476,CHEMBL4819072
CHEMBL4565558,1.0,9.00,CHEMBL4821476,CHEMBL4819072
CHEMBL4470487,51.0,7.29,CHEMBL4821476,CHEMBL4819072
CHEMBL4860626,26.0,7.58,CHEMBL4821476,CHEMBL4819072
CHEMBL4872713,165.0,6.78,CHEMBL4821476,CHEMBL4819072
CHEMBL4860754,20.0,7.70,CHEMBL4821476,CHEMBL4819072
CHEMBL4869198,17.0,7.77,CHEMBL4821476,CHEMBL4819072
CHEMBL4867109,254.0,6.59,CHEMBL4821476,CHEMBL4819072
CHEMBL4874914,34.0,7.47,CHEMBL4821476,CHEMBL4819072
CHEMBL4873100,954.0,6.02,CHEMBL4821476,CHEMBL4819072
CHEMBL4853700,92.0,7.04,CHEMBL4821476,CHEMBL4819072
CHEMBL4866981,20.0,7.70,CHEMBL4821476,CHEMBL4819072
CHEMBL4876545,2.0,8.70,CHEMBL4821476,CHEMBL4819072
CHEMBL4855019,310.0,6.51,CHEMBL4822008,CHEMBL4819092
CHEMBL4863748,190.0,6.72,CHEMBL4822008,CHEMBL4819092
CHEMBL4856161,420.0,6.38,CHEMBL4822008,CHEMBL4819092
CHEMBL4878121,78.0,7.11,CHEMBL4822008,CHEMBL4819092
CHEMBL4854512,100.0,7.00,CHEMBL4822008,CHEMBL4819092
CHEMBL4876926,150.0,6.82,CHEMBL4822008,CHEMBL4819092
CHEMBL4867331,140.0,6.85,CHEMBL4822008,CHEMBL4819092
CHEMBL4877460,39.0,7.41,CHEMBL4822008,CHEMBL4819092
CHEMBL4876207,52.0,7.28,CHEMBL4822008,CHEMBL4819092
CHEMBL4854935,47.0,7.33,CHEMBL4822008,CHEMBL4819092
CHEMBL4848910,76.0,7.12,CHEMBL4822008,CHEMBL4819092
CHEMBL4855361,84.0,7.08,CHEMBL4822008,CHEMBL4819092
CHEMBL4857166,74.0,7.13,CHEMBL4822008,CHEMBL4819092
CHEMBL4876546,190.0,6.72,CHEMBL4822008,CHEMBL4819092
CHEMBL4862839,280.0,6.55,CHEMBL4822008,CHEMBL4819092
CHEMBL4855891,27.0,7.57,CHEMBL4822008,CHEMBL4819092
CHEMBL4846574,46.0,7.34,CHEMBL4822008,CHEMBL4819092
CHEMBL4878587,50.0,7.30,CHEMBL4822008,CHEMBL4819092
CHEMBL4876260,56.0,7.25,CHEMBL4822008,CHEMBL4819092
CHEMBL4849499,900.0,6.05,CHEMBL4822008,CHEMBL4819092
CHEMBL4860225,83.0,7.08,CHEMBL4822008,CHEMBL4819092
CHEMBL20734,2.61,8.58,CHEMBL4822008,CHEMBL4819092
CHEMBL4878826,473.0,6.33,CHEMBL4825013,CHEMBL4823295
CHEMBL4878501,723.0,6.14,CHEMBL4825013,CHEMBL4823295
CHEMBL4845838,897.0,6.05,CHEMBL4825013,CHEMBL4823295
CHEMBL4862399,563.0,6.25,CHEMBL4825013,CHEMBL4823295
CHEMBL4854126,1025.0,5.99,CHEMBL4825013,CHEMBL4823295
CHEMBL4863032,708.0,6.15,CHEMBL4825013,CHEMBL4823295
CHEMBL4875008,785.0,6.11,CHEMBL4825013,CHEMBL4823295
CHEMBL4878577,663.0,6.18,CHEMBL4825013,CHEMBL4823295
CHEMBL4862320,568.0,6.25,CHEMBL4825013,CHEMBL4823295
CHEMBL4848907,853.0,6.07,CHEMBL4825013,CHEMBL4823295
CHEMBL4869122,962.0,6.02,CHEMBL4825013,CHEMBL4823295
CHEMBL4849734,863.0,6.06,CHEMBL4825013,CHEMBL4823295
CHEMBL4848199,776.0,6.11,CHEMBL4825013,CHEMBL4823295
CHEMBL4855711,417.0,6.38,CHEMBL4825013,CHEMBL4823295
CHEMBL4869668,728.0,6.14,CHEMBL4825013,CHEMBL4823295
CHEMBL4853503,958.0,6.02,CHEMBL4825013,CHEMBL4823295
CHEMBL4864074,1065.0,5.97,CHEMBL4825013,CHEMBL4823295
CHEMBL4860687,967.0,6.01,CHEMBL4825013,CHEMBL4823295
CHEMBL4877715,861.0,6.07,CHEMBL4825013,CHEMBL4823295
CHEMBL4854351,732.0,6.13,CHEMBL4825013,CHEMBL4823295
CHEMBL4855879,962.0,6.02,CHEMBL4825013,CHEMBL4823295
CHEMBL4864813,589.0,6.23,CHEMBL4825013,CHEMBL4823295
CHEMBL4864112,697.0,6.16,CHEMBL4825013,CHEMBL4823295
CHEMBL4875181,923.0,6.04,CHEMBL4825013,CHEMBL4823295
CHEMBL4862275,688.0,6.16,CHEMBL4825013,CHEMBL4823295
CHEMBL4862790,744.0,6.13,CHEMBL4825013,CHEMBL4823295
CHEMBL4852472,803.0,6.09,CHEMBL4825013,CHEMBL4823295
CHEMBL4853993,785.0,6.11,CHEMBL4825013,CHEMBL4823295
CHEMBL4848710,568.0,6.25,CHEMBL4825013,CHEMBL4823295
CHEMBL4864969,642.0,6.19,CHEMBL4825013,CHEMBL4823295
CHEMBL25236,69.0,7.16,CHEMBL4825013,CHEMBL4823295
CHEMBL70565,43.0,7.37,CHEMBL4825013,CHEMBL4823295
CHEMBL1112,0.687,9.16,CHEMBL4828545,CHEMBL4825766
CHEMBL8946,0.117,9.93,CHEMBL4828545,CHEMBL4825766
CHEMBL4861573,2.26,8.65,CHEMBL4828545,CHEMBL4825766
CHEMBL4865434,0.688,9.16,CHEMBL4828545,CHEMBL4825766
CHEMBL4858824,205.0,6.69,CHEMBL4828545,CHEMBL4825766
CHEMBL4868275,2590.0,5.59,CHEMBL4828545,CHEMBL4825766
CHEMBL4864366,162.0,6.79,CHEMBL4828545,CHEMBL4825766
CHEMBL4876353,74.4,7.13,CHEMBL4828545,CHEMBL4825766
CHEMBL4849107,25.3,7.60,CHEMBL4828545,CHEMBL4825766
CHEMBL4853938,27.6,7.56,CHEMBL4828545,CHEMBL4825766
CHEMBL4871811,173.0,6.76,CHEMBL4828545,CHEMBL4825766
CHEMBL4875195,217.0,6.66,CHEMBL4828545,CHEMBL4825766
CHEMBL4871669,38.2,7.42,CHEMBL4828545,CHEMBL4825766
CHEMBL4858961,66.4,7.18,CHEMBL4828545,CHEMBL4825766
CHEMBL4862405,1310.0,5.88,CHEMBL4828545,CHEMBL4825766
CHEMBL4869151,1760.0,5.75,CHEMBL4828545,CHEMBL4825766
CHEMBL4873313,1.77,8.75,CHEMBL4828545,CHEMBL4825766
CHEMBL4864320,2.57,8.59,CHEMBL4828545,CHEMBL4825766
CHEMBL4860478,2.54,8.60,CHEMBL4828545,CHEMBL4825766
CHEMBL4850300,2.29,8.64,CHEMBL4828545,CHEMBL4825766
CHEMBL4853568,1.86,8.73,CHEMBL4828545,CHEMBL4825766
CHEMBL4846561,0.947,9.02,CHEMBL4828545,CHEMBL4825766
CHEMBL4868595,7.42,8.13,CHEMBL4828545,CHEMBL4825766
CHEMBL4856983,7.24,8.14,CHEMBL4828545,CHEMBL4825766
CHEMBL4847432,1.9,8.72,CHEMBL4828545,CHEMBL4825766
CHEMBL4862301,61.9,7.21,CHEMBL4842092,CHEMBL4840367
CHEMBL4862301,61.66,7.21,CHEMBL4842092,CHEMBL4840367
CHEMBL4872548,59.9,7.22,CHEMBL4842092,CHEMBL4840367
CHEMBL4872548,60.26,7.22,CHEMBL4842092,CHEMBL4840367
CHEMBL4863992,125.7,6.90,CHEMBL4842092,CHEMBL4840367
CHEMBL4863992,125.89,6.90,CHEMBL4842092,CHEMBL4840367
CHEMBL4850635,155.7,6.81,CHEMBL4842092,CHEMBL4840367
CHEMBL4850635,154.88,6.81,CHEMBL4842092,CHEMBL4840367
CHEMBL4859394,259.2,6.59,CHEMBL4842092,CHEMBL4840367
CHEMBL4859394,257.04,6.59,CHEMBL4842092,CHEMBL4840367
CHEMBL4871774,217.8,6.66,CHEMBL4842092,CHEMBL4840367
CHEMBL4871774,218.78,6.66,CHEMBL4842092,CHEMBL4840367
CHEMBL4855775,453.9,6.34,CHEMBL4842092,CHEMBL4840367
CHEMBL4855775,457.09,6.34,CHEMBL4842092,CHEMBL4840367
CHEMBL4871762,126.7,6.90,CHEMBL4842092,CHEMBL4840367
CHEMBL4871762,125.89,6.90,CHEMBL4842092,CHEMBL4840367
CHEMBL4845711,1825.0,5.74,CHEMBL4842092,CHEMBL4840367
CHEMBL4845711,1819.7,5.74,CHEMBL4842092,CHEMBL4840367
CHEMBL4874131,2188.0,5.66,CHEMBL4842092,CHEMBL4840367
CHEMBL4874131,2187.76,5.66,CHEMBL4842092,CHEMBL4840367
CHEMBL4876611,1040.0,5.98,CHEMBL4842092,CHEMBL4840367
CHEMBL4876611,1047.13,5.98,CHEMBL4842092,CHEMBL4840367
CHEMBL4864369,977.2,6.01,CHEMBL4842092,CHEMBL4840367
CHEMBL4864369,977.24,6.01,CHEMBL4842092,CHEMBL4840367
CHEMBL1112,2.13,8.67,CHEMBL4842092,CHEMBL4840367
CHEMBL1112,2.138,8.67,CHEMBL4842092,CHEMBL4840367
CHEMBL2105760,0.51,9.29,CHEMBL4842092,CHEMBL4840367
CHEMBL2105760,0.5129,9.29,CHEMBL4842092,CHEMBL4840367
CHEMBL2028019,1.45,8.84,CHEMBL4842092,CHEMBL4840367
CHEMBL2028019,1.445,8.84,CHEMBL4842092,CHEMBL4840367
CHEMBL54,6.33,8.20,CHEMBL4842092,CHEMBL4840367
CHEMBL54,6.31,8.20,CHEMBL4842092,CHEMBL4840367
CHEMBL4871833,244.3,6.61,CHEMBL4842092,CHEMBL4840367
CHEMBL4871833,245.47,6.61,CHEMBL4842092,CHEMBL4840367
CHEMBL4859080,128.1,6.89,CHEMBL4842092,CHEMBL4840367
CHEMBL4859080,128.82,6.89,CHEMBL4842092,CHEMBL4840367
CHEMBL4870140,321.6,6.49,CHEMBL4842092,CHEMBL4840367
CHEMBL4870140,323.59,6.49,CHEMBL4842092,CHEMBL4840367
CHEMBL4846101,426.6,6.37,CHEMBL4842092,CHEMBL4840367
CHEMBL4846101,426.58,6.37,CHEMBL4842092,CHEMBL4840367
CHEMBL4851121,1330.0,5.88,CHEMBL4842092,CHEMBL4840367
CHEMBL4851121,1122.02,5.95,CHEMBL4842092,CHEMBL4840367
CHEMBL4861553,365.6,6.44,CHEMBL4842092,CHEMBL4840367
CHEMBL4861553,363.08,6.44,CHEMBL4842092,CHEMBL4840367
CHEMBL4877827,95.2,7.02,CHEMBL4842092,CHEMBL4840367
CHEMBL4877827,95.5,7.02,CHEMBL4842092,CHEMBL4840367
CHEMBL4854391,384.3,6.42,CHEMBL4842092,CHEMBL4840367
CHEMBL4854391,380.19,6.42,CHEMBL4842092,CHEMBL4840367
CHEMBL4859567,178.0,6.75,CHEMBL4842092,CHEMBL4840367
CHEMBL4859567,177.83,6.75,CHEMBL4842092,CHEMBL4840367
CHEMBL4870901,2309.0,5.64,CHEMBL4842092,CHEMBL4840367
CHEMBL4870901,2290.87,5.64,CHEMBL4842092,CHEMBL4840367
CHEMBL4863636,299.9,6.52,CHEMBL4842092,CHEMBL4840367
CHEMBL4863636,302.0,6.52,CHEMBL4842092,CHEMBL4840367
CHEMBL4848451,98.3,7.01,CHEMBL4842092,CHEMBL4840367
CHEMBL4848451,97.72,7.01,CHEMBL4842092,CHEMBL4840367
CHEMBL4863920,832.4,6.08,CHEMBL4842092,CHEMBL4840367
CHEMBL4863920,831.76,6.08,CHEMBL4842092,CHEMBL4840367
CHEMBL4862439,49.3,7.31,CHEMBL4842092,CHEMBL4840367
CHEMBL4862439,48.98,7.31,CHEMBL4842092,CHEMBL4840367
CHEMBL4872467,42.7,7.37,CHEMBL4842092,CHEMBL4840367
CHEMBL4872467,42.66,7.37,CHEMBL4842092,CHEMBL4840367
CHEMBL4864436,27.4,7.56,CHEMBL4842092,CHEMBL4840367
CHEMBL4864436,27.54,7.56,CHEMBL4842092,CHEMBL4840367
CHEMBL4874021,25.8,7.59,CHEMBL4842092,CHEMBL4840367
CHEMBL4874021,25.7,7.59,CHEMBL4842092,CHEMBL4840367
CHEMBL4859410,38.0,7.42,CHEMBL4842092,CHEMBL4840367
CHEMBL4859410,38.02,7.42,CHEMBL4842092,CHEMBL4840367
CHEMBL4857759,15.6,7.81,CHEMBL4842092,CHEMBL4840367
CHEMBL4857759,15.49,7.81,CHEMBL4842092,CHEMBL4840367
CHEMBL4852808,32.2,7.49,CHEMBL4842092,CHEMBL4840367
CHEMBL4852808,32.36,7.49,CHEMBL4842092,CHEMBL4840367
CHEMBL4846472,32.9,7.48,CHEMBL4842092,CHEMBL4840367
CHEMBL4846472,33.11,7.48,CHEMBL4842092,CHEMBL4840367
CHEMBL4865389,322.5,6.49,CHEMBL4842092,CHEMBL4840367
CHEMBL4865389,323.59,6.49,CHEMBL4842092,CHEMBL4840367
CHEMBL4865118,159.0,6.80,CHEMBL4842092,CHEMBL4840367
CHEMBL4865118,158.49,6.80,CHEMBL4842092,CHEMBL4840367
CHEMBL4849780,263.3,6.58,CHEMBL4842092,CHEMBL4840367
CHEMBL4849780,263.03,6.58,CHEMBL4842092,CHEMBL4840367
CHEMBL4855583,214.0,6.67,CHEMBL4842092,CHEMBL4840367
CHEMBL4855583,213.8,6.67,CHEMBL4842092,CHEMBL4840367
CHEMBL4862890,20.8,7.68,CHEMBL4842092,CHEMBL4840367
CHEMBL4862890,20.89,7.68,CHEMBL4842092,CHEMBL4840367
CHEMBL4852524,43.8,7.36,CHEMBL4842092,CHEMBL4840367
CHEMBL4852524,43.65,7.36,CHEMBL4842092,CHEMBL4840367
CHEMBL4863832,6.58,8.18,CHEMBL4842092,CHEMBL4840367
CHEMBL4863832,6.607,8.18,CHEMBL4842092,CHEMBL4840367
CHEMBL4852835,362.5,6.44,CHEMBL4842092,CHEMBL4840367
CHEMBL4852835,363.08,6.44,CHEMBL4842092,CHEMBL4840367
CHEMBL4862770,11.5,7.94,CHEMBL4842092,CHEMBL4840367
CHEMBL4862770,11.48,7.94,CHEMBL4842092,CHEMBL4840367
CHEMBL4876116,30.1,7.52,CHEMBL4842092,CHEMBL4840367
CHEMBL4876116,30.2,7.52,CHEMBL4842092,CHEMBL4840367
CHEMBL4875081,12.8,7.89,CHEMBL4842092,CHEMBL4840367
CHEMBL4875081,12.88,7.89,CHEMBL4842092,CHEMBL4840367
CHEMBL4867794,317.0,6.50,CHEMBL4842092,CHEMBL4840367
CHEMBL4867794,316.23,6.50,CHEMBL4842092,CHEMBL4840367
CHEMBL4867565,4392.0,5.36,CHEMBL4844536,CHEMBL4842371
CHEMBL4846153,1345.0,5.87,CHEMBL4844536,CHEMBL4842371
CHEMBL4870374,2156.0,5.67,CHEMBL4844536,CHEMBL4842371
CHEMBL4526351,10000.0,5.00,CHEMBL4880035,CHEMBL4507270
CHEMBL4526351,10000.0,5.00,CHEMBL4880035,CHEMBL4507270
CHEMBL4520788,2333.64,5.63,CHEMBL4880035,CHEMBL4507273
CHEMBL4520788,1995.26,5.70,CHEMBL4880035,CHEMBL4507273
CHEMBL4558518,1219.0,5.91,CHEMBL4880035,CHEMBL4507288
CHEMBL4558518,1258.93,5.90,CHEMBL4880035,CHEMBL4507288
CHEMBL561132,3746.0,5.43,CHEMBL4880035,CHEMBL4507290
CHEMBL561132,3981.07,5.40,CHEMBL4880035,CHEMBL4507290
CHEMBL3480577,10000.0,,CHEMBL4883296,CHEMBL4507309
CHEMBL4579981,10000.0,,CHEMBL4883296,CHEMBL4507309
CHEMBL3480577,4328.0,5.36,CHEMBL4880035,CHEMBL4507309
CHEMBL3480577,3981.07,5.40,CHEMBL4880035,CHEMBL4507309
CHEMBL4456585,397.52,6.40,CHEMBL4880035,CHEMBL4507321
CHEMBL4456585,389.05,6.41,CHEMBL4880035,CHEMBL4507321
CHEMBL4520293,369.37,6.43,CHEMBL4880035,CHEMBL4507322
CHEMBL4520293,354.81,6.45,CHEMBL4880035,CHEMBL4507322
CHEMBL4637208,967.0,6.01,CHEMBL4880035,CHEMBL4630902
CHEMBL4637208,812.83,6.09,CHEMBL4880035,CHEMBL4630902
CHEMBL5088622,1246.0,5.90,CHEMBL5032915,CHEMBL5032500
CHEMBL5082650,1586.0,5.80,CHEMBL5032915,CHEMBL5032500
CHEMBL596,21000.0,4.68,CHEMBL5046486,CHEMBL5046218
CHEMBL841,5790.0,5.24,CHEMBL5046486,CHEMBL5046218
CHEMBL54,3.55,8.45,CHEMBL5046486,CHEMBL5046218
CHEMBL651,100000.0,,CHEMBL5046486,CHEMBL5046218
CHEMBL5090346,17600.0,4.75,CHEMBL5046486,CHEMBL5046218
CHEMBL5079903,2630.0,5.58,CHEMBL5046486,CHEMBL5046218
CHEMBL5089655,149.0,6.83,CHEMBL5046486,CHEMBL5046218
CHEMBL5073904,903.0,6.04,CHEMBL5046486,CHEMBL5046218
CHEMBL346898,17900.0,4.75,CHEMBL5046486,CHEMBL5046218
CHEMBL5093200,42.7,7.37,CHEMBL5046486,CHEMBL5046218
CHEMBL346331,34900.0,4.46,CHEMBL5046486,CHEMBL5046218
CHEMBL5077104,1940.0,5.71,CHEMBL5046486,CHEMBL5046218
CHEMBL5094044,100000.0,,CHEMBL5046486,CHEMBL5046218
CHEMBL5085974,74.7,7.13,CHEMBL5046486,CHEMBL5046218
CHEMBL5084145,2270.0,5.64,CHEMBL5046486,CHEMBL5046218
CHEMBL5070377,3650.0,5.44,CHEMBL5046486,CHEMBL5046218
CHEMBL5073754,43.9,7.36,CHEMBL5046486,CHEMBL5046218
CHEMBL5087543,700.0,6.16,CHEMBL5046486,CHEMBL5046218
CHEMBL5088070,43.0,7.37,CHEMBL5046486,CHEMBL5046218
CHEMBL5074399,62.1,7.21,CHEMBL5046486,CHEMBL5046218
CHEMBL5071238,457.0,6.34,CHEMBL5046486,CHEMBL5046218
CHEMBL5090215,1240.0,5.91,CHEMBL5046486,CHEMBL5046218
CHEMBL5091656,12400.0,4.91,CHEMBL5046486,CHEMBL5046218
CHEMBL5089932,1730.0,5.76,CHEMBL5046486,CHEMBL5046218
CHEMBL5075990,502.0,6.30,CHEMBL5046486,CHEMBL5046218
CHEMBL5091479,100000.0,,CHEMBL5046486,CHEMBL5046218
CHEMBL5094927,100000.0,,CHEMBL5046486,CHEMBL5046218
CHEMBL5079053,2380.0,5.62,CHEMBL5046486,CHEMBL5046218
CHEMBL5081136,9.41,8.03,CHEMBL5046486,CHEMBL5046218
CHEMBL5076359,5240.0,5.28,CHEMBL5046486,CHEMBL5046218
CHEMBL5087504,987.0,6.01,CHEMBL5046486,CHEMBL5046218
CHEMBL5092243,170.0,6.77,CHEMBL5046486,CHEMBL5046218
CHEMBL5083473,190.0,6.72,CHEMBL5046486,CHEMBL5046218
CHEMBL5083441,187.0,6.73,CHEMBL5046486,CHEMBL5046218
CHEMBL5080654,636.0,6.20,CHEMBL5046486,CHEMBL5046218
CHEMBL5077645,7380.0,5.13,CHEMBL5046486,CHEMBL5046218
CHEMBL5087408,100000.0,,CHEMBL5046486,CHEMBL5046218
CHEMBL5082465,2950.0,5.53,CHEMBL5046486,CHEMBL5046218
CHEMBL5083186,3890.0,5.41,CHEMBL5046486,CHEMBL5046218
CHEMBL5077114,2860.0,5.54,CHEMBL5046486,CHEMBL5046218
CHEMBL5086564,4860.0,5.31,CHEMBL5046486,CHEMBL5046218
CHEMBL5091775,100000.0,,CHEMBL5046486,CHEMBL5046218
CHEMBL5091335,100000.0,,CHEMBL5046486,CHEMBL5046218
CHEMBL5075014,4530.0,5.34,CHEMBL5046486,CHEMBL5046218
CHEMBL5072449,1310.0,5.88,CHEMBL5046486,CHEMBL5046218
CHEMBL5075726,51.6,7.29,CHEMBL5046486,CHEMBL5046218
CHEMBL5089655,36.3,7.44,CHEMBL5046490,CHEMBL5046218
CHEMBL5085974,31.3,7.50,CHEMBL5046490,CHEMBL5046218
CHEMBL5073754,23.1,7.64,CHEMBL5046490,CHEMBL5046218
CHEMBL5087543,167.0,6.78,CHEMBL5046490,CHEMBL5046218
CHEMBL5088070,20.3,7.69,CHEMBL5046490,CHEMBL5046218
CHEMBL5074399,44.2,7.36,CHEMBL5046490,CHEMBL5046218
CHEMBL5071238,114.0,6.94,CHEMBL5046490,CHEMBL5046218
CHEMBL5075990,93.7,7.03,CHEMBL5046490,CHEMBL5046218
CHEMBL5080654,186.0,6.73,CHEMBL5046490,CHEMBL5046218
CHEMBL5077645,2790.0,5.55,CHEMBL5046490,CHEMBL5046218
CHEMBL5091775,100000.0,,CHEMBL5046490,CHEMBL5046218
CHEMBL5091335,100000.0,,CHEMBL5046490,CHEMBL5046218
CHEMBL5084167,5.248,8.28,CHEMBL5046640,CHEMBL5046222
CHEMBL5092755,19.95,7.70,CHEMBL5046640,CHEMBL5046222
CHEMBL5093250,426.58,6.37,CHEMBL5046640,CHEMBL5046222
CHEMBL5077755,50.12,7.30,CHEMBL5046640,CHEMBL5046222
CHEMBL5080955,134.9,6.87,CHEMBL5046640,CHEMBL5046222
CHEMBL5089348,95.5,7.02,CHEMBL5046640,CHEMBL5046222
CHEMBL5082267,302.0,6.52,CHEMBL5046640,CHEMBL5046222
CHEMBL5077178,257.04,6.59,CHEMBL5046640,CHEMBL5046222
CHEMBL5083505,645.65,6.19,CHEMBL5046640,CHEMBL5046222
CHEMBL5082182,162.18,6.79,CHEMBL5046640,CHEMBL5046222
CHEMBL5080305,93.33,7.03,CHEMBL5046640,CHEMBL5046222
CHEMBL5076882,154.88,6.81,CHEMBL5046640,CHEMBL5046222
CHEMBL5093017,128.82,6.89,CHEMBL5046640,CHEMBL5046222
CHEMBL5087742,53.7,7.27,CHEMBL5046640,CHEMBL5046222
CHEMBL5090557,54.95,7.26,CHEMBL5046640,CHEMBL5046222
CHEMBL5080719,30.2,7.52,CHEMBL5046640,CHEMBL5046222
CHEMBL5076846,53.7,7.27,CHEMBL5046640,CHEMBL5046222
CHEMBL5073337,112.2,6.95,CHEMBL5046640,CHEMBL5046222
CHEMBL5079536,53.7,7.27,CHEMBL5046640,CHEMBL5046222
CHEMBL5088232,46.77,7.33,CHEMBL5046640,CHEMBL5046222
CHEMBL5085390,154.88,6.81,CHEMBL5046640,CHEMBL5046222
CHEMBL71,2.344,8.63,CHEMBL5046640,CHEMBL5046222
CHEMBL715,16.98,7.77,CHEMBL5046640,CHEMBL5046222
CHEMBL716,309.03,6.51,CHEMBL5046640,CHEMBL5046222
CHEMBL54,1.862,8.73,CHEMBL5046640,CHEMBL5046222
CHEMBL3623630,10000.0,,CHEMBL4880035,CHEMBL5058648
CHEMBL3623630,1000000000.0,,CHEMBL4880035,CHEMBL5058648
CHEMBL267014,1621.81,5.79,CHEMBL5106582,CHEMBL5104176
CHEMBL3354065,676.08,6.17,CHEMBL5106582,CHEMBL5104176
CHEMBL4085780,1096.48,5.96,CHEMBL5106582,CHEMBL5104176
CHEMBL5205590,724.44,6.14,CHEMBL5106582,CHEMBL5104176
CHEMBL5207313,12022.64,4.92,CHEMBL5106582,CHEMBL5104176
CHEMBL5203856,6165.95,5.21,CHEMBL5106582,CHEMBL5104176
CHEMBL5179879,1698.24,5.77,CHEMBL5106582,CHEMBL5104176
CHEMBL5200816,1778.28,5.75,CHEMBL5106582,CHEMBL5104176
CHEMBL5169993,707.95,6.15,CHEMBL5106582,CHEMBL5104176
CHEMBL5171721,12882.5,4.89,CHEMBL5106582,CHEMBL5104176
CHEMBL5199358,1122.02,5.95,CHEMBL5106582,CHEMBL5104176
CHEMBL5188796,281.84,6.55,CHEMBL5106582,CHEMBL5104176
CHEMBL5209074,398.11,6.40,CHEMBL5106582,CHEMBL5104176
CHEMBL5170580,1445.44,5.84,CHEMBL5106582,CHEMBL5104176
CHEMBL5171439,5128.61,5.29,CHEMBL5106582,CHEMBL5104176
CHEMBL5189614,81.28,7.09,CHEMBL5106582,CHEMBL5104176
CHEMBL5191408,3090.3,5.51,CHEMBL5106582,CHEMBL5104176
CHEMBL5178868,20892.96,4.68,CHEMBL5106582,CHEMBL5104176
CHEMBL5172201,138.04,6.86,CHEMBL5106582,CHEMBL5104176
CHEMBL5204418,758.58,6.12,CHEMBL5106582,CHEMBL5104176
CHEMBL5196870,5495.41,5.26,CHEMBL5106582,CHEMBL5104176
CHEMBL5198170,131.83,6.88,CHEMBL5106582,CHEMBL5104176
CHEMBL5176100,2511.89,5.60,CHEMBL5106582,CHEMBL5104176
CHEMBL5175009,23988.33,4.62,CHEMBL5106582,CHEMBL5104176
CHEMBL5191299,354.81,6.45,CHEMBL5106582,CHEMBL5104176
CHEMBL5196873,2754.23,5.56,CHEMBL5106582,CHEMBL5104176
CHEMBL5172871,3981.07,5.40,CHEMBL5106582,CHEMBL5104176
CHEMBL5177462,54.95,7.26,CHEMBL5106582,CHEMBL5104176
CHEMBL5179930,549.54,6.26,CHEMBL5106582,CHEMBL5104176
CHEMBL5175054,954.99,6.02,CHEMBL5106582,CHEMBL5104176
CHEMBL71838,241.0,6.62,CHEMBL5113786,CHEMBL5113374
CHEMBL4434865,6300.0,5.20,CHEMBL5116835,CHEMBL5113450
CHEMBL5191141,4.1,8.39,CHEMBL5117893,CHEMBL5113485
CHEMBL5201983,11.0,7.96,CHEMBL5117893,CHEMBL5113485
CHEMBL5187578,5.5,8.26,CHEMBL5119252,CHEMBL5113516
CHEMBL5186821,366.0,6.44,CHEMBL5121178,CHEMBL5120748
CHEMBL5197737,46.0,7.34,CHEMBL5121178,CHEMBL5120748
CHEMBL5170808,7.0,8.15,CHEMBL5121178,CHEMBL5120748
CHEMBL5202120,1039.0,5.98,CHEMBL5121178,CHEMBL5120748
CHEMBL5187317,38.0,7.42,CHEMBL5121178,CHEMBL5120748
CHEMBL5191557,8.0,8.10,CHEMBL5121178,CHEMBL5120748
CHEMBL5205324,1009.0,6.00,CHEMBL5121178,CHEMBL5120748
CHEMBL5197911,20.0,7.70,CHEMBL5121178,CHEMBL5120748
CHEMBL5194270,5.0,8.30,CHEMBL5121178,CHEMBL5120748
CHEMBL5199820,418.0,6.38,CHEMBL5121178,CHEMBL5120748
CHEMBL5189648,52.0,7.28,CHEMBL5121178,CHEMBL5120748
CHEMBL5184538,13.0,7.89,CHEMBL5121178,CHEMBL5120748
CHEMBL5194614,39.0,7.41,CHEMBL5121178,CHEMBL5120748
CHEMBL5194826,8333.0,5.08,CHEMBL5121178,CHEMBL5120748
CHEMBL5171456,13460.0,4.87,CHEMBL5121178,CHEMBL5120748
CHEMBL5201719,3207.0,5.49,CHEMBL5121178,CHEMBL5120748
CHEMBL5178499,8749.0,5.06,CHEMBL5121178,CHEMBL5120748
CHEMBL5190020,3907.0,5.41,CHEMBL5121178,CHEMBL5120748
CHEMBL5171734,5003.0,5.30,CHEMBL5121178,CHEMBL5120748
CHEMBL5189520,4402.0,5.36,CHEMBL5121178,CHEMBL5120748
CHEMBL5197266,4402.0,5.36,CHEMBL5121178,CHEMBL5120748
CHEMBL5174637,13300.0,4.88,CHEMBL5121178,CHEMBL5120748
CHEMBL5177186,3077.0,5.51,CHEMBL5121178,CHEMBL5120748
CHEMBL1112,3.3,8.48,CHEMBL5121188,CHEMBL5120748
CHEMBL54,2.61,8.58,CHEMBL5133886,CHEMBL5131451
CHEMBL5171776,328.0,6.48,CHEMBL5133886,CHEMBL5131451
CHEMBL5202417,81.1,7.09,CHEMBL5133886,CHEMBL5131451
CHEMBL5197956,309.0,6.51,CHEMBL5133886,CHEMBL5131451
CHEMBL5207676,497.3,6.30,CHEMBL5133886,CHEMBL5131451
CHEMBL5204696,182.0,6.74,CHEMBL5133886,CHEMBL5131451
CHEMBL5190788,10.0,8.00,CHEMBL5145822,CHEMBL5143593
CHEMBL5176374,770.0,6.11,CHEMBL5145822,CHEMBL5143593
CHEMBL5193798,1500.0,5.82,CHEMBL5145822,CHEMBL5143593
CHEMBL5182877,110.0,6.96,CHEMBL5145822,CHEMBL5143593
CHEMBL5178994,260.0,6.58,CHEMBL5145822,CHEMBL5143593
CHEMBL5173564,2100.0,5.68,CHEMBL5145822,CHEMBL5143593
CHEMBL5173624,5500.0,5.26,CHEMBL5145822,CHEMBL5143593
CHEMBL5195091,120.0,6.92,CHEMBL5145822,CHEMBL5143593
CHEMBL5178688,590.0,6.23,CHEMBL5145822,CHEMBL5143593
CHEMBL5188923,82.0,7.09,CHEMBL5145822,CHEMBL5143593
CHEMBL5196828,130.0,6.89,CHEMBL5145822,CHEMBL5143593
CHEMBL5205697,210.0,6.68,CHEMBL5145822,CHEMBL5143593
CHEMBL5209381,630.0,6.20,CHEMBL5145822,CHEMBL5143593
CHEMBL5200023,130.0,6.89,CHEMBL5145822,CHEMBL5143593
CHEMBL5202003,860.0,6.07,CHEMBL5145822,CHEMBL5143593
CHEMBL5170927,81.0,7.09,CHEMBL5145822,CHEMBL5143593
CHEMBL5201798,2100.0,5.68,CHEMBL5145822,CHEMBL5143593
CHEMBL5172819,9.0,8.05,CHEMBL5145822,CHEMBL5143593
CHEMBL1112,4.5,8.35,CHEMBL5145822,CHEMBL5143593
CHEMBL42,150.0,6.82,CHEMBL5145822,CHEMBL5143593
CHEMBL46,10000.0,,CHEMBL5145822,CHEMBL5143593
CHEMBL1112,0.3,9.52,CHEMBL5145883,CHEMBL5143593
CHEMBL2028019,0.5012,9.30,CHEMBL5145883,CHEMBL5143593
CHEMBL5209272,1000.0,,CHEMBL5146509,CHEMBL5143617
CHEMBL5189417,1000.0,,CHEMBL5146509,CHEMBL5143617
CHEMBL5207281,9549.93,5.02,CHEMBL5151464,CHEMBL5149991
CHEMBL5183205,3467.37,5.46,CHEMBL5151464,CHEMBL5149991
CHEMBL5200771,10000.0,,CHEMBL5151464,CHEMBL5149991
CHEMBL5204599,1621.81,5.79,CHEMBL5151464,CHEMBL5149991
CHEMBL5206565,6309.57,5.20,CHEMBL5151464,CHEMBL5149991
CHEMBL5178472,4570.88,5.34,CHEMBL5151464,CHEMBL5149991
CHEMBL5208845,10000.0,,CHEMBL5151464,CHEMBL5149991
CHEMBL5201074,10000.0,,CHEMBL5151464,CHEMBL5149991
CHEMBL5184911,10000.0,,CHEMBL5151464,CHEMBL5149991
CHEMBL5180504,1071.52,5.97,CHEMBL5151464,CHEMBL5149991
CHEMBL5202592,489.78,6.31,CHEMBL5151464,CHEMBL5149991
CHEMBL5198795,446.68,6.35,CHEMBL5151464,CHEMBL5149991
CHEMBL5176229,954.99,6.02,CHEMBL5151464,CHEMBL5149991
CHEMBL301265,25.7,7.59,CHEMBL5151465,CHEMBL5149991
CHEMBL301265,1000.0,6.00,CHEMBL5151467,CHEMBL5149991
CHEMBL5193103,62.0,7.21,CHEMBL5163611,CHEMBL5154833
CHEMBL5199228,9.0,8.05,CHEMBL5163611,CHEMBL5154833
CHEMBL5185787,32.0,7.50,CHEMBL5163611,CHEMBL5154833
CHEMBL5172673,143.0,6.84,CHEMBL5163611,CHEMBL5154833
CHEMBL5189101,60.0,7.22,CHEMBL5163611,CHEMBL5154833
CHEMBL5204274,1940.0,5.71,CHEMBL5163611,CHEMBL5154833
CHEMBL5190996,559.0,6.25,CHEMBL5163611,CHEMBL5154833
CHEMBL5186688,148.0,6.83,CHEMBL5163611,CHEMBL5154833
CHEMBL5177716,1390.0,5.86,CHEMBL5163611,CHEMBL5154833
CHEMBL5201984,18.0,7.75,CHEMBL5163611,CHEMBL5154833
CHEMBL5182383,85.0,7.07,CHEMBL5163611,CHEMBL5154833
CHEMBL5204088,253.0,6.60,CHEMBL5163611,CHEMBL5154833
CHEMBL5201464,235.0,6.63,CHEMBL5163611,CHEMBL5154833
CHEMBL5181868,229.0,6.64,CHEMBL5163611,CHEMBL5154833
CHEMBL5191370,115900.0,,CHEMBL5163611,CHEMBL5154833
CHEMBL478,10000.0,,CHEMBL5163622,CHEMBL5154833
CHEMBL5202054,137.0,6.86,CHEMBL5163622,CHEMBL5154833
CHEMBL4520293,369.37,6.43,CHEMBL5214422,CHEMBL5212743
CHEMBL4520293,369.37,6.43,CHEMBL5214423,CHEMBL5212743
CHEMBL4520788,2333.64,5.63,CHEMBL5213955,CHEMBL5212743
CHEMBL561132,3746.0,5.43,CHEMBL5214284,CHEMBL5212743
CHEMBL4558518,1219.0,5.91,CHEMBL5213926,CHEMBL5212743
CHEMBL3480577,10000.0,,CHEMBL5214439,CHEMBL5212743
CHEMBL4579981,10000.0,,CHEMBL5214352,CHEMBL5212743
CHEMBL4526351,10000.0,,CHEMBL5213344,CHEMBL5212743
CHEMBL4576555,2752.0,5.56,CHEMBL5213382,CHEMBL5212743
CHEMBL4456585,397.52,6.40,CHEMBL5214067,CHEMBL5212743
CHEMBL26,9.8,8.01,CHEMBL5215982,CHEMBL5214911
CHEMBL5219924,1.7,8.77,CHEMBL5215982,CHEMBL5214911
CHEMBL243712,3.0,8.52,CHEMBL5215986,CHEMBL5214911
CHEMBL4086515,1950.0,5.71,CHEMBL5216600,CHEMBL5214932
CHEMBL4520796,1090.0,5.96,CHEMBL5216600,CHEMBL5214932
CHEMBL4447416,1000.0,6.00,CHEMBL5216600,CHEMBL5214932
CHEMBL4873623,420.0,6.38,CHEMBL5216600,CHEMBL5214932
CHEMBL4860275,320.0,6.50,CHEMBL5216600,CHEMBL5214932
CHEMBL5219240,300.0,6.52,CHEMBL5216600,CHEMBL5214932
CHEMBL596802,10000.0,5.00,CHEMBL5225126,CHEMBL5223132
CHEMBL4464060,1740.0,5.76,CHEMBL5228992,CHEMBL5226346
CHEMBL5277640,1320.0,5.88,CHEMBL5228992,CHEMBL5226346
CHEMBL419792,80.6,7.09,CHEMBL5228992,CHEMBL5226346
CHEMBL4551160,87.8,7.06,CHEMBL5228992,CHEMBL5226346
CHEMBL4437740,831.0,6.08,CHEMBL5228992,CHEMBL5226346
CHEMBL5291065,86.7,7.06,CHEMBL5228992,CHEMBL5226346
CHEMBL5267958,80.8,7.09,CHEMBL5228992,CHEMBL5226346
CHEMBL5280481,115.0,6.94,CHEMBL5228992,CHEMBL5226346
CHEMBL5288831,55.9,7.25,CHEMBL5228992,CHEMBL5226346
CHEMBL5273118,2.03,8.69,CHEMBL5228992,CHEMBL5226346
CHEMBL5273776,4.58,8.34,CHEMBL5228992,CHEMBL5226346
CHEMBL5280797,1870.0,5.73,CHEMBL5228992,CHEMBL5226346
CHEMBL5266180,13500.0,4.87,CHEMBL5228992,CHEMBL5226346
CHEMBL5274609,110.0,6.96,CHEMBL5228992,CHEMBL5226346
CHEMBL4744811,86.2,7.06,CHEMBL5228992,CHEMBL5226346
CHEMBL5286603,371.0,6.43,CHEMBL5228992,CHEMBL5226346
CHEMBL5287555,9.56,8.02,CHEMBL5228992,CHEMBL5226346
CHEMBL5286161,49.1,7.31,CHEMBL5228992,CHEMBL5226346
CHEMBL4764883,1010.0,6.00,CHEMBL5228992,CHEMBL5226346
CHEMBL419792,16300.0,4.79,CHEMBL5228996,CHEMBL5226346
CHEMBL4551160,1610.0,5.79,CHEMBL5228996,CHEMBL5226346
CHEMBL4437740,70600.0,4.15,CHEMBL5228996,CHEMBL5226346
CHEMBL5291065,15000.0,4.82,CHEMBL5228996,CHEMBL5226346
CHEMBL5267958,22600.0,4.65,CHEMBL5228996,CHEMBL5226346
CHEMBL5280481,25400.0,4.59,CHEMBL5228996,CHEMBL5226346
CHEMBL5288831,7920.0,5.10,CHEMBL5228996,CHEMBL5226346
CHEMBL5273118,853.0,6.07,CHEMBL5228996,CHEMBL5226346
CHEMBL5273776,1320.0,5.88,CHEMBL5228996,CHEMBL5226346
CHEMBL5280797,7930.0,5.10,CHEMBL5228996,CHEMBL5226346
CHEMBL5266180,32300.0,4.49,CHEMBL5228996,CHEMBL5226346
CHEMBL5279818,316.23,6.50,CHEMBL5231713,CHEMBL5230125
CHEMBL5283457,38.9,7.41,CHEMBL5231713,CHEMBL5230125
CHEMBL2414990,173.78,6.76,CHEMBL5231713,CHEMBL5230125
CHEMBL2414991,38.9,7.41,CHEMBL5231713,CHEMBL5230125
CHEMBL5286231,3801.89,5.42,CHEMBL5231713,CHEMBL5230125
CHEMBL5273758,12.88,7.89,CHEMBL5231713,CHEMBL5230125
CHEMBL5285185,15.85,7.80,CHEMBL5231713,CHEMBL5230125
CHEMBL328054,436.0,6.36,CHEMBL5232011,CHEMBL5230136
CHEMBL92489,774.0,6.11,CHEMBL5232011,CHEMBL5230136
CHEMBL92373,5800.0,,CHEMBL5232011,CHEMBL5230136
CHEMBL89921,1170.0,5.93,CHEMBL5232011,CHEMBL5230136
CHEMBL314095,2780.0,5.56,CHEMBL5232011,CHEMBL5230136
CHEMBL91273,5800.0,,CHEMBL5232011,CHEMBL5230136
CHEMBL314285,5800.0,,CHEMBL5232011,CHEMBL5230136
CHEMBL91067,5800.0,,CHEMBL5232011,CHEMBL5230136
CHEMBL90569,5500.0,5.26,CHEMBL5232011,CHEMBL5230136
CHEMBL89913,5800.0,,CHEMBL5232011,CHEMBL5230136
CHEMBL329126,1170.0,5.93,CHEMBL5232011,CHEMBL5230136
CHEMBL91658,5800.0,,CHEMBL5232011,CHEMBL5230136
CHEMBL91938,3700.0,5.43,CHEMBL5232011,CHEMBL5230136
CHEMBL440506,5800.0,,CHEMBL5232011,CHEMBL5230136
CHEMBL91585,5800.0,,CHEMBL5232011,CHEMBL5230136
CHEMBL42,41.0,7.39,CHEMBL5235409,CHEMBL5233263
CHEMBL7927,3200.0,5.50,CHEMBL5235409,CHEMBL5233263
CHEMBL160626,44000.0,4.36,CHEMBL5235409,CHEMBL5233263
CHEMBL310843,3400.0,5.47,CHEMBL5235409,CHEMBL5233263
CHEMBL346389,413.0,6.38,CHEMBL5235409,CHEMBL5233263
CHEMBL5272162,2100.0,5.68,CHEMBL5235409,CHEMBL5233263
CHEMBL5278853,4900.0,5.31,CHEMBL5235409,CHEMBL5233263
CHEMBL5280364,22000.0,4.66,CHEMBL5235409,CHEMBL5233263
CHEMBL140099,3100.0,5.51,CHEMBL5235409,CHEMBL5233263
CHEMBL143761,28000.0,4.55,CHEMBL5235409,CHEMBL5233263
CHEMBL5285358,8800.0,5.06,CHEMBL5235409,CHEMBL5233263
CHEMBL66227,3310.0,,CHEMBL5235409,CHEMBL5233263
CHEMBL81330,199.0,6.70,CHEMBL5235409,CHEMBL5233263
CHEMBL1616116,1000.0,,CHEMBL5235409,CHEMBL5233263
CHEMBL436274,892.0,6.05,CHEMBL5235410,CHEMBL5233263
CHEMBL5286175,4700.0,5.33,CHEMBL5235411,CHEMBL5233263
CHEMBL127257,6000.0,,CHEMBL5235411,CHEMBL5233263
CHEMBL267014,960.0,6.02,CHEMBL5235417,CHEMBL5233263
CHEMBL5277859,10200.0,4.99,CHEMBL5235417,CHEMBL5233263
CHEMBL146246,5147.0,5.29,CHEMBL5235417,CHEMBL5233263
CHEMBL320597,113.0,6.95,CHEMBL5235417,CHEMBL5233263
CHEMBL351963,209.0,6.68,CHEMBL5235417,CHEMBL5233263
CHEMBL305276,133.0,6.88,CHEMBL5235417,CHEMBL5233263
CHEMBL38262,1842.0,5.74,CHEMBL5235417,CHEMBL5233263
CHEMBL444309,17000.0,,CHEMBL5235417,CHEMBL5233263
CHEMBL5289845,10000.0,,CHEMBL5235417,CHEMBL5233263
CHEMBL3480577,10000.0,,CHEMBL5235417,CHEMBL5233263
CHEMBL5290993,10000.0,,CHEMBL5235417,CHEMBL5233263
CHEMBL5278957,10000.0,,CHEMBL5235417,CHEMBL5233263
CHEMBL5267339,10000.0,,CHEMBL5235417,CHEMBL5233263
CHEMBL5272829,10000.0,,CHEMBL5235417,CHEMBL5233263
CHEMBL5290570,10000.0,,CHEMBL5235417,CHEMBL5233263
CHEMBL5283608,10000.0,,CHEMBL5235417,CHEMBL5233263
CHEMBL5277325,10000.0,,CHEMBL5235417,CHEMBL5233263
CHEMBL4079495,10000.0,,CHEMBL5235417,CHEMBL5233263
CHEMBL5277789,10000.0,,CHEMBL5235417,CHEMBL5233263
CHEMBL2312227,10000.0,,CHEMBL5235417,CHEMBL5233263
CHEMBL4068924,5882.0,,CHEMBL5235423,CHEMBL5233263
CHEMBL2207643,33.0,7.48,CHEMBL5235427,CHEMBL5233263
CHEMBL4096543,568.0,6.25,CHEMBL5235437,CHEMBL5233263
CHEMBL1112,0.34,9.47,CHEMBL5236912,CHEMBL5236546
CHEMBL4445841,12.0,7.92,CHEMBL5236912,CHEMBL5236546
CHEMBL5272965,26.9,7.57,CHEMBL5236912,CHEMBL5236546
CHEMBL5274285,10000.0,,CHEMBL5250276,CHEMBL5247621
CHEMBL5289958,10000.0,,CHEMBL5250276,CHEMBL5247621
CHEMBL5279691,7300.0,5.14,CHEMBL5251269,CHEMBL5247646
CHEMBL5279691,16000.0,4.80,CHEMBL5251271,CHEMBL5247646
CHEMBL4576555,2752.36,5.56,CHEMBL4880035,CHEMBL4507307
CHEMBL4576555,2344.23,5.63,CHEMBL4880035,CHEMBL4507307
CHEMBL4636881,100000.0,,CHEMBL5303790,CHEMBL4630908
CHEMBL4522930,341.44,6.47,CHEMBL4880035,CHEMBL4800722
CHEMBL4522930,331.13,6.48,CHEMBL4880035,CHEMBL4800722
CHEMBL5425920,1050.0,5.98,CHEMBL5324908,CHEMBL5321291
CHEMBL5436702,408.0,6.39,CHEMBL5324908,CHEMBL5321291
CHEMBL2037521,127.0,6.90,CHEMBL5324908,CHEMBL5321291
CHEMBL5426481,830.0,6.08,CHEMBL5324908,CHEMBL5321291
CHEMBL3289656,6370.0,5.20,CHEMBL5324908,CHEMBL5321291
CHEMBL5400876,2930.0,5.53,CHEMBL5324908,CHEMBL5321291
CHEMBL5437265,1580.0,5.80,CHEMBL5324908,CHEMBL5321291
CHEMBL5403504,519.0,6.29,CHEMBL5324908,CHEMBL5321291
CHEMBL5403610,49800.0,4.30,CHEMBL5324908,CHEMBL5321291
CHEMBL5403986,2420.0,5.62,CHEMBL5324908,CHEMBL5321291
CHEMBL5400983,14000.0,4.85,CHEMBL5324908,CHEMBL5321291
CHEMBL5422150,6500.0,5.19,CHEMBL5324908,CHEMBL5321291
CHEMBL5394387,13300.0,4.88,CHEMBL5324908,CHEMBL5321291
CHEMBL5434856,17400.0,4.76,CHEMBL5324908,CHEMBL5321291
CHEMBL5399689,6890.0,5.16,CHEMBL5324908,CHEMBL5321291
CHEMBL5406300,669.0,6.17,CHEMBL5324908,CHEMBL5321291
CHEMBL5399720,427.0,6.37,CHEMBL5324908,CHEMBL5321291
CHEMBL5433001,2089.0,5.68,CHEMBL5335368,CHEMBL5331137
CHEMBL5410387,2682.0,5.57,CHEMBL5335368,CHEMBL5331137
CHEMBL5399166,2739.0,5.56,CHEMBL5335368,CHEMBL5331137
CHEMBL5399568,1433.0,5.84,CHEMBL5335368,CHEMBL5331137
CHEMBL5410716,1491.0,5.83,CHEMBL5335368,CHEMBL5331137
CHEMBL5428803,5045.0,5.30,CHEMBL5335368,CHEMBL5331137
CHEMBL487387,974.0,6.01,CHEMBL5335368,CHEMBL5331137
CHEMBL5438487,811.0,6.09,CHEMBL5335368,CHEMBL5331137
CHEMBL5425375,591.0,6.23,CHEMBL5335368,CHEMBL5331137
CHEMBL5396616,616.0,6.21,CHEMBL5335368,CHEMBL5331137
CHEMBL54,9.6,8.02,CHEMBL5335368,CHEMBL5331137
CHEMBL4852835,6.58,8.18,CHEMBL5337412,CHEMBL5335811
CHEMBL4867794,12.8,7.89,CHEMBL5337412,CHEMBL5335811
CHEMBL5403404,10000.0,,CHEMBL5339611,CHEMBL5338720
CHEMBL157138,0.34,9.47,CHEMBL5346625,CHEMBL5344475
CHEMBL531,0.62,9.21,CHEMBL5346625,CHEMBL5344475
CHEMBL493,0.62,9.21,CHEMBL5346625,CHEMBL5344475
CHEMBL12713,0.38,9.42,CHEMBL5346625,CHEMBL5344475
CHEMBL5400232,210.0,6.68,CHEMBL5351445,CHEMBL5346968
CHEMBL5431474,46.0,7.34,CHEMBL5351445,CHEMBL5346968
CHEMBL5407341,89.0,7.05,CHEMBL5351445,CHEMBL5346968
CHEMBL5415335,340.0,6.47,CHEMBL5351445,CHEMBL5346968
CHEMBL5394431,140.0,6.85,CHEMBL5351445,CHEMBL5346968
CHEMBL5399833,86.0,7.07,CHEMBL5351445,CHEMBL5346968
CHEMBL5422870,130.0,6.89,CHEMBL5351445,CHEMBL5346968
CHEMBL5436809,170.0,6.77,CHEMBL5351445,CHEMBL5346968
CHEMBL5411404,120.0,6.92,CHEMBL5351445,CHEMBL5346968
CHEMBL5410179,150.0,6.82,CHEMBL5351445,CHEMBL5346968
CHEMBL5416728,120.0,6.92,CHEMBL5351445,CHEMBL5346968
CHEMBL5394229,52.0,7.28,CHEMBL5351445,CHEMBL5346968
CHEMBL5425252,190.0,6.72,CHEMBL5351445,CHEMBL5346968
CHEMBL5421272,210.0,6.68,CHEMBL5351445,CHEMBL5346968
CHEMBL5433509,88.0,7.06,CHEMBL5351445,CHEMBL5346968
CHEMBL5438205,73.0,7.14,CHEMBL5351445,CHEMBL5346968
CHEMBL5412718,26.0,7.58,CHEMBL5351445,CHEMBL5346968
CHEMBL5403204,130.0,6.89,CHEMBL5351445,CHEMBL5346968
CHEMBL5439853,160.0,6.80,CHEMBL5351445,CHEMBL5346968
CHEMBL5405086,86.0,7.07,CHEMBL5351445,CHEMBL5346968
CHEMBL5395187,210.0,6.68,CHEMBL5351445,CHEMBL5346968
CHEMBL5416644,220.0,6.66,CHEMBL5351445,CHEMBL5346968
CHEMBL5427937,110.0,6.96,CHEMBL5351445,CHEMBL5346968
CHEMBL5396317,400.0,6.40,CHEMBL5351445,CHEMBL5346968
CHEMBL5405333,460.0,6.34,CHEMBL5351445,CHEMBL5346968
CHEMBL5400232,100.0,7.00,CHEMBL5351446,CHEMBL5346968
CHEMBL5431474,18.0,7.75,CHEMBL5351446,CHEMBL5346968
CHEMBL5407341,53.0,7.28,CHEMBL5351446,CHEMBL5346968
CHEMBL5415335,130.0,6.89,CHEMBL5351446,CHEMBL5346968
CHEMBL5394431,31.0,7.51,CHEMBL5351446,CHEMBL5346968
CHEMBL5399833,46.0,7.34,CHEMBL5351446,CHEMBL5346968
CHEMBL5422870,74.0,7.13,CHEMBL5351446,CHEMBL5346968
CHEMBL5436809,110.0,6.96,CHEMBL5351446,CHEMBL5346968
CHEMBL5411404,110.0,6.96,CHEMBL5351446,CHEMBL5346968
CHEMBL5410179,90.0,7.05,CHEMBL5351446,CHEMBL5346968
CHEMBL5416728,78.0,7.11,CHEMBL5351446,CHEMBL5346968
CHEMBL5394229,36.0,7.44,CHEMBL5351446,CHEMBL5346968
CHEMBL5425252,120.0,6.92,CHEMBL5351446,CHEMBL5346968
CHEMBL5421272,140.0,6.85,CHEMBL5351446,CHEMBL5346968
CHEMBL5433509,38.0,7.42,CHEMBL5351446,CHEMBL5346968
CHEMBL5438205,40.0,7.40,CHEMBL5351446,CHEMBL5346968
CHEMBL5412718,13.0,7.89,CHEMBL5351446,CHEMBL5346968
CHEMBL5403204,78.0,7.11,CHEMBL5351446,CHEMBL5346968
CHEMBL5439853,37.0,7.43,CHEMBL5351446,CHEMBL5346968
CHEMBL5405086,67.0,7.17,CHEMBL5351446,CHEMBL5346968
CHEMBL5395187,75.0,7.12,CHEMBL5351446,CHEMBL5346968
CHEMBL5416644,88.0,7.06,CHEMBL5351446,CHEMBL5346968
CHEMBL5427937,62.0,7.21,CHEMBL5351446,CHEMBL5346968
CHEMBL5396317,170.0,6.77,CHEMBL5351446,CHEMBL5346968
CHEMBL5405333,290.0,6.54,CHEMBL5351446,CHEMBL5346968
CHEMBL1423,1.4,8.85,CHEMBL5353627,CHEMBL5352414
CHEMBL5398291,69.7,7.16,CHEMBL5362774,CHEMBL5360565
CHEMBL5415412,8.71,8.06,CHEMBL5362774,CHEMBL5360565
CHEMBL5409227,108.0,6.97,CHEMBL5362774,CHEMBL5360565
CHEMBL5395668,239.0,6.62,CHEMBL5362774,CHEMBL5360565
CHEMBL5420627,557.0,6.25,CHEMBL5362774,CHEMBL5360565
CHEMBL5439203,264.0,6.58,CHEMBL5362774,CHEMBL5360565
CHEMBL5429491,26.4,7.58,CHEMBL5362774,CHEMBL5360565
CHEMBL5411002,76.4,7.12,CHEMBL5362774,CHEMBL5360565
CHEMBL5431642,596.0,6.22,CHEMBL5362774,CHEMBL5360565
CHEMBL5424052,8.57,8.07,CHEMBL5362774,CHEMBL5360565
CHEMBL5435580,109.0,6.96,CHEMBL5362774,CHEMBL5360565
CHEMBL5422196,11.8,7.93,CHEMBL5362774,CHEMBL5360565
CHEMBL5404031,9.93,8.00,CHEMBL5362774,CHEMBL5360565
CHEMBL5412886,9.86,8.01,CHEMBL5362774,CHEMBL5360565
CHEMBL5432478,115.0,6.94,CHEMBL5362774,CHEMBL5360565
CHEMBL54,7.41,8.13,CHEMBL5362774,CHEMBL5360565
CHEMBL5415557,100000.0,,CHEMBL5363864,CHEMBL5360615
CHEMBL5406129,1400.0,5.85,CHEMBL5363864,CHEMBL5360615
CHEMBL5432993,1180.0,5.93,CHEMBL5363864,CHEMBL5360615
CHEMBL5434650,870.0,6.06,CHEMBL5363864,CHEMBL5360615
CHEMBL5398747,4660.0,5.33,CHEMBL5363864,CHEMBL5360615
CHEMBL5414796,141.0,6.85,CHEMBL5363864,CHEMBL5360615
CHEMBL5404724,2220.0,5.65,CHEMBL5363864,CHEMBL5360615
CHEMBL5412606,2010.0,5.70,CHEMBL5363864,CHEMBL5360615
CHEMBL5421714,272.0,6.57,CHEMBL5363864,CHEMBL5360615
CHEMBL5395539,322.0,6.49,CHEMBL5363864,CHEMBL5360615
CHEMBL5435235,146.0,6.84,CHEMBL5363864,CHEMBL5360615
CHEMBL5418819,117.0,6.93,CHEMBL5363864,CHEMBL5360615
CHEMBL5407131,1440.0,5.84,CHEMBL5363864,CHEMBL5360615
CHEMBL5415451,286.0,6.54,CHEMBL5363864,CHEMBL5360615
CHEMBL5417253,1480.0,5.83,CHEMBL5363864,CHEMBL5360615
CHEMBL5409322,465.0,6.33,CHEMBL5363864,CHEMBL5360615
CHEMBL5398913,851.0,6.07,CHEMBL5363864,CHEMBL5360615
CHEMBL5397609,978.0,6.01,CHEMBL5363864,CHEMBL5360615
CHEMBL5410159,7330.0,5.13,CHEMBL5363864,CHEMBL5360615
CHEMBL5417643,8640.0,5.06,CHEMBL5363864,CHEMBL5360615
CHEMBL5436551,8010.0,5.10,CHEMBL5363864,CHEMBL5360615
CHEMBL5412995,1550.0,5.81,CHEMBL5363864,CHEMBL5360615
CHEMBL2443262,83200.0,4.08,CHEMBL5363864,CHEMBL5360615
CHEMBL5425944,58.8,7.23,CHEMBL5363864,CHEMBL5360615
CHEMBL5400356,1690.0,5.77,CHEMBL5363864,CHEMBL5360615
CHEMBL5415691,122.0,6.91,CHEMBL5363864,CHEMBL5360615
CHEMBL5415842,1240.0,5.91,CHEMBL5363864,CHEMBL5360615
CHEMBL5423250,1310.0,5.88,CHEMBL5363864,CHEMBL5360615
CHEMBL5413237,100000.0,,CHEMBL5363864,CHEMBL5360615
CHEMBL5407845,13400.0,4.87,CHEMBL5363864,CHEMBL5360615
CHEMBL5418730,4070.0,5.39,CHEMBL5363864,CHEMBL5360615
CHEMBL5407747,963.0,6.02,CHEMBL5363864,CHEMBL5360615
CHEMBL5399270,121.0,6.92,CHEMBL5363864,CHEMBL5360615
CHEMBL5429207,7460.0,5.13,CHEMBL5363864,CHEMBL5360615
CHEMBL5433458,5520.0,5.26,CHEMBL5363864,CHEMBL5360615
CHEMBL5413807,5430.0,5.26,CHEMBL5363864,CHEMBL5360615
CHEMBL3085821,8.2,8.09,CHEMBL5381008,CHEMBL5380776
CHEMBL2028019,0.78,9.11,CHEMBL5381008,CHEMBL5380776
CHEMBL5433284,1.21,8.92,CHEMBL5381008,CHEMBL5380776
CHEMBL5417351,1.49,8.83,CHEMBL5381008,CHEMBL5380776
CHEMBL5398100,1.86,8.73,CHEMBL5381008,CHEMBL5380776
CHEMBL5395965,6.5,8.19,CHEMBL5381008,CHEMBL5380776
CHEMBL5429826,29.0,7.54,CHEMBL5381008,CHEMBL5380776
CHEMBL5429048,3.75,8.43,CHEMBL5381008,CHEMBL5380776
CHEMBL5431103,2.85,8.54,CHEMBL5381008,CHEMBL5380776
CHEMBL5415846,0.75,9.12,CHEMBL5381008,CHEMBL5380776
CHEMBL5425134,0.48,9.32,CHEMBL5381008,CHEMBL5380776
CHEMBL5404807,0.87,9.06,CHEMBL5381008,CHEMBL5380776
CHEMBL5421925,5.76,8.24,CHEMBL5381008,CHEMBL5380776
CHEMBL5404054,7.8,8.11,CHEMBL5381008,CHEMBL5380776
CHEMBL5440422,1.8,8.74,CHEMBL5381008,CHEMBL5380776
CHEMBL5408223,1.78,8.75,CHEMBL5381008,CHEMBL5380776
CHEMBL5427695,134.0,6.87,CHEMBL5381008,CHEMBL5380776
CHEMBL5403268,479.0,6.32,CHEMBL5381008,CHEMBL5380776
CHEMBL5402212,26.7,7.57,CHEMBL5381008,CHEMBL5380776
CHEMBL5436641,162.0,6.79,CHEMBL5381008,CHEMBL5380776
CHEMBL5434229,127.0,6.90,CHEMBL5381008,CHEMBL5380776
CHEMBL5424241,68.1,7.17,CHEMBL5381008,CHEMBL5380776
CHEMBL5409134,4.12,8.38,CHEMBL5381008,CHEMBL5380776
CHEMBL5437660,5.8,8.24,CHEMBL5381008,CHEMBL5380776
CHEMBL5409755,5.3,8.28,CHEMBL5381008,CHEMBL5380776
CHEMBL5427065,114.0,6.94,CHEMBL5381008,CHEMBL5380776
CHEMBL5424897,15.2,7.82,CHEMBL5381008,CHEMBL5380776
CHEMBL5400528,20.5,7.69,CHEMBL5381008,CHEMBL5380776
CHEMBL5435745,86.0,7.07,CHEMBL5381008,CHEMBL5380776
CHEMBL5436957,7.2,8.14,CHEMBL5381008,CHEMBL5380776
CHEMBL5438081,19.4,7.71,CHEMBL5381008,CHEMBL5380776
CHEMBL5420316,89.8,7.05,CHEMBL5381008,CHEMBL5380776
CHEMBL5399129,175.0,6.76,CHEMBL5381008,CHEMBL5380776
CHEMBL5426620,38.4,7.42,CHEMBL5381008,CHEMBL5380776
CHEMBL5421827,125.0,6.90,CHEMBL5381008,CHEMBL5380776
CHEMBL5424038,7.04,8.15,CHEMBL5385535,CHEMBL5380874
CHEMBL5441140,0.12,9.92,CHEMBL5385535,CHEMBL5380874
CHEMBL5425434,33.3,7.48,CHEMBL5385535,CHEMBL5380874
CHEMBL5417857,4.01,8.40,CHEMBL5385535,CHEMBL5380874
CHEMBL5414943,582.0,6.24,CHEMBL5385535,CHEMBL5380874
CHEMBL5438499,239.0,6.62,CHEMBL5385535,CHEMBL5380874
CHEMBL5401818,109.0,6.96,CHEMBL5385535,CHEMBL5380874
CHEMBL5426286,423.0,6.37,CHEMBL5385535,CHEMBL5380874
CHEMBL5406355,439.0,6.36,CHEMBL5385535,CHEMBL5380874
CHEMBL5414152,745.0,6.13,CHEMBL5385535,CHEMBL5380874
CHEMBL5417227,30.2,7.52,CHEMBL5385535,CHEMBL5380874
CHEMBL5421574,438.0,6.36,CHEMBL5385535,CHEMBL5380874
CHEMBL5418748,6.48,8.19,CHEMBL5385535,CHEMBL5380874
CHEMBL5414422,935.0,6.03,CHEMBL5385535,CHEMBL5380874
CHEMBL5418890,2077.0,5.68,CHEMBL5385535,CHEMBL5380874
CHEMBL5440936,539.0,6.27,CHEMBL5385535,CHEMBL5380874
CHEMBL5411545,1274.0,5.89,CHEMBL5385535,CHEMBL5380874
CHEMBL5435054,99.3,7.00,CHEMBL5385535,CHEMBL5380874
CHEMBL5438433,67.9,7.17,CHEMBL5385535,CHEMBL5380874
CHEMBL5412359,62.8,7.20,CHEMBL5385535,CHEMBL5380874
CHEMBL5396612,707.0,6.15,CHEMBL5385535,CHEMBL5380874
CHEMBL5405133,181.0,6.74,CHEMBL5385535,CHEMBL5380874
CHEMBL5430494,16.5,7.78,CHEMBL5385535,CHEMBL5380874
CHEMBL5435325,88.8,7.05,CHEMBL5385535,CHEMBL5380874
CHEMBL5426242,84.3,7.07,CHEMBL5385535,CHEMBL5380874
CHEMBL5409419,39.3,7.41,CHEMBL5385535,CHEMBL5380874
CHEMBL5415178,3189.0,5.50,CHEMBL5385535,CHEMBL5380874
CHEMBL5395417,2277.0,5.64,CHEMBL5385535,CHEMBL5380874
CHEMBL5393856,292.0,6.54,CHEMBL5385535,CHEMBL5380874
CHEMBL5402456,1344.0,5.87,CHEMBL5385535,CHEMBL5380874
CHEMBL5410217,25852.0,4.59,CHEMBL5385535,CHEMBL5380874
CHEMBL5433201,204.0,6.69,CHEMBL5385535,CHEMBL5380874
CHEMBL5427288,149.0,6.83,CHEMBL5385535,CHEMBL5380874
CHEMBL5414097,139.0,6.86,CHEMBL5385535,CHEMBL5380874
CHEMBL1112,2180.0,5.66,CHEMBL5385535,CHEMBL5380874
CHEMBL5406501,2130.0,5.67,CHEMBL5385535,CHEMBL5380874
CHEMBL5424038,7.079,8.15,CHEMBL5385535,CHEMBL5380874
CHEMBL5441140,0.1288,9.89,CHEMBL5385535,CHEMBL5380874
CHEMBL5425434,33.88,7.47,CHEMBL5385535,CHEMBL5380874
CHEMBL5417857,4.074,8.39,CHEMBL5385535,CHEMBL5380874
CHEMBL5414943,588.84,6.23,CHEMBL5385535,CHEMBL5380874
CHEMBL5438499,239.88,6.62,CHEMBL5385535,CHEMBL5380874
CHEMBL5401818,109.65,6.96,CHEMBL5385535,CHEMBL5380874
CHEMBL5426286,426.58,6.37,CHEMBL5385535,CHEMBL5380874
CHEMBL5406355,446.68,6.35,CHEMBL5385535,CHEMBL5380874
CHEMBL5414152,758.58,6.12,CHEMBL5385535,CHEMBL5380874
CHEMBL5417227,30.9,7.51,CHEMBL5385535,CHEMBL5380874
CHEMBL5421574,446.68,6.35,CHEMBL5385535,CHEMBL5380874
CHEMBL5418748,6.607,8.18,CHEMBL5385535,CHEMBL5380874
CHEMBL5414422,954.99,6.02,CHEMBL5385535,CHEMBL5380874
CHEMBL5418890,2089.3,5.68,CHEMBL5385535,CHEMBL5380874
CHEMBL5440936,549.54,6.26,CHEMBL5385535,CHEMBL5380874
CHEMBL5411545,1288.25,5.89,CHEMBL5385535,CHEMBL5380874
CHEMBL5435054,100.0,7.00,CHEMBL5385535,CHEMBL5380874
CHEMBL5438433,69.18,7.16,CHEMBL5385535,CHEMBL5380874
CHEMBL5412359,63.1,7.20,CHEMBL5385535,CHEMBL5380874
CHEMBL5396612,707.95,6.15,CHEMBL5385535,CHEMBL5380874
CHEMBL5405133,181.97,6.74,CHEMBL5385535,CHEMBL5380874
CHEMBL5430494,16.6,7.78,CHEMBL5385535,CHEMBL5380874
CHEMBL5435325,89.13,7.05,CHEMBL5385535,CHEMBL5380874
CHEMBL5426242,85.11,7.07,CHEMBL5385535,CHEMBL5380874
CHEMBL5409419,39.81,7.40,CHEMBL5385535,CHEMBL5380874
CHEMBL5415178,3235.94,5.49,CHEMBL5385535,CHEMBL5380874
CHEMBL5395417,2290.87,5.64,CHEMBL5385535,CHEMBL5380874
CHEMBL5393856,295.12,6.53,CHEMBL5385535,CHEMBL5380874
CHEMBL5402456,1348.96,5.87,CHEMBL5385535,CHEMBL5380874
CHEMBL5410217,26302.68,4.58,CHEMBL5385535,CHEMBL5380874
CHEMBL5433201,204.17,6.69,CHEMBL5385535,CHEMBL5380874
CHEMBL5427288,151.36,6.82,CHEMBL5385535,CHEMBL5380874
CHEMBL5414097,141.25,6.85,CHEMBL5385535,CHEMBL5380874
CHEMBL3182733,3.9,8.41,CHEMBL5387511,CHEMBL5385871
CHEMBL5408427,1.32,8.88,CHEMBL5391038,CHEMBL5390222
CHEMBL5394961,0.2,9.70,CHEMBL5391038,CHEMBL5390222
CHEMBL5432493,5000.0,,CHEMBL5391038,CHEMBL5390222
CHEMBL5420183,7.34,8.13,CHEMBL5391038,CHEMBL5390222
CHEMBL5410397,5000.0,,CHEMBL5391038,CHEMBL5390222
CHEMBL5396600,83.4,7.08,CHEMBL5391038,CHEMBL5390222
CHEMBL1516474,296.96,6.53,CHEMBL5442215,CHEMBL5442175
CHEMBL405355,279.64,6.55,CHEMBL5442215,CHEMBL5442175
CHEMBL24778,989.13,6.00,CHEMBL5442215,CHEMBL5442175
CHEMBL300555,6.711,8.17,CHEMBL5442215,CHEMBL5442175
CHEMBL445102,87.45,7.06,CHEMBL5442215,CHEMBL5442175
CHEMBL267777,184.04,6.74,CHEMBL5442215,CHEMBL5442175
CHEMBL1334465,9765.62,5.01,CHEMBL5442215,CHEMBL5442175
CHEMBL543113,767.36,6.12,CHEMBL5442215,CHEMBL5442175
CHEMBL79834,9.619,8.02,CHEMBL5442215,CHEMBL5442175
CHEMBL1615374,552.71,6.26,CHEMBL5442215,CHEMBL5442175
CHEMBL1200618,8806.43,5.05,CHEMBL5442215,CHEMBL5442175
CHEMBL589390,1547.75,5.81,CHEMBL5442215,CHEMBL5442175
CHEMBL1200809,1176.52,5.93,CHEMBL5442215,CHEMBL5442175
CHEMBL1633,1726.64,5.76,CHEMBL5442215,CHEMBL5442175
CHEMBL1200492,735.53,6.13,CHEMBL5442215,CHEMBL5442175
CHEMBL2024517,6.378,8.20,CHEMBL5442215,CHEMBL5442175
CHEMBL2105760,5.985,8.22,CHEMBL5442215,CHEMBL5442175
CHEMBL1200517,60.92,7.21,CHEMBL5442215,CHEMBL5442175
CHEMBL5077459,3845.92,5.42,CHEMBL5442215,CHEMBL5442175
CHEMBL1256863,10000.0,,CHEMBL5442215,CHEMBL5442175
CHEMBL2138684,694.23,6.16,CHEMBL5442215,CHEMBL5442175
CHEMBL540612,144.06,6.84,CHEMBL5442215,CHEMBL5442175
CHEMBL567303,595.52,6.22,CHEMBL5442215,CHEMBL5442175
CHEMBL4522930,341.44,6.47,CHEMBL5479826,CHEMBL5465560
CHEMBL15245,398.11,6.40,CHEMBL5503896,CHEMBL5500395
CHEMBL5558071,15.0,7.82,CHEMBL5511884,CHEMBL5506064
CHEMBL5556819,84.0,7.08,CHEMBL5511884,CHEMBL5506064
CHEMBL5558524,160.0,6.80,CHEMBL5511884,CHEMBL5506064
CHEMBL5563072,1620.0,5.79,CHEMBL5511884,CHEMBL5506064
CHEMBL5518013,67.0,7.17,CHEMBL5511884,CHEMBL5506064
CHEMBL5557169,53.0,7.28,CHEMBL5511884,CHEMBL5506064
CHEMBL5562301,160.0,6.80,CHEMBL5511884,CHEMBL5506064
CHEMBL5560998,210.0,6.68,CHEMBL5511884,CHEMBL5506064
CHEMBL59,12.5,7.90,CHEMBL5527105,CHEMBL5523761
CHEMBL54,10.4,7.98,CHEMBL5527105,CHEMBL5523761
CHEMBL1621,1.6,8.80,CHEMBL5527105,CHEMBL5523761
CHEMBL726,1.44,8.84,CHEMBL5527105,CHEMBL5523761
CHEMBL27559,28.5,7.54,CHEMBL5527105,CHEMBL5523761
CHEMBL225230,9.9,8.00,CHEMBL5527105,CHEMBL5523761
CHEMBL403550,340.0,6.47,CHEMBL5527105,CHEMBL5523761
CHEMBL255229,72.3,7.14,CHEMBL5527105,CHEMBL5523761
CHEMBL405345,44.0,7.36,CHEMBL5527105,CHEMBL5523761
CHEMBL1672309,490.0,6.31,CHEMBL5527105,CHEMBL5523761
CHEMBL1672312,750.0,6.12,CHEMBL5527105,CHEMBL5523761
CHEMBL4637246,231.0,6.64,CHEMBL5527105,CHEMBL5523761
CHEMBL4633772,854.0,6.07,CHEMBL5527105,CHEMBL5523761
CHEMBL2334891,41.8,7.38,CHEMBL5527105,CHEMBL5523761
CHEMBL487182,388.0,6.41,CHEMBL5527105,CHEMBL5523761
CHEMBL487387,11.6,7.94,CHEMBL5527105,CHEMBL5523761
CHEMBL493,10.0,8.00,CHEMBL5527105,CHEMBL5523761
CHEMBL157138,0.3,9.52,CHEMBL5527105,CHEMBL5523761
CHEMBL531,4.0,8.40,CHEMBL5527105,CHEMBL5523761
CHEMBL1201087,0.36,9.44,CHEMBL5527105,CHEMBL5523761
CHEMBL53,52.0,7.28,CHEMBL5527124,CHEMBL5523761
CHEMBL5563974,1340.0,5.87,CHEMBL5527142,CHEMBL5523761
CHEMBL1962947,165.0,6.78,CHEMBL5527142,CHEMBL5523761
CHEMBL1201087,0.36,9.44,CHEMBL5527142,CHEMBL5523761
CHEMBL5563974,708.0,6.15,CHEMBL5527143,CHEMBL5523761
CHEMBL1962947,514.0,6.29,CHEMBL5527143,CHEMBL5523761
CHEMBL5571457,570.0,6.24,CHEMBL5534969,CHEMBL5532674
CHEMBL5597699,2699.0,5.57,CHEMBL5585747,CHEMBL5584250
CHEMBL5597355,10770.0,4.97,CHEMBL5585747,CHEMBL5584250
CHEMBL5596350,2174.0,5.66,CHEMBL5585747,CHEMBL5584250
CHEMBL5598162,4334.0,5.36,CHEMBL5585747,CHEMBL5584250
CHEMBL5597256,5199.0,5.28,CHEMBL5585747,CHEMBL5584250
CHEMBL5598097,7687.0,5.11,CHEMBL5585747,CHEMBL5584250
CHEMBL4846146,375.0,6.43,CHEMBL5628223,CHEMBL5625226
CHEMBL4861431,754.0,6.12,CHEMBL5628223,CHEMBL5625226
CHEMBL4860006,157.0,6.80,CHEMBL5628223,CHEMBL5625226
CHEMBL4847379,1506.0,5.82,CHEMBL5628223,CHEMBL5625226
CHEMBL4860275,320.0,6.50,CHEMBL5628223,CHEMBL5625226
CHEMBL4857676,580.0,6.24,CHEMBL5628223,CHEMBL5625226
CHEMBL4876727,368.0,6.43,CHEMBL5628223,CHEMBL5625226
CHEMBL4873623,421.0,6.38,CHEMBL5628223,CHEMBL5625226
CHEMBL4858771,229.0,6.64,CHEMBL5628223,CHEMBL5625226
CHEMBL4864448,377.0,6.42,CHEMBL5628223,CHEMBL5625226
CHEMBL4869411,495.0,6.30,CHEMBL5628223,CHEMBL5625226
CHEMBL4873127,506.0,6.30,CHEMBL5628223,CHEMBL5625226
CHEMBL5632924,797.0,6.10,CHEMBL5628223,CHEMBL5625226
CHEMBL5632828,727.0,6.14,CHEMBL5628223,CHEMBL5625226
CHEMBL5631327,4784.0,5.32,CHEMBL5628223,CHEMBL5625226
CHEMBL5631884,530.0,6.28,CHEMBL5628223,CHEMBL5625226
CHEMBL5633662,362.0,6.44,CHEMBL5628223,CHEMBL5625226
CHEMBL5499005,7274.0,5.14,CHEMBL5628223,CHEMBL5625226
CHEMBL5633074,1004.0,6.00,CHEMBL5628223,CHEMBL5625226
CHEMBL5631952,897.0,6.05,CHEMBL5628223,CHEMBL5625226
CHEMBL5632197,362.0,6.44,CHEMBL5628223,CHEMBL5625226
CHEMBL5633651,879.0,6.06,CHEMBL5628223,CHEMBL5625226
CHEMBL5632496,971.0,6.01,CHEMBL5628223,CHEMBL5625226
CHEMBL5631953,663.0,6.18,CHEMBL5628223,CHEMBL5625226
CHEMBL715,9.0,8.05,CHEMBL5628223,CHEMBL5625226
CHEMBL4860275,320.0,6.50,CHEMBL5635425,CHEMBL5634098
CHEMBL5639487,1020.0,5.99,CHEMBL5635425,CHEMBL5634098
CHEMBL5639282,1633.0,5.79,CHEMBL5635425,CHEMBL5634098
CHEMBL5641714,416.0,6.38,CHEMBL5635425,CHEMBL5634098
CHEMBL5647487,817.0,6.09,CHEMBL5635425,CHEMBL5634098
CHEMBL5639508,1444.0,5.84,CHEMBL5635425,CHEMBL5634098
CHEMBL5639584,602.0,6.22,CHEMBL5635425,CHEMBL5634098
CHEMBL5641587,931.0,6.03,CHEMBL5635425,CHEMBL5634098
CHEMBL5639256,1079.0,5.97,CHEMBL5635425,CHEMBL5634098
CHEMBL5646653,408.0,6.39,CHEMBL5635425,CHEMBL5634098
CHEMBL5646847,260.0,6.58,CHEMBL5635425,CHEMBL5634098
CHEMBL5639328,811.0,6.09,CHEMBL5635425,CHEMBL5634098
CHEMBL5647099,820.0,6.09,CHEMBL5635425,CHEMBL5634098
CHEMBL5639514,2430.0,5.61,CHEMBL5635425,CHEMBL5634098
CHEMBL5639113,1788.0,5.75,CHEMBL5635425,CHEMBL5634098
CHEMBL5639544,1352.0,5.87,CHEMBL5635425,CHEMBL5634098
CHEMBL5647076,1305.0,5.88,CHEMBL5635425,CHEMBL5634098
CHEMBL5646785,472.0,6.33,CHEMBL5635425,CHEMBL5634098
CHEMBL5641743,595.0,6.22,CHEMBL5635425,CHEMBL5634098
CHEMBL5641620,3356.0,5.47,CHEMBL5635425,CHEMBL5634098
CHEMBL5647033,565.0,6.25,CHEMBL5635425,CHEMBL5634098
CHEMBL5647639,723.0,6.14,CHEMBL5635425,CHEMBL5634098
CHEMBL5639353,2589.0,5.59,CHEMBL5635425,CHEMBL5634098
CHEMBL5647077,2079.0,5.68,CHEMBL5635425,CHEMBL5634098
CHEMBL5647458,411.0,6.39,CHEMBL5635425,CHEMBL5634098
CHEMBL5647430,421.0,6.38,CHEMBL5635425,CHEMBL5634098
CHEMBL715,9.0,8.05,CHEMBL5635425,CHEMBL5634098
CHEMBL392158,0.02,10.70,CHEMBL5635639,CHEMBL5634103
CHEMBL5647418,12.7,7.90,CHEMBL5635641,CHEMBL5634103
CHEMBL5646461,9.5,8.02,CHEMBL5635641,CHEMBL5634103
CHEMBL5639786,32.1,7.49,CHEMBL5635641,CHEMBL5634103
CHEMBL5639697,7.0,8.15,CHEMBL5635641,CHEMBL5634103
CHEMBL5639281,2.5,8.60,CHEMBL5635641,CHEMBL5634103
CHEMBL5641706,7.4,8.13,CHEMBL5635641,CHEMBL5634103
CHEMBL5647367,7.3,8.14,CHEMBL5635641,CHEMBL5634103
CHEMBL5647349,8.4,8.08,CHEMBL5635641,CHEMBL5634103
CHEMBL5641575,14.2,7.85,CHEMBL5635641,CHEMBL5634103
CHEMBL5646972,107.0,6.97,CHEMBL5635641,CHEMBL5634103
CHEMBL5647189,18.6,7.73,CHEMBL5635641,CHEMBL5634103
CHEMBL5646887,21.4,7.67,CHEMBL5635641,CHEMBL5634103
CHEMBL5641844,2.9,8.54,CHEMBL5635641,CHEMBL5634103
CHEMBL5646949,2.2,8.66,CHEMBL5635641,CHEMBL5634103
CHEMBL5647611,13.4,7.87,CHEMBL5635641,CHEMBL5634103
CHEMBL5639255,29.2,7.54,CHEMBL5635641,CHEMBL5634103
CHEMBL5639881,10.1,8.00,CHEMBL5635641,CHEMBL5634103
CHEMBL5647346,30.0,7.52,CHEMBL5635641,CHEMBL5634103
CHEMBL5647451,12.6,7.90,CHEMBL5635641,CHEMBL5634103
CHEMBL5647399,18.7,7.73,CHEMBL5635641,CHEMBL5634103
CHEMBL5639716,14.0,7.85,CHEMBL5635641,CHEMBL5634103
CHEMBL5647616,7.7,8.11,CHEMBL5635641,CHEMBL5634103
CHEMBL5641883,8.3,8.08,CHEMBL5635641,CHEMBL5634103
CHEMBL5639198,8.3,8.08,CHEMBL5635641,CHEMBL5634103
CHEMBL5647154,10.1,8.00,CHEMBL5635641,CHEMBL5634103
CHEMBL5639121,22.4,7.65,CHEMBL5635641,CHEMBL5634103
CHEMBL5646837,28.8,7.54,CHEMBL5635641,CHEMBL5634103
CHEMBL5641522,16.2,7.79,CHEMBL5635641,CHEMBL5634103
CHEMBL5639796,16.9,7.77,CHEMBL5635641,CHEMBL5634103
CHEMBL5646712,189.0,6.72,CHEMBL5635641,CHEMBL5634103
CHEMBL5639676,797.0,6.10,CHEMBL5635641,CHEMBL5634103
CHEMBL5646389,9685.0,5.01,CHEMBL5635641,CHEMBL5634103
CHEMBL5639547,2355.0,5.63,CHEMBL5635641,CHEMBL5634103
CHEMBL5647307,41000.0,,CHEMBL5635641,CHEMBL5634103
CHEMBL8514,0.91,9.04,CHEMBL5721291,CHEMBL5715956
CHEMBL103772,36.1,7.44,CHEMBL5721352,CHEMBL5715957
CHEMBL45244,6480.0,5.19,CHEMBL5721352,CHEMBL5715957
CHEMBL444309,20579.0,4.69,CHEMBL5721352,CHEMBL5715957
CHEMBL267014,9111.0,5.04,CHEMBL5721352,CHEMBL5715957
CHEMBL81330,1636.0,5.79,CHEMBL5721352,CHEMBL5715957
CHEMBL103772,3630.78,5.44,CHEMBL5721352,CHEMBL5715957
CHEMBL45244,6309.57,5.20,CHEMBL5721352,CHEMBL5715957
CHEMBL444309,17782.79,4.75,CHEMBL5721352,CHEMBL5715957
CHEMBL267014,9120.11,5.04,CHEMBL5721352,CHEMBL5715957
CHEMBL81330,1621.81,5.79,CHEMBL5721352,CHEMBL5715957
CHEMBL20734,1.62,8.79,CHEMBL5721352,CHEMBL5715957
CHEMBL59,1636.0,5.79,CHEMBL5721352,CHEMBL5715957
CHEMBL267932,0.46,9.34,CHEMBL5721352,CHEMBL5715957
CHEMBL20734,1.622,8.79,CHEMBL5721352,CHEMBL5715957
CHEMBL59,1584.89,5.80,CHEMBL5721352,CHEMBL5715957
CHEMBL267932,0.4571,9.34,CHEMBL5721352,CHEMBL5715957
CHEMBL4998385,10000.0,,CHEMBL5721352,CHEMBL5715957
CHEMBL5289845,10000.0,,CHEMBL5721352,CHEMBL5715957
CHEMBL5722967,10000.0,,CHEMBL5721352,CHEMBL5715957
CHEMBL5722960,10000.0,,CHEMBL5721352,CHEMBL5715957
CHEMBL5723018,10000.0,,CHEMBL5721352,CHEMBL5715957
CHEMBL5723012,10000.0,,CHEMBL5721352,CHEMBL5715957
CHEMBL5722994,10000.0,,CHEMBL5721352,CHEMBL5715957
CHEMBL5722948,10000.0,,CHEMBL5721352,CHEMBL5715957
CHEMBL5722949,10000.0,,CHEMBL5721352,CHEMBL5715957
CHEMBL5723003,10000.0,,CHEMBL5721352,CHEMBL5715957
CHEMBL5722962,10000.0,,CHEMBL5721352,CHEMBL5715957
CHEMBL5722957,10000.0,,CHEMBL5721352,CHEMBL5715957
CHEMBL5722985,10000.0,,CHEMBL5721352,CHEMBL5715957
CHEMBL5723006,10000.0,,CHEMBL5721352,CHEMBL5715957
CHEMBL5722979,10000.0,,CHEMBL5721352,CHEMBL5715957
CHEMBL5722998,10000.0,,CHEMBL5721352,CHEMBL5715957
CHEMBL5723023,10000.0,,CHEMBL5721352,CHEMBL5715957
CHEMBL4898361,10000.0,,CHEMBL5721352,CHEMBL5715957
CHEMBL5722937,10000.0,,CHEMBL5721352,CHEMBL5715957
CHEMBL5722942,10000.0,,CHEMBL5721352,CHEMBL5715957
CHEMBL5723013,10000.0,,CHEMBL5721352,CHEMBL5715957
CHEMBL5722986,10000.0,,CHEMBL5721352,CHEMBL5715957
CHEMBL5723009,10000.0,,CHEMBL5721352,CHEMBL5715957
CHEMBL5723030,10000.0,,CHEMBL5721352,CHEMBL5715957
CHEMBL5722971,10000.0,,CHEMBL5721352,CHEMBL5715957
CHEMBL5723020,10000.0,,CHEMBL5721352,CHEMBL5715957
CHEMBL5723033,10000.0,,CHEMBL5721352,CHEMBL5715957
CHEMBL5722940,10000.0,,CHEMBL5721352,CHEMBL5715957
CHEMBL3485708,10000.0,,CHEMBL5721352,CHEMBL5715957
CHEMBL5722958,10000.0,,CHEMBL5721352,CHEMBL5715957
CHEMBL5723000,10000.0,,CHEMBL5721352,CHEMBL5715957
CHEMBL5723021,10000.0,,CHEMBL5721352,CHEMBL5715957
CHEMBL4579981,10000.0,,CHEMBL5721352,CHEMBL5715957
CHEMBL5722961,10000.0,,CHEMBL5721352,CHEMBL5715957
CHEMBL5722983,10000.0,,CHEMBL5721352,CHEMBL5715957
CHEMBL5722980,10000.0,,CHEMBL5721352,CHEMBL5715957
CHEMBL5723014,10000.0,,CHEMBL5721352,CHEMBL5715957
CHEMBL5722945,10000.0,,CHEMBL5721352,CHEMBL5715957
CHEMBL5722963,10000.0,,CHEMBL5721352,CHEMBL5715957
CHEMBL5722982,10000.0,,CHEMBL5721352,CHEMBL5715957
CHEMBL3480577,10000.0,,CHEMBL5721352,CHEMBL5715957
CHEMBL5722990,10000.0,,CHEMBL5721352,CHEMBL5715957
CHEMBL5723004,10000.0,,CHEMBL5721352,CHEMBL5715957
CHEMBL5722959,10000.0,,CHEMBL5721352,CHEMBL5715957
CHEMBL3946995,2.9,8.54,CHEMBL5730969,CHEMBL5725520
CHEMBL3976282,0.19,9.72,CHEMBL5730969,CHEMBL5725520
CHEMBL3938210,0.21,9.68,CHEMBL5730969,CHEMBL5725520
CHEMBL3905247,0.43,9.37,CHEMBL5730969,CHEMBL5725520
CHEMBL6052546,0.32,9.49,CHEMBL5730969,CHEMBL5725520
CHEMBL6016619,1.81,8.74,CHEMBL5730969,CHEMBL5725520
CHEMBL5765463,4.65,8.33,CHEMBL5730969,CHEMBL5725520
CHEMBL5915515,18.7,7.73,CHEMBL5730969,CHEMBL5725520
CHEMBL6034636,2.57,8.59,CHEMBL5730969,CHEMBL5725520
CHEMBL5804662,5.04,8.30,CHEMBL5730969,CHEMBL5725520
CHEMBL5909524,4.81,8.32,CHEMBL5730969,CHEMBL5725520
CHEMBL5749015,3.15,8.50,CHEMBL5730969,CHEMBL5725520
CHEMBL5939566,1.78,8.75,CHEMBL5730969,CHEMBL5725520
CHEMBL5805467,9.43,8.03,CHEMBL5730969,CHEMBL5725520
CHEMBL6009476,21.3,7.67,CHEMBL5730969,CHEMBL5725520
CHEMBL5840586,1.05,8.98,CHEMBL5730969,CHEMBL5725520
CHEMBL5855446,0.27,9.57,CHEMBL5730969,CHEMBL5725520
CHEMBL5976918,0.23,9.64,CHEMBL5730969,CHEMBL5725520
CHEMBL3950977,0.82,9.09,CHEMBL5730969,CHEMBL5725520
CHEMBL6029993,1.2,8.92,CHEMBL5730969,CHEMBL5725520
CHEMBL5746233,2.96,8.53,CHEMBL5730969,CHEMBL5725520
CHEMBL5913523,1.9,8.72,CHEMBL5730969,CHEMBL5725520
CHEMBL5794366,1.73,8.76,CHEMBL5730969,CHEMBL5725520
CHEMBL5879756,10.8,7.97,CHEMBL5730969,CHEMBL5725520
CHEMBL3966842,0.43,9.37,CHEMBL5730969,CHEMBL5725520
CHEMBL6025384,3.07,8.51,CHEMBL5730969,CHEMBL5725520
CHEMBL5864883,1.98,8.70,CHEMBL5730969,CHEMBL5725520
CHEMBL5928625,1.69,8.77,CHEMBL5730969,CHEMBL5725520
CHEMBL5891297,0.58,9.24,CHEMBL5730969,CHEMBL5725520
CHEMBL5934728,3.62,8.44,CHEMBL5730969,CHEMBL5725520
CHEMBL5885188,8.54,8.07,CHEMBL5730969,CHEMBL5725520
CHEMBL5814635,10.8,7.97,CHEMBL5730969,CHEMBL5725520
CHEMBL5991990,7.38,8.13,CHEMBL5730969,CHEMBL5725520
CHEMBL5899365,17.1,7.77,CHEMBL5730969,CHEMBL5725520
CHEMBL5965882,9.76,8.01,CHEMBL5730969,CHEMBL5725520
CHEMBL6002915,8.82,8.05,CHEMBL5730969,CHEMBL5725520
CHEMBL6012854,4.5,8.35,CHEMBL5730969,CHEMBL5725520
CHEMBL5854151,6.49,8.19,CHEMBL5730969,CHEMBL5725520
CHEMBL5821584,3.03,8.52,CHEMBL5730969,CHEMBL5725520
CHEMBL5747372,1.75,8.76,CHEMBL5730969,CHEMBL5725520
CHEMBL6010018,2.94,8.53,CHEMBL5730969,CHEMBL5725520
CHEMBL5906915,1.22,8.91,CHEMBL5730969,CHEMBL5725520
CHEMBL5816029,1.78,8.75,CHEMBL5730969,CHEMBL5725520
CHEMBL5994895,6.4,8.19,CHEMBL5730969,CHEMBL5725520
CHEMBL6016595,1.01,9.00,CHEMBL5730969,CHEMBL5725520
CHEMBL5744250,2.09,8.68,CHEMBL5730969,CHEMBL5725520
CHEMBL6065165,1.18,8.93,CHEMBL5730969,CHEMBL5725520
CHEMBL3982486,0.71,9.15,CHEMBL5730969,CHEMBL5725520
CHEMBL5766303,8.67,8.06,CHEMBL5730969,CHEMBL5725520
CHEMBL5961371,3.26,8.49,CHEMBL5730969,CHEMBL5725520
CHEMBL6046009,11.8,7.93,CHEMBL5730969,CHEMBL5725520
CHEMBL5967466,3.19,8.50,CHEMBL5730969,CHEMBL5725520
CHEMBL5988653,1.93,8.71,CHEMBL5730969,CHEMBL5725520
CHEMBL5820954,2.07,8.68,CHEMBL5730969,CHEMBL5725520
CHEMBL5952273,4.33,8.36,CHEMBL5730969,CHEMBL5725520
CHEMBL5776805,12.4,7.91,CHEMBL5730969,CHEMBL5725520
CHEMBL5792767,1.6,8.80,CHEMBL5730969,CHEMBL5725520
CHEMBL6055703,5.73,8.24,CHEMBL5730969,CHEMBL5725520
CHEMBL5823313,2.54,8.60,CHEMBL5730969,CHEMBL5725520
CHEMBL5845312,2.26,8.65,CHEMBL5730969,CHEMBL5725520
CHEMBL3923240,1.97,8.71,CHEMBL5730969,CHEMBL5725520
CHEMBL5977489,0.98,9.01,CHEMBL5730969,CHEMBL5725520
CHEMBL3918755,1.06,8.97,CHEMBL5730969,CHEMBL5725520
CHEMBL6003189,9.15,8.04,CHEMBL5730969,CHEMBL5725520
CHEMBL3896937,0.88,9.06,CHEMBL5730969,CHEMBL5725520
CHEMBL6031258,0.8,9.10,CHEMBL5730969,CHEMBL5725520
CHEMBL5817384,6.77,8.17,CHEMBL5730969,CHEMBL5725520
CHEMBL3953773,1.45,8.84,CHEMBL5730969,CHEMBL5725520
CHEMBL5903693,14.8,7.83,CHEMBL5730969,CHEMBL5725520
CHEMBL5979294,0.92,9.04,CHEMBL5730969,CHEMBL5725520
CHEMBL6000169,3.01,8.52,CHEMBL5730969,CHEMBL5725520
CHEMBL6024220,3.64,8.44,CHEMBL5730969,CHEMBL5725520
CHEMBL3940712,1.4,8.85,CHEMBL5730969,CHEMBL5725520
CHEMBL5941070,1.86,8.73,CHEMBL5730969,CHEMBL5725520
CHEMBL5876989,1.02,8.99,CHEMBL5730969,CHEMBL5725520
CHEMBL5752215,2.07,8.68,CHEMBL5730969,CHEMBL5725520
CHEMBL3946995,2.9,8.54,CHEMBL5730969,CHEMBL5725520
CHEMBL3976282,0.19,9.72,CHEMBL5730969,CHEMBL5725520
CHEMBL3938210,0.21,9.68,CHEMBL5730969,CHEMBL5725520
CHEMBL3905247,0.43,9.37,CHEMBL5730969,CHEMBL5725520
CHEMBL6052546,0.32,9.49,CHEMBL5730969,CHEMBL5725520
CHEMBL6016619,1.81,8.74,CHEMBL5730969,CHEMBL5725520
CHEMBL5765463,4.65,8.33,CHEMBL5730969,CHEMBL5725520
CHEMBL5915515,18.7,7.73,CHEMBL5730969,CHEMBL5725520
CHEMBL6034636,2.57,8.59,CHEMBL5730969,CHEMBL5725520
CHEMBL5804662,5.04,8.30,CHEMBL5730969,CHEMBL5725520
CHEMBL5909524,4.81,8.32,CHEMBL5730969,CHEMBL5725520
CHEMBL5749015,3.15,8.50,CHEMBL5730969,CHEMBL5725520
CHEMBL5939566,1.78,8.75,CHEMBL5730969,CHEMBL5725520
CHEMBL5805467,9.43,8.03,CHEMBL5730969,CHEMBL5725520
CHEMBL6009476,21.3,7.67,CHEMBL5730969,CHEMBL5725520
CHEMBL5840586,1.05,8.98,CHEMBL5730969,CHEMBL5725520
CHEMBL5855446,0.27,9.57,CHEMBL5730969,CHEMBL5725520
CHEMBL5976918,0.23,9.64,CHEMBL5730969,CHEMBL5725520
CHEMBL3950977,0.82,9.09,CHEMBL5730969,CHEMBL5725520
CHEMBL6029993,1.2,8.92,CHEMBL5730969,CHEMBL5725520
CHEMBL5746233,2.96,8.53,CHEMBL5730969,CHEMBL5725520
CHEMBL5913523,1.9,8.72,CHEMBL5730969,CHEMBL5725520
CHEMBL5794366,1.73,8.76,CHEMBL5730969,CHEMBL5725520
CHEMBL5879756,10.8,7.97,CHEMBL5730969,CHEMBL5725520
CHEMBL3966842,0.43,9.37,CHEMBL5730969,CHEMBL5725520
CHEMBL6025384,3.07,8.51,CHEMBL5730969,CHEMBL5725520
CHEMBL5864883,1.98,8.70,CHEMBL5730969,CHEMBL5725520
CHEMBL5928625,1.69,8.77,CHEMBL5730969,CHEMBL5725520
CHEMBL5891297,0.58,9.24,CHEMBL5730969,CHEMBL5725520
CHEMBL5934728,3.62,8.44,CHEMBL5730969,CHEMBL5725520
CHEMBL5885188,8.54,8.07,CHEMBL5730969,CHEMBL5725520
CHEMBL5814635,10.8,7.97,CHEMBL5730969,CHEMBL5725520
CHEMBL5991990,7.38,8.13,CHEMBL5730969,CHEMBL5725520
CHEMBL5899365,17.1,7.77,CHEMBL5730969,CHEMBL5725520
CHEMBL5965882,9.76,8.01,CHEMBL5730969,CHEMBL5725520
CHEMBL6002915,8.82,8.05,CHEMBL5730969,CHEMBL5725520
CHEMBL6012854,4.5,8.35,CHEMBL5730969,CHEMBL5725520
CHEMBL5854151,6.49,8.19,CHEMBL5730969,CHEMBL5725520
CHEMBL5821584,3.03,8.52,CHEMBL5730969,CHEMBL5725520
CHEMBL5747372,1.75,8.76,CHEMBL5730969,CHEMBL5725520
CHEMBL6010018,2.94,8.53,CHEMBL5730969,CHEMBL5725520
CHEMBL5906915,1.22,8.91,CHEMBL5730969,CHEMBL5725520
CHEMBL5816029,1.78,8.75,CHEMBL5730969,CHEMBL5725520
CHEMBL5994895,6.4,8.19,CHEMBL5730969,CHEMBL5725520
CHEMBL6016595,1.01,9.00,CHEMBL5730969,CHEMBL5725520
CHEMBL5744250,2.09,8.68,CHEMBL5730969,CHEMBL5725520
CHEMBL6065165,1.18,8.93,CHEMBL5730969,CHEMBL5725520
CHEMBL3982486,0.71,9.15,CHEMBL5730969,CHEMBL5725520
CHEMBL5766303,8.67,8.06,CHEMBL5730969,CHEMBL5725520
CHEMBL5961371,3.26,8.49,CHEMBL5730969,CHEMBL5725520
CHEMBL6046009,11.8,7.93,CHEMBL5730969,CHEMBL5725520
CHEMBL5967466,3.19,8.50,CHEMBL5730969,CHEMBL5725520
CHEMBL5988653,1.93,8.71,CHEMBL5730969,CHEMBL5725520
CHEMBL5820954,2.07,8.68,CHEMBL5730969,CHEMBL5725520
CHEMBL5952273,4.33,8.36,CHEMBL5730969,CHEMBL5725520
CHEMBL5776805,12.4,7.91,CHEMBL5730969,CHEMBL5725520
CHEMBL5792767,1.6,8.80,CHEMBL5730969,CHEMBL5725520
CHEMBL6055703,5.73,8.24,CHEMBL5730969,CHEMBL5725520
CHEMBL5823313,2.54,8.60,CHEMBL5730969,CHEMBL5725520
CHEMBL5845312,2.26,8.65,CHEMBL5730969,CHEMBL5725520
CHEMBL3923240,1.97,8.71,CHEMBL5730969,CHEMBL5725520
CHEMBL5977489,0.98,9.01,CHEMBL5730969,CHEMBL5725520
CHEMBL3918755,1.06,8.97,CHEMBL5730969,CHEMBL5725520
CHEMBL6003189,9.15,8.04,CHEMBL5730969,CHEMBL5725520
CHEMBL3896937,0.88,9.06,CHEMBL5730969,CHEMBL5725520
CHEMBL6031258,0.8,9.10,CHEMBL5730969,CHEMBL5725520
CHEMBL5817384,6.77,8.17,CHEMBL5730969,CHEMBL5725520
CHEMBL3953773,1.45,8.84,CHEMBL5730969,CHEMBL5725520
CHEMBL5903693,14.8,7.83,CHEMBL5730969,CHEMBL5725520
CHEMBL5979294,0.92,9.04,CHEMBL5730969,CHEMBL5725520
CHEMBL6000169,3.01,8.52,CHEMBL5730969,CHEMBL5725520
CHEMBL6024220,3.64,8.44,CHEMBL5730969,CHEMBL5725520
CHEMBL3940712,1.4,8.85,CHEMBL5730969,CHEMBL5725520
CHEMBL5941070,1.86,8.73,CHEMBL5730969,CHEMBL5725520
CHEMBL5876989,1.02,8.99,CHEMBL5730969,CHEMBL5725520
CHEMBL5752215,2.07,8.68,CHEMBL5730969,CHEMBL5725520
CHEMBL5986307,0.78,9.11,CHEMBL5730969,CHEMBL5725520
CHEMBL5852437,124.0,6.91,CHEMBL5731695,CHEMBL5725918
CHEMBL5834120,303.0,6.52,CHEMBL5731695,CHEMBL5725918
CHEMBL5956645,21.0,7.68,CHEMBL5731695,CHEMBL5725918
CHEMBL5788513,294.0,6.53,CHEMBL5731695,CHEMBL5725918
CHEMBL5792319,366.0,6.44,CHEMBL5731695,CHEMBL5725918
CHEMBL5757857,12888.0,4.89,CHEMBL5731695,CHEMBL5725918
CHEMBL5908812,3878.0,5.41,CHEMBL5731695,CHEMBL5725918
CHEMBL5801773,470.0,6.33,CHEMBL5731695,CHEMBL5725918
CHEMBL5938719,515.0,6.29,CHEMBL5731695,CHEMBL5725918
CHEMBL5798184,337.0,6.47,CHEMBL5731695,CHEMBL5725918
CHEMBL5754389,1171.0,5.93,CHEMBL5731695,CHEMBL5725918
CHEMBL5765355,933.0,6.03,CHEMBL5731695,CHEMBL5725918
CHEMBL5942591,4044.0,5.39,CHEMBL5731695,CHEMBL5725918
CHEMBL5817276,738.0,6.13,CHEMBL5731695,CHEMBL5725918
CHEMBL5946159,582.0,6.24,CHEMBL5731695,CHEMBL5725918
CHEMBL6023282,894.0,6.05,CHEMBL5731695,CHEMBL5725918
CHEMBL5934055,843.0,6.07,CHEMBL5731695,CHEMBL5725918
CHEMBL6034023,759.0,6.12,CHEMBL5731695,CHEMBL5725918
CHEMBL5951578,861.0,6.07,CHEMBL5731695,CHEMBL5725918
CHEMBL6041377,762.0,6.12,CHEMBL5731695,CHEMBL5725918
CHEMBL5952529,557.0,6.25,CHEMBL5731695,CHEMBL5725918
CHEMBL5993847,928.0,6.03,CHEMBL5731695,CHEMBL5725918
CHEMBL5749383,802.0,6.10,CHEMBL5731695,CHEMBL5725918
CHEMBL6055120,1178.0,5.93,CHEMBL5731695,CHEMBL5725918
CHEMBL6034537,385.0,6.42,CHEMBL5731695,CHEMBL5725918
CHEMBL5904079,707.0,6.15,CHEMBL5731695,CHEMBL5725918
CHEMBL5834214,1049.0,5.98,CHEMBL5731695,CHEMBL5725918
CHEMBL5997193,428.0,6.37,CHEMBL5731695,CHEMBL5725918
CHEMBL5857927,740.0,6.13,CHEMBL5731695,CHEMBL5725918
CHEMBL5985422,455.0,6.34,CHEMBL5731695,CHEMBL5725918
CHEMBL5819427,97.4,7.01,CHEMBL5731695,CHEMBL5725918
CHEMBL5942723,1188.0,5.92,CHEMBL5731695,CHEMBL5725918
CHEMBL5917680,463.0,6.33,CHEMBL5731695,CHEMBL5725918
CHEMBL5906442,524.0,6.28,CHEMBL5731695,CHEMBL5725918
CHEMBL6007111,331.0,6.48,CHEMBL5731695,CHEMBL5725918
CHEMBL5950751,530.0,6.28,CHEMBL5731695,CHEMBL5725918
CHEMBL6022280,998.0,6.00,CHEMBL5731695,CHEMBL5725918
CHEMBL5843842,605.0,6.22,CHEMBL5731695,CHEMBL5725918
CHEMBL5860105,778.0,6.11,CHEMBL5731695,CHEMBL5725918
CHEMBL5997476,994.0,6.00,CHEMBL5731695,CHEMBL5725918
CHEMBL6008191,490.0,6.31,CHEMBL5731695,CHEMBL5725918
CHEMBL5861241,646.0,6.19,CHEMBL5731695,CHEMBL5725918
CHEMBL5885436,1022.0,5.99,CHEMBL5731695,CHEMBL5725918
CHEMBL5763173,1108.0,5.96,CHEMBL5731695,CHEMBL5725918
CHEMBL5953011,621.0,6.21,CHEMBL5731695,CHEMBL5725918
CHEMBL5927110,906.0,6.04,CHEMBL5731695,CHEMBL5725918
CHEMBL6032885,102.0,6.99,CHEMBL5731695,CHEMBL5725918
CHEMBL5934101,1621.0,5.79,CHEMBL5731695,CHEMBL5725918
CHEMBL5758914,1274.0,5.89,CHEMBL5731695,CHEMBL5725918
CHEMBL6023233,603.0,6.22,CHEMBL5731695,CHEMBL5725918
CHEMBL5764071,1290.0,5.89,CHEMBL5731695,CHEMBL5725918
CHEMBL5798258,680.0,6.17,CHEMBL5731695,CHEMBL5725918
CHEMBL5935716,713.0,6.15,CHEMBL5731695,CHEMBL5725918
CHEMBL6003918,1046.0,5.98,CHEMBL5731695,CHEMBL5725918
CHEMBL5830898,536.0,6.27,CHEMBL5731695,CHEMBL5725918
CHEMBL5842457,308.0,6.51,CHEMBL5731695,CHEMBL5725918
CHEMBL5909832,644.0,6.19,CHEMBL5731695,CHEMBL5725918
CHEMBL5924746,789.0,6.10,CHEMBL5731695,CHEMBL5725918
CHEMBL5780742,342.0,6.47,CHEMBL5731695,CHEMBL5725918
CHEMBL5974045,570.0,6.24,CHEMBL5731695,CHEMBL5725918
CHEMBL6056753,896.0,6.05,CHEMBL5731695,CHEMBL5725918
CHEMBL5915551,1519.0,5.82,CHEMBL5731695,CHEMBL5725918
CHEMBL5914038,359.0,6.45,CHEMBL5731695,CHEMBL5725918
CHEMBL5766295,167.0,6.78,CHEMBL5731695,CHEMBL5725918
CHEMBL5983442,128.0,6.89,CHEMBL5731695,CHEMBL5725918
CHEMBL5939540,125.0,6.90,CHEMBL5731695,CHEMBL5725918
CHEMBL5900920,626.0,6.20,CHEMBL5731695,CHEMBL5725918
CHEMBL6013739,184.0,6.74,CHEMBL5731695,CHEMBL5725918
CHEMBL5815670,215.0,6.67,CHEMBL5731695,CHEMBL5725918
CHEMBL5937994,215.0,6.67,CHEMBL5731695,CHEMBL5725918
CHEMBL5904162,281.0,6.55,CHEMBL5731695,CHEMBL5725918
CHEMBL5949785,820.0,6.09,CHEMBL5731695,CHEMBL5725918
CHEMBL5760184,990.0,6.00,CHEMBL5731695,CHEMBL5725918
CHEMBL5948182,585.0,6.23,CHEMBL5731695,CHEMBL5725918
CHEMBL5751862,59.3,7.23,CHEMBL5731695,CHEMBL5725918
CHEMBL5952818,125.0,6.90,CHEMBL5731695,CHEMBL5725918
CHEMBL5908754,981.0,6.01,CHEMBL5731695,CHEMBL5725918
CHEMBL6003931,448.0,6.35,CHEMBL5731695,CHEMBL5725918
CHEMBL6010077,834.0,6.08,CHEMBL5731695,CHEMBL5725918
CHEMBL5805100,863.0,6.06,CHEMBL5731695,CHEMBL5725918
CHEMBL5841187,507.0,6.29,CHEMBL5731695,CHEMBL5725918
CHEMBL5746341,668.0,6.17,CHEMBL5731695,CHEMBL5725918
CHEMBL5903952,1550.0,5.81,CHEMBL5731695,CHEMBL5725918
CHEMBL6027932,2608.0,5.58,CHEMBL5731695,CHEMBL5725918
CHEMBL6053280,2788.0,5.55,CHEMBL5731695,CHEMBL5725918
CHEMBL5932399,1849.0,5.73,CHEMBL5731695,CHEMBL5725918
CHEMBL5868152,382.0,6.42,CHEMBL5731695,CHEMBL5725918
CHEMBL5940523,10541.0,4.98,CHEMBL5731695,CHEMBL5725918
CHEMBL5830898,1181.0,5.93,CHEMBL5731695,CHEMBL5725918
CHEMBL5789154,1341.0,5.87,CHEMBL5731695,CHEMBL5725918
CHEMBL5879609,1208.0,5.92,CHEMBL5731695,CHEMBL5725918
CHEMBL5920535,1352.0,5.87,CHEMBL5731695,CHEMBL5725918
CHEMBL5813483,560.0,6.25,CHEMBL5731695,CHEMBL5725918
CHEMBL5821609,5485.0,5.26,CHEMBL5731695,CHEMBL5725918
CHEMBL5744969,5558.0,5.25,CHEMBL5731695,CHEMBL5725918
CHEMBL5770882,5000.0,,CHEMBL5731695,CHEMBL5725918
CHEMBL5894121,2440.0,5.61,CHEMBL5731695,CHEMBL5725918
CHEMBL5893403,6405.0,5.19,CHEMBL5731695,CHEMBL5725918
CHEMBL5797348,7249.0,5.14,CHEMBL5731695,CHEMBL5725918
CHEMBL6003107,100000.0,4.00,CHEMBL5731695,CHEMBL5725918
CHEMBL5858782,789.0,6.10,CHEMBL5731695,CHEMBL5725918
CHEMBL6012726,962.0,6.02,CHEMBL5731695,CHEMBL5725918
CHEMBL5926436,1510.0,5.82,CHEMBL5731695,CHEMBL5725918
CHEMBL5825714,5162.0,5.29,CHEMBL5731695,CHEMBL5725918
CHEMBL6032181,1015.0,5.99,CHEMBL5731695,CHEMBL5725918
CHEMBL5855827,3092.0,5.51,CHEMBL5731695,CHEMBL5725918
CHEMBL5857292,970.0,6.01,CHEMBL5731695,CHEMBL5725918
CHEMBL3323115,809.0,6.09,CHEMBL5731695,CHEMBL5725918
CHEMBL3323116,337.0,6.47,CHEMBL5731695,CHEMBL5725918
CHEMBL5953407,1797.0,5.75,CHEMBL5731695,CHEMBL5725918
CHEMBL3323008,366.0,6.44,CHEMBL5731695,CHEMBL5725918
CHEMBL3323010,191.0,6.72,CHEMBL5731695,CHEMBL5725918
CHEMBL3323011,511.0,6.29,CHEMBL5731695,CHEMBL5725918
CHEMBL3323015,436.0,6.36,CHEMBL5731695,CHEMBL5725918
CHEMBL3323016,450.0,6.35,CHEMBL5731695,CHEMBL5725918
CHEMBL3323017,655.0,6.18,CHEMBL5731695,CHEMBL5725918
CHEMBL3322998,572.0,6.24,CHEMBL5731695,CHEMBL5725918
CHEMBL3323001,1883.0,5.72,CHEMBL5731695,CHEMBL5725918
CHEMBL3323113,934.0,6.03,CHEMBL5731695,CHEMBL5725918
CHEMBL3323112,301.0,6.52,CHEMBL5731695,CHEMBL5725918
CHEMBL3323114,298.0,6.53,CHEMBL5731695,CHEMBL5725918
CHEMBL3323009,361.0,6.44,CHEMBL5731695,CHEMBL5725918
CHEMBL3323004,1452.0,5.84,CHEMBL5731695,CHEMBL5725918
CHEMBL3323000,4983.0,5.30,CHEMBL5731695,CHEMBL5725918
CHEMBL3323007,4604.0,5.34,CHEMBL5731695,CHEMBL5725918
CHEMBL6065863,1260.0,5.90,CHEMBL5731695,CHEMBL5725918
CHEMBL3323003,1133.0,5.95,CHEMBL5731695,CHEMBL5725918
CHEMBL5931151,2331.0,5.63,CHEMBL5731695,CHEMBL5725918
CHEMBL6049395,3561.0,5.45,CHEMBL5731695,CHEMBL5725918
CHEMBL3322999,13567.0,4.87,CHEMBL5731695,CHEMBL5725918
CHEMBL3235465,10000.0,,CHEMBL5731912,CHEMBL5726035
CHEMBL3235465,10000.0,,CHEMBL5732383,CHEMBL5726272
CHEMBL272603,1041.0,5.98,CHEMBL5732383,CHEMBL5726272
CHEMBL3954568,95.5,7.02,CHEMBL5733294,CHEMBL5726767
CHEMBL3953365,132.0,6.88,CHEMBL5733294,CHEMBL5726767
CHEMBL5907555,525.0,6.28,CHEMBL5733294,CHEMBL5726767
CHEMBL6038892,1349.0,5.87,CHEMBL5733294,CHEMBL5726767
CHEMBL3944642,389.0,6.41,CHEMBL5733294,CHEMBL5726767
CHEMBL3913607,186.0,6.73,CHEMBL5733294,CHEMBL5726767
CHEMBL5747045,347.0,6.46,CHEMBL5733294,CHEMBL5726767
CHEMBL3911264,74.1,7.13,CHEMBL5733294,CHEMBL5726767
CHEMBL5862779,1778.0,5.75,CHEMBL5733294,CHEMBL5726767
CHEMBL3901211,4169.0,5.38,CHEMBL5733294,CHEMBL5726767
CHEMBL3958494,1445.0,5.84,CHEMBL5733294,CHEMBL5726767
CHEMBL5862779,1445.0,5.84,CHEMBL5733294,CHEMBL5726767
CHEMBL5862779,676.0,6.17,CHEMBL5733294,CHEMBL5726767
CHEMBL3913062,724.0,6.14,CHEMBL5733294,CHEMBL5726767
CHEMBL5821495,380.0,6.42,CHEMBL5733294,CHEMBL5726767
CHEMBL3901587,162.0,6.79,CHEMBL5733294,CHEMBL5726767
CHEMBL3901587,794.0,6.10,CHEMBL5733294,CHEMBL5726767
CHEMBL5821495,70.8,7.15,CHEMBL5733294,CHEMBL5726767
CHEMBL3955505,10000.0,,CHEMBL5733294,CHEMBL5726767
CHEMBL3927895,25.7,7.59,CHEMBL5733294,CHEMBL5726767
CHEMBL5901688,1096.0,5.96,CHEMBL5733294,CHEMBL5726767
CHEMBL5901688,955.0,6.02,CHEMBL5733294,CHEMBL5726767
CHEMBL3945775,1413.0,5.85,CHEMBL5733294,CHEMBL5726767
CHEMBL5901688,95.5,7.02,CHEMBL5733294,CHEMBL5726767
CHEMBL3917887,66.1,7.18,CHEMBL5733294,CHEMBL5726767
CHEMBL5796846,1514.0,5.82,CHEMBL5733294,CHEMBL5726767
CHEMBL5796846,1148.0,5.94,CHEMBL5733294,CHEMBL5726767
CHEMBL3912029,1288.0,5.89,CHEMBL5733294,CHEMBL5726767
CHEMBL5796846,117.0,6.93,CHEMBL5733294,CHEMBL5726767
CHEMBL3922143,57.5,7.24,CHEMBL5733294,CHEMBL5726767
CHEMBL6065466,1175.0,5.93,CHEMBL5733294,CHEMBL5726767
CHEMBL6020381,10000.0,,CHEMBL5733294,CHEMBL5726767
CHEMBL5760982,1288.0,5.89,CHEMBL5733294,CHEMBL5726767
CHEMBL3948167,692.0,6.16,CHEMBL5733294,CHEMBL5726767
CHEMBL6032909,10000.0,,CHEMBL5733294,CHEMBL5726767
CHEMBL6016539,1259.0,5.90,CHEMBL5733294,CHEMBL5726767
CHEMBL5763156,10000.0,,CHEMBL5733294,CHEMBL5726767
CHEMBL6032909,708.0,6.15,CHEMBL5733294,CHEMBL5726767
CHEMBL6021977,363.0,6.44,CHEMBL5733294,CHEMBL5726767
CHEMBL5965120,10000.0,,CHEMBL5733294,CHEMBL5726767
CHEMBL5933510,10000.0,,CHEMBL5733294,CHEMBL5726767
CHEMBL5745580,10000.0,,CHEMBL5733294,CHEMBL5726767
CHEMBL5912644,832.0,6.08,CHEMBL5733294,CHEMBL5726767
CHEMBL3903779,537.0,6.27,CHEMBL5733294,CHEMBL5726767
CHEMBL5872154,417.0,6.38,CHEMBL5733294,CHEMBL5726767
CHEMBL5859017,129.0,6.89,CHEMBL5733294,CHEMBL5726767
CHEMBL3958201,123.0,6.91,CHEMBL5733294,CHEMBL5726767
CHEMBL5935425,2239.0,5.65,CHEMBL5733294,CHEMBL5726767
CHEMBL5935425,1175.0,5.93,CHEMBL5733294,CHEMBL5726767
CHEMBL6036428,1622.0,5.79,CHEMBL5733294,CHEMBL5726767
CHEMBL6036428,97.7,7.01,CHEMBL5733294,CHEMBL5726767
CHEMBL5882462,41.7,7.38,CHEMBL5733294,CHEMBL5726767
CHEMBL5785194,646.0,6.19,CHEMBL5733294,CHEMBL5726767
CHEMBL5799799,107.0,6.97,CHEMBL5733294,CHEMBL5726767
CHEMBL5979664,617.0,6.21,CHEMBL5733294,CHEMBL5726767
CHEMBL5984417,135.0,6.87,CHEMBL5733294,CHEMBL5726767
CHEMBL5956394,10000.0,,CHEMBL5733294,CHEMBL5726767
CHEMBL5796462,288.0,6.54,CHEMBL5733294,CHEMBL5726767
CHEMBL3984236,525.0,6.28,CHEMBL5733294,CHEMBL5726767
CHEMBL5980121,107.0,6.97,CHEMBL5733294,CHEMBL5726767
CHEMBL5796462,117.0,6.93,CHEMBL5733294,CHEMBL5726767
CHEMBL5830481,81.3,7.09,CHEMBL5733294,CHEMBL5726767
CHEMBL3976192,933.0,6.03,CHEMBL5733294,CHEMBL5726767
CHEMBL3976192,851.0,6.07,CHEMBL5733294,CHEMBL5726767
CHEMBL5834769,977.0,6.01,CHEMBL5733294,CHEMBL5726767
CHEMBL5957311,240.0,6.62,CHEMBL5733294,CHEMBL5726767
CHEMBL3955608,120.0,6.92,CHEMBL5733294,CHEMBL5726767
CHEMBL5923928,87.1,7.06,CHEMBL5733294,CHEMBL5726767
CHEMBL5849707,2344.0,5.63,CHEMBL5733294,CHEMBL5726767
CHEMBL3978613,209.0,6.68,CHEMBL5733294,CHEMBL5726767
CHEMBL3978613,97.7,7.01,CHEMBL5733294,CHEMBL5726767
CHEMBL3923578,759.0,6.12,CHEMBL5733294,CHEMBL5726767
CHEMBL3914556,182.0,6.74,CHEMBL5733294,CHEMBL5726767
CHEMBL5818912,209.0,6.68,CHEMBL5733294,CHEMBL5726767
CHEMBL5899921,1096.0,5.96,CHEMBL5733294,CHEMBL5726767
CHEMBL5939017,871.0,6.06,CHEMBL5733294,CHEMBL5726767
CHEMBL6006928,10000.0,,CHEMBL5733294,CHEMBL5726767
CHEMBL5777028,10000.0,,CHEMBL5733294,CHEMBL5726767
CHEMBL5852231,10000.0,,CHEMBL5733294,CHEMBL5726767
CHEMBL5788233,1445.0,5.84,CHEMBL5733294,CHEMBL5726767
CHEMBL5869487,10000.0,,CHEMBL5733294,CHEMBL5726767
CHEMBL6007994,10000.0,,CHEMBL5733294,CHEMBL5726767
CHEMBL5869487,10000.0,,CHEMBL5733294,CHEMBL5726767
CHEMBL5808334,1122.0,5.95,CHEMBL5733294,CHEMBL5726767
CHEMBL5955137,19.1,7.72,CHEMBL5733294,CHEMBL5726767
CHEMBL5910493,5.5,8.26,CHEMBL5733294,CHEMBL5726767
CHEMBL5909853,10000.0,,CHEMBL5733294,CHEMBL5726767
CHEMBL5909853,10000.0,,CHEMBL5733294,CHEMBL5726767
CHEMBL5925495,10000.0,,CHEMBL5733294,CHEMBL5726767
CHEMBL6033858,2239.0,5.65,CHEMBL5733294,CHEMBL5726767
CHEMBL3774540,58.9,7.23,CHEMBL5733628,CHEMBL5726886
CHEMBL5882179,138.0,6.86,CHEMBL5733628,CHEMBL5726886
CHEMBL5806254,53.7,7.27,CHEMBL5733628,CHEMBL5726886
CHEMBL3775534,5.75,8.24,CHEMBL5733628,CHEMBL5726886
CHEMBL5915400,2.19,8.66,CHEMBL5733628,CHEMBL5726886
CHEMBL5915400,33.9,7.47,CHEMBL5733628,CHEMBL5726886
CHEMBL5982290,309.0,6.51,CHEMBL5733628,CHEMBL5726886
CHEMBL3775589,186.0,6.73,CHEMBL5733628,CHEMBL5726886
CHEMBL6046358,372.0,6.43,CHEMBL5733628,CHEMBL5726886
CHEMBL5994751,145.0,6.84,CHEMBL5733628,CHEMBL5726886
CHEMBL3775226,91.2,7.04,CHEMBL5733628,CHEMBL5726886
CHEMBL5909103,501.0,6.30,CHEMBL5733628,CHEMBL5726886
CHEMBL5895923,53.7,7.27,CHEMBL5733628,CHEMBL5726886
CHEMBL5895923,61.7,7.21,CHEMBL5733628,CHEMBL5726886
CHEMBL3774588,115.0,6.94,CHEMBL5733628,CHEMBL5726886
CHEMBL5758482,45.7,7.34,CHEMBL5733628,CHEMBL5726886
CHEMBL5969419,295.0,6.53,CHEMBL5733628,CHEMBL5726886
CHEMBL3775872,4.37,8.36,CHEMBL5733628,CHEMBL5726886
CHEMBL3775872,20.4,7.69,CHEMBL5733628,CHEMBL5726886
CHEMBL3775395,617.0,6.21,CHEMBL5733628,CHEMBL5726886
CHEMBL3775967,501.0,6.30,CHEMBL5733628,CHEMBL5726886
CHEMBL3775338,10.5,7.98,CHEMBL5733628,CHEMBL5726886
CHEMBL3775301,457.0,6.34,CHEMBL5733628,CHEMBL5726886
CHEMBL3775005,63.1,7.20,CHEMBL5733628,CHEMBL5726886
CHEMBL3775005,162.0,6.79,CHEMBL5733628,CHEMBL5726886
CHEMBL5817807,457.0,6.34,CHEMBL5733628,CHEMBL5726886
CHEMBL5905073,468.0,6.33,CHEMBL5733628,CHEMBL5726886
CHEMBL3774649,933.0,6.03,CHEMBL5733628,CHEMBL5726886
CHEMBL5768526,1549.0,5.81,CHEMBL5733628,CHEMBL5726886
CHEMBL5884830,1288.0,5.89,CHEMBL5733628,CHEMBL5726886
CHEMBL6001219,288.0,6.54,CHEMBL5733628,CHEMBL5726886
CHEMBL6021559,1318.0,5.88,CHEMBL5733628,CHEMBL5726886
CHEMBL5815426,1622.0,5.79,CHEMBL5733628,CHEMBL5726886
CHEMBL5929501,10000.0,,CHEMBL5733628,CHEMBL5726886
CHEMBL5951106,10000.0,,CHEMBL5733628,CHEMBL5726886
CHEMBL5943618,200.0,6.70,CHEMBL5733628,CHEMBL5726886
CHEMBL5838466,282.0,6.55,CHEMBL5733628,CHEMBL5726886
CHEMBL5845180,43.7,7.36,CHEMBL5733628,CHEMBL5726886
CHEMBL5818092,389.0,6.41,CHEMBL5733628,CHEMBL5726886
CHEMBL5853312,10000.0,,CHEMBL5733628,CHEMBL5726886
CHEMBL5802454,1479.0,5.83,CHEMBL5733628,CHEMBL5726886
CHEMBL5826229,10000.0,,CHEMBL5733628,CHEMBL5726886
CHEMBL5917496,138.0,6.86,CHEMBL5733628,CHEMBL5726886
CHEMBL5837630,1230.0,5.91,CHEMBL5733628,CHEMBL5726886
CHEMBL6035293,468.0,6.33,CHEMBL5733628,CHEMBL5726886
CHEMBL5806473,871.0,6.06,CHEMBL5733628,CHEMBL5726886
CHEMBL5760252,200.0,6.70,CHEMBL5733628,CHEMBL5726886
CHEMBL5760252,57.5,7.24,CHEMBL5733628,CHEMBL5726886
CHEMBL3775243,148.0,6.83,CHEMBL5733628,CHEMBL5726886
CHEMBL5790673,89.1,7.05,CHEMBL5733628,CHEMBL5726886
CHEMBL5808693,170.0,6.77,CHEMBL5733628,CHEMBL5726886
CHEMBL3774534,851.0,6.07,CHEMBL5733628,CHEMBL5726886
CHEMBL3775583,575.0,6.24,CHEMBL5733628,CHEMBL5726886
CHEMBL3775572,1047.0,5.98,CHEMBL5733628,CHEMBL5726886
CHEMBL3774683,174.0,6.76,CHEMBL5733628,CHEMBL5726886
CHEMBL6042709,155.0,6.81,CHEMBL5733628,CHEMBL5726886
CHEMBL5859047,141.0,6.85,CHEMBL5733628,CHEMBL5726886
CHEMBL5859047,170.0,6.77,CHEMBL5733628,CHEMBL5726886
CHEMBL3775667,47.9,7.32,CHEMBL5733628,CHEMBL5726886
CHEMBL3774996,105.0,6.98,CHEMBL5733628,CHEMBL5726886
CHEMBL3774621,11.5,7.94,CHEMBL5733628,CHEMBL5726886
CHEMBL3774621,34.7,7.46,CHEMBL5733628,CHEMBL5726886
CHEMBL3775386,191.0,6.72,CHEMBL5733628,CHEMBL5726886
CHEMBL3775771,646.0,6.19,CHEMBL5733628,CHEMBL5726886
CHEMBL3774869,141.0,6.85,CHEMBL5733628,CHEMBL5726886
CHEMBL3774869,263.0,6.58,CHEMBL5733628,CHEMBL5726886
CHEMBL3775294,240.0,6.62,CHEMBL5733628,CHEMBL5726886
CHEMBL3775294,372.0,6.43,CHEMBL5733628,CHEMBL5726886
CHEMBL3774591,240.0,6.62,CHEMBL5733628,CHEMBL5726886
CHEMBL5899067,776.0,6.11,CHEMBL5733628,CHEMBL5726886
CHEMBL5899067,1072.0,5.97,CHEMBL5733628,CHEMBL5726886
CHEMBL5865586,295.0,6.53,CHEMBL5733628,CHEMBL5726886
CHEMBL5865586,288.0,6.54,CHEMBL5733628,CHEMBL5726886
CHEMBL3775023,1698.0,5.77,CHEMBL5733628,CHEMBL5726886
CHEMBL3775071,1148.0,5.94,CHEMBL5733628,CHEMBL5726886
CHEMBL3774412,631.0,6.20,CHEMBL5733628,CHEMBL5726886
CHEMBL3775631,240.0,6.62,CHEMBL5733628,CHEMBL5726886
CHEMBL3775836,186.0,6.73,CHEMBL5733628,CHEMBL5726886
CHEMBL3775618,692.0,6.16,CHEMBL5733628,CHEMBL5726886
CHEMBL3774425,34.7,7.46,CHEMBL5733628,CHEMBL5726886
CHEMBL3774895,95.5,7.02,CHEMBL5733628,CHEMBL5726886
CHEMBL3775598,372.0,6.43,CHEMBL5733628,CHEMBL5726886
CHEMBL6048434,5129.0,5.29,CHEMBL5733628,CHEMBL5726886
CHEMBL6002665,257.0,6.59,CHEMBL5733628,CHEMBL5726886
CHEMBL3774783,324.0,6.49,CHEMBL5733628,CHEMBL5726886
CHEMBL5882508,224.0,6.65,CHEMBL5733628,CHEMBL5726886
CHEMBL6024625,661.0,6.18,CHEMBL5733628,CHEMBL5726886
CHEMBL3775753,525.0,6.28,CHEMBL5733628,CHEMBL5726886
CHEMBL5894117,513.0,6.29,CHEMBL5733628,CHEMBL5726886
CHEMBL5917338,427.0,6.37,CHEMBL5733628,CHEMBL5726886
CHEMBL3774911,1349.0,5.87,CHEMBL5733628,CHEMBL5726886
CHEMBL3775946,372.0,6.43,CHEMBL5733628,CHEMBL5726886
CHEMBL3774519,603.0,6.22,CHEMBL5733628,CHEMBL5726886
CHEMBL3775810,112.0,6.95,CHEMBL5733628,CHEMBL5726886
CHEMBL5930107,117.0,6.93,CHEMBL5733628,CHEMBL5726886
CHEMBL5941723,166.0,6.78,CHEMBL5733628,CHEMBL5726886
CHEMBL5847014,38.9,7.41,CHEMBL5733628,CHEMBL5726886
CHEMBL5833403,692.0,6.16,CHEMBL5733628,CHEMBL5726886
CHEMBL3775604,724.0,6.14,CHEMBL5733628,CHEMBL5726886
CHEMBL5744335,2042.0,5.69,CHEMBL5733628,CHEMBL5726886
CHEMBL5956471,457.0,6.34,CHEMBL5733628,CHEMBL5726886
CHEMBL5920163,1514.0,5.82,CHEMBL5733628,CHEMBL5726886
CHEMBL3775197,724.0,6.14,CHEMBL5733628,CHEMBL5726886
CHEMBL5958138,427.0,6.37,CHEMBL5733628,CHEMBL5726886
CHEMBL5940122,1413.0,5.85,CHEMBL5733628,CHEMBL5726886
CHEMBL3775036,191.0,6.72,CHEMBL5733628,CHEMBL5726886
CHEMBL3774490,380.0,6.42,CHEMBL5733628,CHEMBL5726886
CHEMBL5922377,1000.0,6.00,CHEMBL5733628,CHEMBL5726886
CHEMBL3775214,282.0,6.55,CHEMBL5733628,CHEMBL5726886
CHEMBL5817174,234.0,6.63,CHEMBL5733628,CHEMBL5726886
CHEMBL5747857,676.0,6.17,CHEMBL5733628,CHEMBL5726886
CHEMBL3775554,437.0,6.36,CHEMBL5733628,CHEMBL5726886
CHEMBL3775408,331.0,6.48,CHEMBL5733628,CHEMBL5726886
CHEMBL3775256,155.0,6.81,CHEMBL5733628,CHEMBL5726886
CHEMBL3775482,145.0,6.84,CHEMBL5733628,CHEMBL5726886
CHEMBL5955382,724.0,6.14,CHEMBL5733628,CHEMBL5726886
CHEMBL3774411,646.0,6.19,CHEMBL5733628,CHEMBL5726886
CHEMBL5779139,2239.0,5.65,CHEMBL5733628,CHEMBL5726886
CHEMBL5945834,617.0,6.21,CHEMBL5733628,CHEMBL5726886
CHEMBL3775033,617.0,6.21,CHEMBL5733628,CHEMBL5726886
CHEMBL6007270,447.0,6.35,CHEMBL5733628,CHEMBL5726886
CHEMBL5815880,1202.0,5.92,CHEMBL5733628,CHEMBL5726886
CHEMBL5750884,2291.0,5.64,CHEMBL5733628,CHEMBL5726886
CHEMBL5889124,490.0,6.31,CHEMBL5733628,CHEMBL5726886
CHEMBL3775718,355.0,6.45,CHEMBL5733628,CHEMBL5726886
CHEMBL5781214,204.0,6.69,CHEMBL5733628,CHEMBL5726886
CHEMBL5966019,794.0,6.10,CHEMBL5733628,CHEMBL5726886
CHEMBL6047939,37.2,7.43,CHEMBL5733628,CHEMBL5726886
CHEMBL5846531,372.0,6.43,CHEMBL5733628,CHEMBL5726886
CHEMBL6019104,245.0,6.61,CHEMBL5733628,CHEMBL5726886
CHEMBL6012882,891.0,6.05,CHEMBL5733628,CHEMBL5726886
CHEMBL5894798,1000.0,6.00,CHEMBL5733628,CHEMBL5726886
CHEMBL5956355,603.0,6.22,CHEMBL5733628,CHEMBL5726886
CHEMBL5773072,417.0,6.38,CHEMBL5733628,CHEMBL5726886
CHEMBL6045375,1995.0,5.70,CHEMBL5733628,CHEMBL5726886
CHEMBL5783520,4365.0,5.36,CHEMBL5733628,CHEMBL5726886
CHEMBL5895160,1413.0,5.85,CHEMBL5733628,CHEMBL5726886
CHEMBL3774769,562.0,6.25,CHEMBL5733628,CHEMBL5726886
CHEMBL6016459,1660.0,5.78,CHEMBL5733628,CHEMBL5726886
CHEMBL6016459,525.0,6.28,CHEMBL5733628,CHEMBL5726886
CHEMBL6003733,389.0,6.41,CHEMBL5733628,CHEMBL5726886
CHEMBL5977960,275.0,6.56,CHEMBL5733628,CHEMBL5726886
CHEMBL6064810,1023.0,5.99,CHEMBL5733628,CHEMBL5726886
CHEMBL5904768,191.0,6.72,CHEMBL5733628,CHEMBL5726886
CHEMBL5804011,191.0,6.72,CHEMBL5733628,CHEMBL5726886
CHEMBL5882234,550.0,6.26,CHEMBL5733628,CHEMBL5726886
CHEMBL5787430,724.0,6.14,CHEMBL5733628,CHEMBL5726886
CHEMBL6014907,832.0,6.08,CHEMBL5733628,CHEMBL5726886
CHEMBL5996474,813.0,6.09,CHEMBL5733628,CHEMBL5726886
CHEMBL5979762,813.0,6.09,CHEMBL5733628,CHEMBL5726886
CHEMBL5912634,457.0,6.34,CHEMBL5733628,CHEMBL5726886
CHEMBL5758059,2089.0,5.68,CHEMBL5733628,CHEMBL5726886
CHEMBL3774569,407.0,6.39,CHEMBL5733628,CHEMBL5726886
CHEMBL3775350,1202.0,5.92,CHEMBL5733628,CHEMBL5726886
CHEMBL5740725,977.0,6.01,CHEMBL5733628,CHEMBL5726886
CHEMBL5856641,912.0,6.04,CHEMBL5733628,CHEMBL5726886
CHEMBL5752263,10000.0,,CHEMBL5733628,CHEMBL5726886
CHEMBL5970752,1148.0,5.94,CHEMBL5733628,CHEMBL5726886
CHEMBL5958709,575.0,6.24,CHEMBL5733628,CHEMBL5726886
CHEMBL5748406,676.0,6.17,CHEMBL5733628,CHEMBL5726886
CHEMBL5939973,692.0,6.16,CHEMBL5733628,CHEMBL5726886
CHEMBL6009636,603.0,6.22,CHEMBL5733628,CHEMBL5726886
CHEMBL5899930,776.0,6.11,CHEMBL5733628,CHEMBL5726886
CHEMBL5974904,151.0,6.82,CHEMBL5733628,CHEMBL5726886
CHEMBL3774515,1514.0,5.82,CHEMBL5733628,CHEMBL5726886
CHEMBL5882264,1202.0,5.92,CHEMBL5733628,CHEMBL5726886
CHEMBL3775961,331.0,6.48,CHEMBL5733628,CHEMBL5726886
CHEMBL6015575,97.7,7.01,CHEMBL5733628,CHEMBL5726886
CHEMBL5798666,692.0,6.16,CHEMBL5733628,CHEMBL5726886
CHEMBL3775591,977.0,6.01,CHEMBL5733628,CHEMBL5726886
CHEMBL5926747,427.0,6.37,CHEMBL5733628,CHEMBL5726886
CHEMBL5806479,347.0,6.46,CHEMBL5733628,CHEMBL5726886
CHEMBL5897917,912.0,6.04,CHEMBL5733628,CHEMBL5726886
CHEMBL5748515,355.0,6.45,CHEMBL5733628,CHEMBL5726886
CHEMBL5852437,124.0,6.91,CHEMBL5733900,CHEMBL5727033
CHEMBL5834120,303.0,6.52,CHEMBL5733900,CHEMBL5727033
CHEMBL5956645,21.0,7.68,CHEMBL5733900,CHEMBL5727033
CHEMBL5788513,294.0,6.53,CHEMBL5733900,CHEMBL5727033
CHEMBL5792319,366.0,6.44,CHEMBL5733900,CHEMBL5727033
CHEMBL5757857,12888.0,4.89,CHEMBL5733900,CHEMBL5727033
CHEMBL5908812,3878.0,5.41,CHEMBL5733900,CHEMBL5727033
CHEMBL5801773,470.0,6.33,CHEMBL5733900,CHEMBL5727033
CHEMBL5938719,515.0,6.29,CHEMBL5733900,CHEMBL5727033
CHEMBL5798184,337.0,6.47,CHEMBL5733900,CHEMBL5727033
CHEMBL5754389,1171.0,5.93,CHEMBL5733900,CHEMBL5727033
CHEMBL5765355,933.0,6.03,CHEMBL5733900,CHEMBL5727033
CHEMBL5942591,4044.0,5.39,CHEMBL5733900,CHEMBL5727033
CHEMBL5817276,738.0,6.13,CHEMBL5733900,CHEMBL5727033
CHEMBL5946159,582.0,6.24,CHEMBL5733900,CHEMBL5727033
CHEMBL6023282,894.0,6.05,CHEMBL5733900,CHEMBL5727033
CHEMBL5934055,843.0,6.07,CHEMBL5733900,CHEMBL5727033
CHEMBL6034023,759.0,6.12,CHEMBL5733900,CHEMBL5727033
CHEMBL5951578,861.0,6.07,CHEMBL5733900,CHEMBL5727033
CHEMBL6041377,762.0,6.12,CHEMBL5733900,CHEMBL5727033
CHEMBL5952529,557.0,6.25,CHEMBL5733900,CHEMBL5727033
CHEMBL5993847,928.0,6.03,CHEMBL5733900,CHEMBL5727033
CHEMBL5749383,802.0,6.10,CHEMBL5733900,CHEMBL5727033
CHEMBL5870040,1178.0,5.93,CHEMBL5733900,CHEMBL5727033
CHEMBL6034537,385.0,6.42,CHEMBL5733900,CHEMBL5727033
CHEMBL5904079,707.0,6.15,CHEMBL5733900,CHEMBL5727033
CHEMBL5834214,1049.0,5.98,CHEMBL5733900,CHEMBL5727033
CHEMBL5997193,428.0,6.37,CHEMBL5733900,CHEMBL5727033
CHEMBL5857927,740.0,6.13,CHEMBL5733900,CHEMBL5727033
CHEMBL5985422,455.0,6.34,CHEMBL5733900,CHEMBL5727033
CHEMBL5819427,97.4,7.01,CHEMBL5733900,CHEMBL5727033
CHEMBL5942723,1188.0,5.92,CHEMBL5733900,CHEMBL5727033
CHEMBL5917680,463.0,6.33,CHEMBL5733900,CHEMBL5727033
CHEMBL5906442,524.0,6.28,CHEMBL5733900,CHEMBL5727033
CHEMBL6007111,331.0,6.48,CHEMBL5733900,CHEMBL5727033
CHEMBL5950751,530.0,6.28,CHEMBL5733900,CHEMBL5727033
CHEMBL6022280,998.0,6.00,CHEMBL5733900,CHEMBL5727033
CHEMBL5843842,605.0,6.22,CHEMBL5733900,CHEMBL5727033
CHEMBL5860105,778.0,6.11,CHEMBL5733900,CHEMBL5727033
CHEMBL5997476,994.0,6.00,CHEMBL5733900,CHEMBL5727033
CHEMBL6008191,490.0,6.31,CHEMBL5733900,CHEMBL5727033
CHEMBL5861241,646.0,6.19,CHEMBL5733900,CHEMBL5727033
CHEMBL5885436,1022.0,5.99,CHEMBL5733900,CHEMBL5727033
CHEMBL5763173,1108.0,5.96,CHEMBL5733900,CHEMBL5727033
CHEMBL5953011,621.0,6.21,CHEMBL5733900,CHEMBL5727033
CHEMBL5927110,906.0,6.04,CHEMBL5733900,CHEMBL5727033
CHEMBL6032885,102.0,6.99,CHEMBL5733900,CHEMBL5727033
CHEMBL5934101,1621.0,5.79,CHEMBL5733900,CHEMBL5727033
CHEMBL5758914,1274.0,5.89,CHEMBL5733900,CHEMBL5727033
CHEMBL6023233,603.0,6.22,CHEMBL5733900,CHEMBL5727033
CHEMBL5764071,1290.0,5.89,CHEMBL5733900,CHEMBL5727033
CHEMBL5798258,680.0,6.17,CHEMBL5733900,CHEMBL5727033
CHEMBL5935716,713.0,6.15,CHEMBL5733900,CHEMBL5727033
CHEMBL6003918,1046.0,5.98,CHEMBL5733900,CHEMBL5727033
CHEMBL5872819,536.0,6.27,CHEMBL5733900,CHEMBL5727033
CHEMBL5788865,308.0,6.51,CHEMBL5733900,CHEMBL5727033
CHEMBL5909832,644.0,6.19,CHEMBL5733900,CHEMBL5727033
CHEMBL5924746,789.0,6.10,CHEMBL5733900,CHEMBL5727033
CHEMBL5780742,342.0,6.47,CHEMBL5733900,CHEMBL5727033
CHEMBL5974045,570.0,6.24,CHEMBL5733900,CHEMBL5727033
CHEMBL6056753,896.0,6.05,CHEMBL5733900,CHEMBL5727033
CHEMBL5915551,1519.0,5.82,CHEMBL5733900,CHEMBL5727033
CHEMBL5914038,359.0,6.45,CHEMBL5733900,CHEMBL5727033
CHEMBL5766295,167.0,6.78,CHEMBL5733900,CHEMBL5727033
CHEMBL5983442,128.0,6.89,CHEMBL5733900,CHEMBL5727033
CHEMBL5939540,125.0,6.90,CHEMBL5733900,CHEMBL5727033
CHEMBL5900920,626.0,6.20,CHEMBL5733900,CHEMBL5727033
CHEMBL6013739,184.0,6.74,CHEMBL5733900,CHEMBL5727033
CHEMBL5815670,215.0,6.67,CHEMBL5733900,CHEMBL5727033
CHEMBL5937994,215.0,6.67,CHEMBL5733900,CHEMBL5727033
CHEMBL5904162,281.0,6.55,CHEMBL5733900,CHEMBL5727033
CHEMBL5949785,820.0,6.09,CHEMBL5733900,CHEMBL5727033
CHEMBL5760184,990.0,6.00,CHEMBL5733900,CHEMBL5727033
CHEMBL5948182,585.0,6.23,CHEMBL5733900,CHEMBL5727033
CHEMBL5751862,59.3,7.23,CHEMBL5733900,CHEMBL5727033
CHEMBL5952818,125.0,6.90,CHEMBL5733900,CHEMBL5727033
CHEMBL5908754,981.0,6.01,CHEMBL5733900,CHEMBL5727033
CHEMBL6003931,448.0,6.35,CHEMBL5733900,CHEMBL5727033
CHEMBL6010077,834.0,6.08,CHEMBL5733900,CHEMBL5727033
CHEMBL5805100,863.0,6.06,CHEMBL5733900,CHEMBL5727033
CHEMBL5841187,507.0,6.29,CHEMBL5733900,CHEMBL5727033
CHEMBL5746341,668.0,6.17,CHEMBL5733900,CHEMBL5727033
CHEMBL5903952,1550.0,5.81,CHEMBL5733900,CHEMBL5727033
CHEMBL6027932,2608.0,5.58,CHEMBL5733900,CHEMBL5727033
CHEMBL6053280,2788.0,5.55,CHEMBL5733900,CHEMBL5727033
CHEMBL5932399,1849.0,5.73,CHEMBL5733900,CHEMBL5727033
CHEMBL5868152,382.0,6.42,CHEMBL5733900,CHEMBL5727033
CHEMBL5940523,10541.0,4.98,CHEMBL5733900,CHEMBL5727033
CHEMBL5830898,1181.0,5.93,CHEMBL5733900,CHEMBL5727033
CHEMBL5789154,1341.0,5.87,CHEMBL5733900,CHEMBL5727033
CHEMBL5879609,1208.0,5.92,CHEMBL5733900,CHEMBL5727033
CHEMBL5920535,1352.0,5.87,CHEMBL5733900,CHEMBL5727033
CHEMBL5864588,560.0,6.25,CHEMBL5733900,CHEMBL5727033
CHEMBL5821609,5485.0,5.26,CHEMBL5733900,CHEMBL5727033
CHEMBL5744969,5558.0,5.25,CHEMBL5733900,CHEMBL5727033
CHEMBL5770882,5000.0,,CHEMBL5733900,CHEMBL5727033
CHEMBL5762619,2440.0,5.61,CHEMBL5733900,CHEMBL5727033
CHEMBL5893403,6405.0,5.19,CHEMBL5733900,CHEMBL5727033
CHEMBL5797348,7249.0,5.14,CHEMBL5733900,CHEMBL5727033
CHEMBL6003107,100000.0,,CHEMBL5733900,CHEMBL5727033
CHEMBL5868242,789.0,6.10,CHEMBL5733900,CHEMBL5727033
CHEMBL6012726,962.0,6.02,CHEMBL5733900,CHEMBL5727033
CHEMBL5926436,1510.0,5.82,CHEMBL5733900,CHEMBL5727033
CHEMBL5825714,5162.0,5.29,CHEMBL5733900,CHEMBL5727033
CHEMBL6032181,1015.0,5.99,CHEMBL5733900,CHEMBL5727033
CHEMBL5855827,3092.0,5.51,CHEMBL5733900,CHEMBL5727033
CHEMBL5857292,970.0,6.01,CHEMBL5733900,CHEMBL5727033
CHEMBL3323115,809.0,6.09,CHEMBL5733900,CHEMBL5727033
CHEMBL3323116,337.0,6.47,CHEMBL5733900,CHEMBL5727033
CHEMBL5953407,1797.0,5.75,CHEMBL5733900,CHEMBL5727033
CHEMBL3323008,366.0,6.44,CHEMBL5733900,CHEMBL5727033
CHEMBL3323010,191.0,6.72,CHEMBL5733900,CHEMBL5727033
CHEMBL3323011,511.0,6.29,CHEMBL5733900,CHEMBL5727033
CHEMBL3323015,436.0,6.36,CHEMBL5733900,CHEMBL5727033
CHEMBL3323016,450.0,6.35,CHEMBL5733900,CHEMBL5727033
CHEMBL3323017,655.0,6.18,CHEMBL5733900,CHEMBL5727033
CHEMBL3322998,572.0,6.24,CHEMBL5733900,CHEMBL5727033
CHEMBL3323001,1883.0,5.72,CHEMBL5733900,CHEMBL5727033
CHEMBL3323113,934.0,6.03,CHEMBL5733900,CHEMBL5727033
CHEMBL3323112,301.0,6.52,CHEMBL5733900,CHEMBL5727033
CHEMBL3323114,298.0,6.53,CHEMBL5733900,CHEMBL5727033
CHEMBL3323009,361.0,6.44,CHEMBL5733900,CHEMBL5727033
CHEMBL3323004,1452.0,5.84,CHEMBL5733900,CHEMBL5727033
CHEMBL3323000,4983.0,5.30,CHEMBL5733900,CHEMBL5727033
CHEMBL3323007,4604.0,5.34,CHEMBL5733900,CHEMBL5727033
CHEMBL6065863,1260.0,5.90,CHEMBL5733900,CHEMBL5727033
CHEMBL3323003,1133.0,5.95,CHEMBL5733900,CHEMBL5727033
CHEMBL5931151,2331.0,5.63,CHEMBL5733900,CHEMBL5727033
CHEMBL6049395,3561.0,5.45,CHEMBL5733900,CHEMBL5727033
CHEMBL3322999,13567.0,4.87,CHEMBL5733900,CHEMBL5727033
CHEMBL6004129,0.3,9.52,CHEMBL5733907,CHEMBL5727039
CHEMBL5095172,0.61,9.21,CHEMBL5733907,CHEMBL5727039
CHEMBL6004129,0.3,9.52,CHEMBL5734470,CHEMBL5727345
CHEMBL5095172,0.62,9.21,CHEMBL5734470,CHEMBL5727345
CHEMBL4783375,12.5,7.90,CHEMBL5734676,CHEMBL5727444
CHEMBL4743127,120.0,6.92,CHEMBL5734676,CHEMBL5727444
CHEMBL4781390,17.2,7.76,CHEMBL5734676,CHEMBL5727444
CHEMBL4795213,15.1,7.82,CHEMBL5734676,CHEMBL5727444
CHEMBL4764679,1.0,9.00,CHEMBL5734676,CHEMBL5727444
CHEMBL5922032,134.0,6.87,CHEMBL5734676,CHEMBL5727444
CHEMBL4746373,13.1,7.88,CHEMBL5734676,CHEMBL5727444
CHEMBL6062608,8.7,8.06,CHEMBL5734676,CHEMBL5727444
CHEMBL5945381,3.1,8.51,CHEMBL5734676,CHEMBL5727444
CHEMBL5932539,5.8,8.24,CHEMBL5734676,CHEMBL5727444
CHEMBL4797306,13.9,7.86,CHEMBL5734676,CHEMBL5727444
CHEMBL5816312,10.4,7.98,CHEMBL5734676,CHEMBL5727444
CHEMBL5788653,235.0,6.63,CHEMBL5734676,CHEMBL5727444
CHEMBL5753045,6.9,8.16,CHEMBL5734676,CHEMBL5727444
CHEMBL4756417,1987.0,5.70,CHEMBL5734676,CHEMBL5727444
CHEMBL4798115,2000.0,,CHEMBL5734676,CHEMBL5727444
CHEMBL4749033,2000.0,,CHEMBL5734676,CHEMBL5727444
CHEMBL4753384,2000.0,,CHEMBL5734676,CHEMBL5727444
CHEMBL4778204,1654.0,5.78,CHEMBL5734676,CHEMBL5727444
CHEMBL4777373,54.8,7.26,CHEMBL5734676,CHEMBL5727444
CHEMBL4761618,2000.0,,CHEMBL5734676,CHEMBL5727444
CHEMBL4788000,9.6,8.02,CHEMBL5734676,CHEMBL5727444
CHEMBL4800484,2000.0,,CHEMBL5734676,CHEMBL5727444
CHEMBL4761213,11.9,7.92,CHEMBL5734676,CHEMBL5727444
CHEMBL5931021,32.8,7.48,CHEMBL5734676,CHEMBL5727444
CHEMBL5941711,2000.0,,CHEMBL5734676,CHEMBL5727444
CHEMBL5990491,500.0,6.30,CHEMBL5734676,CHEMBL5727444
CHEMBL5958700,24.8,7.61,CHEMBL5734676,CHEMBL5727444
CHEMBL5868680,2000.0,,CHEMBL5734676,CHEMBL5727444
CHEMBL5846610,2000.0,,CHEMBL5734676,CHEMBL5727444
CHEMBL5840380,21.8,7.66,CHEMBL5734676,CHEMBL5727444
CHEMBL2165117,21.2,7.67,CHEMBL5734676,CHEMBL5727444
CHEMBL3965773,15.1,7.82,CHEMBL5734676,CHEMBL5727444
CHEMBL3929237,35.2,7.45,CHEMBL5734676,CHEMBL5727444
CHEMBL5869713,25.5,7.59,CHEMBL5734676,CHEMBL5727444
CHEMBL5790341,5.6,8.25,CHEMBL5734676,CHEMBL5727444
CHEMBL85,11.6,7.94,CHEMBL5734676,CHEMBL5727444
CHEMBL3765754,10000.0,,CHEMBL5734899,CHEMBL5727554
CHEMBL5751323,10000.0,,CHEMBL5734899,CHEMBL5727554
CHEMBL3763418,10000.0,,CHEMBL5734899,CHEMBL5727554
CHEMBL6023207,10000.0,,CHEMBL5734899,CHEMBL5727554
CHEMBL5852144,2291.0,5.64,CHEMBL5734899,CHEMBL5727554
CHEMBL5852144,4365.0,5.36,CHEMBL5734900,CHEMBL5727554
CHEMBL5852144,10000.0,,CHEMBL5734899,CHEMBL5727554
CHEMBL5852144,11749.0,4.93,CHEMBL5734900,CHEMBL5727554
CHEMBL3765426,10965.0,4.96,CHEMBL5734900,CHEMBL5727554
CHEMBL5855629,13804.0,4.86,CHEMBL5734900,CHEMBL5727554
CHEMBL3764143,1479.0,5.83,CHEMBL5734900,CHEMBL5727554
CHEMBL6044314,15488.0,4.81,CHEMBL5734900,CHEMBL5727554
CHEMBL5915445,5248.0,5.28,CHEMBL5734900,CHEMBL5727554
CHEMBL3763200,11749.0,4.93,CHEMBL5734900,CHEMBL5727554
CHEMBL3764612,14791.0,4.83,CHEMBL5734900,CHEMBL5727554
CHEMBL3765169,10233.0,4.99,CHEMBL5734900,CHEMBL5727554
CHEMBL3764306,24547.0,4.61,CHEMBL5734900,CHEMBL5727554
CHEMBL3765072,9120.0,5.04,CHEMBL5734900,CHEMBL5727554
CHEMBL5773648,16218.0,4.79,CHEMBL5734900,CHEMBL5727554
CHEMBL3764212,15136.0,4.82,CHEMBL5734900,CHEMBL5727554
CHEMBL3764739,6607.0,5.18,CHEMBL5734900,CHEMBL5727554
CHEMBL3764245,8913.0,5.05,CHEMBL5734900,CHEMBL5727554
CHEMBL3764884,7244.0,5.14,CHEMBL5734900,CHEMBL5727554
CHEMBL5883189,10000.0,,CHEMBL5734900,CHEMBL5727554
CHEMBL3764191,8710.0,5.06,CHEMBL5734900,CHEMBL5727554
CHEMBL3765285,12303.0,4.91,CHEMBL5734900,CHEMBL5727554
CHEMBL3765266,10000.0,,CHEMBL5734900,CHEMBL5727554
CHEMBL3764639,11220.0,4.95,CHEMBL5734900,CHEMBL5727554
CHEMBL3765267,22387.0,4.65,CHEMBL5734900,CHEMBL5727554
CHEMBL3764830,31623.0,,CHEMBL5734900,CHEMBL5727554
CHEMBL3764586,10965.0,4.96,CHEMBL5734900,CHEMBL5727554
CHEMBL3764597,14454.0,4.84,CHEMBL5734900,CHEMBL5727554
CHEMBL3764246,31623.0,4.50,CHEMBL5734899,CHEMBL5727554
CHEMBL3764246,31623.0,4.50,CHEMBL5734900,CHEMBL5727554
CHEMBL3764833,15136.0,4.82,CHEMBL5734900,CHEMBL5727554
CHEMBL4741857,1000.0,,CHEMBL5734913,CHEMBL5727563
CHEMBL4755058,1000.0,,CHEMBL5734913,CHEMBL5727563
CHEMBL4752177,1000.0,,CHEMBL5734913,CHEMBL5727563
CHEMBL4797282,1000.0,,CHEMBL5734913,CHEMBL5727563
CHEMBL4739908,1000.0,,CHEMBL5734913,CHEMBL5727563
CHEMBL4751777,570.0,6.24,CHEMBL5734913,CHEMBL5727563
CHEMBL4800575,450.0,6.35,CHEMBL5734913,CHEMBL5727563
CHEMBL4786067,1000.0,,CHEMBL5734913,CHEMBL5727563
CHEMBL4790662,1000.0,,CHEMBL5734913,CHEMBL5727563
CHEMBL4747083,1000.0,,CHEMBL5734913,CHEMBL5727563
CHEMBL4753394,1000.0,,CHEMBL5734913,CHEMBL5727563
CHEMBL6060586,1000.0,,CHEMBL5734913,CHEMBL5727563
CHEMBL6045675,670.0,6.17,CHEMBL5734913,CHEMBL5727563
CHEMBL4744067,1000.0,,CHEMBL5734913,CHEMBL5727563
CHEMBL4756322,1000.0,,CHEMBL5734913,CHEMBL5727563
CHEMBL4756041,1000.0,,CHEMBL5734913,CHEMBL5727563
CHEMBL4743868,640.0,6.19,CHEMBL5734913,CHEMBL5727563
CHEMBL4753328,1000.0,,CHEMBL5734913,CHEMBL5727563
CHEMBL4742122,1000.0,,CHEMBL5734913,CHEMBL5727563
CHEMBL4748858,1000.0,,CHEMBL5734913,CHEMBL5727563
CHEMBL5977589,1000.0,,CHEMBL5734913,CHEMBL5727563
CHEMBL5771788,680.0,6.17,CHEMBL5734913,CHEMBL5727563
CHEMBL5890045,1000.0,,CHEMBL5734913,CHEMBL5727563
CHEMBL5754294,1000.0,,CHEMBL5734913,CHEMBL5727563
CHEMBL5886130,850.0,6.07,CHEMBL5734913,CHEMBL5727563
CHEMBL5797662,1000.0,,CHEMBL5734913,CHEMBL5727563
CHEMBL5951761,1000.0,,CHEMBL5734913,CHEMBL5727563
CHEMBL5905825,1000.0,,CHEMBL5734913,CHEMBL5727563
CHEMBL4745099,1000.0,,CHEMBL5734913,CHEMBL5727563
CHEMBL4746734,1000.0,,CHEMBL5734913,CHEMBL5727563
CHEMBL4753414,1000.0,,CHEMBL5734913,CHEMBL5727563
CHEMBL5790061,1000.0,,CHEMBL5734913,CHEMBL5727563
CHEMBL4759629,1000.0,,CHEMBL5734913,CHEMBL5727563
CHEMBL4756233,1000.0,,CHEMBL5734913,CHEMBL5727563
CHEMBL4760666,1000.0,,CHEMBL5734913,CHEMBL5727563
CHEMBL4740430,1000.0,,CHEMBL5734913,CHEMBL5727563
CHEMBL4777581,1000.0,,CHEMBL5734913,CHEMBL5727563
CHEMBL4750444,1000.0,,CHEMBL5734913,CHEMBL5727563
CHEMBL4781985,1000.0,,CHEMBL5734913,CHEMBL5727563
CHEMBL4796345,1000.0,,CHEMBL5734913,CHEMBL5727563
CHEMBL4789505,1000.0,,CHEMBL5734913,CHEMBL5727563
CHEMBL4740097,1000.0,,CHEMBL5734913,CHEMBL5727563
CHEMBL4786537,1000.0,,CHEMBL5734913,CHEMBL5727563
CHEMBL5856130,1000.0,,CHEMBL5734913,CHEMBL5727563
CHEMBL4754363,1000.0,,CHEMBL5734913,CHEMBL5727563
CHEMBL4790600,25.0,7.60,CHEMBL5734913,CHEMBL5727563
CHEMBL4760271,1000.0,,CHEMBL5734913,CHEMBL5727563
CHEMBL4746386,1000.0,,CHEMBL5734913,CHEMBL5727563
CHEMBL4760621,1000.0,,CHEMBL5734913,CHEMBL5727563
CHEMBL4747425,1000.0,,CHEMBL5734913,CHEMBL5727563
CHEMBL4797752,1000.0,,CHEMBL5734913,CHEMBL5727563
CHEMBL5765085,1000.0,,CHEMBL5734913,CHEMBL5727563
CHEMBL5922226,1000.0,,CHEMBL5734913,CHEMBL5727563
CHEMBL5832273,1000.0,,CHEMBL5734913,CHEMBL5727563
CHEMBL5872408,1000.0,,CHEMBL5734913,CHEMBL5727563
CHEMBL5868777,1000.0,,CHEMBL5734913,CHEMBL5727563
CHEMBL5792884,1000.0,,CHEMBL5734913,CHEMBL5727563
CHEMBL5742721,1000.0,,CHEMBL5734913,CHEMBL5727563
CHEMBL5870378,1000.0,,CHEMBL5734913,CHEMBL5727563
CHEMBL4754941,1000.0,,CHEMBL5734913,CHEMBL5727563
CHEMBL49,240.0,6.62,CHEMBL5734913,CHEMBL5727563
CHEMBL45305,1000.0,,CHEMBL5734913,CHEMBL5727563
CHEMBL56,1000.0,,CHEMBL5734913,CHEMBL5727563
CHEMBL3774540,58.9,7.23,CHEMBL5734974,CHEMBL5727594
CHEMBL5882179,138.0,6.86,CHEMBL5734974,CHEMBL5727594
CHEMBL5806254,53.7,7.27,CHEMBL5734974,CHEMBL5727594
CHEMBL3775534,5.75,8.24,CHEMBL5734974,CHEMBL5727594
CHEMBL5915400,2.19,8.66,CHEMBL5734974,CHEMBL5727594
CHEMBL5915400,33.9,7.47,CHEMBL5734975,CHEMBL5727594
CHEMBL5982290,309.0,6.51,CHEMBL5734974,CHEMBL5727594
CHEMBL3775589,186.0,6.73,CHEMBL5734974,CHEMBL5727594
CHEMBL6046358,372.0,6.43,CHEMBL5734974,CHEMBL5727594
CHEMBL5994751,145.0,6.84,CHEMBL5734974,CHEMBL5727594
CHEMBL3775226,91.2,7.04,CHEMBL5734974,CHEMBL5727594
CHEMBL5909103,501.0,6.30,CHEMBL5734974,CHEMBL5727594
CHEMBL5895923,53.7,7.27,CHEMBL5734974,CHEMBL5727594
CHEMBL5895923,61.7,7.21,CHEMBL5734975,CHEMBL5727594
CHEMBL3774588,115.0,6.94,CHEMBL5734974,CHEMBL5727594
CHEMBL5758482,45.7,7.34,CHEMBL5734974,CHEMBL5727594
CHEMBL5969419,295.0,6.53,CHEMBL5734974,CHEMBL5727594
CHEMBL3775872,4.37,8.36,CHEMBL5734974,CHEMBL5727594
CHEMBL3775872,20.4,7.69,CHEMBL5734975,CHEMBL5727594
CHEMBL3775395,617.0,6.21,CHEMBL5734974,CHEMBL5727594
CHEMBL3775967,501.0,6.30,CHEMBL5734975,CHEMBL5727594
CHEMBL3775338,10.5,7.98,CHEMBL5734975,CHEMBL5727594
CHEMBL3775301,457.0,6.34,CHEMBL5734975,CHEMBL5727594
CHEMBL3775005,63.1,7.20,CHEMBL5734974,CHEMBL5727594
CHEMBL3775005,162.0,6.79,CHEMBL5734975,CHEMBL5727594
CHEMBL5817807,457.0,6.34,CHEMBL5734974,CHEMBL5727594
CHEMBL5905073,468.0,6.33,CHEMBL5734974,CHEMBL5727594
CHEMBL3774649,933.0,6.03,CHEMBL5734974,CHEMBL5727594
CHEMBL5768526,1549.0,5.81,CHEMBL5734974,CHEMBL5727594
CHEMBL5884830,1288.0,5.89,CHEMBL5734974,CHEMBL5727594
CHEMBL6001219,288.0,6.54,CHEMBL5734974,CHEMBL5727594
CHEMBL6021559,1318.0,5.88,CHEMBL5734974,CHEMBL5727594
CHEMBL5815426,1622.0,5.79,CHEMBL5734974,CHEMBL5727594
CHEMBL5929501,10000.0,,CHEMBL5734974,CHEMBL5727594
CHEMBL5951106,10000.0,,CHEMBL5734974,CHEMBL5727594
CHEMBL5943618,200.0,6.70,CHEMBL5734974,CHEMBL5727594
CHEMBL5838466,282.0,6.55,CHEMBL5734974,CHEMBL5727594
CHEMBL5845180,43.7,7.36,CHEMBL5734974,CHEMBL5727594
CHEMBL5818092,389.0,6.41,CHEMBL5734974,CHEMBL5727594
CHEMBL5853312,10000.0,,CHEMBL5734974,CHEMBL5727594
CHEMBL5802454,1479.0,5.83,CHEMBL5734974,CHEMBL5727594
CHEMBL5826229,10000.0,,CHEMBL5734974,CHEMBL5727594
CHEMBL5917496,138.0,6.86,CHEMBL5734974,CHEMBL5727594
CHEMBL5837630,1230.0,5.91,CHEMBL5734974,CHEMBL5727594
CHEMBL6035293,468.0,6.33,CHEMBL5734974,CHEMBL5727594
CHEMBL5806473,871.0,6.06,CHEMBL5734974,CHEMBL5727594
CHEMBL5760252,200.0,6.70,CHEMBL5734974,CHEMBL5727594
CHEMBL5760252,57.5,7.24,CHEMBL5734975,CHEMBL5727594
CHEMBL3775243,148.0,6.83,CHEMBL5734974,CHEMBL5727594
CHEMBL5790673,89.1,7.05,CHEMBL5734974,CHEMBL5727594
CHEMBL5808693,170.0,6.77,CHEMBL5734974,CHEMBL5727594
CHEMBL3774534,851.0,6.07,CHEMBL5734974,CHEMBL5727594
CHEMBL3775583,575.0,6.24,CHEMBL5734974,CHEMBL5727594
CHEMBL3775572,1047.0,5.98,CHEMBL5734974,CHEMBL5727594
CHEMBL3774683,174.0,6.76,CHEMBL5734974,CHEMBL5727594
CHEMBL6042709,155.0,6.81,CHEMBL5734974,CHEMBL5727594
CHEMBL5859047,141.0,6.85,CHEMBL5734974,CHEMBL5727594
CHEMBL5859047,170.0,6.77,CHEMBL5734975,CHEMBL5727594
CHEMBL3775667,47.9,7.32,CHEMBL5734974,CHEMBL5727594
CHEMBL3774996,105.0,6.98,CHEMBL5734974,CHEMBL5727594
CHEMBL3774621,11.5,7.94,CHEMBL5734974,CHEMBL5727594
CHEMBL3774621,34.7,7.46,CHEMBL5734975,CHEMBL5727594
CHEMBL3775386,191.0,6.72,CHEMBL5734974,CHEMBL5727594
CHEMBL3775771,646.0,6.19,CHEMBL5734975,CHEMBL5727594
CHEMBL3774869,141.0,6.85,CHEMBL5734974,CHEMBL5727594
CHEMBL3774869,263.0,6.58,CHEMBL5734975,CHEMBL5727594
CHEMBL3775294,240.0,6.62,CHEMBL5734974,CHEMBL5727594
CHEMBL3775294,372.0,6.43,CHEMBL5734975,CHEMBL5727594
CHEMBL3774591,240.0,6.62,CHEMBL5734974,CHEMBL5727594
CHEMBL5899067,776.0,6.11,CHEMBL5734974,CHEMBL5727594
CHEMBL5899067,1072.0,5.97,CHEMBL5734975,CHEMBL5727594
CHEMBL5865586,295.0,6.53,CHEMBL5734974,CHEMBL5727594
CHEMBL5865586,288.0,6.54,CHEMBL5734975,CHEMBL5727594
CHEMBL3775023,1698.0,5.77,CHEMBL5734974,CHEMBL5727594
CHEMBL3775071,1148.0,5.94,CHEMBL5734974,CHEMBL5727594
CHEMBL3774412,631.0,6.20,CHEMBL5734974,CHEMBL5727594
CHEMBL3775631,240.0,6.62,CHEMBL5734974,CHEMBL5727594
CHEMBL3775836,186.0,6.73,CHEMBL5734974,CHEMBL5727594
CHEMBL3775618,692.0,6.16,CHEMBL5734974,CHEMBL5727594
CHEMBL3774425,34.7,7.46,CHEMBL5734975,CHEMBL5727594
CHEMBL3774895,95.5,7.02,CHEMBL5734975,CHEMBL5727594
CHEMBL3775598,372.0,6.43,CHEMBL5734975,CHEMBL5727594
CHEMBL6048434,5129.0,5.29,CHEMBL5734975,CHEMBL5727594
CHEMBL6002665,257.0,6.59,CHEMBL5734975,CHEMBL5727594
CHEMBL3774783,324.0,6.49,CHEMBL5734975,CHEMBL5727594
CHEMBL5882508,224.0,6.65,CHEMBL5734975,CHEMBL5727594
CHEMBL6024625,661.0,6.18,CHEMBL5734975,CHEMBL5727594
CHEMBL3775753,525.0,6.28,CHEMBL5734975,CHEMBL5727594
CHEMBL5894117,513.0,6.29,CHEMBL5734975,CHEMBL5727594
CHEMBL6000718,427.0,6.37,CHEMBL5734975,CHEMBL5727594
CHEMBL3774911,1349.0,5.87,CHEMBL5734975,CHEMBL5727594
CHEMBL3775946,372.0,6.43,CHEMBL5734975,CHEMBL5727594
CHEMBL3774519,603.0,6.22,CHEMBL5734975,CHEMBL5727594
CHEMBL3775810,112.0,6.95,CHEMBL5734974,CHEMBL5727594
CHEMBL5930107,117.0,6.93,CHEMBL5734974,CHEMBL5727594
CHEMBL5941723,166.0,6.78,CHEMBL5734974,CHEMBL5727594
CHEMBL5847014,38.9,7.41,CHEMBL5734974,CHEMBL5727594
CHEMBL5833403,692.0,6.16,CHEMBL5734974,CHEMBL5727594
CHEMBL3775604,724.0,6.14,CHEMBL5734975,CHEMBL5727594
CHEMBL5744335,2042.0,5.69,CHEMBL5734975,CHEMBL5727594
CHEMBL5956471,457.0,6.34,CHEMBL5734975,CHEMBL5727594
CHEMBL5920163,1514.0,5.82,CHEMBL5734975,CHEMBL5727594
CHEMBL3775197,724.0,6.14,CHEMBL5734975,CHEMBL5727594
CHEMBL5958138,427.0,6.37,CHEMBL5734975,CHEMBL5727594
CHEMBL5940122,1413.0,5.85,CHEMBL5734975,CHEMBL5727594
CHEMBL3775036,191.0,6.72,CHEMBL5734975,CHEMBL5727594
CHEMBL3774490,380.0,6.42,CHEMBL5734975,CHEMBL5727594
CHEMBL5922377,1000.0,6.00,CHEMBL5734975,CHEMBL5727594
CHEMBL3775214,282.0,6.55,CHEMBL5734975,CHEMBL5727594
CHEMBL5817174,234.0,6.63,CHEMBL5734975,CHEMBL5727594
CHEMBL5747857,676.0,6.17,CHEMBL5734975,CHEMBL5727594
CHEMBL3775554,437.0,6.36,CHEMBL5734975,CHEMBL5727594
CHEMBL5816455,331.0,6.48,CHEMBL5734975,CHEMBL5727594
CHEMBL3775256,155.0,6.81,CHEMBL5734975,CHEMBL5727594
CHEMBL3775482,145.0,6.84,CHEMBL5734975,CHEMBL5727594
CHEMBL5955382,724.0,6.14,CHEMBL5734975,CHEMBL5727594
CHEMBL3774411,646.0,6.19,CHEMBL5734975,CHEMBL5727594
CHEMBL5779139,2239.0,5.65,CHEMBL5734975,CHEMBL5727594
CHEMBL5945834,617.0,6.21,CHEMBL5734975,CHEMBL5727594
CHEMBL3775033,617.0,6.21,CHEMBL5734975,CHEMBL5727594
CHEMBL6007270,447.0,6.35,CHEMBL5734975,CHEMBL5727594
CHEMBL5815880,1202.0,5.92,CHEMBL5734975,CHEMBL5727594
CHEMBL5750884,2291.0,5.64,CHEMBL5734975,CHEMBL5727594
CHEMBL5889124,490.0,6.31,CHEMBL5734975,CHEMBL5727594
CHEMBL3775718,355.0,6.45,CHEMBL5734975,CHEMBL5727594
CHEMBL5781214,204.0,6.69,CHEMBL5734975,CHEMBL5727594
CHEMBL5966019,794.0,6.10,CHEMBL5734975,CHEMBL5727594
CHEMBL6047939,37.2,7.43,CHEMBL5734975,CHEMBL5727594
CHEMBL5846531,372.0,6.43,CHEMBL5734975,CHEMBL5727594
CHEMBL6019104,245.0,6.61,CHEMBL5734975,CHEMBL5727594
CHEMBL6012882,891.0,6.05,CHEMBL5734975,CHEMBL5727594
CHEMBL5894798,1000.0,6.00,CHEMBL5734975,CHEMBL5727594
CHEMBL5956355,603.0,6.22,CHEMBL5734975,CHEMBL5727594
CHEMBL5773072,417.0,6.38,CHEMBL5734975,CHEMBL5727594
CHEMBL6045375,1995.0,5.70,CHEMBL5734975,CHEMBL5727594
CHEMBL5783520,4365.0,5.36,CHEMBL5734975,CHEMBL5727594
CHEMBL5895160,1413.0,5.85,CHEMBL5734975,CHEMBL5727594
CHEMBL3774769,562.0,6.25,CHEMBL5734975,CHEMBL5727594
CHEMBL5813774,1660.0,5.78,CHEMBL5734975,CHEMBL5727594
CHEMBL6016459,525.0,6.28,CHEMBL5734975,CHEMBL5727594
CHEMBL6003733,389.0,6.41,CHEMBL5734975,CHEMBL5727594
CHEMBL5977960,275.0,6.56,CHEMBL5734975,CHEMBL5727594
CHEMBL6064810,1023.0,5.99,CHEMBL5734975,CHEMBL5727594
CHEMBL5904768,191.0,6.72,CHEMBL5734975,CHEMBL5727594
CHEMBL5804011,191.0,6.72,CHEMBL5734975,CHEMBL5727594
CHEMBL5882234,550.0,6.26,CHEMBL5734975,CHEMBL5727594
CHEMBL5787430,724.0,6.14,CHEMBL5734975,CHEMBL5727594
CHEMBL6014907,832.0,6.08,CHEMBL5734975,CHEMBL5727594
CHEMBL5996474,813.0,6.09,CHEMBL5734975,CHEMBL5727594
CHEMBL5979762,813.0,6.09,CHEMBL5734975,CHEMBL5727594
CHEMBL5912634,457.0,6.34,CHEMBL5734975,CHEMBL5727594
CHEMBL5758059,2089.0,5.68,CHEMBL5734975,CHEMBL5727594
CHEMBL3774569,407.0,6.39,CHEMBL5734975,CHEMBL5727594
CHEMBL3775350,1202.0,5.92,CHEMBL5734975,CHEMBL5727594
CHEMBL5740725,977.0,6.01,CHEMBL5734975,CHEMBL5727594
CHEMBL5856641,912.0,6.04,CHEMBL5734974,CHEMBL5727594
CHEMBL5752263,10000.0,,CHEMBL5734974,CHEMBL5727594
CHEMBL5970752,1148.0,5.94,CHEMBL5734975,CHEMBL5727594
CHEMBL5958709,575.0,6.24,CHEMBL5734974,CHEMBL5727594
CHEMBL5939973,676.0,6.17,CHEMBL5734974,CHEMBL5727594
CHEMBL5939973,692.0,6.16,CHEMBL5734974,CHEMBL5727594
CHEMBL6009636,603.0,6.22,CHEMBL5734974,CHEMBL5727594
CHEMBL5899930,776.0,6.11,CHEMBL5734974,CHEMBL5727594
CHEMBL5974904,151.0,6.82,CHEMBL5734974,CHEMBL5727594
CHEMBL3774515,1514.0,5.82,CHEMBL5734974,CHEMBL5727594
CHEMBL5882264,1202.0,5.92,CHEMBL5734974,CHEMBL5727594
CHEMBL3775961,331.0,6.48,CHEMBL5734974,CHEMBL5727594
CHEMBL5809368,97.7,7.01,CHEMBL5734974,CHEMBL5727594
CHEMBL5798666,692.0,6.16,CHEMBL5734974,CHEMBL5727594
CHEMBL3775591,977.0,6.01,CHEMBL5734974,CHEMBL5727594
CHEMBL5899282,427.0,6.37,CHEMBL5734974,CHEMBL5727594
CHEMBL5806479,347.0,6.46,CHEMBL5734974,CHEMBL5727594
CHEMBL5897917,912.0,6.04,CHEMBL5734974,CHEMBL5727594
CHEMBL5748515,355.0,6.45,CHEMBL5734974,CHEMBL5727594
CHEMBL1112,100.0,,CHEMBL5735619,CHEMBL5727893
CHEMBL42,55.0,7.26,CHEMBL5735619,CHEMBL5727893
CHEMBL5944740,55.0,7.26,CHEMBL5735619,CHEMBL5727893
CHEMBL5784405,550.0,6.26,CHEMBL5735619,CHEMBL5727893
CHEMBL5756065,550.0,6.26,CHEMBL5735619,CHEMBL5727893
CHEMBL6037351,55.0,7.26,CHEMBL5735619,CHEMBL5727893
CHEMBL5777100,55.0,7.26,CHEMBL5735619,CHEMBL5727893
CHEMBL5838618,55.0,7.26,CHEMBL5735619,CHEMBL5727893
CHEMBL5870694,550.0,6.26,CHEMBL5735619,CHEMBL5727893
CHEMBL5779786,55.0,7.26,CHEMBL5735619,CHEMBL5727893
CHEMBL5830831,55.0,7.26,CHEMBL5735619,CHEMBL5727893
CHEMBL5875861,55.0,7.26,CHEMBL5735619,CHEMBL5727893
CHEMBL6048169,55.0,7.26,CHEMBL5735619,CHEMBL5727893
CHEMBL5983344,55.0,7.26,CHEMBL5735619,CHEMBL5727893
CHEMBL6030374,100.0,,CHEMBL5735619,CHEMBL5727893
CHEMBL5768208,100.0,,CHEMBL5735619,CHEMBL5727893
CHEMBL5768208,55.0,7.26,CHEMBL5735619,CHEMBL5727893
CHEMBL5812507,55.0,7.26,CHEMBL5735619,CHEMBL5727893
CHEMBL5888634,55.0,7.26,CHEMBL5735619,CHEMBL5727893
CHEMBL5750360,20000.0,4.70,CHEMBL5735619,CHEMBL5727893
CHEMBL5774739,55.0,7.26,CHEMBL5735619,CHEMBL5727893
CHEMBL5757240,20000.0,4.70,CHEMBL5735619,CHEMBL5727893
CHEMBL5761714,55.0,7.26,CHEMBL5735619,CHEMBL5727893
CHEMBL5848372,55.0,7.26,CHEMBL5735619,CHEMBL5727893
CHEMBL5828332,55.0,7.26,CHEMBL5735619,CHEMBL5727893
CHEMBL5925163,55.0,7.26,CHEMBL5735619,CHEMBL5727893
CHEMBL6009051,550.0,6.26,CHEMBL5735619,CHEMBL5727893
CHEMBL5933552,100.0,,CHEMBL5735619,CHEMBL5727893
CHEMBL5824458,4958.0,5.30,CHEMBL5735667,CHEMBL5727914
CHEMBL6039332,128.0,6.89,CHEMBL5735667,CHEMBL5727914
CHEMBL5850778,1262.0,5.90,CHEMBL5735667,CHEMBL5727914
CHEMBL5965086,481.0,6.32,CHEMBL5735667,CHEMBL5727914
CHEMBL5905275,7834.0,5.11,CHEMBL5735667,CHEMBL5727914
CHEMBL6065724,8390.0,5.08,CHEMBL5735667,CHEMBL5727914
CHEMBL6035219,265.0,6.58,CHEMBL5735667,CHEMBL5727914
CHEMBL5766477,461.0,6.34,CHEMBL5735667,CHEMBL5727914
CHEMBL5807606,591.0,6.23,CHEMBL5735667,CHEMBL5727914
CHEMBL5962388,442.0,6.36,CHEMBL5735667,CHEMBL5727914
CHEMBL5802670,316.0,6.50,CHEMBL5735667,CHEMBL5727914
CHEMBL5740648,311.0,6.51,CHEMBL5735667,CHEMBL5727914
CHEMBL5923288,483.0,6.32,CHEMBL5735667,CHEMBL5727914
CHEMBL5840631,136.0,6.87,CHEMBL5735667,CHEMBL5727914
CHEMBL5947779,1556.0,5.81,CHEMBL5735667,CHEMBL5727914
CHEMBL5958689,34023.0,4.47,CHEMBL5735667,CHEMBL5727914
CHEMBL5798520,689.0,6.16,CHEMBL5735667,CHEMBL5727914
CHEMBL5991020,1289.0,5.89,CHEMBL5735667,CHEMBL5727914
CHEMBL6040678,690.0,6.16,CHEMBL5735667,CHEMBL5727914
CHEMBL5823420,1889.0,5.72,CHEMBL5735667,CHEMBL5727914
CHEMBL5742496,2122.0,5.67,CHEMBL5735667,CHEMBL5727914
CHEMBL6019122,2600.0,5.58,CHEMBL5735667,CHEMBL5727914
CHEMBL5817019,878.0,6.06,CHEMBL5735667,CHEMBL5727914
CHEMBL5877053,230.0,6.64,CHEMBL5735667,CHEMBL5727914
CHEMBL6042855,207.0,6.68,CHEMBL5735667,CHEMBL5727914
CHEMBL5972240,223.0,6.65,CHEMBL5735667,CHEMBL5727914
CHEMBL5930801,230.0,6.64,CHEMBL5735667,CHEMBL5727914
CHEMBL5890223,148.0,6.83,CHEMBL5735667,CHEMBL5727914
CHEMBL6043432,143.0,6.84,CHEMBL5735667,CHEMBL5727914
CHEMBL6032614,103.0,6.99,CHEMBL5735667,CHEMBL5727914
CHEMBL5761193,99.0,7.00,CHEMBL5735667,CHEMBL5727914
CHEMBL6053631,48923.0,4.31,CHEMBL5735667,CHEMBL5727914
CHEMBL5964838,1008.0,6.00,CHEMBL5735667,CHEMBL5727914
CHEMBL6031247,1398.0,5.85,CHEMBL5735667,CHEMBL5727914
CHEMBL5785643,1290.0,5.89,CHEMBL5735667,CHEMBL5727914
CHEMBL5804146,903.0,6.04,CHEMBL5735667,CHEMBL5727914
CHEMBL5901226,267.0,6.57,CHEMBL5735667,CHEMBL5727914
CHEMBL6023129,425.0,6.37,CHEMBL5735667,CHEMBL5727914
CHEMBL5812691,1861.0,5.73,CHEMBL5735667,CHEMBL5727914
CHEMBL5816324,376.0,6.42,CHEMBL5735667,CHEMBL5727914
CHEMBL5902206,131.0,6.88,CHEMBL5735667,CHEMBL5727914
CHEMBL6054906,119.0,6.92,CHEMBL5735667,CHEMBL5727914
CHEMBL5928223,222.0,6.65,CHEMBL5735667,CHEMBL5727914
CHEMBL5905556,121.0,6.92,CHEMBL5735667,CHEMBL5727914
CHEMBL5882899,598.0,6.22,CHEMBL5735667,CHEMBL5727914
CHEMBL5909889,715.0,6.15,CHEMBL5735667,CHEMBL5727914
CHEMBL5998655,130.0,6.89,CHEMBL5735667,CHEMBL5727914
CHEMBL5754241,574.0,6.24,CHEMBL5735667,CHEMBL5727914
CHEMBL5789364,690.0,6.16,CHEMBL5735667,CHEMBL5727914
CHEMBL5969368,825.0,6.08,CHEMBL5735667,CHEMBL5727914
CHEMBL5993169,993.0,6.00,CHEMBL5735667,CHEMBL5727914
CHEMBL5759035,479.0,6.32,CHEMBL5735667,CHEMBL5727914
CHEMBL5961963,1081.0,5.97,CHEMBL5735667,CHEMBL5727914
CHEMBL5972199,1683.0,5.77,CHEMBL5735667,CHEMBL5727914
CHEMBL5857735,697.0,6.16,CHEMBL5735667,CHEMBL5727914
CHEMBL5807396,494.0,6.31,CHEMBL5735667,CHEMBL5727914
CHEMBL5740025,973.0,6.01,CHEMBL5735667,CHEMBL5727914
CHEMBL5798578,780.0,6.11,CHEMBL5735667,CHEMBL5727914
CHEMBL6039981,125.0,6.90,CHEMBL5735667,CHEMBL5727914
CHEMBL5890606,260.0,6.58,CHEMBL5735667,CHEMBL5727914
CHEMBL5922735,134.0,6.87,CHEMBL5735667,CHEMBL5727914
CHEMBL5741668,222.0,6.65,CHEMBL5735667,CHEMBL5727914
CHEMBL6006534,791.0,6.10,CHEMBL5735667,CHEMBL5727914
CHEMBL5854198,430.0,6.37,CHEMBL5735667,CHEMBL5727914
CHEMBL6054377,222.0,6.65,CHEMBL5735667,CHEMBL5727914
CHEMBL5863961,841.0,6.08,CHEMBL5735667,CHEMBL5727914
CHEMBL6047010,1050.0,5.98,CHEMBL5735667,CHEMBL5727914
CHEMBL5798541,853.0,6.07,CHEMBL5735667,CHEMBL5727914
CHEMBL6005240,360.0,6.44,CHEMBL5735667,CHEMBL5727914
CHEMBL5956993,867.0,6.06,CHEMBL5735667,CHEMBL5727914
CHEMBL5744021,305.0,6.52,CHEMBL5735667,CHEMBL5727914
CHEMBL5788028,1034.0,5.99,CHEMBL5735667,CHEMBL5727914
CHEMBL5852486,234.0,6.63,CHEMBL5735667,CHEMBL5727914
CHEMBL5923764,210.0,6.68,CHEMBL5735667,CHEMBL5727914
CHEMBL5936552,210.0,6.68,CHEMBL5735667,CHEMBL5727914
CHEMBL5827197,472.0,6.33,CHEMBL5735667,CHEMBL5727914
CHEMBL6009739,605.0,6.22,CHEMBL5735667,CHEMBL5727914
CHEMBL6014247,343.0,6.46,CHEMBL5735667,CHEMBL5727914
CHEMBL5849102,239.0,6.62,CHEMBL5735667,CHEMBL5727914
CHEMBL6018968,1136.0,5.95,CHEMBL5735667,CHEMBL5727914
CHEMBL5928186,9302.0,5.03,CHEMBL5735667,CHEMBL5727914
CHEMBL5960565,361.0,6.44,CHEMBL5735667,CHEMBL5727914
CHEMBL5943645,2782.0,5.56,CHEMBL5735667,CHEMBL5727914
CHEMBL5929153,954.0,6.02,CHEMBL5735667,CHEMBL5727914
CHEMBL5912674,1071.0,5.97,CHEMBL5735667,CHEMBL5727914
CHEMBL5892027,1211.0,5.92,CHEMBL5735667,CHEMBL5727914
CHEMBL6003642,94.0,7.03,CHEMBL5735667,CHEMBL5727914
CHEMBL6045878,916.0,6.04,CHEMBL5735667,CHEMBL5727914
CHEMBL5952708,2250.0,5.65,CHEMBL5735667,CHEMBL5727914
CHEMBL5972558,1074.0,5.97,CHEMBL5735667,CHEMBL5727914
CHEMBL5815869,103.0,6.99,CHEMBL5735667,CHEMBL5727914
CHEMBL5788059,738.0,6.13,CHEMBL5735667,CHEMBL5727914
CHEMBL5857774,826.0,6.08,CHEMBL5735667,CHEMBL5727914
CHEMBL5797951,236.0,6.63,CHEMBL5735667,CHEMBL5727914
CHEMBL5804145,2582.0,5.59,CHEMBL5735667,CHEMBL5727914
CHEMBL5766810,103.0,6.99,CHEMBL5735667,CHEMBL5727914
CHEMBL5763694,136.0,6.87,CHEMBL5735667,CHEMBL5727914
CHEMBL5943008,312.0,6.51,CHEMBL5735667,CHEMBL5727914
CHEMBL6046131,280.0,6.55,CHEMBL5735667,CHEMBL5727914
CHEMBL5829089,6945.0,5.16,CHEMBL5735667,CHEMBL5727914
CHEMBL5793795,1022.0,5.99,CHEMBL5735667,CHEMBL5727914
CHEMBL5750573,852.0,6.07,CHEMBL5735667,CHEMBL5727914
CHEMBL5859243,129.0,6.89,CHEMBL5735667,CHEMBL5727914
CHEMBL5827336,93.0,7.03,CHEMBL5735667,CHEMBL5727914
CHEMBL5768768,194.0,6.71,CHEMBL5735667,CHEMBL5727914
CHEMBL5750025,804.0,6.09,CHEMBL5735667,CHEMBL5727914
CHEMBL6039332,244.0,6.61,CHEMBL5735667,CHEMBL5727914
CHEMBL5888355,163.0,6.79,CHEMBL5735667,CHEMBL5727914
CHEMBL6020913,601.0,6.22,CHEMBL5735667,CHEMBL5727914
CHEMBL5913353,1015.0,5.99,CHEMBL5735667,CHEMBL5727914
CHEMBL5896046,1007.0,6.00,CHEMBL5735667,CHEMBL5727914
CHEMBL6041993,169.0,6.77,CHEMBL5735667,CHEMBL5727914
CHEMBL5877262,5402.0,5.27,CHEMBL5735667,CHEMBL5727914
CHEMBL5956109,309.0,6.51,CHEMBL5735667,CHEMBL5727914
CHEMBL5844516,10000.0,,CHEMBL5735667,CHEMBL5727914
CHEMBL6008815,10000.0,,CHEMBL5735667,CHEMBL5727914
CHEMBL5806186,1743.0,5.76,CHEMBL5735667,CHEMBL5727914
CHEMBL6023273,276.0,6.56,CHEMBL5735667,CHEMBL5727914
CHEMBL5956696,105.0,6.98,CHEMBL5735667,CHEMBL5727914
CHEMBL5987244,10000.0,,CHEMBL5735667,CHEMBL5727914
CHEMBL5770514,54.0,7.27,CHEMBL5735667,CHEMBL5727914
CHEMBL5936786,537.0,6.27,CHEMBL5735667,CHEMBL5727914
CHEMBL5937360,1704.0,5.77,CHEMBL5735667,CHEMBL5727914
CHEMBL5776728,10000.0,,CHEMBL5735667,CHEMBL5727914
CHEMBL5965086,87.0,7.06,CHEMBL5735667,CHEMBL5727914
CHEMBL5944340,93.0,7.03,CHEMBL5735667,CHEMBL5727914
CHEMBL5832431,203.0,6.69,CHEMBL5735667,CHEMBL5727914
CHEMBL6051809,625.0,6.20,CHEMBL5735667,CHEMBL5727914
CHEMBL5896293,1220.0,5.91,CHEMBL5735667,CHEMBL5727914
CHEMBL5972761,541.0,6.27,CHEMBL5735667,CHEMBL5727914
CHEMBL5764090,10000.0,,CHEMBL5735667,CHEMBL5727914
CHEMBL5959637,750.0,6.12,CHEMBL5735667,CHEMBL5727914
CHEMBL5958993,914.0,6.04,CHEMBL5735667,CHEMBL5727914
CHEMBL5821492,310.0,6.51,CHEMBL5735667,CHEMBL5727914
CHEMBL5810427,62.0,7.21,CHEMBL5735667,CHEMBL5727914
CHEMBL5965675,2303.0,5.64,CHEMBL5735667,CHEMBL5727914
CHEMBL5887227,1082.0,5.97,CHEMBL5735667,CHEMBL5727914
CHEMBL5779117,76.0,7.12,CHEMBL5735667,CHEMBL5727914
CHEMBL5825042,635.0,6.20,CHEMBL5735667,CHEMBL5727914
CHEMBL5753002,10000.0,,CHEMBL5735667,CHEMBL5727914
CHEMBL5992622,10000.0,,CHEMBL5735667,CHEMBL5727914
CHEMBL5905068,10000.0,,CHEMBL5735667,CHEMBL5727914
CHEMBL6005766,402.0,6.40,CHEMBL5735667,CHEMBL5727914
CHEMBL5920206,10000.0,,CHEMBL5735667,CHEMBL5727914
CHEMBL5838058,335.0,6.47,CHEMBL5735667,CHEMBL5727914
CHEMBL6014215,772.0,6.11,CHEMBL5735667,CHEMBL5727914
CHEMBL5975498,10000.0,,CHEMBL5735667,CHEMBL5727914
CHEMBL5796612,10000.0,,CHEMBL5735667,CHEMBL5727914
CHEMBL5790487,10000.0,,CHEMBL5735667,CHEMBL5727914
CHEMBL5801686,188.0,6.73,CHEMBL5735667,CHEMBL5727914
CHEMBL5889832,3706.0,5.43,CHEMBL5735667,CHEMBL5727914
CHEMBL5804443,2311.0,5.64,CHEMBL5735667,CHEMBL5727914
CHEMBL5938222,10000.0,,CHEMBL5735667,CHEMBL5727914
CHEMBL5804584,718.0,6.14,CHEMBL5735667,CHEMBL5727914
CHEMBL6032521,114.0,6.94,CHEMBL5735667,CHEMBL5727914
CHEMBL6061806,743.0,6.13,CHEMBL5735667,CHEMBL5727914
CHEMBL5902557,641.0,6.19,CHEMBL5735667,CHEMBL5727914
CHEMBL5905167,327.0,6.49,CHEMBL5735667,CHEMBL5727914
CHEMBL6060753,373.0,6.43,CHEMBL5735667,CHEMBL5727914
CHEMBL5807409,170.0,6.77,CHEMBL5735667,CHEMBL5727914
CHEMBL5801823,216.0,6.67,CHEMBL5735667,CHEMBL5727914
CHEMBL5918951,508.0,6.29,CHEMBL5735667,CHEMBL5727914
CHEMBL5982048,766.0,6.12,CHEMBL5735667,CHEMBL5727914
CHEMBL6017022,819.0,6.09,CHEMBL5735667,CHEMBL5727914
CHEMBL6034072,76.0,7.12,CHEMBL5735667,CHEMBL5727914
CHEMBL6041648,139.0,6.86,CHEMBL5735667,CHEMBL5727914
CHEMBL5845340,71.0,7.15,CHEMBL5735667,CHEMBL5727914
CHEMBL5897293,145.0,6.84,CHEMBL5735667,CHEMBL5727914
CHEMBL5841720,1920.0,5.72,CHEMBL5735667,CHEMBL5727914
CHEMBL5751756,1681.0,5.77,CHEMBL5735667,CHEMBL5727914
CHEMBL5924014,1405.0,5.85,CHEMBL5735667,CHEMBL5727914
CHEMBL5915272,384.0,6.42,CHEMBL5735667,CHEMBL5727914
CHEMBL5857085,10000.0,,CHEMBL5735667,CHEMBL5727914
CHEMBL5949172,10000.0,,CHEMBL5735667,CHEMBL5727914
CHEMBL6013233,3475.0,5.46,CHEMBL5735667,CHEMBL5727914
CHEMBL6026914,248.0,6.61,CHEMBL5735667,CHEMBL5727914
CHEMBL5934189,237.0,6.62,CHEMBL5735667,CHEMBL5727914
CHEMBL5982641,10000.0,,CHEMBL5735667,CHEMBL5727914
CHEMBL6060787,10000.0,,CHEMBL5735667,CHEMBL5727914
CHEMBL6034447,1555.0,5.81,CHEMBL5735667,CHEMBL5727914
CHEMBL5890745,3690.0,5.43,CHEMBL5735667,CHEMBL5727914
CHEMBL5927311,1398.0,5.85,CHEMBL5735667,CHEMBL5727914
CHEMBL6047884,10000.0,,CHEMBL5735667,CHEMBL5727914
CHEMBL5829577,1497.0,5.83,CHEMBL5735667,CHEMBL5727914
CHEMBL5852993,1170.0,5.93,CHEMBL5735667,CHEMBL5727914
CHEMBL5829577,1276.0,5.89,CHEMBL5735667,CHEMBL5727914
CHEMBL5829577,772.0,6.11,CHEMBL5735667,CHEMBL5727914
CHEMBL6004625,703.0,6.15,CHEMBL5735667,CHEMBL5727914
CHEMBL5824779,307.0,6.51,CHEMBL5735667,CHEMBL5727914
CHEMBL5774440,2461.0,5.61,CHEMBL5735667,CHEMBL5727914
CHEMBL5931381,286.0,6.54,CHEMBL5735667,CHEMBL5727914
CHEMBL5758210,219.0,6.66,CHEMBL5735667,CHEMBL5727914
CHEMBL5970135,10000.0,,CHEMBL5735667,CHEMBL5727914
CHEMBL5886810,1565.0,5.80,CHEMBL5735667,CHEMBL5727914
CHEMBL5987307,2404.0,5.62,CHEMBL5736223,CHEMBL5728171
CHEMBL5849711,175.0,6.76,CHEMBL5736223,CHEMBL5728171
CHEMBL5821806,68.3,7.17,CHEMBL5736223,CHEMBL5728171
CHEMBL5890036,116.0,6.94,CHEMBL5736223,CHEMBL5728171
CHEMBL5759775,65.7,7.18,CHEMBL5736223,CHEMBL5728171
CHEMBL5859686,117.0,6.93,CHEMBL5736223,CHEMBL5728171
CHEMBL6058663,112.0,6.95,CHEMBL5736223,CHEMBL5728171
CHEMBL5843084,233.0,6.63,CHEMBL5736223,CHEMBL5728171
CHEMBL5829484,121.0,6.92,CHEMBL5736223,CHEMBL5728171
CHEMBL6058578,499.0,6.30,CHEMBL5736223,CHEMBL5728171
CHEMBL5916074,4634.0,5.33,CHEMBL5736223,CHEMBL5728171
CHEMBL5846368,162.0,6.79,CHEMBL5736223,CHEMBL5728171
CHEMBL5799726,1100.0,5.96,CHEMBL5736269,CHEMBL5728192
CHEMBL5822807,480.0,6.32,CHEMBL5736269,CHEMBL5728192
CHEMBL5816980,550.0,6.26,CHEMBL5736269,CHEMBL5728192
CHEMBL5841759,140.0,6.85,CHEMBL5736269,CHEMBL5728192
CHEMBL5854979,330.0,6.48,CHEMBL5736269,CHEMBL5728192
CHEMBL5745240,240.0,6.62,CHEMBL5736269,CHEMBL5728192
CHEMBL5821204,530.0,6.28,CHEMBL5736269,CHEMBL5728192
CHEMBL5816624,1800.0,,CHEMBL5736269,CHEMBL5728192
CHEMBL5888473,1900.0,,CHEMBL5736269,CHEMBL5728192
CHEMBL6037650,640.0,6.19,CHEMBL5736269,CHEMBL5728192
CHEMBL5767729,1800.0,,CHEMBL5736269,CHEMBL5728192
CHEMBL5991226,1700.0,,CHEMBL5736269,CHEMBL5728192
CHEMBL6008861,410.0,6.39,CHEMBL5736269,CHEMBL5728192
CHEMBL5825746,310.0,6.51,CHEMBL5736269,CHEMBL5728192
CHEMBL5891513,400.0,6.40,CHEMBL5736269,CHEMBL5728192
CHEMBL5981184,1700.0,,CHEMBL5736269,CHEMBL5728192
CHEMBL5999618,610.0,6.21,CHEMBL5736269,CHEMBL5728192
CHEMBL6011163,370.0,6.43,CHEMBL5736269,CHEMBL5728192
CHEMBL5958714,44.0,7.36,CHEMBL5736269,CHEMBL5728192
CHEMBL5898619,1700.0,,CHEMBL5736269,CHEMBL5728192
CHEMBL6061038,1700.0,,CHEMBL5736269,CHEMBL5728192
CHEMBL5917777,1700.0,,CHEMBL5736269,CHEMBL5728192
CHEMBL5801901,670.0,6.17,CHEMBL5736269,CHEMBL5728192
CHEMBL5823796,140.0,6.85,CHEMBL5736269,CHEMBL5728192
CHEMBL6023248,380.0,6.42,CHEMBL5736269,CHEMBL5728192
CHEMBL5792283,1700.0,,CHEMBL5736269,CHEMBL5728192
CHEMBL5996566,650.0,6.19,CHEMBL5736269,CHEMBL5728192
CHEMBL6027608,460.0,6.34,CHEMBL5736269,CHEMBL5728192
CHEMBL5876040,520.0,6.28,CHEMBL5736269,CHEMBL5728192
CHEMBL5882421,520.0,6.28,CHEMBL5736269,CHEMBL5728192
CHEMBL5821312,1400.0,5.85,CHEMBL5736269,CHEMBL5728192
CHEMBL5934660,1700.0,,CHEMBL5736269,CHEMBL5728192
CHEMBL5892529,1100.0,5.96,CHEMBL5736269,CHEMBL5728192
CHEMBL5783780,330.0,6.48,CHEMBL5736269,CHEMBL5728192
CHEMBL5903090,640.0,6.19,CHEMBL5736269,CHEMBL5728192
CHEMBL6044734,490.0,6.31,CHEMBL5736269,CHEMBL5728192
CHEMBL5972372,460.0,6.34,CHEMBL5736269,CHEMBL5728192
CHEMBL6004699,120.0,6.92,CHEMBL5736269,CHEMBL5728192
CHEMBL5740838,1900.0,,CHEMBL5736269,CHEMBL5728192
CHEMBL6040751,1900.0,,CHEMBL5736269,CHEMBL5728192
CHEMBL5749296,590.0,6.23,CHEMBL5736269,CHEMBL5728192
CHEMBL6014954,610.0,6.21,CHEMBL5736269,CHEMBL5728192
CHEMBL5922306,570.0,6.24,CHEMBL5736269,CHEMBL5728192
CHEMBL5959032,1800.0,,CHEMBL5736269,CHEMBL5728192
CHEMBL5904674,480.0,6.32,CHEMBL5736269,CHEMBL5728192
CHEMBL5937229,560.0,6.25,CHEMBL5736269,CHEMBL5728192
CHEMBL6062397,1800.0,,CHEMBL5736269,CHEMBL5728192
CHEMBL5823647,1800.0,,CHEMBL5736269,CHEMBL5728192
CHEMBL5925320,340.0,6.47,CHEMBL5736269,CHEMBL5728192
CHEMBL5769559,290.0,6.54,CHEMBL5736269,CHEMBL5728192
CHEMBL5742783,1100.0,5.96,CHEMBL5736269,CHEMBL5728192
CHEMBL6031954,1100.0,5.96,CHEMBL5736269,CHEMBL5728192
CHEMBL6009732,570.0,6.24,CHEMBL5736269,CHEMBL5728192
CHEMBL6029030,140.0,6.85,CHEMBL5736269,CHEMBL5728192
CHEMBL5823486,500.0,6.30,CHEMBL5736269,CHEMBL5728192
CHEMBL5831227,1400.0,5.85,CHEMBL5736269,CHEMBL5728192
CHEMBL5828803,500.0,6.30,CHEMBL5736269,CHEMBL5728192
CHEMBL5866064,170.0,6.77,CHEMBL5736269,CHEMBL5728192
CHEMBL6058356,650.0,6.19,CHEMBL5736269,CHEMBL5728192
CHEMBL5829956,1000.0,6.00,CHEMBL5736269,CHEMBL5728192
CHEMBL6011325,580.0,6.24,CHEMBL5736269,CHEMBL5728192
CHEMBL5784542,850.0,6.07,CHEMBL5736269,CHEMBL5728192
CHEMBL5830146,1100.0,5.96,CHEMBL5736269,CHEMBL5728192
CHEMBL6062025,1700.0,,CHEMBL5736269,CHEMBL5728192
CHEMBL5913332,800.0,6.10,CHEMBL5736269,CHEMBL5728192
CHEMBL5980648,830.0,6.08,CHEMBL5736269,CHEMBL5728192
CHEMBL5926812,310.0,6.51,CHEMBL5736269,CHEMBL5728192
CHEMBL6034513,350.0,6.46,CHEMBL5736269,CHEMBL5728192
CHEMBL5990865,79.0,7.10,CHEMBL5736269,CHEMBL5728192
CHEMBL5813094,1700.0,,CHEMBL5736269,CHEMBL5728192
CHEMBL5886490,540.0,6.27,CHEMBL5736269,CHEMBL5728192
CHEMBL5880152,810.0,6.09,CHEMBL5736269,CHEMBL5728192
CHEMBL5949290,610.0,6.21,CHEMBL5736269,CHEMBL5728192
CHEMBL5843487,330.0,6.48,CHEMBL5736269,CHEMBL5728192
CHEMBL5845230,1800.0,,CHEMBL5736269,CHEMBL5728192
CHEMBL5747022,1800.0,,CHEMBL5736269,CHEMBL5728192
CHEMBL5983794,400.0,6.40,CHEMBL5736269,CHEMBL5728192
CHEMBL5805419,1900.0,,CHEMBL5736269,CHEMBL5728192
CHEMBL5996343,920.0,6.04,CHEMBL5736269,CHEMBL5728192
CHEMBL6023879,1500.0,5.82,CHEMBL5736269,CHEMBL5728192
CHEMBL6029159,1300.0,5.89,CHEMBL5736269,CHEMBL5728192
CHEMBL5948904,210.0,6.68,CHEMBL5736269,CHEMBL5728192
CHEMBL5867579,1100.0,5.96,CHEMBL5736269,CHEMBL5728192
CHEMBL5810433,280.0,6.55,CHEMBL5736269,CHEMBL5728192
CHEMBL5953330,800.0,6.10,CHEMBL5736269,CHEMBL5728192
CHEMBL5821968,220.0,6.66,CHEMBL5736269,CHEMBL5728192
CHEMBL5903901,770.0,6.11,CHEMBL5736269,CHEMBL5728192
CHEMBL5804436,190.0,6.72,CHEMBL5736269,CHEMBL5728192
CHEMBL5902278,380.0,6.42,CHEMBL5736269,CHEMBL5728192
CHEMBL5921899,290.0,6.54,CHEMBL5736269,CHEMBL5728192
CHEMBL5814275,430.0,6.37,CHEMBL5736269,CHEMBL5728192
CHEMBL5907030,1700.0,,CHEMBL5736269,CHEMBL5728192
CHEMBL5862008,1300.0,5.89,CHEMBL5736269,CHEMBL5728192
CHEMBL5926122,1200.0,5.92,CHEMBL5736269,CHEMBL5728192
CHEMBL6003539,1800.0,,CHEMBL5736269,CHEMBL5728192
CHEMBL5906646,730.0,6.14,CHEMBL5736269,CHEMBL5728192
CHEMBL5814275,1700.0,,CHEMBL5736269,CHEMBL5728192
CHEMBL5948934,1800.0,,CHEMBL5736269,CHEMBL5728192
CHEMBL5826858,740.0,6.13,CHEMBL5736269,CHEMBL5728192
CHEMBL5844828,1900.0,,CHEMBL5736269,CHEMBL5728192
CHEMBL5843343,1900.0,,CHEMBL5736269,CHEMBL5728192
CHEMBL5838572,1700.0,,CHEMBL5736269,CHEMBL5728192
CHEMBL5744851,1900.0,,CHEMBL5736269,CHEMBL5728192
CHEMBL5952703,1700.0,,CHEMBL5736269,CHEMBL5728192
CHEMBL5960542,1700.0,,CHEMBL5736269,CHEMBL5728192
CHEMBL5898773,170.0,6.77,CHEMBL5736269,CHEMBL5728192
CHEMBL5931145,1100.0,5.96,CHEMBL5736269,CHEMBL5728192
CHEMBL5880657,500.0,6.30,CHEMBL5736269,CHEMBL5728192
CHEMBL5801091,150.0,6.82,CHEMBL5736269,CHEMBL5728192
CHEMBL6058779,1700.0,,CHEMBL5736269,CHEMBL5728192
CHEMBL5867414,1600.0,5.80,CHEMBL5736269,CHEMBL5728192
CHEMBL5739837,1700.0,,CHEMBL5736269,CHEMBL5728192
CHEMBL5770832,370.0,6.43,CHEMBL5736269,CHEMBL5728192
CHEMBL5860563,1400.0,5.85,CHEMBL5736269,CHEMBL5728192
CHEMBL5974109,1700.0,,CHEMBL5736269,CHEMBL5728192
CHEMBL6065737,860.0,6.07,CHEMBL5736269,CHEMBL5728192
CHEMBL5822694,1700.0,,CHEMBL5736269,CHEMBL5728192
CHEMBL5796826,1800.0,,CHEMBL5736269,CHEMBL5728192
CHEMBL6062370,1700.0,,CHEMBL5736269,CHEMBL5728192
CHEMBL5808795,1200.0,5.92,CHEMBL5736269,CHEMBL5728192
CHEMBL6018729,650.0,6.19,CHEMBL5736269,CHEMBL5728192
CHEMBL5747557,230.0,6.64,CHEMBL5736269,CHEMBL5728192
CHEMBL5831281,1800.0,,CHEMBL5736269,CHEMBL5728192
CHEMBL5961668,1800.0,,CHEMBL5736269,CHEMBL5728192
CHEMBL5801625,290.0,6.54,CHEMBL5736269,CHEMBL5728192
CHEMBL5833667,280.0,6.55,CHEMBL5736269,CHEMBL5728192
CHEMBL5919040,1700.0,,CHEMBL5736269,CHEMBL5728192
CHEMBL6003539,1800.0,,CHEMBL5736269,CHEMBL5728192
CHEMBL5808335,690.0,6.16,CHEMBL5736269,CHEMBL5728192
CHEMBL5918571,1700.0,,CHEMBL5736269,CHEMBL5728192
CHEMBL5980018,1900.0,,CHEMBL5736269,CHEMBL5728192
CHEMBL5994848,820.0,6.09,CHEMBL5736269,CHEMBL5728192
CHEMBL5905828,1800.0,,CHEMBL5736269,CHEMBL5728192
CHEMBL5845863,1800.0,,CHEMBL5736269,CHEMBL5728192
CHEMBL5787369,230.0,6.64,CHEMBL5736269,CHEMBL5728192
CHEMBL5817877,510.0,6.29,CHEMBL5736269,CHEMBL5728192
CHEMBL5998874,260.0,6.58,CHEMBL5736269,CHEMBL5728192
CHEMBL5968236,1900.0,,CHEMBL5736269,CHEMBL5728192
CHEMBL5806804,1100.0,5.96,CHEMBL5736269,CHEMBL5728192
CHEMBL5798159,0.4,9.40,CHEMBL5736831,CHEMBL5728473
CHEMBL6051413,11.0,7.96,CHEMBL5736831,CHEMBL5728473
CHEMBL5817624,7.1,8.15,CHEMBL5736831,CHEMBL5728473
CHEMBL6009219,0.4,9.40,CHEMBL5736831,CHEMBL5728473
CHEMBL5909593,80.0,7.10,CHEMBL5736831,CHEMBL5728473
CHEMBL5766304,37.0,7.43,CHEMBL5736831,CHEMBL5728473
CHEMBL6063896,13.0,7.89,CHEMBL5736831,CHEMBL5728473
CHEMBL5926623,1.4,8.85,CHEMBL5736831,CHEMBL5728473
CHEMBL5742873,1.1,8.96,CHEMBL5736831,CHEMBL5728473
CHEMBL5784881,1.4,8.85,CHEMBL5736831,CHEMBL5728473
CHEMBL6051413,2.1,8.68,CHEMBL5736831,CHEMBL5728473
CHEMBL6030256,0.2,9.70,CHEMBL5736831,CHEMBL5728473
CHEMBL5789899,1.1,8.96,CHEMBL5736831,CHEMBL5728473
CHEMBL6064944,0.1,10.00,CHEMBL5736831,CHEMBL5728473
CHEMBL6061458,13.0,7.89,CHEMBL5736831,CHEMBL5728473
CHEMBL5962159,6.0,8.22,CHEMBL5736831,CHEMBL5728473
CHEMBL5878087,26.0,7.58,CHEMBL5736831,CHEMBL5728473
CHEMBL5817080,21.0,7.68,CHEMBL5736831,CHEMBL5728473
CHEMBL5871654,0.8,9.10,CHEMBL5736831,CHEMBL5728473
CHEMBL5759521,6.8,8.17,CHEMBL5736831,CHEMBL5728473
CHEMBL5947240,15.0,7.82,CHEMBL5736831,CHEMBL5728473
CHEMBL5756186,58.0,7.24,CHEMBL5736831,CHEMBL5728473
CHEMBL6003636,166.0,6.78,CHEMBL5736831,CHEMBL5728473
CHEMBL5840994,27.0,7.57,CHEMBL5736831,CHEMBL5728473
CHEMBL6003636,20.0,7.70,CHEMBL5736831,CHEMBL5728473
CHEMBL5888905,79.0,7.10,CHEMBL5736831,CHEMBL5728473
CHEMBL6001722,77.0,7.11,CHEMBL5736831,CHEMBL5728473
CHEMBL5950738,28.0,7.55,CHEMBL5736831,CHEMBL5728473
CHEMBL5823916,0.4,9.40,CHEMBL5736831,CHEMBL5728473
CHEMBL5911465,1.4,8.85,CHEMBL5736831,CHEMBL5728473
CHEMBL5853768,0.3,9.52,CHEMBL5736831,CHEMBL5728473
CHEMBL5951076,42.0,7.38,CHEMBL5736831,CHEMBL5728473
CHEMBL5956985,21.0,7.68,CHEMBL5736831,CHEMBL5728473
CHEMBL5917824,10.0,8.00,CHEMBL5736831,CHEMBL5728473
CHEMBL6005497,278.0,6.56,CHEMBL5736831,CHEMBL5728473
CHEMBL6051037,132.0,6.88,CHEMBL5736831,CHEMBL5728473
CHEMBL6047196,108.0,6.97,CHEMBL5736831,CHEMBL5728473
CHEMBL5771610,37.0,7.43,CHEMBL5736831,CHEMBL5728473
CHEMBL5906963,50000.0,,CHEMBL5737014,CHEMBL5728561
CHEMBL5898142,60.0,7.22,CHEMBL5737014,CHEMBL5728561
CHEMBL5891581,152.0,6.82,CHEMBL5737014,CHEMBL5728561
CHEMBL5859960,1902.0,5.72,CHEMBL5737014,CHEMBL5728561
CHEMBL5876794,2874.0,5.54,CHEMBL5737014,CHEMBL5728561
CHEMBL5904365,5.5,8.26,CHEMBL5738093,CHEMBL5729113
CHEMBL5897117,151.0,6.82,CHEMBL5738093,CHEMBL5729113
CHEMBL5885535,6.34,8.20,CHEMBL5738093,CHEMBL5729113
CHEMBL5870404,164.0,6.79,CHEMBL5738093,CHEMBL5729113
CHEMBL6038185,5.64,8.25,CHEMBL5738093,CHEMBL5729113
CHEMBL5909131,193.0,6.71,CHEMBL5738093,CHEMBL5729113
CHEMBL6026273,4.65,8.33,CHEMBL5738093,CHEMBL5729113
CHEMBL5766981,12.5,7.90,CHEMBL5738093,CHEMBL5729113
CHEMBL6050876,12.2,7.91,CHEMBL5738093,CHEMBL5729113
CHEMBL5768042,150.0,6.82,CHEMBL5738093,CHEMBL5729113
CHEMBL5941113,27.8,7.56,CHEMBL5738093,CHEMBL5729113
CHEMBL5761449,17127.0,4.77,CHEMBL5738093,CHEMBL5729113
CHEMBL5833970,137.0,6.86,CHEMBL5738093,CHEMBL5729113
CHEMBL5893297,1619.0,5.79,CHEMBL5738093,CHEMBL5729113
CHEMBL5758623,16.1,7.79,CHEMBL5738093,CHEMBL5729113
CHEMBL5894025,6.83,8.17,CHEMBL5738093,CHEMBL5729113
CHEMBL4555827,10200.0,4.99,CHEMBL5738093,CHEMBL5729113
CHEMBL4570554,11600.0,4.94,CHEMBL5738093,CHEMBL5729113
CHEMBL4476394,11400.0,4.94,CHEMBL5738093,CHEMBL5729113
CHEMBL4519938,68.1,7.17,CHEMBL5738093,CHEMBL5729113
CHEMBL4483569,200.0,6.70,CHEMBL5738093,CHEMBL5729113
CHEMBL4451683,119.0,6.92,CHEMBL5738093,CHEMBL5729113
CHEMBL4534566,27100.0,4.57,CHEMBL5738093,CHEMBL5729113
CHEMBL4546210,9740.0,5.01,CHEMBL5738093,CHEMBL5729113
CHEMBL4515234,124.0,6.91,CHEMBL5738093,CHEMBL5729113
CHEMBL4553059,295.0,6.53,CHEMBL5738093,CHEMBL5729113
CHEMBL4534566,20800.0,4.68,CHEMBL5738093,CHEMBL5729113
CHEMBL4436317,21400.0,4.67,CHEMBL5738093,CHEMBL5729113
CHEMBL4527078,18900.0,4.72,CHEMBL5738093,CHEMBL5729113
CHEMBL4515234,247.0,6.61,CHEMBL5738093,CHEMBL5729113
CHEMBL4584497,80.2,7.10,CHEMBL5738093,CHEMBL5729113
CHEMBL4446609,891.0,6.05,CHEMBL5738093,CHEMBL5729113
CHEMBL4546210,10800.0,4.97,CHEMBL5738093,CHEMBL5729113
CHEMBL4553059,328.0,6.48,CHEMBL5738093,CHEMBL5729113
CHEMBL4464971,364.0,6.44,CHEMBL5738093,CHEMBL5729113
CHEMBL4518618,424.0,6.37,CHEMBL5738093,CHEMBL5729113
CHEMBL5949832,537.0,6.27,CHEMBL5738093,CHEMBL5729113
CHEMBL5783925,1440.0,5.84,CHEMBL5738093,CHEMBL5729113
CHEMBL5761449,13200.0,4.88,CHEMBL5738093,CHEMBL5729113
CHEMBL4555827,10800.0,4.97,CHEMBL5738093,CHEMBL5729113
CHEMBL4570554,13500.0,4.87,CHEMBL5738093,CHEMBL5729113
CHEMBL5897117,132.0,6.88,CHEMBL5738093,CHEMBL5729113
CHEMBL4519938,75.8,7.12,CHEMBL5738093,CHEMBL5729113
CHEMBL4483569,219.0,6.66,CHEMBL5738093,CHEMBL5729113
CHEMBL5753449,226.0,6.65,CHEMBL5738103,CHEMBL5729119
CHEMBL5889007,1000.0,,CHEMBL5738103,CHEMBL5729119
CHEMBL6041693,1000.0,,CHEMBL5738103,CHEMBL5729119
CHEMBL5928632,267.0,6.57,CHEMBL5738103,CHEMBL5729119
CHEMBL6059801,116.0,6.94,CHEMBL5738103,CHEMBL5729119
CHEMBL5804136,278.0,6.56,CHEMBL5738103,CHEMBL5729119
CHEMBL5974043,79.0,7.10,CHEMBL5738103,CHEMBL5729119
CHEMBL6014765,294.0,6.53,CHEMBL5738103,CHEMBL5729119
CHEMBL5836417,100.0,,CHEMBL5738103,CHEMBL5729119
CHEMBL5890912,100.0,,CHEMBL5738103,CHEMBL5729119
CHEMBL5758329,100.0,,CHEMBL5738103,CHEMBL5729119
CHEMBL5905387,711.0,6.15,CHEMBL5738103,CHEMBL5729119
CHEMBL5795064,1000.0,,CHEMBL5738103,CHEMBL5729119
CHEMBL5940672,1000.0,,CHEMBL5738103,CHEMBL5729119
CHEMBL5970271,1000.0,,CHEMBL5738103,CHEMBL5729119
CHEMBL5844083,389.0,6.41,CHEMBL5738103,CHEMBL5729119
CHEMBL5924032,155.0,6.81,CHEMBL5738103,CHEMBL5729119
CHEMBL5844582,198.0,6.70,CHEMBL5738103,CHEMBL5729119
CHEMBL5867462,105.0,6.98,CHEMBL5738103,CHEMBL5729119
CHEMBL6062980,46.0,7.34,CHEMBL5738103,CHEMBL5729119
CHEMBL5953904,1000.0,,CHEMBL5738103,CHEMBL5729119
CHEMBL5894978,528.0,6.28,CHEMBL5738103,CHEMBL5729119
CHEMBL5834688,1000.0,,CHEMBL5738103,CHEMBL5729119
CHEMBL5827826,100.0,,CHEMBL5738103,CHEMBL5729119
CHEMBL6025123,1389.0,5.86,CHEMBL5738103,CHEMBL5729119
CHEMBL5959945,10000.0,,CHEMBL5738103,CHEMBL5729119
CHEMBL6053449,2164.0,5.67,CHEMBL5738103,CHEMBL5729119
CHEMBL5862580,100.0,,CHEMBL5738103,CHEMBL5729119
CHEMBL5958853,146.0,6.84,CHEMBL5738103,CHEMBL5729119
CHEMBL5965478,153.0,6.82,CHEMBL5738103,CHEMBL5729119
CHEMBL6065133,89.0,7.05,CHEMBL5738103,CHEMBL5729119
CHEMBL5903085,10000.0,,CHEMBL5738103,CHEMBL5729119
CHEMBL5798443,55.0,7.26,CHEMBL5738103,CHEMBL5729119
CHEMBL6033170,247.0,6.61,CHEMBL5738103,CHEMBL5729119
CHEMBL5800878,100.0,,CHEMBL5738103,CHEMBL5729119
CHEMBL5975258,80.0,7.10,CHEMBL5738103,CHEMBL5729119
CHEMBL6031512,100.0,,CHEMBL5738103,CHEMBL5729119
CHEMBL6018503,352.0,6.45,CHEMBL5738103,CHEMBL5729119
CHEMBL5892765,100.0,,CHEMBL5738103,CHEMBL5729119
CHEMBL5928632,214.0,6.67,CHEMBL5738103,CHEMBL5729119
CHEMBL5982627,100.0,,CHEMBL5738103,CHEMBL5729119
CHEMBL6026858,74.0,7.13,CHEMBL5738103,CHEMBL5729119
CHEMBL5978090,100.0,,CHEMBL5738103,CHEMBL5729119
CHEMBL6062801,100.0,,CHEMBL5738103,CHEMBL5729119
CHEMBL5950477,300.0,,CHEMBL5738103,CHEMBL5729119
CHEMBL5768736,75.0,7.12,CHEMBL5738103,CHEMBL5729119
CHEMBL5908106,457.0,6.34,CHEMBL5738103,CHEMBL5729119
CHEMBL5871355,80.0,7.10,CHEMBL5738103,CHEMBL5729119
CHEMBL5994982,1000.0,,CHEMBL5738103,CHEMBL5729119
CHEMBL6001447,1000.0,,CHEMBL5738103,CHEMBL5729119
CHEMBL5787400,309.0,6.51,CHEMBL5738103,CHEMBL5729119
CHEMBL5856810,10000.0,,CHEMBL5738103,CHEMBL5729119
CHEMBL5882802,100.0,,CHEMBL5738103,CHEMBL5729119
CHEMBL5889491,116.0,6.94,CHEMBL5738103,CHEMBL5729119
CHEMBL5789483,78.0,7.11,CHEMBL5738103,CHEMBL5729119
CHEMBL6011569,100.0,,CHEMBL5738103,CHEMBL5729119
CHEMBL5862224,210.0,6.68,CHEMBL5738103,CHEMBL5729119
CHEMBL5846002,1000.0,,CHEMBL5738103,CHEMBL5729119
CHEMBL5987739,1000.0,,CHEMBL5738103,CHEMBL5729119
CHEMBL5932352,1000.0,,CHEMBL5738103,CHEMBL5729119
CHEMBL6021264,514.0,6.29,CHEMBL5738103,CHEMBL5729119
CHEMBL5991784,104.0,6.98,CHEMBL5738103,CHEMBL5729119
CHEMBL5888503,532.0,6.27,CHEMBL5738103,CHEMBL5729119
CHEMBL5884250,348.0,6.46,CHEMBL5738103,CHEMBL5729119
CHEMBL5767315,195.0,6.71,CHEMBL5738103,CHEMBL5729119
CHEMBL5887973,212.0,6.67,CHEMBL5738103,CHEMBL5729119
CHEMBL5955923,100.0,,CHEMBL5738103,CHEMBL5729119
CHEMBL5909764,910.0,6.04,CHEMBL5738103,CHEMBL5729119
CHEMBL6036214,100.0,,CHEMBL5738103,CHEMBL5729119
CHEMBL5966386,52.0,7.28,CHEMBL5738103,CHEMBL5729119
CHEMBL5787908,223.0,6.65,CHEMBL5738103,CHEMBL5729119
CHEMBL5774136,100.0,,CHEMBL5738103,CHEMBL5729119
CHEMBL5891323,205.0,6.69,CHEMBL5738103,CHEMBL5729119
CHEMBL5827131,138.0,6.86,CHEMBL5738103,CHEMBL5729119
CHEMBL5959979,124.0,6.91,CHEMBL5738103,CHEMBL5729119
CHEMBL5863181,193.0,6.71,CHEMBL5738103,CHEMBL5729119
CHEMBL5799726,1100.0,5.96,CHEMBL5738136,CHEMBL5729137
CHEMBL5852484,480.0,6.32,CHEMBL5738136,CHEMBL5729137
CHEMBL5816980,550.0,6.26,CHEMBL5738136,CHEMBL5729137
CHEMBL5841759,140.0,6.85,CHEMBL5738136,CHEMBL5729137
CHEMBL5854979,330.0,6.48,CHEMBL5738136,CHEMBL5729137
CHEMBL5745240,240.0,6.62,CHEMBL5738136,CHEMBL5729137
CHEMBL5821204,530.0,6.28,CHEMBL5738136,CHEMBL5729137
CHEMBL5816624,1800.0,,CHEMBL5738136,CHEMBL5729137
CHEMBL5888473,1900.0,,CHEMBL5738136,CHEMBL5729137
CHEMBL6037650,640.0,6.19,CHEMBL5738136,CHEMBL5729137
CHEMBL5767729,1800.0,,CHEMBL5738136,CHEMBL5729137
CHEMBL5991226,1700.0,,CHEMBL5738136,CHEMBL5729137
CHEMBL6008861,410.0,6.39,CHEMBL5738136,CHEMBL5729137
CHEMBL5825746,310.0,6.51,CHEMBL5738136,CHEMBL5729137
CHEMBL5891513,400.0,6.40,CHEMBL5738136,CHEMBL5729137
CHEMBL5981184,1700.0,,CHEMBL5738136,CHEMBL5729137
CHEMBL5999618,610.0,6.21,CHEMBL5738136,CHEMBL5729137
CHEMBL6011163,370.0,6.43,CHEMBL5738136,CHEMBL5729137
CHEMBL5958714,44.0,7.36,CHEMBL5738136,CHEMBL5729137
CHEMBL5898619,1700.0,,CHEMBL5738136,CHEMBL5729137
CHEMBL6061038,1700.0,,CHEMBL5738136,CHEMBL5729137
CHEMBL5917777,1700.0,,CHEMBL5738136,CHEMBL5729137
CHEMBL5801901,670.0,6.17,CHEMBL5738136,CHEMBL5729137
CHEMBL5823796,140.0,6.85,CHEMBL5738136,CHEMBL5729137
CHEMBL6023248,380.0,6.42,CHEMBL5738136,CHEMBL5729137
CHEMBL5792283,1700.0,,CHEMBL5738136,CHEMBL5729137
CHEMBL5996566,650.0,6.19,CHEMBL5738136,CHEMBL5729137
CHEMBL6027608,460.0,6.34,CHEMBL5738136,CHEMBL5729137
CHEMBL5876040,520.0,6.28,CHEMBL5738136,CHEMBL5729137
CHEMBL5882421,520.0,6.28,CHEMBL5738136,CHEMBL5729137
CHEMBL5821312,1400.0,5.85,CHEMBL5738136,CHEMBL5729137
CHEMBL5934660,1700.0,,CHEMBL5738136,CHEMBL5729137
CHEMBL5892529,1100.0,5.96,CHEMBL5738136,CHEMBL5729137
CHEMBL5783780,330.0,6.48,CHEMBL5738136,CHEMBL5729137
CHEMBL5903090,640.0,6.19,CHEMBL5738136,CHEMBL5729137
CHEMBL6044734,490.0,6.31,CHEMBL5738136,CHEMBL5729137
CHEMBL5972372,460.0,6.34,CHEMBL5738136,CHEMBL5729137
CHEMBL6004699,120.0,6.92,CHEMBL5738136,CHEMBL5729137
CHEMBL5740838,1900.0,,CHEMBL5738136,CHEMBL5729137
CHEMBL6040751,1900.0,,CHEMBL5738136,CHEMBL5729137
CHEMBL5749296,590.0,6.23,CHEMBL5738136,CHEMBL5729137
CHEMBL6014954,610.0,6.21,CHEMBL5738136,CHEMBL5729137
CHEMBL5922306,570.0,6.24,CHEMBL5738136,CHEMBL5729137
CHEMBL5959032,1800.0,,CHEMBL5738136,CHEMBL5729137
CHEMBL5904674,480.0,6.32,CHEMBL5738136,CHEMBL5729137
CHEMBL5937229,560.0,6.25,CHEMBL5738136,CHEMBL5729137
CHEMBL6062397,1800.0,,CHEMBL5738136,CHEMBL5729137
CHEMBL5823647,1800.0,,CHEMBL5738136,CHEMBL5729137
CHEMBL5925320,340.0,6.47,CHEMBL5738136,CHEMBL5729137
CHEMBL5769559,290.0,6.54,CHEMBL5738136,CHEMBL5729137
CHEMBL5742783,1100.0,5.96,CHEMBL5738136,CHEMBL5729137
CHEMBL6031954,1100.0,5.96,CHEMBL5738136,CHEMBL5729137
CHEMBL6009732,570.0,6.24,CHEMBL5738136,CHEMBL5729137
CHEMBL6029030,140.0,6.85,CHEMBL5738136,CHEMBL5729137
CHEMBL5823486,500.0,6.30,CHEMBL5738136,CHEMBL5729137
CHEMBL5831227,1400.0,5.85,CHEMBL5738136,CHEMBL5729137
CHEMBL5828803,500.0,6.30,CHEMBL5738136,CHEMBL5729137
CHEMBL5866064,170.0,6.77,CHEMBL5738136,CHEMBL5729137
CHEMBL6058356,650.0,6.19,CHEMBL5738136,CHEMBL5729137
CHEMBL5829956,1000.0,6.00,CHEMBL5738136,CHEMBL5729137
CHEMBL6011325,580.0,6.24,CHEMBL5738136,CHEMBL5729137
CHEMBL5784542,850.0,6.07,CHEMBL5738136,CHEMBL5729137
CHEMBL5830146,1100.0,5.96,CHEMBL5738136,CHEMBL5729137
CHEMBL6062025,1700.0,,CHEMBL5738136,CHEMBL5729137
CHEMBL5913332,800.0,6.10,CHEMBL5738136,CHEMBL5729137
CHEMBL5980648,830.0,6.08,CHEMBL5738136,CHEMBL5729137
CHEMBL5926812,310.0,6.51,CHEMBL5738136,CHEMBL5729137
CHEMBL6034513,350.0,6.46,CHEMBL5738136,CHEMBL5729137
CHEMBL5990865,79.0,7.10,CHEMBL5738136,CHEMBL5729137
CHEMBL5813094,1700.0,,CHEMBL5738136,CHEMBL5729137
CHEMBL5886490,540.0,6.27,CHEMBL5738136,CHEMBL5729137
CHEMBL5880152,810.0,6.09,CHEMBL5738136,CHEMBL5729137
CHEMBL5949290,610.0,6.21,CHEMBL5738136,CHEMBL5729137
CHEMBL5843487,330.0,6.48,CHEMBL5738136,CHEMBL5729137
CHEMBL5845230,1800.0,,CHEMBL5738136,CHEMBL5729137
CHEMBL5747022,1800.0,,CHEMBL5738136,CHEMBL5729137
CHEMBL5983794,400.0,6.40,CHEMBL5738136,CHEMBL5729137
CHEMBL5805419,1900.0,,CHEMBL5738136,CHEMBL5729137
CHEMBL5996343,920.0,6.04,CHEMBL5738136,CHEMBL5729137
CHEMBL6023879,1500.0,5.82,CHEMBL5738136,CHEMBL5729137
CHEMBL6029159,1300.0,5.89,CHEMBL5738136,CHEMBL5729137
CHEMBL5948904,210.0,6.68,CHEMBL5738136,CHEMBL5729137
CHEMBL5867579,1100.0,5.96,CHEMBL5738136,CHEMBL5729137
CHEMBL5810433,280.0,6.55,CHEMBL5738136,CHEMBL5729137
CHEMBL5953330,800.0,6.10,CHEMBL5738136,CHEMBL5729137
CHEMBL5821968,220.0,6.66,CHEMBL5738136,CHEMBL5729137
CHEMBL5903901,770.0,6.11,CHEMBL5738136,CHEMBL5729137
CHEMBL5804436,190.0,6.72,CHEMBL5738136,CHEMBL5729137
CHEMBL5902278,380.0,6.42,CHEMBL5738136,CHEMBL5729137
CHEMBL5921899,290.0,6.54,CHEMBL5738136,CHEMBL5729137
CHEMBL5814275,430.0,6.37,CHEMBL5738136,CHEMBL5729137
CHEMBL6047140,1700.0,,CHEMBL5738136,CHEMBL5729137
CHEMBL5862008,1300.0,5.89,CHEMBL5738136,CHEMBL5729137
CHEMBL6050605,1200.0,5.92,CHEMBL5738136,CHEMBL5729137
CHEMBL5868102,1800.0,,CHEMBL5738136,CHEMBL5729137
CHEMBL5906646,730.0,6.14,CHEMBL5738136,CHEMBL5729137
CHEMBL5960672,1700.0,,CHEMBL5738136,CHEMBL5729137
CHEMBL5948934,1800.0,,CHEMBL5738136,CHEMBL5729137
CHEMBL5826858,740.0,6.13,CHEMBL5738136,CHEMBL5729137
CHEMBL5844828,1900.0,,CHEMBL5738136,CHEMBL5729137
CHEMBL5843343,1900.0,,CHEMBL5738136,CHEMBL5729137
CHEMBL5838572,1700.0,,CHEMBL5738136,CHEMBL5729137
CHEMBL5744851,1900.0,,CHEMBL5738136,CHEMBL5729137
CHEMBL5952703,1700.0,,CHEMBL5738136,CHEMBL5729137
CHEMBL5960542,1700.0,,CHEMBL5738136,CHEMBL5729137
CHEMBL5898773,170.0,6.77,CHEMBL5738136,CHEMBL5729137
CHEMBL5931145,1100.0,5.96,CHEMBL5738136,CHEMBL5729137
CHEMBL5880657,500.0,6.30,CHEMBL5738136,CHEMBL5729137
CHEMBL5801091,150.0,6.82,CHEMBL5738136,CHEMBL5729137
CHEMBL6058779,1700.0,,CHEMBL5738136,CHEMBL5729137
CHEMBL6042591,1600.0,5.80,CHEMBL5738136,CHEMBL5729137
CHEMBL5739837,1700.0,,CHEMBL5738136,CHEMBL5729137
CHEMBL5770832,370.0,6.43,CHEMBL5738136,CHEMBL5729137
CHEMBL5860563,1400.0,5.85,CHEMBL5738136,CHEMBL5729137
CHEMBL5974109,1700.0,,CHEMBL5738136,CHEMBL5729137
CHEMBL5780460,860.0,6.07,CHEMBL5738136,CHEMBL5729137
CHEMBL5822694,1700.0,,CHEMBL5738136,CHEMBL5729137
CHEMBL5796826,1800.0,,CHEMBL5738136,CHEMBL5729137
CHEMBL6062370,1700.0,,CHEMBL5738136,CHEMBL5729137
CHEMBL5808795,1200.0,5.92,CHEMBL5738136,CHEMBL5729137
CHEMBL5880786,650.0,6.19,CHEMBL5738136,CHEMBL5729137
CHEMBL5747557,230.0,6.64,CHEMBL5738136,CHEMBL5729137
CHEMBL6043897,1800.0,,CHEMBL5738136,CHEMBL5729137
CHEMBL6027518,1800.0,,CHEMBL5738136,CHEMBL5729137
CHEMBL5979572,290.0,6.54,CHEMBL5738136,CHEMBL5729137
CHEMBL5926122,280.0,6.55,CHEMBL5738136,CHEMBL5729137
CHEMBL5919040,1700.0,,CHEMBL5738136,CHEMBL5729137
CHEMBL5868102,1800.0,,CHEMBL5738136,CHEMBL5729137
CHEMBL5743403,690.0,6.16,CHEMBL5738136,CHEMBL5729137
CHEMBL5802711,1700.0,,CHEMBL5738136,CHEMBL5729137
CHEMBL5922928,1900.0,,CHEMBL5738136,CHEMBL5729137
CHEMBL5994848,820.0,6.09,CHEMBL5738136,CHEMBL5729137
CHEMBL5905828,1800.0,,CHEMBL5738136,CHEMBL5729137
CHEMBL5845863,1800.0,,CHEMBL5738136,CHEMBL5729137
CHEMBL5787369,230.0,6.64,CHEMBL5738136,CHEMBL5729137
CHEMBL5817877,510.0,6.29,CHEMBL5738136,CHEMBL5729137
CHEMBL5926122,260.0,6.58,CHEMBL5738136,CHEMBL5729137
CHEMBL5968236,1900.0,,CHEMBL5738136,CHEMBL5729137
CHEMBL5806804,1100.0,5.96,CHEMBL5738136,CHEMBL5729137
CHEMBL5890342,1700.0,,CHEMBL5738472,CHEMBL5729322
CHEMBL6053282,32.0,7.50,CHEMBL5738472,CHEMBL5729322
CHEMBL5957512,36.0,7.44,CHEMBL5738472,CHEMBL5729322
CHEMBL6007302,160.0,6.80,CHEMBL5738472,CHEMBL5729322
CHEMBL5838094,860.0,6.07,CHEMBL5738472,CHEMBL5729322
CHEMBL5999309,1100.0,5.96,CHEMBL5738472,CHEMBL5729322
CHEMBL5982837,1800.0,,CHEMBL5738472,CHEMBL5729322
CHEMBL5989674,350.0,6.46,CHEMBL5738472,CHEMBL5729322
CHEMBL5927237,330.0,6.48,CHEMBL5738472,CHEMBL5729322
CHEMBL5742462,230.0,6.64,CHEMBL5738472,CHEMBL5729322
CHEMBL5830118,380.0,6.42,CHEMBL5738472,CHEMBL5729322
CHEMBL5869550,460.0,6.34,CHEMBL5738472,CHEMBL5729322
CHEMBL5885320,230.0,6.64,CHEMBL5738472,CHEMBL5729322
CHEMBL5811972,88.0,7.06,CHEMBL5738472,CHEMBL5729322
CHEMBL5859405,67.0,7.17,CHEMBL5738472,CHEMBL5729322
CHEMBL5918398,33.0,7.48,CHEMBL5738472,CHEMBL5729322
CHEMBL6022369,52.0,7.28,CHEMBL5738472,CHEMBL5729322
CHEMBL5904436,45.0,7.35,CHEMBL5738472,CHEMBL5729322
CHEMBL6025845,68.0,7.17,CHEMBL5738472,CHEMBL5729322
CHEMBL5798273,310.0,6.51,CHEMBL5738472,CHEMBL5729322
CHEMBL5898812,1700.0,5.77,CHEMBL5738472,CHEMBL5729322
CHEMBL5790545,170.0,6.77,CHEMBL5738472,CHEMBL5729322
CHEMBL5995141,1700.0,5.77,CHEMBL5738472,CHEMBL5729322
CHEMBL5759917,220.0,6.66,CHEMBL5738472,CHEMBL5729322
CHEMBL6001811,1200.0,5.92,CHEMBL5738472,CHEMBL5729322
CHEMBL5920322,250.0,6.60,CHEMBL5738472,CHEMBL5729322
CHEMBL6052229,1800.0,,CHEMBL5738472,CHEMBL5729322
CHEMBL5837140,550.0,6.26,CHEMBL5738472,CHEMBL5729322
CHEMBL6006999,1100.0,5.96,CHEMBL5738472,CHEMBL5729322
CHEMBL5905756,1800.0,,CHEMBL5738472,CHEMBL5729322
CHEMBL5997830,1800.0,,CHEMBL5738472,CHEMBL5729322
CHEMBL5960354,200.0,6.70,CHEMBL5738472,CHEMBL5729322
CHEMBL5890328,550.0,6.26,CHEMBL5738472,CHEMBL5729322
CHEMBL6016908,730.0,6.14,CHEMBL5738472,CHEMBL5729322
CHEMBL5901485,870.0,6.06,CHEMBL5738472,CHEMBL5729322
CHEMBL5944584,190.0,6.72,CHEMBL5738472,CHEMBL5729322
CHEMBL6035743,290.0,6.54,CHEMBL5738472,CHEMBL5729322
CHEMBL5753132,91.0,7.04,CHEMBL5738472,CHEMBL5729322
CHEMBL5882167,300.0,6.52,CHEMBL5738472,CHEMBL5729322
CHEMBL5832039,350.0,6.46,CHEMBL5738472,CHEMBL5729322
CHEMBL6009540,240.0,6.62,CHEMBL5738472,CHEMBL5729322
CHEMBL5994420,1300.0,5.89,CHEMBL5738472,CHEMBL5729322
CHEMBL5810837,270.0,6.57,CHEMBL5738472,CHEMBL5729322
CHEMBL5770088,220.0,6.66,CHEMBL5738472,CHEMBL5729322
CHEMBL5870352,86.0,7.07,CHEMBL5738472,CHEMBL5729322
CHEMBL5913015,330.0,6.48,CHEMBL5738472,CHEMBL5729322
CHEMBL5836285,530.0,6.28,CHEMBL5738472,CHEMBL5729322
CHEMBL5822377,550.0,6.26,CHEMBL5738472,CHEMBL5729322
CHEMBL5744745,830.0,6.08,CHEMBL5738472,CHEMBL5729322
CHEMBL5753470,200.0,6.70,CHEMBL5738472,CHEMBL5729322
CHEMBL5991828,380.0,6.42,CHEMBL5738472,CHEMBL5729322
CHEMBL5853083,920.0,6.04,CHEMBL5738472,CHEMBL5729322
CHEMBL6031828,1100.0,5.96,CHEMBL5738472,CHEMBL5729322
CHEMBL5814002,780.0,6.11,CHEMBL5738472,CHEMBL5729322
CHEMBL5828638,850.0,6.07,CHEMBL5738472,CHEMBL5729322
CHEMBL5801439,1000.0,6.00,CHEMBL5738472,CHEMBL5729322
CHEMBL5815825,230.0,6.64,CHEMBL5738472,CHEMBL5729322
CHEMBL5952883,790.0,6.10,CHEMBL5738472,CHEMBL5729322
CHEMBL5776853,550.0,6.26,CHEMBL5738472,CHEMBL5729322
CHEMBL5951267,2300.0,,CHEMBL5738472,CHEMBL5729322
CHEMBL5961550,380.0,6.42,CHEMBL5738472,CHEMBL5729322
CHEMBL5887371,730.0,6.14,CHEMBL5738472,CHEMBL5729322
CHEMBL5878962,730.0,6.14,CHEMBL5738472,CHEMBL5729322
CHEMBL5838643,860.0,6.07,CHEMBL5738472,CHEMBL5729322
CHEMBL5824458,4958.0,5.30,CHEMBL5738557,CHEMBL5729366
CHEMBL5888355,128.0,6.89,CHEMBL5738557,CHEMBL5729366
CHEMBL5916774,1262.0,5.90,CHEMBL5738557,CHEMBL5729366
CHEMBL5965086,481.0,6.32,CHEMBL5738557,CHEMBL5729366
CHEMBL5905275,7834.0,5.11,CHEMBL5738557,CHEMBL5729366
CHEMBL6065724,8390.0,5.08,CHEMBL5738557,CHEMBL5729366
CHEMBL6035219,265.0,6.58,CHEMBL5738557,CHEMBL5729366
CHEMBL5766477,461.0,6.34,CHEMBL5738557,CHEMBL5729366
CHEMBL5807606,591.0,6.23,CHEMBL5738557,CHEMBL5729366
CHEMBL5962388,442.0,6.36,CHEMBL5738557,CHEMBL5729366
CHEMBL5802670,316.0,6.50,CHEMBL5738557,CHEMBL5729366
CHEMBL5740648,311.0,6.51,CHEMBL5738557,CHEMBL5729366
CHEMBL6049060,483.0,6.32,CHEMBL5738557,CHEMBL5729366
CHEMBL5840631,136.0,6.87,CHEMBL5738557,CHEMBL5729366
CHEMBL5947779,1556.0,5.81,CHEMBL5738557,CHEMBL5729366
CHEMBL5958689,34023.0,4.47,CHEMBL5738557,CHEMBL5729366
CHEMBL5798520,689.0,6.16,CHEMBL5738557,CHEMBL5729366
CHEMBL5991020,1289.0,5.89,CHEMBL5738557,CHEMBL5729366
CHEMBL6040678,690.0,6.16,CHEMBL5738557,CHEMBL5729366
CHEMBL5840631,1889.0,5.72,CHEMBL5738557,CHEMBL5729366
CHEMBL5750899,2122.0,5.67,CHEMBL5738557,CHEMBL5729366
CHEMBL5824458,2600.0,5.58,CHEMBL5738557,CHEMBL5729366
CHEMBL5817019,878.0,6.06,CHEMBL5738557,CHEMBL5729366
CHEMBL5877053,230.0,6.64,CHEMBL5738557,CHEMBL5729366
CHEMBL6042855,207.0,6.68,CHEMBL5738557,CHEMBL5729366
CHEMBL5972240,223.0,6.65,CHEMBL5738557,CHEMBL5729366
CHEMBL5930801,230.0,6.64,CHEMBL5738557,CHEMBL5729366
CHEMBL5890223,148.0,6.83,CHEMBL5738557,CHEMBL5729366
CHEMBL6043432,143.0,6.84,CHEMBL5738557,CHEMBL5729366
CHEMBL6032614,103.0,6.99,CHEMBL5738557,CHEMBL5729366
CHEMBL5761193,99.0,7.00,CHEMBL5738557,CHEMBL5729366
CHEMBL6053631,48923.0,4.31,CHEMBL5738557,CHEMBL5729366
CHEMBL5964838,1008.0,6.00,CHEMBL5738557,CHEMBL5729366
CHEMBL6031247,1398.0,5.85,CHEMBL5738557,CHEMBL5729366
CHEMBL5785643,1290.0,5.89,CHEMBL5738557,CHEMBL5729366
CHEMBL5804146,903.0,6.04,CHEMBL5738557,CHEMBL5729366
CHEMBL5901226,267.0,6.57,CHEMBL5738557,CHEMBL5729366
CHEMBL6023129,425.0,6.37,CHEMBL5738557,CHEMBL5729366
CHEMBL5812691,1861.0,5.73,CHEMBL5738557,CHEMBL5729366
CHEMBL5816324,376.0,6.42,CHEMBL5738557,CHEMBL5729366
CHEMBL5902206,131.0,6.88,CHEMBL5738557,CHEMBL5729366
CHEMBL6054906,119.0,6.92,CHEMBL5738557,CHEMBL5729366
CHEMBL5928223,222.0,6.65,CHEMBL5738557,CHEMBL5729366
CHEMBL5905556,121.0,6.92,CHEMBL5738557,CHEMBL5729366
CHEMBL5882899,598.0,6.22,CHEMBL5738557,CHEMBL5729366
CHEMBL5909889,715.0,6.15,CHEMBL5738557,CHEMBL5729366
CHEMBL5998655,130.0,6.89,CHEMBL5738557,CHEMBL5729366
CHEMBL5754241,574.0,6.24,CHEMBL5738557,CHEMBL5729366
CHEMBL5789364,690.0,6.16,CHEMBL5738557,CHEMBL5729366
CHEMBL5969368,825.0,6.08,CHEMBL5738557,CHEMBL5729366
CHEMBL5993169,993.0,6.00,CHEMBL5738557,CHEMBL5729366
CHEMBL5759035,479.0,6.32,CHEMBL5738557,CHEMBL5729366
CHEMBL5961963,1081.0,5.97,CHEMBL5738557,CHEMBL5729366
CHEMBL5972199,1683.0,5.77,CHEMBL5738557,CHEMBL5729366
CHEMBL5857735,697.0,6.16,CHEMBL5738557,CHEMBL5729366
CHEMBL5807396,494.0,6.31,CHEMBL5738557,CHEMBL5729366
CHEMBL5740025,973.0,6.01,CHEMBL5738557,CHEMBL5729366
CHEMBL5798578,780.0,6.11,CHEMBL5738557,CHEMBL5729366
CHEMBL6039981,125.0,6.90,CHEMBL5738557,CHEMBL5729366
CHEMBL5890606,260.0,6.58,CHEMBL5738557,CHEMBL5729366
CHEMBL5922735,134.0,6.87,CHEMBL5738557,CHEMBL5729366
CHEMBL5741668,222.0,6.65,CHEMBL5738557,CHEMBL5729366
CHEMBL6006534,791.0,6.10,CHEMBL5738557,CHEMBL5729366
CHEMBL5854198,430.0,6.37,CHEMBL5738557,CHEMBL5729366
CHEMBL6054377,222.0,6.65,CHEMBL5738557,CHEMBL5729366
CHEMBL5863961,841.0,6.08,CHEMBL5738557,CHEMBL5729366
CHEMBL6047010,1050.0,5.98,CHEMBL5738557,CHEMBL5729366
CHEMBL5798541,853.0,6.07,CHEMBL5738557,CHEMBL5729366
CHEMBL5801333,360.0,6.44,CHEMBL5738557,CHEMBL5729366
CHEMBL5956993,867.0,6.06,CHEMBL5738557,CHEMBL5729366
CHEMBL5744021,305.0,6.52,CHEMBL5738557,CHEMBL5729366
CHEMBL5788028,1034.0,5.99,CHEMBL5738557,CHEMBL5729366
CHEMBL5852486,234.0,6.63,CHEMBL5738557,CHEMBL5729366
CHEMBL5923764,210.0,6.68,CHEMBL5738557,CHEMBL5729366
CHEMBL5936552,210.0,6.68,CHEMBL5738557,CHEMBL5729366
CHEMBL5827197,472.0,6.33,CHEMBL5738557,CHEMBL5729366
CHEMBL6009739,605.0,6.22,CHEMBL5738557,CHEMBL5729366
CHEMBL6014247,343.0,6.46,CHEMBL5738557,CHEMBL5729366
CHEMBL5849102,239.0,6.62,CHEMBL5738557,CHEMBL5729366
CHEMBL6018968,1136.0,5.95,CHEMBL5738557,CHEMBL5729366
CHEMBL5928186,9302.0,5.03,CHEMBL5738557,CHEMBL5729366
CHEMBL5960565,361.0,6.44,CHEMBL5738557,CHEMBL5729366
CHEMBL5943645,2782.0,5.56,CHEMBL5738557,CHEMBL5729366
CHEMBL5929153,954.0,6.02,CHEMBL5738557,CHEMBL5729366
CHEMBL5912674,1071.0,5.97,CHEMBL5738557,CHEMBL5729366
CHEMBL5892027,1211.0,5.92,CHEMBL5738557,CHEMBL5729366
CHEMBL6003642,94.0,7.03,CHEMBL5738557,CHEMBL5729366
CHEMBL6045878,916.0,6.04,CHEMBL5738557,CHEMBL5729366
CHEMBL5952708,2250.0,5.65,CHEMBL5738557,CHEMBL5729366
CHEMBL5972558,1074.0,5.97,CHEMBL5738557,CHEMBL5729366
CHEMBL5815869,103.0,6.99,CHEMBL5738557,CHEMBL5729366
CHEMBL5788059,738.0,6.13,CHEMBL5738557,CHEMBL5729366
CHEMBL5857774,826.0,6.08,CHEMBL5738557,CHEMBL5729366
CHEMBL5797951,236.0,6.63,CHEMBL5738557,CHEMBL5729366
CHEMBL5804145,2582.0,5.59,CHEMBL5738557,CHEMBL5729366
CHEMBL5766810,103.0,6.99,CHEMBL5738557,CHEMBL5729366
CHEMBL5763694,136.0,6.87,CHEMBL5738557,CHEMBL5729366
CHEMBL5943008,312.0,6.51,CHEMBL5738557,CHEMBL5729366
CHEMBL6046131,280.0,6.55,CHEMBL5738557,CHEMBL5729366
CHEMBL5829089,6945.0,5.16,CHEMBL5738557,CHEMBL5729366
CHEMBL5793795,1022.0,5.99,CHEMBL5738557,CHEMBL5729366
CHEMBL5750573,852.0,6.07,CHEMBL5738557,CHEMBL5729366
CHEMBL5859243,129.0,6.89,CHEMBL5738557,CHEMBL5729366
CHEMBL5827336,93.0,7.03,CHEMBL5738557,CHEMBL5729366
CHEMBL5768768,194.0,6.71,CHEMBL5738557,CHEMBL5729366
CHEMBL5750025,804.0,6.09,CHEMBL5738557,CHEMBL5729366
CHEMBL6039332,244.0,6.61,CHEMBL5738557,CHEMBL5729366
CHEMBL5888355,163.0,6.79,CHEMBL5738557,CHEMBL5729366
CHEMBL6020913,601.0,6.22,CHEMBL5738557,CHEMBL5729366
CHEMBL5913353,1015.0,5.99,CHEMBL5738557,CHEMBL5729366
CHEMBL5896046,1007.0,6.00,CHEMBL5738557,CHEMBL5729366
CHEMBL6041993,169.0,6.77,CHEMBL5738557,CHEMBL5729366
CHEMBL5877262,5402.0,5.27,CHEMBL5738557,CHEMBL5729366
CHEMBL5956109,309.0,6.51,CHEMBL5738557,CHEMBL5729366
CHEMBL5844516,10000.0,,CHEMBL5738557,CHEMBL5729366
CHEMBL6008815,10000.0,,CHEMBL5738557,CHEMBL5729366
CHEMBL5806186,1743.0,5.76,CHEMBL5738557,CHEMBL5729366
CHEMBL5964100,276.0,6.56,CHEMBL5738557,CHEMBL5729366
CHEMBL5956696,105.0,6.98,CHEMBL5738557,CHEMBL5729366
CHEMBL5987244,10000.0,,CHEMBL5738557,CHEMBL5729366
CHEMBL5770514,54.0,7.27,CHEMBL5738557,CHEMBL5729366
CHEMBL5936786,537.0,6.27,CHEMBL5738557,CHEMBL5729366
CHEMBL5937360,1704.0,5.77,CHEMBL5738557,CHEMBL5729366
CHEMBL5776728,10000.0,,CHEMBL5738557,CHEMBL5729366
CHEMBL5965086,87.0,7.06,CHEMBL5738557,CHEMBL5729366
CHEMBL5944340,93.0,7.03,CHEMBL5738557,CHEMBL5729366
CHEMBL5832431,203.0,6.69,CHEMBL5738557,CHEMBL5729366
CHEMBL6051809,625.0,6.20,CHEMBL5738557,CHEMBL5729366
CHEMBL5896293,1220.0,5.91,CHEMBL5738557,CHEMBL5729366
CHEMBL5972761,541.0,6.27,CHEMBL5738557,CHEMBL5729366
CHEMBL5764090,10000.0,,CHEMBL5738557,CHEMBL5729366
CHEMBL5959637,750.0,6.12,CHEMBL5738557,CHEMBL5729366
CHEMBL5958993,914.0,6.04,CHEMBL5738557,CHEMBL5729366
CHEMBL5821492,310.0,6.51,CHEMBL5738557,CHEMBL5729366
CHEMBL5810427,62.0,7.21,CHEMBL5738557,CHEMBL5729366
CHEMBL5965675,2303.0,5.64,CHEMBL5738557,CHEMBL5729366
CHEMBL5887227,1082.0,5.97,CHEMBL5738557,CHEMBL5729366
CHEMBL5779117,76.0,7.12,CHEMBL5738557,CHEMBL5729366
CHEMBL5825042,635.0,6.20,CHEMBL5738557,CHEMBL5729366
CHEMBL5753002,10000.0,,CHEMBL5738557,CHEMBL5729366
CHEMBL5992622,10000.0,,CHEMBL5738557,CHEMBL5729366
CHEMBL5905068,10000.0,,CHEMBL5738557,CHEMBL5729366
CHEMBL5937360,402.0,6.40,CHEMBL5738557,CHEMBL5729366
CHEMBL5920206,10000.0,,CHEMBL5738557,CHEMBL5729366
CHEMBL5838058,335.0,6.47,CHEMBL5738557,CHEMBL5729366
CHEMBL6014215,772.0,6.11,CHEMBL5738557,CHEMBL5729366
CHEMBL5975498,10000.0,,CHEMBL5738557,CHEMBL5729366
CHEMBL5796612,10000.0,,CHEMBL5738557,CHEMBL5729366
CHEMBL5790487,10000.0,,CHEMBL5738557,CHEMBL5729366
CHEMBL6045878,188.0,6.73,CHEMBL5738557,CHEMBL5729366
CHEMBL5889832,3706.0,5.43,CHEMBL5738557,CHEMBL5729366
CHEMBL5804443,2311.0,5.64,CHEMBL5738557,CHEMBL5729366
CHEMBL5938222,10000.0,,CHEMBL5738557,CHEMBL5729366
CHEMBL5804584,718.0,6.14,CHEMBL5738557,CHEMBL5729366
CHEMBL6032521,114.0,6.94,CHEMBL5738557,CHEMBL5729366
CHEMBL6061806,743.0,6.13,CHEMBL5738557,CHEMBL5729366
CHEMBL5902557,641.0,6.19,CHEMBL5738557,CHEMBL5729366
CHEMBL5905167,327.0,6.49,CHEMBL5738557,CHEMBL5729366
CHEMBL6060753,373.0,6.43,CHEMBL5738557,CHEMBL5729366
CHEMBL5807409,170.0,6.77,CHEMBL5738557,CHEMBL5729366
CHEMBL5801823,216.0,6.67,CHEMBL5738557,CHEMBL5729366
CHEMBL5918951,508.0,6.29,CHEMBL5738557,CHEMBL5729366
CHEMBL5982048,766.0,6.12,CHEMBL5738557,CHEMBL5729366
CHEMBL6017022,819.0,6.09,CHEMBL5738557,CHEMBL5729366
CHEMBL6034072,76.0,7.12,CHEMBL5738557,CHEMBL5729366
CHEMBL6041648,139.0,6.86,CHEMBL5738557,CHEMBL5729366
CHEMBL5845340,71.0,7.15,CHEMBL5738557,CHEMBL5729366
CHEMBL5897293,145.0,6.84,CHEMBL5738557,CHEMBL5729366
CHEMBL5841720,1920.0,5.72,CHEMBL5738557,CHEMBL5729366
CHEMBL5751756,1681.0,5.77,CHEMBL5738557,CHEMBL5729366
CHEMBL5924014,1405.0,5.85,CHEMBL5738557,CHEMBL5729366
CHEMBL5915272,384.0,6.42,CHEMBL5738557,CHEMBL5729366
CHEMBL5857085,10000.0,,CHEMBL5738557,CHEMBL5729366
CHEMBL5949172,10000.0,,CHEMBL5738557,CHEMBL5729366
CHEMBL6013233,3475.0,5.46,CHEMBL5738557,CHEMBL5729366
CHEMBL6026914,248.0,6.61,CHEMBL5738557,CHEMBL5729366
CHEMBL5934189,237.0,6.62,CHEMBL5738557,CHEMBL5729366
CHEMBL5982641,10000.0,,CHEMBL5738557,CHEMBL5729366
CHEMBL5804691,10000.0,,CHEMBL5738557,CHEMBL5729366
CHEMBL6034447,1555.0,5.81,CHEMBL5738557,CHEMBL5729366
CHEMBL5890745,3690.0,5.43,CHEMBL5738557,CHEMBL5729366
CHEMBL5927311,1398.0,5.85,CHEMBL5738557,CHEMBL5729366
CHEMBL6047884,10000.0,,CHEMBL5738557,CHEMBL5729366
CHEMBL5829577,1497.0,5.83,CHEMBL5738557,CHEMBL5729366
CHEMBL5852993,1170.0,5.93,CHEMBL5738557,CHEMBL5729366
CHEMBL5959282,1276.0,5.89,CHEMBL5738557,CHEMBL5729366
CHEMBL5842929,772.0,6.11,CHEMBL5738557,CHEMBL5729366
CHEMBL6004625,703.0,6.15,CHEMBL5738557,CHEMBL5729366
CHEMBL5824779,307.0,6.51,CHEMBL5738557,CHEMBL5729366
CHEMBL5774440,2461.0,5.61,CHEMBL5738557,CHEMBL5729366
CHEMBL5931381,286.0,6.54,CHEMBL5738557,CHEMBL5729366
CHEMBL5758210,219.0,6.66,CHEMBL5738557,CHEMBL5729366
CHEMBL5970135,10000.0,,CHEMBL5738557,CHEMBL5729366
CHEMBL5970135,1565.0,5.80,CHEMBL5738557,CHEMBL5729366
CHEMBL1112,100.0,,CHEMBL5738666,CHEMBL5729422
CHEMBL42,550.0,6.26,CHEMBL5738666,CHEMBL5729422
CHEMBL4550815,5500.0,5.26,CHEMBL5738666,CHEMBL5729422
CHEMBL5781514,20000.0,4.70,CHEMBL5738666,CHEMBL5729422
CHEMBL5849098,5500.0,5.26,CHEMBL5738666,CHEMBL5729422
CHEMBL5839179,550.0,6.26,CHEMBL5738666,CHEMBL5729422
CHEMBL5803741,5500.0,5.26,CHEMBL5738666,CHEMBL5729422
CHEMBL5979356,5500.0,5.26,CHEMBL5738666,CHEMBL5729422
CHEMBL5880427,5500.0,5.26,CHEMBL5738666,CHEMBL5729422
CHEMBL5880427,20000.0,4.70,CHEMBL5738666,CHEMBL5729422
CHEMBL5929949,550.0,6.26,CHEMBL5738666,CHEMBL5729422
CHEMBL6027661,550.0,6.26,CHEMBL5738666,CHEMBL5729422
CHEMBL6001804,100.0,,CHEMBL5738666,CHEMBL5729422
CHEMBL4467883,550.0,6.26,CHEMBL5738666,CHEMBL5729422
CHEMBL6035783,550.0,6.26,CHEMBL5738666,CHEMBL5729422
CHEMBL5810780,550.0,6.26,CHEMBL5738666,CHEMBL5729422
CHEMBL5864297,100.0,,CHEMBL5738666,CHEMBL5729422
CHEMBL6058532,550.0,6.26,CHEMBL5738666,CHEMBL5729422
CHEMBL5970221,550.0,6.26,CHEMBL5738666,CHEMBL5729422
CHEMBL5898673,100.0,,CHEMBL5738666,CHEMBL5729422
CHEMBL5754351,100.0,,CHEMBL5738666,CHEMBL5729422
CHEMBL5992944,550.0,6.26,CHEMBL5738666,CHEMBL5729422
CHEMBL5870476,550.0,6.26,CHEMBL5738666,CHEMBL5729422
CHEMBL5856298,100.0,,CHEMBL5738666,CHEMBL5729422
CHEMBL5968150,5500.0,5.26,CHEMBL5738666,CHEMBL5729422
CHEMBL6026417,100.0,,CHEMBL5738666,CHEMBL5729422
CHEMBL5903966,100.0,,CHEMBL5738666,CHEMBL5729422
CHEMBL5976926,20000.0,4.70,CHEMBL5738666,CHEMBL5729422
CHEMBL5806801,550.0,6.26,CHEMBL5738666,CHEMBL5729422
CHEMBL5939627,550.0,6.26,CHEMBL5738666,CHEMBL5729422
CHEMBL6011755,20000.0,4.70,CHEMBL5738666,CHEMBL5729422
CHEMBL5781886,5500.0,5.26,CHEMBL5738666,CHEMBL5729422
CHEMBL5869368,550.0,6.26,CHEMBL5738666,CHEMBL5729422
CHEMBL5864045,550.0,6.26,CHEMBL5738666,CHEMBL5729422
CHEMBL6000645,550.0,6.26,CHEMBL5738666,CHEMBL5729422
CHEMBL5941123,550.0,6.26,CHEMBL5738666,CHEMBL5729422
CHEMBL6024771,550.0,6.26,CHEMBL5738666,CHEMBL5729422
CHEMBL6004365,550.0,6.26,CHEMBL5738666,CHEMBL5729422
CHEMBL6000555,100.0,,CHEMBL5738666,CHEMBL5729422
CHEMBL5889410,290.0,6.54,CHEMBL5739045,CHEMBL5729591
CHEMBL5989458,550.0,6.26,CHEMBL5739045,CHEMBL5729591
CHEMBL5857950,780.0,6.11,CHEMBL5739045,CHEMBL5729591
CHEMBL5862694,700.0,6.16,CHEMBL5739045,CHEMBL5729591
CHEMBL5755795,720.0,6.14,CHEMBL5739045,CHEMBL5729591
CHEMBL5991172,1900.0,,CHEMBL5739045,CHEMBL5729591
CHEMBL6034277,1500.0,5.82,CHEMBL5739045,CHEMBL5729591
CHEMBL5985133,1900.0,,CHEMBL5739045,CHEMBL5729591
CHEMBL5870651,690.0,6.16,CHEMBL5739045,CHEMBL5729591
CHEMBL6053782,930.0,6.03,CHEMBL5739045,CHEMBL5729591
CHEMBL5838692,950.0,6.02,CHEMBL5739045,CHEMBL5729591
CHEMBL5896782,260.0,6.58,CHEMBL5739045,CHEMBL5729591
CHEMBL5894035,920.0,6.04,CHEMBL5739045,CHEMBL5729591
CHEMBL6062831,980.0,6.01,CHEMBL5739045,CHEMBL5729591
CHEMBL5873012,1000.0,6.00,CHEMBL5739045,CHEMBL5729591
CHEMBL6060696,850.0,6.07,CHEMBL5739045,CHEMBL5729591
CHEMBL6006998,240.0,6.62,CHEMBL5739045,CHEMBL5729591
CHEMBL5964833,190.0,6.72,CHEMBL5739045,CHEMBL5729591
CHEMBL6026396,1800.0,,CHEMBL5739045,CHEMBL5729591
CHEMBL5993265,1800.0,,CHEMBL5739045,CHEMBL5729591
CHEMBL5912861,1900.0,5.72,CHEMBL5739045,CHEMBL5729591
CHEMBL6040249,2300.0,,CHEMBL5739045,CHEMBL5729591
CHEMBL5776224,2200.0,,CHEMBL5739045,CHEMBL5729591
CHEMBL6007515,2200.0,,CHEMBL5739045,CHEMBL5729591
CHEMBL5788692,820.0,6.09,CHEMBL5739045,CHEMBL5729591
CHEMBL5843758,1100.0,5.96,CHEMBL5739045,CHEMBL5729591
CHEMBL6057434,1000.0,6.00,CHEMBL5739045,CHEMBL5729591
CHEMBL6016582,640.0,6.19,CHEMBL5739045,CHEMBL5729591
CHEMBL6062502,610.0,6.21,CHEMBL5739045,CHEMBL5729591
CHEMBL5916284,610.0,6.21,CHEMBL5739045,CHEMBL5729591
CHEMBL6046601,800.0,6.10,CHEMBL5739045,CHEMBL5729591
CHEMBL5935197,2200.0,,CHEMBL5739045,CHEMBL5729591
CHEMBL6041109,2200.0,,CHEMBL5739045,CHEMBL5729591
CHEMBL5768271,560.0,6.25,CHEMBL5739045,CHEMBL5729591
CHEMBL5936034,210.0,6.68,CHEMBL5739045,CHEMBL5729591
CHEMBL5943769,910.0,6.04,CHEMBL5739045,CHEMBL5729591
CHEMBL6012333,240.0,6.62,CHEMBL5739045,CHEMBL5729591
CHEMBL6013123,1700.0,,CHEMBL5739045,CHEMBL5729591
CHEMBL5849814,1200.0,5.92,CHEMBL5739045,CHEMBL5729591
CHEMBL5882367,890.0,6.05,CHEMBL5739045,CHEMBL5729591
CHEMBL5954589,620.0,6.21,CHEMBL5739045,CHEMBL5729591
CHEMBL5894636,1000.0,6.00,CHEMBL5739045,CHEMBL5729591
CHEMBL5823979,970.0,6.01,CHEMBL5739045,CHEMBL5729591
CHEMBL5977355,610.0,6.21,CHEMBL5739045,CHEMBL5729591
CHEMBL5768282,1700.0,5.77,CHEMBL5739045,CHEMBL5729591
CHEMBL6051724,500.0,6.30,CHEMBL5739045,CHEMBL5729591
CHEMBL6047349,110.0,6.96,CHEMBL5739045,CHEMBL5729591
CHEMBL5951227,390.0,6.41,CHEMBL5739045,CHEMBL5729591
CHEMBL5903653,310.0,6.51,CHEMBL5739045,CHEMBL5729591
CHEMBL6016489,1800.0,,CHEMBL5739045,CHEMBL5729591
CHEMBL5790345,1100.0,5.96,CHEMBL5739045,CHEMBL5729591
CHEMBL5755159,1700.0,5.77,CHEMBL5739045,CHEMBL5729591
CHEMBL5906276,630.0,6.20,CHEMBL5739045,CHEMBL5729591
CHEMBL5861015,270.0,6.57,CHEMBL5739045,CHEMBL5729591
CHEMBL6035987,1800.0,,CHEMBL5739045,CHEMBL5729591
CHEMBL5993109,490.0,6.31,CHEMBL5739045,CHEMBL5729591
CHEMBL5948707,770.0,6.11,CHEMBL5739045,CHEMBL5729591
CHEMBL6034991,1700.0,,CHEMBL5739045,CHEMBL5729591
CHEMBL5954495,1700.0,,CHEMBL5739045,CHEMBL5729591
CHEMBL5905127,1400.0,5.85,CHEMBL5739045,CHEMBL5729591
CHEMBL5985213,1800.0,,CHEMBL5739045,CHEMBL5729591
CHEMBL5936745,1100.0,5.96,CHEMBL5739045,CHEMBL5729591
CHEMBL5975641,1700.0,5.77,CHEMBL5739045,CHEMBL5729591
CHEMBL5832778,950.0,6.02,CHEMBL5739045,CHEMBL5729591
CHEMBL5927126,340.0,6.47,CHEMBL5739045,CHEMBL5729591
CHEMBL5922662,770.0,6.11,CHEMBL5739045,CHEMBL5729591
CHEMBL5950414,370.0,6.43,CHEMBL5739045,CHEMBL5729591
CHEMBL5866375,870.0,6.06,CHEMBL5739045,CHEMBL5729591
CHEMBL5831775,670.0,6.17,CHEMBL5739045,CHEMBL5729591
CHEMBL5989101,780.0,6.11,CHEMBL5739045,CHEMBL5729591
CHEMBL5843261,450.0,6.35,CHEMBL5739045,CHEMBL5729591
CHEMBL5750695,1700.0,,CHEMBL5739045,CHEMBL5729591
CHEMBL5754216,450.0,6.35,CHEMBL5739045,CHEMBL5729591
CHEMBL5870203,63.0,7.20,CHEMBL5739045,CHEMBL5729591
CHEMBL5978733,240.0,6.62,CHEMBL5739045,CHEMBL5729591
CHEMBL5898048,1900.0,,CHEMBL5739045,CHEMBL5729591
CHEMBL6027584,1800.0,,CHEMBL5739045,CHEMBL5729591
CHEMBL5754091,1800.0,,CHEMBL5739045,CHEMBL5729591
CHEMBL5849356,1800.0,,CHEMBL5739045,CHEMBL5729591
CHEMBL5743097,2100.0,5.68,CHEMBL5739045,CHEMBL5729591
CHEMBL5839464,640.0,6.19,CHEMBL5739045,CHEMBL5729591
CHEMBL5766722,670.0,6.17,CHEMBL5739045,CHEMBL5729591
CHEMBL5833755,2200.0,,CHEMBL5739045,CHEMBL5729591
CHEMBL5938589,2200.0,,CHEMBL5739045,CHEMBL5729591
CHEMBL5875273,2200.0,,CHEMBL5739045,CHEMBL5729591
CHEMBL5794309,2200.0,,CHEMBL5739045,CHEMBL5729591
CHEMBL5844335,2200.0,,CHEMBL5739045,CHEMBL5729591
CHEMBL5756683,1300.0,5.89,CHEMBL5739045,CHEMBL5729591
CHEMBL5851268,2200.0,,CHEMBL5739045,CHEMBL5729591
CHEMBL6020343,2400.0,,CHEMBL5739045,CHEMBL5729591
CHEMBL6031878,940.0,6.03,CHEMBL5739045,CHEMBL5729591
CHEMBL5795868,310.0,6.51,CHEMBL5739045,CHEMBL5729591
CHEMBL6036731,1200.0,5.92,CHEMBL5739045,CHEMBL5729591
CHEMBL6026088,910.0,6.04,CHEMBL5739045,CHEMBL5729591
CHEMBL5843878,1400.0,5.85,CHEMBL5739045,CHEMBL5729591
CHEMBL6035127,570.0,6.24,CHEMBL5739045,CHEMBL5729591
CHEMBL6036651,900.0,6.05,CHEMBL5739045,CHEMBL5729591
CHEMBL5739820,350.0,6.46,CHEMBL5739045,CHEMBL5729591
CHEMBL5748412,1600.0,5.80,CHEMBL5739045,CHEMBL5729591
CHEMBL5955681,1500.0,5.82,CHEMBL5739045,CHEMBL5729591
CHEMBL5862479,2200.0,5.66,CHEMBL5739045,CHEMBL5729591
CHEMBL5955136,670.0,6.17,CHEMBL5739045,CHEMBL5729591
CHEMBL6050432,340.0,6.47,CHEMBL5739045,CHEMBL5729591
CHEMBL5834577,2300.0,,CHEMBL5739045,CHEMBL5729591
CHEMBL5902415,2300.0,,CHEMBL5739045,CHEMBL5729591
CHEMBL6015373,2300.0,,CHEMBL5739045,CHEMBL5729591
CHEMBL6002261,1000.0,6.00,CHEMBL5739045,CHEMBL5729591
CHEMBL5769392,1200.0,5.92,CHEMBL5739045,CHEMBL5729591
CHEMBL5856123,610.0,6.21,CHEMBL5739045,CHEMBL5729591
CHEMBL5843538,460.0,6.34,CHEMBL5739045,CHEMBL5729591
CHEMBL6055626,1600.0,5.80,CHEMBL5739045,CHEMBL5729591
CHEMBL5886479,2200.0,,CHEMBL5739045,CHEMBL5729591
CHEMBL5820626,2200.0,,CHEMBL5739045,CHEMBL5729591
CHEMBL5996970,2200.0,,CHEMBL5739045,CHEMBL5729591
CHEMBL6026010,2200.0,,CHEMBL5739045,CHEMBL5729591
CHEMBL5820551,2200.0,,CHEMBL5739045,CHEMBL5729591
CHEMBL5780626,2200.0,,CHEMBL5739045,CHEMBL5729591
CHEMBL5997935,2200.0,,CHEMBL5739045,CHEMBL5729591
CHEMBL5886479,1200.0,5.92,CHEMBL5739045,CHEMBL5729591
CHEMBL6024171,840.0,6.08,CHEMBL5739045,CHEMBL5729591
CHEMBL5911170,650.0,6.19,CHEMBL5739045,CHEMBL5729591
CHEMBL5740003,360.0,6.44,CHEMBL5739045,CHEMBL5729591
CHEMBL5949574,200.0,6.70,CHEMBL5739045,CHEMBL5729591
CHEMBL5949574,180.0,6.75,CHEMBL5739045,CHEMBL5729591
CHEMBL5925129,1100.0,5.96,CHEMBL5739045,CHEMBL5729591
CHEMBL5838950,2300.0,,CHEMBL5739045,CHEMBL5729591
CHEMBL6010116,410.0,6.39,CHEMBL5739045,CHEMBL5729591
CHEMBL6025855,510.0,6.29,CHEMBL5739045,CHEMBL5729591
CHEMBL5787390,290.0,6.54,CHEMBL5739045,CHEMBL5729591
CHEMBL5868052,1200.0,5.92,CHEMBL5739045,CHEMBL5729591
CHEMBL5966143,410.0,6.39,CHEMBL5739045,CHEMBL5729591
CHEMBL5791870,300.0,6.52,CHEMBL5739045,CHEMBL5729591
CHEMBL5875702,190.0,6.72,CHEMBL5739045,CHEMBL5729591
CHEMBL5825727,300.0,6.52,CHEMBL5739045,CHEMBL5729591
CHEMBL5927481,270.0,6.57,CHEMBL5739045,CHEMBL5729591
CHEMBL5993200,920.0,6.04,CHEMBL5739045,CHEMBL5729591
CHEMBL5896571,2300.0,,CHEMBL5739045,CHEMBL5729591
CHEMBL5745610,1100.0,5.96,CHEMBL5739045,CHEMBL5729591
CHEMBL5948945,1200.0,5.92,CHEMBL5739045,CHEMBL5729591
CHEMBL5965553,610.0,6.21,CHEMBL5739045,CHEMBL5729591
CHEMBL5755574,540.0,6.27,CHEMBL5739045,CHEMBL5729591
CHEMBL5811527,1100.0,5.96,CHEMBL5739045,CHEMBL5729591
CHEMBL5833883,2300.0,,CHEMBL5739045,CHEMBL5729591
CHEMBL5970185,530.0,6.28,CHEMBL5739045,CHEMBL5729591
CHEMBL6017904,1100.0,5.96,CHEMBL5739045,CHEMBL5729591
CHEMBL5881332,1200.0,5.92,CHEMBL5739045,CHEMBL5729591
CHEMBL5973867,820.0,6.09,CHEMBL5739045,CHEMBL5729591
CHEMBL6023930,910.0,6.04,CHEMBL5739045,CHEMBL5729591
CHEMBL5948489,2300.0,,CHEMBL5739045,CHEMBL5729591
CHEMBL5813200,1700.0,5.77,CHEMBL5739045,CHEMBL5729591
CHEMBL6055069,1800.0,5.75,CHEMBL5739045,CHEMBL5729591
CHEMBL6038690,2300.0,,CHEMBL5739045,CHEMBL5729591
CHEMBL6012257,1000.0,6.00,CHEMBL5739045,CHEMBL5729591
CHEMBL5934939,1100.0,5.96,CHEMBL5739045,CHEMBL5729591
CHEMBL5946198,260.0,6.58,CHEMBL5739045,CHEMBL5729591
CHEMBL5840923,2300.0,,CHEMBL5739045,CHEMBL5729591
CHEMBL5987260,2000.0,5.70,CHEMBL5739045,CHEMBL5729591
CHEMBL5822480,2200.0,,CHEMBL5739045,CHEMBL5729591
CHEMBL5881419,630.0,6.20,CHEMBL5739045,CHEMBL5729591
CHEMBL5806809,730.0,6.14,CHEMBL5739045,CHEMBL5729591
CHEMBL5882744,870.0,6.06,CHEMBL5739045,CHEMBL5729591
CHEMBL6021169,2200.0,,CHEMBL5739045,CHEMBL5729591
CHEMBL5849237,1500.0,5.82,CHEMBL5739045,CHEMBL5729591
CHEMBL6017747,2200.0,,CHEMBL5739045,CHEMBL5729591
CHEMBL6005077,1600.0,5.80,CHEMBL5739045,CHEMBL5729591
CHEMBL5778251,1300.0,5.89,CHEMBL5739045,CHEMBL5729591
CHEMBL5832379,1200.0,5.92,CHEMBL5739045,CHEMBL5729591
CHEMBL5898295,1600.0,5.80,CHEMBL5739045,CHEMBL5729591
CHEMBL5770250,1600.0,5.80,CHEMBL5739045,CHEMBL5729591
CHEMBL6018527,1800.0,5.75,CHEMBL5739045,CHEMBL5729591
CHEMBL5957439,740.0,6.13,CHEMBL5739045,CHEMBL5729591
CHEMBL5839093,1600.0,5.80,CHEMBL5739045,CHEMBL5729591
CHEMBL5841988,1000.0,6.00,CHEMBL5739045,CHEMBL5729591
CHEMBL5945115,960.0,6.02,CHEMBL5739045,CHEMBL5729591
CHEMBL5943960,1900.0,5.72,CHEMBL5739045,CHEMBL5729591
CHEMBL5923691,1900.0,5.72,CHEMBL5739045,CHEMBL5729591
CHEMBL5924177,500.0,6.30,CHEMBL5739045,CHEMBL5729591
CHEMBL6049838,350.0,6.46,CHEMBL5739045,CHEMBL5729591
CHEMBL6058309,2000.0,5.70,CHEMBL5739045,CHEMBL5729591
CHEMBL5972904,210.0,6.68,CHEMBL5739045,CHEMBL5729591
CHEMBL6062017,260.0,6.58,CHEMBL5739045,CHEMBL5729591
CHEMBL5968576,41.0,7.39,CHEMBL5739045,CHEMBL5729591
CHEMBL5982122,2200.0,,CHEMBL5739045,CHEMBL5729591
CHEMBL5860548,290.0,6.54,CHEMBL5739045,CHEMBL5729591
CHEMBL5865544,1600.0,5.80,CHEMBL5739045,CHEMBL5729591
CHEMBL6011102,890.0,6.05,CHEMBL5739045,CHEMBL5729591
CHEMBL5784850,2200.0,,CHEMBL5739045,CHEMBL5729591
CHEMBL5833227,2200.0,,CHEMBL5739045,CHEMBL5729591
CHEMBL5917993,1600.0,5.80,CHEMBL5739045,CHEMBL5729591
CHEMBL5956284,950.0,6.02,CHEMBL5739045,CHEMBL5729591
CHEMBL5881552,1400.0,5.85,CHEMBL5739045,CHEMBL5729591
CHEMBL5986925,2200.0,,CHEMBL5739045,CHEMBL5729591
CHEMBL5941641,830.0,6.08,CHEMBL5739045,CHEMBL5729591
CHEMBL6045711,2200.0,,CHEMBL5739045,CHEMBL5729591
CHEMBL5740464,1400.0,5.85,CHEMBL5739045,CHEMBL5729591
CHEMBL5822791,1400.0,5.85,CHEMBL5739045,CHEMBL5729591
CHEMBL5878716,1300.0,5.89,CHEMBL5739045,CHEMBL5729591
CHEMBL5835478,1200.0,5.92,CHEMBL5739045,CHEMBL5729591
CHEMBL5989971,1700.0,5.77,CHEMBL5739045,CHEMBL5729591
CHEMBL5837758,1600.0,5.80,CHEMBL5739045,CHEMBL5729591
CHEMBL5750440,960.0,6.02,CHEMBL5739045,CHEMBL5729591
CHEMBL6027503,2300.0,,CHEMBL5739045,CHEMBL5729591
CHEMBL6037816,2300.0,,CHEMBL5739045,CHEMBL5729591
CHEMBL5931698,1500.0,5.82,CHEMBL5739045,CHEMBL5729591
CHEMBL5937693,2100.0,5.68,CHEMBL5739045,CHEMBL5729591
CHEMBL5796343,760.0,6.12,CHEMBL5739045,CHEMBL5729591
CHEMBL5749531,240.0,6.62,CHEMBL5739045,CHEMBL5729591
CHEMBL5983413,2300.0,,CHEMBL5739045,CHEMBL5729591
CHEMBL5760835,1500.0,5.82,CHEMBL5739045,CHEMBL5729591
CHEMBL5769957,2300.0,,CHEMBL5739045,CHEMBL5729591
CHEMBL5927410,1200.0,5.92,CHEMBL5739045,CHEMBL5729591
CHEMBL5975724,2300.0,,CHEMBL5739045,CHEMBL5729591
CHEMBL6005669,580.0,6.24,CHEMBL5739045,CHEMBL5729591
CHEMBL6037406,1100.0,5.96,CHEMBL5739045,CHEMBL5729591
CHEMBL5874683,940.0,6.03,CHEMBL5739045,CHEMBL5729591
CHEMBL6045402,740.0,6.13,CHEMBL5739045,CHEMBL5729591
CHEMBL5881455,430.0,6.37,CHEMBL5739045,CHEMBL5729591
CHEMBL5947081,1000.0,6.00,CHEMBL5739045,CHEMBL5729591
CHEMBL6050804,370.0,6.43,CHEMBL5739045,CHEMBL5729591
CHEMBL6051573,850.0,6.07,CHEMBL5739045,CHEMBL5729591
CHEMBL5769957,2300.0,,CHEMBL5739045,CHEMBL5729591
CHEMBL5927410,1200.0,5.92,CHEMBL5739045,CHEMBL5729591
CHEMBL5975724,2300.0,,CHEMBL5739045,CHEMBL5729591
CHEMBL6037525,780.0,6.11,CHEMBL5739045,CHEMBL5729591
CHEMBL5904843,1000.0,6.00,CHEMBL5739045,CHEMBL5729591
CHEMBL5962220,1600.0,5.80,CHEMBL5739045,CHEMBL5729591
CHEMBL6013919,290.0,6.54,CHEMBL5739045,CHEMBL5729591
CHEMBL6017765,480.0,6.32,CHEMBL5739045,CHEMBL5729591
CHEMBL5928686,770.0,6.11,CHEMBL5739045,CHEMBL5729591
CHEMBL65547,10000.0,,CHEMBL5739256,CHEMBL5729690
CHEMBL5934096,10000.0,,CHEMBL5739256,CHEMBL5729690
CHEMBL190461,0.066,10.18,CHEMBL6080643,CHEMBL6078669
CHEMBL190461,2800.0,5.55,CHEMBL6080644,CHEMBL6078669
CHEMBL6167995,1000.0,,CHEMBL6085078,CHEMBL6083240
CHEMBL441618,44.7,7.35,CHEMBL6085700,CHEMBL6083258
CHEMBL201170,17.5,7.76,CHEMBL6085700,CHEMBL6083258
CHEMBL3752512,45.0,7.35,CHEMBL6085704,CHEMBL6083258
CHEMBL201093,190.0,6.72,CHEMBL6085704,CHEMBL6083258
CHEMBL3753266,1.5,8.82,CHEMBL6085704,CHEMBL6083258
CHEMBL4297310,14800.0,4.83,CHEMBL6106282,CHEMBL6103610
CHEMBL6161894,100000.0,,CHEMBL6106282,CHEMBL6103610
CHEMBL6133978,100000.0,,CHEMBL6106282,CHEMBL6103610
CHEMBL6163737,100000.0,,CHEMBL6106282,CHEMBL6103610
CHEMBL6142486,100000.0,,CHEMBL6106282,CHEMBL6103610
CHEMBL267014,1621.81,5.79,CHEMBL6112998,CHEMBL6109138
CHEMBL4085780,1096.48,5.96,CHEMBL6112998,CHEMBL6109138
CHEMBL5222200,5495.41,5.26,CHEMBL6112998,CHEMBL6109138
CHEMBL6169814,25118.86,4.60,CHEMBL6112998,CHEMBL6109138
CHEMBL6162815,75.86,7.12,CHEMBL6112998,CHEMBL6109138
CHEMBL6163844,114.82,6.94,CHEMBL6112998,CHEMBL6109138
CHEMBL6164304,100000.0,,CHEMBL6112998,CHEMBL6109138
CHEMBL6167299,28.84,7.54,CHEMBL6112998,CHEMBL6109138
CHEMBL6150093,6165.95,5.21,CHEMBL6112998,CHEMBL6109138
CHEMBL6165568,4073.8,5.39,CHEMBL6112998,CHEMBL6109138
CHEMBL6174595,3162.28,5.50,CHEMBL6112998,CHEMBL6109138
CHEMBL6175988,3235.94,5.49,CHEMBL6112998,CHEMBL6109138
CHEMBL6166355,29512.09,4.53,CHEMBL6112998,CHEMBL6109138
CHEMBL6144966,46773.51,4.33,CHEMBL6112998,CHEMBL6109138
CHEMBL6163657,100000.0,,CHEMBL6112998,CHEMBL6109138
CHEMBL5754294,1000.0,,CHEMBL6120021,CHEMBL6115056
CHEMBL5771788,676.08,6.17,CHEMBL6120021,CHEMBL6115056
CHEMBL5832273,1000.0,,CHEMBL6120021,CHEMBL6115056
CHEMBL5922226,1000.0,,CHEMBL6120021,CHEMBL6115056
CHEMBL5765085,1000.0,,CHEMBL6120021,CHEMBL6115056
CHEMBL5872408,1000.0,,CHEMBL6120021,CHEMBL6115056
CHEMBL5868777,1000.0,,CHEMBL6120021,CHEMBL6115056
CHEMBL5742721,1000.0,,CHEMBL6120021,CHEMBL6115056
CHEMBL5977589,1000.0,,CHEMBL6120021,CHEMBL6115056
CHEMBL5792884,1000.0,,CHEMBL6120021,CHEMBL6115056
CHEMBL5890045,1000.0,,CHEMBL6120021,CHEMBL6115056
CHEMBL5886130,851.14,6.07,CHEMBL6120021,CHEMBL6115056
CHEMBL5797662,1000.0,,CHEMBL6120021,CHEMBL6115056
CHEMBL5856130,1000.0,,CHEMBL6120021,CHEMBL6115056
CHEMBL5870378,1000.0,,CHEMBL6120021,CHEMBL6115056
CHEMBL4748858,1000.0,,CHEMBL6120021,CHEMBL6115056
CHEMBL5951761,1000.0,,CHEMBL6120021,CHEMBL6115056
CHEMBL5905825,1000.0,,CHEMBL6120021,CHEMBL6115056
CHEMBL45305,1000.0,,CHEMBL6120021,CHEMBL6115056
CHEMBL6177169,400.0,6.40,CHEMBL6156292,CHEMBL6153090
CHEMBL6169741,600.0,6.22,CHEMBL6156292,CHEMBL6153090
CHEMBL54,17.0,7.77,CHEMBL6156292,CHEMBL6153090
CHEMBL6170631,10000.0,,CHEMBL6156292,CHEMBL6153090
