molecule_chembl_id,median_ki_nm,mean_ki_nm,min_ki_nm,max_ki_nm,n_measurements,original_smiles,canonical_smiles,molecular_weight,logp,tpsa,hbd,hba,rotatable_bonds,ring_count,fraction_csp3,max_active_tanimoto,benchmark_label,benchmark_class
CHEMBL4159188,10000.0,10000.0,10000.0,10000.0,1,Cc1ccc(-c2cc(C(=O)NCCCCN3CCOCC3)n[nH]2)s1,Cc1ccc(-c2cc(C(=O)NCCCCN3CCOCC3)n[nH]2)s1,348.47200000000004,2.28882,70.25,2,5,7,3,0.5294117647058824,0.39473684210526316,0,weak_binder
CHEMBL6058779,1700.0,1700.0,1700.0,1700.0,2,O=C(N[C@H]1CC[C@H](CCN2CCc3sc(N4CC5CC5C4)nc3C2)CC1)c1cccc2ncccc12,O=C(N[C@H]1CC[C@H](CCN2CCc3sc(N4CC5CC5C4)nc3C2)CC1)c1cccc2ncccc12,501.70000000000033,4.884400000000005,61.36000000000001,1,6,6,7,0.5517241379310345,0.3838383838383838,0,weak_binder
CHEMBL2368748,1600.0,1600.0,1600.0,1600.0,1,O[C@@H]1CCNC[C@H]1c1c(-c2ccccc2)[nH]c2ccccc12,O[C@@H]1CCNC[C@H]1c1c(-c2ccccc2)[nH]c2ccccc12,292.38200000000006,3.2727000000000013,48.05,3,2,2,4,0.2631578947368421,0.4423076923076923,0,weak_binder
CHEMBL2432058,5096.0,5096.0,5096.0,5096.0,1,CN(CCc1ccccc1)[C@H]1C2C3CC4C5C3CC2C5C41,CN(CCc1ccccc1)[C@H]1C2C3CC4C5C3CC2C5C41,279.42699999999996,3.3073000000000023,3.24,0,1,4,6,0.7,0.32142857142857145,0,weak_binder
CHEMBL397112,2000.0,2000.0,2000.0,2000.0,1,O=S(=O)(c1ccc(/C=C/c2ccc(F)cc2Cl)nc1)c1ccccc1F,O=S(=O)(c1ccc(/C=C/c2ccc(F)cc2Cl)nc1)c1ccccc1F,391.826,5.016400000000003,47.03,0,3,4,3,0.0,0.20930232558139536,0,weak_binder
CHEMBL4521199,10000.0,10000.0,10000.0,10000.0,1,COc1ccc2c(c1)c(-c1[nH]c(NC(C)=O)nc1C)cn2S(=O)(=O)c1cccc(F)c1,COc1ccc2c(c1)c(-c1[nH]c(NC(C)=O)nc1C)cn2S(=O)(=O)c1cccc(F)c1,442.4720000000001,3.682920000000002,106.07999999999998,2,5,5,4,0.1428571428571428,0.2911392405063291,0,weak_binder
CHEMBL395458,2000.0,2000.0,2000.0,2000.0,1,N#Cc1cc(F)ccc1/C=C/c1ccc(S(=O)(=O)c2ccccc2F)cn1,N#Cc1cc(F)ccc1/C=C/c1ccc(S(=O)(=O)c2ccccc2F)cn1,382.3910000000001,4.234680000000003,70.82,0,4,4,3,0.0,0.19230769230769232,0,weak_binder
CHEMBL4071189,37579.0,37579.0,37579.0,37579.0,1,COc1ccccc1N1CC2(CCN(CCCSc3nnc(-c4ccccc4)n3C)CC2)C1,COc1ccccc1N1CC2(CCN(CCCSc3nnc(-c4ccccc4)n3C)CC2)C1,463.6510000000002,4.575300000000004,46.42,0,6,8,5,0.4615384615384615,0.39473684210526316,0,weak_binder
CHEMBL25856,1520.0,1274.1666666666667,58.0,2607.0,6,Oc1cc2c(cc1O)[C@H]1c3ccccc3CN[C@@H]1CC2,Oc1cc2c(cc1O)[C@H]1c3ccccc3CN[C@@H]1CC2,267.32800000000003,2.6477000000000004,52.49,3,3,0,4,0.2941176470588235,0.27586206896551724,0,weak_binder
CHEMBL456673,1324000.0,1324000.0,1324000.0,1324000.0,1,COc1cccc(CCc2ccccc2OCCCCN2CCN(c3ccc(F)cc3)CC2)c1,COc1cccc(CCc2ccccc2OCCCCN2CCN(c3ccc(F)cc3)CC2)c1,462.60900000000026,5.600700000000006,24.940000000000005,0,4,11,4,0.3793103448275862,0.4142857142857143,0,weak_binder
CHEMBL5937360,1704.0,1270.0,402.0,1704.0,3,O=C1c2ncccc2CCN1CCN1CCN(c2noc3cc(F)ccc23)CC1,O=C1c2ncccc2CCN1CCN1CCN(c2noc3cc(F)ccc23)CC1,395.4380000000001,2.1824000000000003,65.71000000000001,0,6,4,5,0.3809523809523809,0.4430379746835443,0,weak_binder
CHEMBL104800,10000.0,10000.0,10000.0,10000.0,1,O=S1(=O)Cc2ccccc2N1CCN1CCN(Cc2ccc(Cl)cc2)CC1,O=S1(=O)Cc2ccccc2N1CCN1CCN(Cc2ccc(Cl)cc2)CC1,405.95100000000014,2.8076000000000008,43.86000000000001,0,4,5,4,0.4,0.4406779661016949,0,weak_binder
CHEMBL4205526,4963.0,4963.0,4963.0,4963.0,1,COc1ccc(N2CCN(CCCOc3c(C)cc(C)cc3C)CC2)cc1.Cl.Cl,COc1ccc(N2CCN(CCCOc3c(C)cc(C)cc3C)CC2)cc1,368.5210000000002,4.211560000000004,24.94,0,4,7,3,0.4782608695652174,0.4827586206896552,0,weak_binder
CHEMBL2031877,10000.0,10000.0,10000.0,10000.0,1,C[C@H]1CCCN1C(=O)c1ccc(-c2ccc3c(c2)CCN(CCN2CCCC2)C3=O)cc1,C[C@H]1CCCN1C(=O)c1ccc(-c2ccc3c(c2)CCN(CCN2CCCC2)C3=O)cc1,431.5800000000004,4.072200000000003,43.86000000000001,0,3,5,5,0.4814814814814814,0.32558139534883723,0,weak_binder
CHEMBL486534,1000000.0,1000000.0,1000000.0,1000000.0,1,COc1cccc(CCc2ccccc2OCCCCN2CCN(C)CC2)c1,COc1cccc(CCc2ccccc2OCCCCN2CCN(C)CC2)c1,382.54800000000023,3.886800000000003,24.940000000000005,0,4,10,3,0.5,0.37142857142857144,0,weak_binder
CHEMBL2115519,10000.0,10000.0,10000.0,10000.0,1,O=C1C[C@]2(CC[C@@H](OCc3ccccc3)CC2)OC=C1c1ccccc1,O=C1C[C@]2(CC[C@@H](OCc3ccccc3)CC2)OC=C1c1ccccc1,348.44200000000006,4.915100000000004,35.53,0,3,4,4,0.3478260869565217,0.2857142857142857,0,weak_binder
CHEMBL458992,1000000.0,1000000.0,1000000.0,1000000.0,1,COc1cccc(CCc2ccccc2OCCN2CCN(c3ccc(F)cc3)CC2)c1,COc1cccc(CCc2ccccc2OCCN2CCN(c3ccc(F)cc3)CC2)c1,434.55500000000023,4.8205000000000044,24.940000000000005,0,4,9,4,0.3333333333333333,0.38571428571428573,0,weak_binder
CHEMBL27995,3000.0,3000.0,3000.0,3000.0,1,CCCN(CCC)C1COc2cccc(O)c2C1,CCCN(CCC)C1COc2cccc(O)c2C1,249.354,2.817700000000001,32.7,1,3,5,2,0.6,0.4791666666666667,0,weak_binder
CHEMBL4476372,9333.0,9333.0,9333.0,9333.0,1,CCn1cncc1-c1c[nH]c2ccc(Cl)c(F)c12,CCn1cncc1-c1c[nH]c2ccc(Cl)c(F)c12,263.703,3.8438000000000017,33.61,1,1,2,3,0.1538461538461538,0.21621621621621623,0,weak_binder
CHEMBL5796612,10000.0,10000.0,10000.0,10000.0,2,O=C1c2ncccc2CCN1CCN1CCC(c2noc3cc(F)c(F)cc23)CC1,O=C1c2ncccc2CCN1CCN1CCC(c2noc3cc(F)c(F)cc23)CC1,412.4400000000001,3.3789000000000025,62.470000000000006,0,5,4,5,0.4090909090909091,0.4675324675324675,0,weak_binder
CHEMBL71208,1700.0,1700.0,1700.0,1700.0,1,Clc1ccc(CN2CC=C(c3nc4cc(Cl)ccc4o3)CC2)cc1,Clc1ccc(CN2CC=C(c3nc4cc(Cl)ccc4o3)CC2)cc1,359.25600000000014,5.423900000000004,29.270000000000003,0,3,3,4,0.2105263157894736,0.3442622950819672,0,weak_binder
CHEMBL5997830,1800.0,1800.0,1800.0,1800.0,1,Cc1cc(C23CC2CN(CC[C@H]2CC[C@H](NC(=O)Cc4cnc(C)s4)CC2)C3)no1,Cc1cc(C23CC2CN(CC[C@H]2CC[C@H](NC(=O)Cc4cnc(C)s4)CC2)C3)no1,428.60200000000026,3.6290400000000025,71.26,1,6,7,5,0.6956521739130435,0.4942528735632184,0,weak_binder
CHEMBL5722962,10000.0,10000.0,10000.0,10000.0,1,CCCn1cc(CNCc2cc(=O)c3cc(F)ccc3[nH]2)cn1,CCCn1cc(CNCc2cc(=O)c3cc(F)ccc3[nH]2)cn1,314.364,2.5635000000000003,62.71,2,3,6,3,0.2941176470588235,0.2753623188405797,0,weak_binder
CHEMBL64752,2225.0,2225.0,2000.0,2450.0,2,COc1ccc(Br)cc1-c1nc(CN[C@@H]2CCN(Cc3ccccc3)C2)co1,COc1ccc(Br)cc1-c1nc(CN[C@@H]2CCN(Cc3ccccc3)C2)co1,442.35700000000026,4.476800000000003,50.53,1,5,7,4,0.3181818181818182,0.37037037037037035,0,weak_binder
CHEMBL241282,100000.0,100000.0,100000.0,100000.0,1,COc1cc2c(cc1OC)CN(/C=N/c1ccc3c(c1)C1SCCSC1CC3)CC2,COc1cc2c(cc1OC)CN(/C=N/c1ccc3c(c1)C1SCCSC1CC3)CC2,440.63400000000024,5.257800000000005,34.06,0,5,4,5,0.4583333333333333,0.2692307692307692,0,weak_binder
CHEMBL476642,100000.0,100000.0,100000.0,100000.0,1,COc1ccc(N2CCN(CCCN3CCCc4ccccc4C3=O)CC2)cc1,COc1ccc(N2CCN(CCCN3CCCc4ccccc4C3=O)CC2)cc1,393.5310000000001,3.2959000000000023,36.02,0,4,6,4,0.4583333333333333,0.4931506849315068,0,weak_binder
CHEMBL485325,1479.11,1479.11,1479.11,1479.11,1,CCCN1CCO[C@@H]2c3cc4c(cc3CC[C@H]21)CCOC4=O,CCCN1CCO[C@@H]2c3cc4c(cc3CC[C@H]21)CCOC4=O,301.386,2.497600000000001,38.77,0,4,2,4,0.6111111111111112,0.4126984126984127,0,weak_binder
CHEMBL484203,3100.0,3100.0,2100.0,4100.0,2,CC#CC1=CCC(N(CCC)CCCCn2cc(C)nn2)CC1,CC#CC1=CCC(N(CCC)CCCCn2cc(C)nn2)CC1,314.47700000000003,3.5809200000000025,33.95,0,3,8,2,0.6842105263157895,0.3717948717948718,0,weak_binder
CHEMBL240878,2000.0,2000.0,2000.0,2000.0,1,COc1cc(F)ccc1/C=C/c1ccc(S(=O)(=O)c2ccccc2F)cn1,COc1cc(F)ccc1/C=C/c1ccc(S(=O)(=O)c2ccccc2F)cn1,387.4070000000001,4.371600000000003,56.260000000000005,0,4,5,3,0.05,0.26666666666666666,0,weak_binder
CHEMBL519688,4570.88,4570.88,4570.88,4570.88,1,CCCCNC(=O)c1ccc2c(c1)[C@H]1OCCN(CCC)[C@@H]1CC2,CCCCNC(=O)c1ccc2c(c1)[C@H]1OCCN(CCC)[C@@H]1CC2,330.47200000000015,3.314600000000002,41.57,1,3,6,3,0.65,0.4117647058823529,0,weak_binder
CHEMBL3642781,1126.0,1126.0,1126.0,1126.0,1,Cc1cnc(N2CCN(CC[C@H]3CC[C@H](NC(=O)C4CCOCC4)CC3)CC2)c2ccoc12,Cc1cnc(N2CCN(CC[C@H]3CC[C@H](NC(=O)C4CCOCC4)CC3)CC2)c2ccoc12,454.6150000000004,3.749920000000002,70.84,1,6,6,5,0.6923076923076923,0.4473684210526316,0,weak_binder
CHEMBL3605327,5586.0,5586.0,5586.0,5586.0,2,Cl.O=C(CCCCN1CCN(c2ccc(Cl)cc2Cl)CC1)Nc1nc2ccccc2s1,O=C(CCCCN1CCN(c2ccc(Cl)cc2Cl)CC1)Nc1nc2ccccc2s1,463.4340000000002,5.534100000000004,48.470000000000006,1,5,7,4,0.3636363636363636,0.39759036144578314,0,weak_binder
CHEMBL6007994,10000.0,10000.0,10000.0,10000.0,1,Cn1c(OCCCN2CC[C@@]3(C[C@@H]3c3ccc(C(F)(F)F)cc3)C2)nnc1C1CCOCC1,Cn1c(OCCCN2CC[C@@]3(C[C@@H]3c3ccc(C(F)(F)F)cc3)C2)nnc1C1CCOCC1,464.53200000000027,4.376400000000004,52.41,0,5,7,5,0.6666666666666666,0.47058823529411764,0,weak_binder
CHEMBL3289655,2507.0,2507.0,2507.0,2507.0,1,Clc1ccc(N2CCCN(CCCc3cc4ccccc4o3)CC2)cc1,Clc1ccc(N2CCCN(CCCc3cc4ccccc4o3)CC2)cc1,368.9080000000002,5.231100000000004,19.62,0,3,5,4,0.3636363636363636,0.49122807017543857,0,weak_binder
CHEMBL4452569,7080.0,7080.0,7080.0,7080.0,1,CCn1cncc1-c1c[nH]c2ccc(I)c(F)c12,CCn1cncc1-c1c[nH]c2ccc(I)c(F)c12,355.15400000000005,3.7950000000000017,33.61,1,1,2,3,0.1538461538461538,0.21311475409836064,0,weak_binder
CHEMBL2112375,3180.0,3180.0,3180.0,3180.0,1,COc1cccc2c1CCCC2NCCN1CCN(c2ccc(Cl)cc2)CC1.Cl.Cl,COc1cccc2c1CCCC2NCCN1CCN(c2ccc(Cl)cc2)CC1,399.9660000000001,4.137800000000003,27.74,1,4,6,4,0.4782608695652174,0.36231884057971014,0,weak_binder
CHEMBL542399,10000.0,10000.0,10000.0,10000.0,1,CCN(CC)CCCC1(C)CC(=O)C(c2ccccc2)=CO1.Cl,CCN(CC)CCCC1(C)CC(=O)C(c2ccccc2)=CO1,301.43,3.8976000000000033,29.540000000000003,0,3,7,2,0.5263157894736842,0.2898550724637681,0,weak_binder
CHEMBL5090346,17600.0,17600.0,17600.0,17600.0,1,N#CC(CCNCCc1ccccc1)(c1ccccc1)c1ccccc1,N#CC(CCNCCc1ccccc1)(c1ccccc1)c1ccccc1,340.4700000000001,4.7186800000000035,35.82,1,2,8,3,0.2083333333333333,0.2545454545454545,0,weak_binder
CHEMBL294649,100000.0,100000.0,100000.0,100000.0,1,Cn1cc(C(=O)C(=O)N[C@H]2CN3CCC2CC3)c2ccccc21,Cn1cc(C(=O)C(=O)N[C@H]2CN3CCC2CC3)c2ccccc21,311.385,1.5713999999999997,54.34,1,3,3,5,0.4444444444444444,0.26666666666666666,0,weak_binder
CHEMBL240888,31000.0,31000.0,31000.0,31000.0,1,COc1cccc(C2=NCCc3c2[nH]c2ccccc32)c1,COc1cccc(C2=NCCc3c2[nH]c2ccccc32)c1,276.339,3.570000000000002,37.379999999999995,1,2,2,4,0.1666666666666666,0.29850746268656714,0,weak_binder
CHEMBL5811527,1100.0,1100.0,1100.0,1100.0,1,Cc1ncc(OCC(=O)N[C@H]2CC[C@H](CCN3CCc4ccc(CCC(F)(F)F)nc4CC3)CC2)cn1,Cc1ncc(OCC(=O)N[C@H]2CC[C@H](CCN3CCc4ccc(CCC(F)(F)F)nc4CC3)CC2)cn1,519.6120000000003,4.2196200000000035,80.24,1,6,9,4,0.6296296296296297,0.44680851063829785,0,weak_binder
CHEMBL4442456,1410.0,1410.0,1410.0,1410.0,1,O=S(=O)(c1ccc2ncccc2c1)n1cc(C2=CCNCC2)c2ccccc21,O=S(=O)(c1ccc2ncccc2c1)n1cc(C2=CCNCC2)c2ccccc21,389.4800000000002,3.803200000000002,63.99,1,4,3,5,0.1363636363636363,0.37681159420289856,0,weak_binder
CHEMBL5745610,1100.0,1100.0,1100.0,1100.0,1,Cc1nnc(CC(=O)N[C@H]2CC[C@H](CCN3CCc4ccc(CCC(F)(F)F)nc4CC3)CC2)o1,Cc1nnc(CC(=O)N[C@H]2CC[C@H](CCN3CCc4ccc(CCC(F)(F)F)nc4CC3)CC2)o1,493.5740000000003,3.976320000000003,84.15,1,6,8,4,0.68,0.40425531914893614,0,weak_binder
CHEMBL174049,2000.0,2000.0,2000.0,2000.0,1,O=S(=O)(c1ccc(-n2ccnn2)cc1)C1(F)CCN(CCc2ccc(F)cc2F)CC1,O=S(=O)(c1ccc(-n2ccnn2)cc1)C1(F)CCN(CCc2ccc(F)cc2F)CC1,450.4860000000003,3.323500000000002,68.08999999999999,0,5,6,4,0.3333333333333333,0.25925925925925924,0,weak_binder
CHEMBL282008,2511.89,2511.89,2511.89,2511.89,1,CC(C)(C)C(=O)NCCN1CCN(c2ccc(Cl)cc2)CC1,CC(C)(C)C(=O)NCCN1CCN(c2ccc(Cl)cc2)CC1,323.86800000000005,2.6243000000000007,35.580000000000005,1,3,4,2,0.5882352941176471,0.390625,0,weak_binder
CHEMBL57019,10000.0,10000.0,10000.0,10000.0,1,COc1cc2ccccc2cc1C(=O)OCC1CCN(Cc2ccccc2)C1,COc1cc2ccccc2cc1C(=O)OCC1CCN(Cc2ccccc2)C1,375.4680000000001,4.527300000000004,38.77,0,4,6,4,0.2916666666666667,0.42857142857142855,0,weak_binder
CHEMBL5177716,1390.0,1390.0,1390.0,1390.0,1,O=c1n(Cc2ccc(CN3CCN(c4ccc(Cl)cc4)CC3)cc2)nc2ccccn12,O=c1n(Cc2ccc(CN3CCN(c4ccc(Cl)cc4)CC3)cc2)nc2ccccn12,433.94300000000015,3.5199000000000025,45.78,0,4,5,5,0.25,0.453125,0,weak_binder
CHEMBL5088622,1246.0,1246.0,1246.0,1246.0,1,Nc1nc(-c2ccccc2)c2c(n1)-c1cc(OCCCN3CCCC3)ccc1C2,Nc1nc(-c2ccccc2)c2c(n1)-c1cc(OCCCN3CCCC3)ccc1C2,386.4990000000002,4.161700000000003,64.27,1,5,6,5,0.3333333333333333,0.38028169014084506,0,weak_binder
CHEMBL5723020,10000.0,10000.0,10000.0,10000.0,1,Cc1n[nH]c(SCCNCc2cc(=O)c3cc(F)ccc3[nH]2)n1,Cc1n[nH]c(SCCNCc2cc(=O)c3cc(F)ccc3[nH]2)n1,333.392,1.97562,86.46,3,5,6,3,0.2666666666666666,0.23469387755102042,0,weak_binder
CHEMBL5722942,10000.0,10000.0,10000.0,10000.0,1,Cc1n[nH]c(C)c1CCCNCc1cc(=O)c2cc(F)ccc2[nH]1,Cc1n[nH]c(C)c1CCCNCc1cc(=O)c2cc(F)ccc2[nH]1,328.391,2.729540000000001,73.57,3,3,6,3,0.3333333333333333,0.26881720430107525,0,weak_binder
CHEMBL3642771,1143.6,1143.6,1143.6,1143.6,1,CCCCC(=O)N[C@H]1CC[C@H](CCN2CCN(c3nccc4c3CCO4)CC2)CC1,CCCCC(=O)N[C@H]1CC[C@H](CCN2CCN(c3nccc4c3CCO4)CC2)CC1,414.5940000000003,3.3938000000000015,57.7,1,5,8,4,0.75,0.46835443037974683,0,weak_binder
CHEMBL5989971,1700.0,1700.0,1700.0,1700.0,1,Cc1ncccc1C(=O)NC12CCC(CCN3CCc4nc(OCC(F)(F)F)sc4CC3)(CC1)CC2,Cc1ncccc1C(=O)NC12CCC(CCN3CCc4nc(OCC(F)(F)F)sc4CC3)(CC1)CC2,522.6370000000003,5.101320000000006,67.35000000000001,1,6,7,6,0.6538461538461539,0.425531914893617,0,weak_binder
CHEMBL5867579,1100.0,1100.0,1100.0,1100.0,2,Cc1nnc(CC(=O)N[C@H]2CC[C@H](CCN3CCc4sc(CCC(F)(F)F)nc4C3)CC2)o1,Cc1nnc(CC(=O)N[C@H]2CC[C@H](CCN3CCc4sc(CCC(F)(F)F)nc4C3)CC2)o1,485.57600000000025,3.995320000000003,84.15,1,7,8,4,0.7272727272727273,0.42391304347826086,0,weak_binder
CHEMBL5179879,1698.24,1698.24,1698.24,1698.24,1,O=C(O)C(=O)O.c1ccc(N2CCN(CCCc3nc4ccccc4o3)CC2)cc1,c1ccc(N2CCN(CCCc3nc4ccccc4o3)CC2)cc1,321.4240000000001,3.582600000000002,32.510000000000005,0,4,5,4,0.35,0.45454545454545453,0,weak_binder
CHEMBL555146,10000.0,10000.0,10000.0,10000.0,1,C[C@@H]1CCCN1CCc1cc2cc(C(=O)c3ccc(F)cc3)ccc2o1,C[C@@H]1CCCN1CCc1cc2cc(C(=O)c3ccc(F)cc3)ccc2o1,351.4210000000001,4.829700000000004,33.45,0,3,5,4,0.3181818181818182,0.28,0,weak_binder
CHEMBL2062857,2000.0,2000.0,2000.0,2000.0,1,CCN(CC)[C@H]1[C@H](CO)[C@@H]2CN(Cc3ccccc3)[C@@H](c3ccc(Br)cc3)[C@@H]21,CCN(CC)[C@H]1[C@H](CO)[C@@H]2CN(Cc3ccccc3)[C@@H](c3ccc(Br)cc3)[C@@H]21,443.4290000000001,4.5709000000000035,26.71,1,3,7,4,0.5,0.22972972972972974,0,weak_binder
CHEMBL497878,1600.0,1600.0,1600.0,1600.0,1,Fc1ccc2[nH]c(-c3ccccc3)c([C@@H]3CNCC[C@H]3F)c2c1,Fc1ccc2[nH]c(-c3ccccc3)c([C@@H]3CNCC[C@H]3F)c2c1,312.363,4.389000000000003,27.82,2,1,2,4,0.2631578947368421,0.48214285714285715,0,weak_binder
CHEMBL5203856,6165.95,6165.95,6165.95,6165.95,1,O=C(O)C(=O)O.c1ccc(N2CCN(CCCc3nc4ccccc4[nH]3)CC2)cc1,c1ccc(N2CCN(CCCc3nc4ccccc4[nH]3)CC2)cc1,320.44000000000005,3.317700000000001,35.16,1,3,5,4,0.35,0.45454545454545453,0,weak_binder
CHEMBL4095082,1842.0,1842.0,1842.0,1842.0,1,Cc1ccc(N2CCN(CCC3C(=O)Nc4ccccc43)CC2)cc1C,Cc1ccc(N2CCN(CCC3C(=O)Nc4ccccc43)CC2)cc1C,349.4780000000002,3.551440000000003,35.58,1,3,4,4,0.4090909090909091,0.3380281690140845,0,weak_binder
CHEMBL4541526,10000.0,10000.0,10000.0,10000.0,1,Cn1cncc1-c1c[nH]c2ccc(I)cc12,Cn1cncc1-c1c[nH]c2ccc(I)cc12,323.137,3.173000000000001,33.61,1,1,1,3,0.0833333333333333,0.2236842105263158,0,weak_binder
CHEMBL105509,2267.5,2267.5,1202.0,3333.0,2,CCCN(CCC)C1CCc2nc(OC)ccc2C1,CCCN(CCC)C1CCc2nc(OC)ccc2C1,262.397,3.0695000000000014,25.360000000000003,0,3,6,2,0.6875,0.48936170212765956,0,weak_binder
CHEMBL45156,10000.0,10000.0,10000.0,10000.0,1,FCCCN1CCC(COc2ccc(Br)cc2)CC1,FCCCN1CCC(COc2ccc(Br)cc2)CC1,330.2410000000001,3.8995000000000033,12.47,0,2,6,2,0.6,0.3888888888888889,0,weak_binder
CHEMBL29433,1584.89,1584.89,1584.89,1584.89,1,COc1ccc(NS(=O)(=O)c2sc3ccc(Cl)cc3c2C)cc1N1CCN2CCC[C@H]2C1,COc1ccc(NS(=O)(=O)c2sc3ccc(Cl)cc3c2C)cc1N1CCN2CCC[C@H]2C1,492.0660000000004,4.956920000000005,61.88,1,6,5,5,0.391304347826087,0.3235294117647059,0,weak_binder
CHEMBL366265,2024.0,2024.0,2024.0,2024.0,1,CCN(CC)CCOc1ccccc1Cc1ccccc1,CCN(CC)CCOc1ccccc1Cc1ccccc1,283.415,3.998000000000004,12.47,0,2,8,2,0.3684210526315789,0.2857142857142857,0,weak_binder
CHEMBL2062848,12000.0,12000.0,12000.0,12000.0,1,CCN(CC)[C@@H]1[C@@H](CO)[C@H]2CN(Cc3ccccc3)[C@H](c3ccccc3)[C@H]21,CCN(CC)[C@@H]1[C@@H](CO)[C@H]2CN(Cc3ccccc3)[C@H](c3ccccc3)[C@H]21,364.5330000000001,3.8084000000000024,26.71,1,3,7,4,0.5,0.2361111111111111,0,weak_binder
CHEMBL15928,10000.0,10000.0,10000.0,10000.0,2,COc1ccc(NC(=O)c2ccc(-c3ccc(-c4noc(C)n4)cc3C)cc2)cc1N1CCN(C)CC1,COc1ccc(NC(=O)c2ccc(-c3ccc(-c4noc(C)n4)cc3C)cc2)cc1N1CCN(C)CC1,497.5990000000004,5.033140000000005,83.72999999999999,1,7,6,5,0.2758620689655172,0.3780487804878049,0,weak_binder
CHEMBL351550,26000.0,26000.0,24000.0,28000.0,2,Cc1nn2c(-c3ccccc3)cccc2c1CN1CCN(c2ccc(Cl)cc2)CC1,Cc1nn2c(-c3ccccc3)cccc2c1CN1CCN(c2ccc(Cl)cc2)CC1,416.9560000000002,5.285320000000006,23.78,0,3,4,5,0.24,0.41379310344827586,0,weak_binder
CHEMBL5191370,115900.0,115900.0,115900.0,115900.0,1,NC(=O)N1CCN(c2cccc(Cl)c2)CC1,NC(=O)N1CCN(c2cccc(Cl)c2)CC1,239.706,1.5406999999999995,49.57000000000001,1,2,1,2,0.3636363636363636,0.40350877192982454,0,weak_binder
CHEMBL4592256,8710.0,8710.0,8710.0,8710.0,1,CCn1cncc1-c1c[nH]c2ccc(C(F)(F)F)cc12,CCn1cncc1-c1c[nH]c2ccc(C(F)(F)F)cc12,279.265,4.070100000000002,33.61,1,1,2,3,0.2142857142857142,0.22666666666666666,0,weak_binder
CHEMBL80863,3400.0,3400.0,3400.0,3400.0,1,Clc1ccc(-c2cc(C3CCCCN3Cc3ccccc3)[nH]n2)cc1,Clc1ccc(-c2cc(C3CCCCN3Cc3ccccc3)[nH]n2)cc1,351.8809999999999,5.4573000000000045,31.92,1,2,4,4,0.2857142857142857,0.41935483870967744,0,weak_binder
CHEMBL4175018,1245.0,1245.0,1245.0,1245.0,1,Cc1oc(-c2ccco2)nc1CN1CCN([C@@H]2CCc3ccccc3C2)CC1,Cc1oc(-c2ccco2)nc1CN1CCN([C@@H]2CCc3ccccc3C2)CC1,377.48800000000017,3.9181200000000023,45.650000000000006,0,5,4,5,0.4347826086956521,0.2987012987012987,0,weak_binder
CHEMBL5722979,10000.0,10000.0,10000.0,10000.0,1,O=c1cc(CNCC2(O)CCCCC2)[nH]c2ccc(F)cc12,O=c1cc(CNCC2(O)CCCCC2)[nH]c2ccc(F)cc12,304.365,2.452,65.12,3,3,4,3,0.4705882352941176,0.26506024096385544,0,weak_binder
CHEMBL5723000,10000.0,10000.0,10000.0,10000.0,1,Cc1ccc2nc(CNCCCn3ccnc3)cc(O)c2c1,Cc1ccc2nc(CNCCCn3ccnc3)cc(O)c2c1,296.374,2.625220000000001,62.97,2,4,6,3,0.2941176470588235,0.22580645161290322,0,weak_binder
CHEMBL317051,10000.0,10000.0,10000.0,10000.0,1,Cc1sc(C)c2c1CCCc1nnc(C)n1-2,Cc1sc(C)c2c1CCCc1nnc(C)n1-2,233.33999999999995,2.7427600000000014,30.71,0,3,0,3,0.5,0.21153846153846154,0,weak_binder
CHEMBL538755,2030.0,2030.0,2030.0,2030.0,1,Cl.O=C1CC2(CCN(CCc3ccccc3)CC2)OC=C1c1ccccc1,O=C1CC2(CCN(CCc3ccccc3)CC2)OC=C1c1ccccc1,347.4580000000001,4.094200000000003,29.540000000000003,0,3,4,4,0.3478260869565217,0.40625,0,weak_binder
CHEMBL4469309,3319.0,3319.0,3319.0,3319.0,1,COc1ccc2c(c1)c(C1=CCNCC1)cn2S(=O)(=O)c1cncc2ccccc12,COc1ccc2c(c1)c(C1=CCNCC1)cn2S(=O)(=O)c1cncc2ccccc12,419.50600000000014,3.8118000000000025,73.22,1,5,4,5,0.1739130434782608,0.3125,0,weak_binder
CHEMBL76849,10000.0,10000.0,10000.0,10000.0,1,C(=C/c1ccccc1)\COCC1CCN(Cc2ccccc2)CC1,C(=C\c1ccccc1)/COCC1CCN(Cc2ccccc2)CC1,321.464,4.628600000000004,12.47,0,2,7,3,0.3636363636363636,0.37037037037037035,0,weak_binder
CHEMBL377542,66000.0,66000.0,64000.0,68000.0,2,Fc1ccc(N2CCN(Cc3cn4ccncc4n3)CC2)cc1,Fc1ccc(N2CCN(Cc3cn4ccncc4n3)CC2)cc1,311.36400000000015,2.1906,36.67,0,4,3,4,0.2941176470588235,0.375,0,weak_binder
CHEMBL5878716,1300.0,1300.0,1300.0,1300.0,1,Cc1nnc(CC(=O)NC23CCC(CCN4CCc5nc(OCC(F)(F)F)sc5CC4)(CC2)CC3)o1,Cc1nnc(CC(=O)NC23CCC(CCN4CCc5nc(OCC(F)(F)F)sc5CC4)(CC2)CC3)o1,527.6130000000003,4.018220000000003,93.38,1,8,8,6,0.75,0.4105263157894737,0,weak_binder
CHEMBL4864074,1065.0,1065.0,1065.0,1065.0,1,COc1ccc2c(c1)[C@H]1OCCN(CCCCNC(=O)c3ccc(-c4ccccc4)cc3)[C@@H]1CO2,COc1ccc2c(c1)[C@H]1OCCN(CCCCNC(=O)c3ccc(-c4ccccc4)cc3)[C@@H]1CO2,472.58500000000015,4.706700000000004,60.03,1,5,8,5,0.3448275862068966,0.4457831325301205,0,weak_binder
CHEMBL343880,4050.0,4050.0,2500.0,5600.0,2,N#Cc1ccc2cc(CN3CCN(c4ccccc4)CC3)[nH]c2c1,N#Cc1ccc2cc(CN3CCN(c4ccccc4)CC3)[nH]c2c1,316.4080000000001,3.3617800000000013,46.06,1,3,3,4,0.25,0.3508771929824561,0,weak_binder
CHEMBL3323002,1563.0,1563.0,1563.0,1563.0,1,O=C(NCCCCN1CCN(c2ccc3ccccc3n2)CC1)c1cn2ccccc2n1,O=C(NCCCCN1CCN(c2ccc3ccccc3n2)CC1)c1cn2ccccc2n1,428.54000000000025,3.2147000000000014,65.77000000000001,1,5,7,5,0.32,0.4647887323943662,0,weak_binder
CHEMBL5960672,1700.0,1700.0,1700.0,1700.0,1,Cc1ncc(CC(=O)N[C@H]2CC[C@H](CCN3CCc4cnc(OCC(F)F)nc4CC3)CC2)s1,Cc1ncc(CC(=O)N[C@H]2CC[C@H](CCN3CCc4cnc(OCC(F)F)nc4CC3)CC2)s1,493.62400000000025,3.593820000000002,80.24000000000001,1,7,9,4,0.6666666666666666,0.4777777777777778,0,weak_binder
CHEMBL6006999,1100.0,1100.0,1100.0,1100.0,1,Cc1ncc(CC(=O)N[C@H]2CC[C@H](CCN3CC4CC4(c4cc(CF)on4)C3)CC2)s1,Cc1ncc(CC(=O)N[C@H]2CC[C@H](CCN3CC4CC4(c4cc(CF)on4)C3)CC2)s1,446.5920000000002,3.7901200000000026,71.26,1,6,8,5,0.6956521739130435,0.4888888888888889,0,weak_binder
CHEMBL392401,88000.0,88000.0,88000.0,88000.0,1,Oc1cccc(C2NCCc3c2[nH]c2ccccc32)c1,Oc1cccc(C2NCCc3c2[nH]c2ccccc32)c1,264.328,3.108600000000001,48.05,3,2,1,4,0.1764705882352941,0.2786885245901639,0,weak_binder
CHEMBL4065455,1500.0,1500.0,1500.0,1500.0,2,COc1cc(CCN2CCC(O)(c3ccc(Cl)cc3)CC2)ccc1OCCSSCCN.O=C(O)C(F)(F)F.O=C(O)C(F)(F)F,COc1cc(CCN2CCC(O)(c3ccc(Cl)cc3)CC2)ccc1OCCSSCCN,497.1260000000004,4.593600000000004,67.95,2,7,12,3,0.5,0.39473684210526316,0,weak_binder
CHEMBL4062553,6168.0,6168.0,6168.0,6168.0,1,COc1ccccc1N1CCC2(CCN(CCCSc3nnc(-c4ccccc4)n3C)CC2)C1,COc1ccccc1N1CCC2(CCN(CCCSc3nnc(-c4ccccc4)n3C)CC2)C1,477.67800000000017,4.965400000000005,46.42,0,6,8,5,0.4814814814814814,0.38961038961038963,0,weak_binder
CHEMBL596884,10000.0,10000.0,10000.0,10000.0,1,C=CCc1ccc2c(c1O)-c1cccc3c1[C@@H](C2)N(C)CC3,C=CCc1ccc2c(c1O)-c1cccc3c1[C@@H](C2)N(C)CC3,291.39400000000006,3.8728000000000034,23.47,1,2,2,4,0.3,0.49122807017543857,0,weak_binder
CHEMBL4871868,3247.9700000000003,3247.9700000000003,3235.94,3260.0,2,CC1(CCCCN2CCN(c3ccccn3)CC2)Cc2cc(Cl)ccc2C1=O,CC1(CCCCN2CCN(c3ccccn3)CC2)Cc2cc(Cl)ccc2C1=O,397.95000000000016,4.472600000000004,36.44,0,4,6,4,0.4782608695652174,0.39473684210526316,0,weak_binder
CHEMBL3764246,31623.0,29454.953333333335,25118.86,31623.0,3,Cc1ccc(C2CN(CCCSc3nnc(-c4ccc(-c5noc(C)n5)cc4)n3C)CCO2)cc1,Cc1ccc(C2CN(CCCSc3nnc(-c4ccc(-c5noc(C)n5)cc4)n3C)CCO2)cc1,490.63300000000027,4.704640000000004,82.10000000000001,0,8,8,5,0.3846153846153846,0.34782608695652173,0,weak_binder
CHEMBL559868,2750.0,2750.0,2600.0,2900.0,2,Clc1nccc2c(CN3CCN(c4ccccc4)CC3)c[nH]c12,Clc1nccc2c(CN3CCN(c4ccccc4)CC3)c[nH]c12,326.8310000000001,3.5385000000000018,35.160000000000004,1,3,3,4,0.2777777777777778,0.4528301886792453,0,weak_binder
CHEMBL433255,7943.28,7943.28,7943.28,7943.28,1,COc1cc2ccccc2cc1OC(=O)CC1CCN(Cc2ccccc2)CC1,COc1cc2ccccc2cc1OC(=O)CC1CCN(Cc2ccccc2)CC1,389.4950000000001,5.056100000000004,38.77,0,4,6,4,0.32,0.39655172413793105,0,weak_binder
CHEMBL192099,2200.0,2200.0,2200.0,2200.0,1,O=C1CC2(CCCC2)CC(=O)N1CCN1CCN(c2ccc(F)c(F)c2)CC1,O=C1CC2(CCCC2)CC(=O)N1CCN1CCN(c2ccc(F)c(F)c2)CC1,391.4620000000001,2.7962000000000007,43.86000000000001,0,4,4,4,0.6190476190476191,0.38235294117647056,0,weak_binder
CHEMBL317250,3500.0,3500.0,3500.0,3500.0,1,c1ccc(-c2nc(CN3CCN(c4ccncc4)CC3)c[nH]2)cc1,c1ccc(-c2nc(CN3CCN(c4ccncc4)CC3)c[nH]2)cc1,319.41200000000003,2.7939000000000007,48.05,1,4,4,4,0.2631578947368421,0.36363636363636365,0,weak_binder
CHEMBL3622100,4000.0,4000.0,4000.0,4000.0,1,COc1ccc(CNCCN2CCN(Cc3cc4ccccc4[nH]3)CC2)cc1,COc1ccc(CNCCN2CCN(Cc3cc4ccccc4[nH]3)CC2)cc1,378.5200000000001,3.0839000000000008,43.53,2,4,8,4,0.391304347826087,0.36231884057971014,0,weak_binder
CHEMBL404352,10000.0,10000.0,10000.0,10000.0,1,CC1(c2cccc(O)c2)C(=O)Nc2cc(Cl)cc(Cl)c2C1=O,CC1(c2cccc(O)c2)C(=O)Nc2cc(Cl)cc(Cl)c2C1=O,336.1740000000001,3.7917000000000014,66.4,2,3,1,3,0.125,0.22727272727272727,0,weak_binder
CHEMBL140594,7750.0,7750.0,7600.0,7900.0,2,N#Cc1ccc2[nH]c(CN3CCN(c4ccc(Cl)cc4)CC3)cc2c1,N#Cc1ccc2[nH]c(CN3CCN(c4ccc(Cl)cc4)CC3)cc2c1,350.8530000000001,4.015180000000003,46.06,1,3,3,4,0.25,0.30158730158730157,0,weak_binder
CHEMBL77563,10000.0,10000.0,10000.0,10000.0,1,Clc1ccccc1N1CCN(Cc2nc3ccccc3[nH]2)CC1,Clc1ccccc1N1CCN(Cc2nc3ccccc3[nH]2)CC1,326.8310000000001,3.538500000000001,35.16,1,3,3,4,0.2777777777777778,0.4716981132075472,0,weak_binder
CHEMBL5597256,5199.0,5199.0,5199.0,5199.0,1,COc1cccc(-c2cccn2S(=O)(=O)c2cccc(N3CCNCC3)c2)c1,COc1cccc(-c2cccn2S(=O)(=O)c2cccc(N3CCNCC3)c2)c1,397.50000000000017,2.8103000000000007,63.57,1,5,5,4,0.238095238095238,0.3,0,weak_binder
CHEMBL6053631,48923.0,48923.0,48923.0,48923.0,2,Cc1noc2c1C(=O)N(CCN1CCN(c3noc4ccccc34)CC1)CC2,Cc1noc2c1C(=O)N(CCN1CCN(c3noc4ccccc34)CC1)CC2,381.4360000000002,1.94472,78.85000000000001,0,7,4,5,0.45,0.4657534246575342,0,weak_binder
CHEMBL160749,15000.0,15000.0,14000.0,16000.0,2,Cc1nn2c(-c3ccc(F)cc3)cccc2c1CN1CCN(c2ccc(Cl)cc2)CC1,Cc1nn2c(-c3ccc(F)cc3)cccc2c1CN1CCN(c2ccc(Cl)cc2)CC1,434.94600000000025,5.424420000000005,23.78,0,3,4,5,0.24,0.3492063492063492,0,weak_binder
CHEMBL99085,10000.0,10000.0,10000.0,10000.0,1,CCCn1ncc2c1-c1c(Cl)sc(Cl)c1CCC2,CCCn1ncc2c1-c1c(Cl)sc(Cl)c1CCC2,301.24200000000013,4.817100000000003,17.82,0,2,2,3,0.4615384615384615,0.38461538461538464,0,weak_binder
CHEMBL936,1097.0,1097.0,1097.0,1097.0,1,OC(CCCN1CCCCC1)(c1ccccc1)c1ccccc1,OC(CCCN1CCCCC1)(c1ccccc1)c1ccccc1,309.45300000000003,4.188600000000004,23.47,1,2,6,3,0.4285714285714285,0.29411764705882354,0,weak_binder
CHEMBL5925129,1100.0,1100.0,1100.0,1100.0,1,Cc1nnc(CC(=O)N[C@H]2CC[C@H](CCN3CCc4nc(O[C@H](C)C(F)(F)F)sc4CC3)CC2)s1,Cc1nnc(CC(=O)N[C@H]2CC[C@H](CCN3CCc4nc(O[C@H](C)C(F)(F)F)sc4CC3)CC2)s1,531.6700000000002,4.341020000000003,80.24000000000001,1,8,8,4,0.7391304347826086,0.48314606741573035,0,weak_binder
CHEMBL5948489,2300.0,2300.0,2300.0,2300.0,1,Cc1nc(CC(=O)N[C@H]2CC[C@H](CCN3CCc4ccc(CCC(F)(F)F)nc4CC3)CC2)nn1C,Cc1nc(CC(=O)N[C@H]2CC[C@H](CCN3CCc4ccc(CCC(F)(F)F)nc4CC3)CC2)nn1C,506.61700000000025,3.721820000000002,75.94,1,5,8,4,0.6923076923076923,0.42391304347826086,0,weak_binder
CHEMBL4582567,1047.0,1047.0,1047.0,1047.0,1,O=c1c(-c2ccc(F)cc2)c2n(c(=O)n1CCCCN1CCCC(c3c[nH]c4ccc(F)cc34)C1)CCCC2,O=c1c(-c2ccc(F)cc2)c2n(c(=O)n1CCCCN1CCCC(c3c[nH]c4ccc(F)cc34)C1)CCCC2,532.6350000000002,5.432600000000006,63.03,1,3,7,6,0.4193548387096774,0.3595505617977528,0,weak_binder
CHEMBL3461530,1606.0,1606.0,1606.0,1606.0,1,Cc1cccc(N2CCN(CCCNC(=O)c3cn[nH]c3C)CC2)c1,Cc1cccc(N2CCN(CCCNC(=O)c3cn[nH]c3C)CC2)c1,341.4590000000001,1.9686399999999995,64.25999999999999,2,4,6,3,0.4736842105263157,0.43478260869565216,0,weak_binder
CHEMBL241102,12000.0,12000.0,12000.0,12000.0,1,COc1cc2c(cc1OC)CN(/C=N/c1ccc3c(c1)C(OC(C)=O)CC3)CC2,COc1cc2c(cc1OC)CN(/C=N/c1ccc3c(c1)C(OC(C)=O)CC3)CC2,394.47100000000023,3.9723000000000024,60.36000000000001,0,5,5,4,0.391304347826087,0.27906976744186046,0,weak_binder
CHEMBL88937,31000.0,43000.0,31000.0,67000.0,3,Clc1ccc(N2CCN(Cc3cccc4ccnn34)CC2)cc1,Clc1ccc(N2CCN(Cc3cccc4ccnn34)CC2)cc1,326.8310000000001,3.3099000000000016,23.78,0,3,3,4,0.2777777777777778,0.32142857142857145,0,weak_binder
CHEMBL1642882,5000.0,5000.0,5000.0,5000.0,1,Cl.O=S(=O)(c1cccc(Cl)c1)c1n[nH]c2ccc(NC3CCNCC3)cc12,O=S(=O)(c1cccc(Cl)c1)c1n[nH]c2ccc(NC3CCNCC3)cc12,390.8960000000002,3.213000000000001,86.88,3,5,4,4,0.2777777777777778,0.2716049382716049,0,weak_binder
CHEMBL1672288,10000.0,10000.0,10000.0,10000.0,1,N#Cc1cc(F)cc(C#Cc2csc(F)n2)c1,N#Cc1cc(F)cc(C#Cc2csc(F)n2)c1,246.241,2.692780000000001,36.68,0,3,0,2,0.0,0.15942028985507245,0,weak_binder
CHEMBL155913,4100.0,4100.0,2800.0,5400.0,2,Clc1ccc(N2CCN(Cc3cnn4c(-c5ccccc5)cccc34)CC2)cc1,Clc1ccc(N2CCN(Cc3cnn4c(-c5ccccc5)cccc34)CC2)cc1,402.92900000000014,4.976900000000004,23.78,0,3,4,5,0.2083333333333333,0.3793103448275862,0,weak_binder
CHEMBL3764306,24832.93,24832.93,24547.0,25118.86,2,Cn1c(SCCCN2CCOC(c3ccc(C(F)(F)F)cc3)C2)nnc1-c1ccc(C(N)=O)nc1,Cn1c(SCCCN2CCOC(c3ccc(C(F)(F)F)cc3)C2)nnc1-c1ccc(C(N)=O)nc1,506.5540000000002,3.5505000000000013,99.16,1,7,8,4,0.391304347826087,0.44565217391304346,0,weak_binder
CHEMBL553784,5320.0,5320.0,5320.0,5320.0,1,Cl.O=C1C=C(c2ccc(F)cc2)OC12CCN(CCc1ccccc1)CC2,O=C1C=C(c2ccc(F)cc2)OC12CCN(CCc1ccccc1)CC2,351.42100000000005,3.843200000000002,29.54,0,3,4,4,0.3181818181818182,0.4262295081967213,0,weak_binder
CHEMBL91067,5800.0,5800.0,5800.0,5800.0,2,COc1ccc2c3c(c(=O)oc2c1)CN(Cc1ccccc1Cl)CC3,COc1ccc2c3c(c(=O)oc2c1)CN(Cc1ccccc1Cl)CC3,355.821,4.013300000000004,42.68,0,4,3,4,0.25,0.2987012987012987,0,weak_binder
CHEMBL3265065,1220.0,1220.0,1220.0,1220.0,1,CCCN(CC[C@]1(O)C[C@@H](NC(=O)c2ccc3ccccc3c2)C1)[C@H]1C[C@@H]1c1cccc(Cl)c1,CCCN(CC[C@]1(O)C[C@@H](NC(=O)c2ccc3ccccc3c2)C1)[C@H]1C[C@@H]1c1cccc(Cl)c1,477.04800000000023,5.7747000000000055,52.57,2,3,9,5,0.4137931034482758,0.2826086956521739,0,weak_binder
CHEMBL293956,100000.0,100000.0,100000.0,100000.0,2,N#CC(C#N)=Cc1ccc(CN2CCN(c3ccccc3)CC2)[nH]1,N#CC(C#N)=Cc1ccc(CN2CCN(c3ccccc3)CC2)[nH]1,317.396,2.7674600000000007,69.85,1,4,4,3,0.2631578947368421,0.35714285714285715,0,weak_binder
CHEMBL5723033,10000.0,10000.0,10000.0,10000.0,1,CC(C)c1csc(CCNCc2cc(=O)c3cc(C(N)=O)ccc3[nH]2)n1,CC(C)c1csc(CCNCc2cc(=O)c3cc(C(N)=O)ccc3[nH]2)n1,370.47800000000007,2.5392,100.87,3,5,7,3,0.3157894736842105,0.2,0,weak_binder
CHEMBL5723014,10000.0,10000.0,10000.0,10000.0,1,O=c1cc(CNCCCN2CCCC[C@H]2CO)[nH]c2ccc(F)cc12,O=c1cc(CNCCCN2CCCC[C@H]2CO)[nH]c2ccc(F)cc12,347.434,1.9936999999999996,68.36000000000001,3,4,7,3,0.5263157894736842,0.28205128205128205,0,weak_binder
CHEMBL4867565,4392.0,4392.0,4392.0,4392.0,1,O=S(=O)(c1cccc(F)c1)n1ccc2c(N3CCNCC3)nc3ccccc3c21,O=S(=O)(c1cccc(F)c1)n1ccc2c(N3CCNCC3)nc3ccccc3c21,410.47400000000016,2.975200000000001,67.23,1,5,3,5,0.1904761904761904,0.3291139240506329,0,weak_binder
CHEMBL127411,1700.0,1700.0,1700.0,1700.0,1,Cc1ccc(S(=O)(=O)n2cc3c4c(cccc42)[C@H](O)[C@@H](N(C)C)C3)cc1,Cc1ccc(S(=O)(=O)n2cc3c4c(cccc42)[C@H](O)[C@@H](N(C)C)C3)cc1,370.4740000000001,2.7064200000000014,62.54,1,4,3,4,0.3,0.3125,0,weak_binder
CHEMBL1077189,10000.0,10000.0,10000.0,10000.0,1,c1ccc2c(c1)CCN1Cc3cccc4[nH]cc(c34)C21,c1ccc2c(c1)CCN1Cc3cccc4[nH]cc(c34)C21,260.34,3.6290000000000022,19.03,1,1,0,5,0.2222222222222222,0.42857142857142855,0,weak_binder
CHEMBL423440,1750.0,1750.0,1500.0,2000.0,2,COc1ccc(Br)cc1C(=O)NC[C@H]1CCN(Cc2ccccc2)C1,COc1ccc(Br)cc1C(=O)NC[C@H]1CCN(Cc2ccccc2)C1,403.3200000000002,3.7096000000000022,41.57,1,3,6,3,0.35,0.4861111111111111,0,weak_binder
CHEMBL594799,10000.0,10000.0,10000.0,10000.0,1,CCc1cc(OC)ccc1C1Cc2ccccc2CN1C,CCc1cc(OC)ccc1C1Cc2ccccc2CN1C,281.399,3.9868000000000032,12.47,0,2,3,3,0.3684210526315789,0.3392857142857143,0,weak_binder
CHEMBL544761,10000.0,10000.0,10000.0,10000.0,1,Cl.O=C1C=C(c2ccccc2)OC12CCCN(Cc1ccccc1)C2,O=C1C=C(c2ccccc2)OC12CCCN(Cc1ccccc1)C2,319.404,3.661600000000002,29.54,0,3,3,4,0.2857142857142857,0.3548387096774194,0,weak_binder
CHEMBL4565881,10000.0,10000.0,10000.0,10000.0,1,CCn1cncc1-c1c[nH]c2ccc(F)cc12,CCn1cncc1-c1c[nH]c2ccc(F)cc12,229.258,3.1904000000000012,33.61,1,1,2,3,0.1538461538461538,0.30666666666666664,0,weak_binder
CHEMBL4436025,1620.0,1620.0,1620.0,1620.0,1,CCc1cc(Cl)c(OC)c(N2CCN(CC(O)CCNC(=O)c3cc4ccccc4o3)CC2)c1,CCc1cc(Cl)c(OC)c(N2CCN(CC(O)CCNC(=O)c3cc4ccccc4o3)CC2)c1,486.0120000000003,3.960200000000003,78.17999999999999,2,6,9,4,0.4230769230769231,0.4691358024691358,0,weak_binder
CHEMBL520129,2000.0,2000.0,2000.0,2000.0,1,O=C(Nc1ccc2cnn(S(=O)(=O)c3cccc4ccccc34)c2c1)C1CCCNC1,O=C(Nc1ccc2cnn(S(=O)(=O)c3cccc4ccccc34)c2c1)C1CCCNC1,434.52100000000024,3.364600000000002,93.09,2,5,4,5,0.217391304347826,0.2808988764044944,0,weak_binder
CHEMBL219185,10000.0,10000.0,10000.0,10000.0,2,Cc1cccc(NC(=O)CN2CCC(c3cccc[n+]3[O-])CC2)c1,Cc1cccc(NC(=O)CN2CCC(c3cccc[n+]3[O-])CC2)c1,325.4120000000001,2.4465200000000005,59.28,1,3,4,3,0.3684210526315789,0.36619718309859156,0,weak_binder
CHEMBL3085813,1148.15,1148.15,1148.15,1148.15,1,CC(C)(C)OC(=O)NC[C@H]1CC[C@H](CN2CCc3ccccc3C2)CC1,CC(C)(C)OC(=O)NC[C@H]1CC[C@H](CN2CCc3ccccc3C2)CC1,358.52600000000007,4.375800000000004,41.57,1,3,4,3,0.6818181818181818,0.38235294117647056,0,weak_binder
CHEMBL496852,1600.0,1600.0,1600.0,1600.0,1,F[C@@H]1CCNC[C@H]1c1c(-c2ccccc2)[nH]c2ccc(Cl)cc12,F[C@@H]1CCNC[C@H]1c1c(-c2ccccc2)[nH]c2ccc(Cl)cc12,328.81800000000004,4.903300000000003,27.82,2,1,2,4,0.2631578947368421,0.3770491803278688,0,weak_binder
CHEMBL6055626,1600.0,1600.0,1600.0,1600.0,1,CC[C@@H](C)Oc1ccc2c(n1)CCN(CC[C@H]1CC[C@H](NC(=O)Cc3cnn(C)n3)CC1)CC2,CC[C@@H](C)Oc1ccc2c(n1)CCN(CC[C@H]1CC[C@H](NC(=O)Cc3cnn(C)n3)CC1)CC2,468.6460000000003,3.095800000000001,85.17,1,6,9,4,0.6923076923076923,0.3877551020408163,0,weak_binder
CHEMBL362487,2000.0,2000.0,2000.0,2000.0,1,O=S(=O)(c1ccccc1Cl)n1cc(C2=CCNCC2)c2ccccc21,O=S(=O)(c1ccccc1Cl)n1cc(C2=CCNCC2)c2ccccc21,372.87700000000007,3.908400000000003,51.1,1,3,3,4,0.1578947368421052,0.34375,0,weak_binder
CHEMBL93900,1034.5,1034.5,217.0,1852.0,2,CCCN1CCC[C@@H](c2cccc(C(=O)OC)c2)C1,CCCN1CCC[C@@H](c2cccc(C(=O)OC)c2)C1,261.365,3.0626000000000015,29.540000000000003,0,3,4,2,0.5625,0.44642857142857145,0,weak_binder
CHEMBL4798638,2270.0,2270.0,2270.0,2270.0,1,OC(CNC1CCN(CCSC(c2ccc(F)cc2)c2ccc(F)cc2)CC1)Cc1ccccc1,OC(CNC1CCN(CCSC(c2ccc(F)cc2)c2ccc(F)cc2)CC1)Cc1ccccc1,496.66700000000026,5.445000000000006,35.5,2,4,11,4,0.3793103448275862,0.4461538461538462,0,weak_binder
CHEMBL238760,2000.0,2000.0,2000.0,2000.0,1,[O-][S+](c1ccc(/C=C/c2ccc(F)cc2F)nc1)c1ccccc1F,[O-][S+](c1ccc(/C=C/c2ccc(F)cc2F)nc1)c1ccccc1F,359.372,4.836000000000003,35.95,0,2,4,3,0.0,0.20588235294117646,0,weak_binder
CHEMBL395459,2000.0,2000.0,2000.0,2000.0,1,[O-][S+](c1ccc(/C=C/c2ccc(F)cc2)nc1)c1ccccc1F,[O-][S+](c1ccc(/C=C/c2ccc(F)cc2)nc1)c1ccccc1F,341.382,4.696900000000003,35.95,0,2,4,3,0.0,0.2191780821917808,0,weak_binder
CHEMBL4765081,6070.0,6070.0,6070.0,6070.0,1,CC(C)(C)C(=O)N1CCC(NCCSC(c2ccc(F)cc2)c2ccc(F)cc2)CC1,CC(C)(C)C(=O)N1CCC(NCCSC(c2ccc(F)cc2)c2ccc(F)cc2)CC1,446.6070000000002,5.414100000000006,32.34,1,3,7,3,0.48,0.2727272727272727,0,weak_binder
CHEMBL5821312,1400.0,1400.0,1400.0,1400.0,2,Cc1ncc(CC(=O)N[C@H]2CC[C@H](CCN3CCc4ccc(OCC(C)F)nc4CC3)CC2)s1,Cc1ncc(CC(=O)N[C@H]2CC[C@H](CCN3CCc4ccc(OCC(C)F)nc4CC3)CC2)s1,488.6730000000003,4.291720000000003,67.35000000000001,1,6,9,4,0.6538461538461539,0.4725274725274725,0,weak_binder
CHEMBL2031874,10000.0,10000.0,10000.0,10000.0,1,CN(C)C(=O)c1ccc(-c2ccc3c(c2)CCN(CCN2CCCC2)C3=O)cc1,CN(C)C(=O)c1ccc(-c2ccc3c(c2)CCN(CCN2CCCC2)C3=O)cc1,391.5150000000002,3.1495000000000024,43.86000000000001,0,3,5,4,0.4166666666666667,0.352112676056338,0,weak_binder
CHEMBL1086790,4458.0,4458.0,4458.0,4458.0,1,c1ccc2c(c1)CCN1CCc3cccc4[nH]cc(c34)C21,c1ccc2c(c1)CCN1CCc3cccc4[nH]cc(c34)C21,274.367,3.6715000000000018,19.03,1,1,0,5,0.2631578947368421,0.4782608695652174,0,weak_binder
CHEMBL281932,2500.0,2500.0,2500.0,2500.0,1,Oc1cc2c(cc1O)[C@H]1c3cccnc3CN[C@@H]1CC2,Oc1cc2c(cc1O)[C@H]1c3cccnc3CN[C@@H]1CC2,268.31600000000003,2.042699999999999,65.38,3,4,0,4,0.3125,0.2911392405063291,0,weak_binder
CHEMBL553864,8780.0,8780.0,8780.0,8780.0,1,Cl.O=C1CC2(CCCN(Cc3ccccc3)C2)OC=C1c1ccc(F)cc1,O=C1CC2(CCCN(Cc3ccccc3)C2)OC=C1c1ccc(F)cc1,351.4210000000001,4.190800000000004,29.540000000000003,0,3,3,4,0.3181818181818182,0.4,0,weak_binder
CHEMBL1215036,10000.0,10000.0,10000.0,10000.0,1,FCCOc1ccccc1CN1CCN(Cc2cc3ccccc3o2)CC1,FCCOc1ccccc1CN1CCN(Cc2cc3ccccc3o2)CC1,368.4520000000001,4.098900000000004,28.85,0,4,7,4,0.3636363636363636,0.4909090909090909,0,weak_binder
CHEMBL324073,10000.0,10000.0,10000.0,10000.0,1,CN1CCc2cccc3c2[C@H]1Cc1cccc(C(N)=O)c1-3,CN1CCc2cccc3c2[C@H]1Cc1cccc(C(N)=O)c1-3,278.355,2.5376000000000003,46.33,1,2,1,4,0.2777777777777778,0.4915254237288136,0,weak_binder
CHEMBL5204274,1940.0,1940.0,1940.0,1940.0,1,O=C(NCCCCCCn1nc2ccccn2c1=O)N1CCN(c2cccc(Cl)c2)CC1,O=C(NCCCCCCn1nc2ccccn2c1=O)N1CCN(c2cccc(Cl)c2)CC1,456.9780000000003,3.241600000000002,74.88,1,4,8,4,0.4347826086956521,0.4857142857142857,0,weak_binder
CHEMBL4573883,10000.0,10000.0,10000.0,10000.0,1,CCn1cncc1-c1c[nH]c2cc(F)ccc12,CCn1cncc1-c1c[nH]c2cc(F)ccc12,229.258,3.1904000000000012,33.61,1,1,2,3,0.1538461538461538,0.323943661971831,0,weak_binder
CHEMBL59749,7150.0,6825.0,5050.0,7950.0,4,c1ccc(CN2CC[C@@H](CNCc3csc(-c4ccccc4)n3)C2)cc1,c1ccc(CN2CC[C@@H](CNCc3csc(-c4ccccc4)n3)C2)cc1,363.5300000000001,4.421800000000003,28.16,1,4,7,4,0.3181818181818182,0.35294117647058826,0,weak_binder
CHEMBL1080907,10000.0,10000.0,10000.0,10000.0,1,Cc1ccccc1-c1ccc(C(=O)N2CCN(C(=O)c3ccc4cc[nH]c4c3)[C@@H](C)C2)cc1,Cc1ccccc1-c1ccc(C(=O)N2CCN(C(=O)c3ccc4cc[nH]c4c3)[C@@H](C)C2)cc1,437.5430000000001,5.1300200000000045,56.41,1,2,3,5,0.2142857142857142,0.2413793103448276,0,weak_binder
CHEMBL297784,10000.0,10000.0,10000.0,10000.0,1,Cn1ccc2cc3c(cc21)CCN3C(=O)Nc1cccnc1,Cn1ccc2cc3c(cc21)CCN3C(=O)Nc1cccnc1,292.342,3.1679000000000004,50.16,1,2,1,4,0.1764705882352941,0.2894736842105263,0,weak_binder
CHEMBL515853,1000000.0,1000000.0,1000000.0,1000000.0,1,COc1cccc(CCc2ccccc2OCCN2CCN(c3cccc(Cl)c3)CC2)c1,COc1cccc(CCc2ccccc2OCCN2CCN(c3cccc(Cl)c3)CC2)c1,451.0100000000002,5.334800000000006,24.940000000000005,0,4,9,4,0.3333333333333333,0.3625,0,weak_binder
CHEMBL217299,2805.0,2805.0,1910.0,3700.0,2,Oc1cc2c(cc1O)C1c3ccccc3CNC1CO2,Oc1cc2c(cc1O)C1c3ccccc3CNC1CO2,269.3,2.0939,61.72,3,4,0,4,0.25,0.25,0,weak_binder
CHEMBL5777028,10000.0,10000.0,10000.0,10000.0,1,Cn1c(CCCCN2CC[C@]3(C[C@H]3c3ccc(C(F)(F)F)cc3)C2)nnc1C1CCOCC1,Cn1c(CCCCN2CC[C@]3(C[C@H]3c3ccc(C(F)(F)F)cc3)C2)nnc1C1CCOCC1,462.5600000000003,4.930200000000005,43.18000000000001,0,4,7,5,0.68,0.4588235294117647,0,weak_binder
CHEMBL1080389,10000.0,10000.0,10000.0,10000.0,1,C[C@H]1CN(C(=O)c2ccc(-c3ccccc3F)cc2)CCN1C(=O)c1ccc2cc[nH]c2c1,C[C@H]1CN(C(=O)c2ccc(-c3ccccc3F)cc2)CCN1C(=O)c1ccc2cc[nH]c2c1,441.5060000000002,4.9607000000000046,56.41,1,2,3,5,0.1851851851851851,0.2413793103448276,0,weak_binder
CHEMBL210318,2700.0,2700.0,2400.0,3000.0,2,c1ccc(N2CCN(Cc3ccc(-n4cccn4)cc3)CC2)cc1,c1ccc(N2CCN(Cc3ccc(-n4cccn4)cc3)CC2)cc1,318.42400000000015,3.1945000000000014,24.3,0,3,4,4,0.25,0.4791666666666667,0,weak_binder
CHEMBL141537,1804.5,1804.5,779.0,2830.0,2,Fc1cccc2c1CC[C@@H](NCc1ccccc1)C2,Fc1cccc2c1CC[C@@H](NCc1ccccc1)C2,255.336,3.472800000000002,12.03,1,1,3,3,0.2941176470588235,0.4666666666666667,0,weak_binder
CHEMBL4846823,1096.24,1096.24,1096.0,1096.48,2,CC1(CCCN2CCN(c3ccccn3)CC2)Cc2cc(Cl)ccc2C1=O,CC1(CCCN2CCN(c3ccccn3)CC2)Cc2cc(Cl)ccc2C1=O,383.9230000000001,4.082500000000003,36.44,0,4,5,4,0.4545454545454545,0.4,0,weak_binder
CHEMBL1923415,7550.0,7550.0,6100.0,9000.0,2,Oc1cc(CN2CCN(c3ccc4c(c3)OCCO4)CC2)ccc1F,Oc1cc(CN2CCN(c3ccc4c(c3)OCCO4)CC2)ccc1F,344.38600000000014,2.6247000000000007,45.17,1,5,3,4,0.3684210526315789,0.373134328358209,0,weak_binder
CHEMBL69356,1800.0,1800.0,1800.0,1800.0,1,Clc1ccc2oc(C3=CCN(Cc4ccccc4)CC3)nc2c1,Clc1ccc2oc(C3=CCN(Cc4ccccc4)CC3)nc2c1,324.8110000000001,4.770500000000004,29.270000000000003,0,3,3,4,0.2105263157894736,0.4,0,weak_binder
CHEMBL654,5454.0,5454.0,5454.0,5454.0,1,CN1CCN2c3ncccc3Cc3ccccc3C2C1,CN1CCN2c3ncccc3Cc3ccccc3C2C1,265.36,2.4789000000000003,19.37,0,3,0,4,0.3529411764705882,0.3076923076923077,0,weak_binder
CHEMBL498566,10000.0,10000.0,10000.0,10000.0,1,CCN(CCc1ccc(OC(F)(F)F)cc1)CCN1CCCC1,CCN(CCc1ccc(OC(F)(F)F)cc1)CCN1CCCC1,330.3940000000002,3.5454000000000025,15.71,0,3,8,2,0.6470588235294118,0.296875,0,weak_binder
CHEMBL5832379,1200.0,1200.0,1200.0,1200.0,1,Cn1cc(CC(=O)N[C@H]2CC[C@H](CCN3CCc4ccc(OCC(F)F)nc4CC3)CC2)c(F)n1,Cn1cc(CC(=O)N[C@H]2CC[C@H](CCN3CCc4ccc(OCC(F)F)nc4CC3)CC2)c(F)n1,493.57400000000024,3.3065000000000007,72.28,1,5,9,4,0.64,0.3979591836734694,0,weak_binder
CHEMBL3775350,1202.0,1728.8,1000.0,3981.07,5,Cn1c(SCCCN2CC3CCN(c4c(F)cc(F)cc4F)C3C2)nnc1-c1ccn(C)c(=O)c1,Cn1c(SCCCN2CC3CCN(c4c(F)cc(F)cc4F)C3C2)nnc1-c1ccn(C)c(=O)c1,504.58200000000016,3.291000000000002,59.19,0,6,7,5,0.4583333333333333,0.4666666666666667,0,weak_binder
CHEMBL543822,2900.0,2900.0,2900.0,2900.0,1,Cl.O=C1CC2(CCN(CCc3ccccc3)CC2)OC=C1c1ccc(F)cc1,O=C1CC2(CCN(CCc3ccccc3)CC2)OC=C1c1ccc(F)cc1,365.4480000000001,4.233300000000003,29.540000000000003,0,3,4,4,0.3478260869565217,0.46153846153846156,0,weak_binder
CHEMBL4548837,10000.0,10000.0,10000.0,10000.0,1,CC(=O)N1CCn2c1nc(C)c2-c1cn(S(=O)(=O)c2ccccc2)c2ccccc12,CC(=O)N1CCn2c1nc(C)c2-c1cn(S(=O)(=O)c2ccccc2)c2ccccc12,420.49400000000014,3.4167200000000024,77.2,0,4,3,5,0.1818181818181818,0.421875,0,weak_binder
CHEMBL2179222,1812.0,1812.0,1812.0,1812.0,1,COc1ccc(S(=O)(=O)n2cc(C)c3cc(Cl)cnc32)cc1NC1CCN(C)CC1,COc1ccc(S(=O)(=O)n2cc(C)c3cc(Cl)cnc32)cc1NC1CCN(C)CC1,448.9760000000003,3.7498200000000024,76.46,1,6,5,4,0.3809523809523809,0.27710843373493976,0,weak_binder
CHEMBL6040751,1900.0,1900.0,1900.0,1900.0,2,Cn1cc2c(C(=O)N[C@H]3CC[C@H](C(O)CN4CCc5ccc(OCC(F)(F)F)nc5CC4)CC3)cccc2n1,Cn1cc2c(C(=O)N[C@H]3CC[C@H](C(O)CN4CCc5ccc(OCC(F)(F)F)nc5CC4)CC3)cccc2n1,545.6060000000002,3.6597000000000026,92.51,2,6,7,5,0.5357142857142857,0.43434343434343436,0,weak_binder
CHEMBL5412995,1550.0,1550.0,1550.0,1550.0,1,COc1ccccc1[C@@H]1C[C@H]1NCCC(C(=O)N(C)C)(c1ccccc1)c1ccccc1,COc1ccccc1[C@@H]1C[C@H]1NCCC(C(=O)N(C)C)(c1ccccc1)c1ccccc1,428.5760000000001,4.605300000000004,41.57,1,3,9,4,0.3214285714285714,0.358974358974359,0,weak_binder
CHEMBL485128,2041.74,2041.74,2041.74,2041.74,1,CCCN1CCO[C@@H]2c3cc4c(cc3CC[C@H]21)COC4=O,CCCN1CCO[C@@H]2c3cc4c(cc3CC[C@H]21)COC4=O,287.359,2.4551000000000007,38.77,0,4,2,4,0.5882352941176471,0.4126984126984127,0,weak_binder
CHEMBL430444,4324.0,4324.0,4324.0,4324.0,1,FC(F)(F)c1ccc(/C=C/COCC2CCN(Cc3ccccc3)CC2)cc1,FC(F)(F)c1ccc(/C=C/COCC2CCN(Cc3ccccc3)CC2)cc1,389.4610000000001,5.647400000000005,12.47,0,2,7,3,0.391304347826087,0.3225806451612903,0,weak_binder
CHEMBL2146597,1258.93,1258.93,1258.93,1258.93,1,O=c1[nH]c2ccccc2n1C1CCN(C2CCCCC2)CC1,O=c1[nH]c2ccccc2n1C1CCN(C2CCCCC2)CC1,299.41800000000006,3.2992000000000017,41.03,1,2,2,4,0.6111111111111112,0.4666666666666667,0,weak_binder
CHEMBL609611,10000.0,10000.0,10000.0,10000.0,1,C[C@H]1Cc2ccc3c(c2O1)-c1cccc2c1[C@@H](C3)N(C)CC2,C[C@H]1Cc2ccc3c(c2O1)-c1cccc2c1[C@@H](C3)N(C)CC2,291.39400000000006,3.762100000000002,12.47,0,2,0,5,0.4,0.45,0,weak_binder
CHEMBL596,21000.0,21000.0,21000.0,21000.0,1,CCC(=O)N(c1ccccc1)C1CCN(CCc2ccccc2)CC1,CCC(=O)N(c1ccccc1)C1CCN(CCc2ccccc2)CC1,336.47900000000004,4.136700000000004,23.550000000000004,0,2,6,3,0.4090909090909091,0.36666666666666664,0,weak_binder
CHEMBL2207492,10820.0,10820.0,10820.0,10820.0,1,CCCN1CCC(n2cnc3ccccc32)CC1,CCCN1CCC(n2cnc3ccccc32)CC1,243.35399999999996,3.0832000000000015,21.06,0,2,3,3,0.5333333333333333,0.38461538461538464,0,weak_binder
CHEMBL331172,10000.0,10000.0,10000.0,10000.0,1,O=C1CCc2ccccc2C12CCN(CCc1ccccc1)CC2,O=C1CCc2ccccc2C12CCN(CCc1ccccc1)CC2,319.44800000000004,3.7782000000000022,20.31,0,2,3,4,0.4090909090909091,0.3114754098360656,0,weak_binder
CHEMBL293341,1700.0,1700.0,1700.0,1700.0,2,Cc1c(-c2ccc(Cl)cc2)noc1C1CCN(CCc2ccccc2)CC1,Cc1c(-c2ccc(Cl)cc2)noc1C1CCN(CCc2ccccc2)CC1,380.9190000000002,5.725520000000006,29.270000000000003,0,3,5,4,0.3478260869565217,0.4090909090909091,0,weak_binder
CHEMBL4446215,10000.0,10000.0,10000.0,10000.0,1,CC(=O)Nc1nc(C)c(-c2cn(S(=O)(=O)c3ccccc3)c3ccccc23)[nH]1,CC(=O)Nc1nc(C)c(-c2cn(S(=O)(=O)c3ccccc3)c3ccccc23)[nH]1,394.4560000000001,3.5352200000000016,96.85,2,4,4,4,0.1,0.47540983606557374,0,weak_binder
CHEMBL4550561,1826.0,1826.0,1826.0,1826.0,1,O=S(=O)(c1ccccc1)N1Cc2cccc(C3CCN(C4CCC4)CC3)c2C1,O=S(=O)(c1ccccc1)N1Cc2cccc(C3CCN(C4CCC4)CC3)c2C1,396.5560000000003,4.123000000000004,40.620000000000005,0,3,4,5,0.4782608695652174,0.30666666666666664,0,weak_binder
CHEMBL289196,10000.0,10000.0,10000.0,10000.0,1,Brc1cccc(OCC2CCN(CC3CC3)CC2)c1,Brc1cccc(OCC2CCN(CC3CC3)CC2)c1,324.2620000000001,3.949900000000003,12.47,0,2,5,3,0.625,0.2727272727272727,0,weak_binder
CHEMBL5639256,1079.0,1079.0,1079.0,1079.0,1,CCC(Oc1cc(C(F)(F)F)ccc1F)c1nc(N)nc(N2CCN(C)CC2)n1,CCC(Oc1cc(C(F)(F)F)ccc1F)c1nc(N)nc(N2CCN(C)CC2)n1,414.40700000000027,2.893600000000002,80.39999999999999,1,7,5,3,0.5,0.2972972972972973,0,weak_binder
CHEMBL3765072,9560.0,9560.0,9120.0,10000.0,2,Cn1c(SCCCN2CCOC(c3ccc(C(F)(F)F)cc3)C2)nnc1-c1ccc(-n2cnnc2)cc1,Cn1c(SCCCN2CCOC(c3ccc(C(F)(F)F)cc3)C2)nnc1-c1ccc(-n2cnnc2)cc1,529.5920000000002,4.637300000000003,73.89,0,7,8,5,0.36,0.45454545454545453,0,weak_binder
CHEMBL3908917,10000.0,10000.0,10000.0,10000.0,1,CN[C@@H]1c2ccc3c(ccn3S(=O)(=O)c3ccccc3)c2[C@@H]1CCO,CN[C@@H]1c2ccc3c(ccn3S(=O)(=O)c3ccccc3)c2[C@@H]1CCO,356.4470000000001,2.6184000000000016,71.33,2,4,5,4,0.2631578947368421,0.3333333333333333,0,weak_binder
CHEMBL542946,10000.0,10000.0,10000.0,10000.0,1,CN1CCC2(CCc3ccccc3C2=O)CC1.Cl,CN1CCC2(CCc3ccccc3C2=O)CC1,229.323,2.5275000000000007,20.31,0,2,0,3,0.5333333333333333,0.3617021276595745,0,weak_binder
CHEMBL180606,2000.0,2000.0,2000.0,2000.0,1,O=S(=O)(c1ccccc1F)n1cc(C2=CCNCC2)c2ccccc21,O=S(=O)(c1ccccc1F)n1cc(C2=CCNCC2)c2ccccc21,356.4220000000001,3.3941000000000017,51.1,1,3,3,4,0.1578947368421052,0.34375,0,weak_binder
CHEMBL3299091,2045.87,2045.87,2041.74,2050.0,2,CC(C)(C)OC(=O)NCCCCCN1CCC(O)(c2ccc(Cl)cc2)CC1,CC(C)(C)OC(=O)NCCCCCN1CCC(O)(c2ccc(Cl)cc2)CC1,396.95900000000006,4.318400000000004,61.8,2,4,7,2,0.6666666666666666,0.46875,0,weak_binder
CHEMBL515472,2686.0,2686.0,2686.0,2686.0,1,COc1c(OCCF)cccc1[C@H](O)C1CCN(CCc2ccc(F)cc2)CC1,COc1c(OCCF)cccc1[C@H](O)C1CCN(CCc2ccc(F)cc2)CC1,405.48500000000024,4.170700000000004,41.93,1,4,9,3,0.4782608695652174,0.3375,0,weak_binder
CHEMBL104063,8053.0,8053.0,8053.0,8053.0,1,O=c1oc2ccccc2n1CCN1CCN(Cc2ccc(Cl)cc2)CC1,O=c1oc2ccccc2n1CCN1CCN(Cc2ccc(Cl)cc2)CC1,371.86800000000005,3.0657000000000014,41.620000000000005,0,4,5,4,0.35,0.39344262295081966,0,weak_binder
CHEMBL5075014,4530.0,4530.0,4530.0,4530.0,1,O=C(NCCCCN1CC[C@]2(c3cccc(O)c3)CCC[C@H]1[C@@H]2O)c1cc2ccccc2[nH]1,O=C(NCCCCN1CC[C@]2(c3cccc(O)c3)CCC[C@H]1[C@@H]2O)c1cc2ccccc2[nH]1,447.57900000000024,3.9406000000000025,88.59,4,4,7,5,0.4444444444444444,0.3711340206185567,0,weak_binder
CHEMBL3642812,3161.0,3161.0,3161.0,3161.0,1,CC(C)(C)Oc1ccc(C(=O)N[C@H]2CC[C@H](CCN3CCN(c4nccc5c4CCO5)CC3)CC2)cc1,CC(C)(C)Oc1ccc(C(=O)N[C@H]2CC[C@H](CCN3CCN(c4nccc5c4CCO5)CC3)CC2)cc1,506.6910000000004,4.6947000000000045,66.93,1,6,7,5,0.6,0.44047619047619047,0,weak_binder
CHEMBL5290570,10000.0,10000.0,10000.0,10000.0,1,CCOC(=O)c1sc2[nH]cn/c(=N\[C@H]3CCN(CC)C3)c2c1C,CCOC(=O)c1sc2[nH]cn/c(=N\[C@H]3CCN(CC)C3)c2c1C,334.44500000000016,2.10442,70.58,1,6,4,3,0.5625,0.23809523809523808,0,weak_binder
CHEMBL5804145,2582.0,2582.0,2582.0,2582.0,2,Cc1ncc2c(=O)n(CCN3CCN(c4nsc5ccccc45)CC3)ccc2n1,Cc1ncc2c(=O)n(CCN3CCN(c4nsc5ccccc45)CC3)ccc2n1,406.51500000000016,2.5318200000000006,67.15,0,7,4,5,0.3333333333333333,0.48,0,weak_binder
CHEMBL311508,1356.0,1356.0,1356.0,1356.0,1,C(#Cc1ccccc1)COC1CCN(CCc2ccccc2)CC1,C(#Cc1ccccc1)COC1CCN(CCc2ccccc2)CC1,319.44800000000004,3.7618000000000023,12.47,0,2,5,3,0.3636363636363636,0.40350877192982454,0,weak_binder
CHEMBL5857085,10000.0,10000.0,10000.0,10000.0,2,O=c1c2cnc(C(F)(F)F)cc2ccn1CCN1CCN(c2noc3ccccc23)CC1,O=c1c2cnc(C(F)(F)F)cc2ccn1CCN1CCN(c2noc3ccccc23)CC1,443.42900000000026,3.378700000000002,67.4,0,6,4,5,0.3181818181818182,0.425,0,weak_binder
CHEMBL498048,1600.0,1600.0,1600.0,1600.0,1,F[C@@H]1CCNC[C@H]1c1c(-c2ccccc2)[nH]c2cc(Cl)ccc12,F[C@@H]1CCNC[C@H]1c1c(-c2ccccc2)[nH]c2cc(Cl)ccc12,328.81800000000004,4.903300000000003,27.82,2,1,2,4,0.2631578947368421,0.4482758620689655,0,weak_binder
CHEMBL2420771,2179.0,2179.0,2179.0,2179.0,1,Clc1ccccc1N1CCN(Cc2cccs2)CC1,Clc1ccccc1N1CCN(Cc2cccs2)CC1,292.83500000000004,3.7237000000000022,6.48,0,3,3,3,0.3333333333333333,0.40476190476190477,0,weak_binder
CHEMBL404888,21000.0,21000.0,21000.0,21000.0,1,COc1cc(CN2CCN(c3ccc(Cl)cc3)CC2)ccc1OCCF,COc1cc(CN2CCN(c3ccc(Cl)cc3)CC2)ccc1OCCF,378.8750000000002,4.0191000000000034,24.94,0,4,7,3,0.4,0.4,0,weak_binder
CHEMBL287078,5000.0,5000.0,5000.0,5000.0,1,Cc1ccc(N2CCN(CCC3NC(=O)c4ccccc43)CC2)cc1,Cc1ccc(N2CCN(CCC3NC(=O)c4ccccc43)CC2)cc1,335.45100000000014,2.9918200000000015,35.58,1,3,4,4,0.3809523809523809,0.40298507462686567,0,weak_binder
CHEMBL3769836,2906.0,2906.0,2906.0,2906.0,1,CC1(c2ccc(F)cc2)NC(=O)N(CC(O)CN2CCN(c3ccccc3)CC2)C1=O,CC1(c2ccc(F)cc2)NC(=O)N(CC(O)CN2CCN(c3ccccc3)CC2)C1=O,426.49200000000025,1.7757999999999998,76.12,2,5,6,4,0.391304347826087,0.34285714285714286,0,weak_binder
CHEMBL1080735,10000.0,10000.0,10000.0,10000.0,1,C[C@H]1CN(C(=O)c2ccc(-c3ccccc3C(F)(F)F)cc2)CCN1C(=O)c1ccc2cc[nH]c2c1,C[C@H]1CN(C(=O)c2ccc(-c3ccccc3C(F)(F)F)cc2)CCN1C(=O)c1ccc2cc[nH]c2c1,491.5130000000002,5.840400000000005,56.41,1,2,3,5,0.2142857142857142,0.23333333333333334,0,weak_binder
CHEMBL4447975,10000.0,10000.0,10000.0,10000.0,1,COc1cc(OC)c2c(c1)OC[C@@]1(C)NCC[C@@H]21,COc1cc(OC)c2c(c1)OC[C@@]1(C)NCC[C@@H]21,249.30999999999997,1.9318,39.72,1,4,2,3,0.5714285714285714,0.20253164556962025,0,weak_binder
CHEMBL1259241,37000.0,37000.0,20000.0,54000.0,2,Cc1ccc(CNCC2(F)CCN(C(=O)c3csc4ccccc34)CC2)nc1,Cc1ccc(CNCC2(F)CCN(C(=O)c3csc4ccccc34)CC2)nc1,397.5190000000001,4.338820000000004,45.23,1,4,5,4,0.3636363636363636,0.29473684210526313,0,weak_binder
CHEMBL4161837,2233.0,2233.0,2233.0,2233.0,1,Cc1ccn(CCN2CCC(Cc3ccccc3F)CC2)n1,Cc1ccn(CCN2CCC(Cc3ccccc3F)CC2)n1,301.4090000000001,3.2853200000000022,21.06,0,2,5,3,0.5,0.2911392405063291,0,weak_binder
CHEMBL5783925,1440.0,1440.0,1440.0,1440.0,1,CCc1cc2c(cc1N1CCN(CC(O)CCCC(=O)c3cc4ccccc4o3)CC1)OCO2,CCc1cc2c(cc1N1CCN(CC(O)CCCC(=O)c3cc4ccccc4o3)CC1)OCO2,464.56200000000024,4.260000000000003,75.38000000000001,1,7,9,5,0.4444444444444444,0.3614457831325301,0,weak_binder
CHEMBL1201192,100000.0,100000.0,100000.0,100000.0,1,NC(=O)C[S@@+]([O-])C(c1ccccc1)c1ccccc1,NC(=O)C[S@@+]([O-])C(c1ccccc1)c1ccccc1,273.357,2.01,66.15,1,2,5,2,0.1333333333333333,0.3148148148148148,0,weak_binder
CHEMBL2432048,10000.0,10000.0,10000.0,10000.0,1,c1ccc(CCN[C@H]2C3C4CC5C6C4CC3C6C52)cc1,c1ccc(CCN[C@H]2C3C4CC5C6C4CC3C6C52)cc1,265.4,2.9651000000000014,12.03,1,1,4,6,0.6842105263157895,0.2413793103448276,0,weak_binder
CHEMBL6017747,2200.0,2200.0,2200.0,2200.0,1,Cn1ncc(CC(=O)N[C@H]2CC[C@](F)(CCN3CCc4nc(OCC(F)F)sc4CC3)CC2)c1F,Cn1ncc(CC(=O)N[C@H]2CC[C@](F)(CCN3CCc4nc(OCC(F)F)sc4CC3)CC2)c1F,517.5930000000003,3.4601000000000024,72.28,1,6,9,4,0.6956521739130435,0.4166666666666667,0,weak_binder
CHEMBL272073,1100.0,1100.0,1100.0,1100.0,1,FCCOc1ccc(CN2CCN(c3ccc(Cl)cc3)CC2)cc1,FCCOc1ccc(CN2CCN(c3ccc(Cl)cc3)CC2)cc1,348.84900000000005,4.010500000000003,15.71,0,3,6,3,0.3684210526315789,0.38181818181818183,0,weak_binder
CHEMBL104,4062.0,4062.0,4062.0,4062.0,1,Clc1ccccc1C(c1ccccc1)(c1ccccc1)n1ccnc1,Clc1ccccc1C(c1ccccc1)(c1ccccc1)n1ccnc1,344.845,5.376700000000004,17.82,0,1,4,4,0.0454545454545454,0.19672131147540983,0,weak_binder
CHEMBL91658,5800.0,5800.0,5800.0,5800.0,2,COc1ccc(CN2CCc3c(c(=O)oc4cc(OC)ccc34)C2)cc1,COc1ccc(CN2CCc3c(c(=O)oc4cc(OC)ccc34)C2)cc1,351.4020000000001,3.3685000000000027,51.91,0,5,4,4,0.2857142857142857,0.3582089552238806,0,weak_binder
CHEMBL5598097,7687.0,7687.0,7687.0,7687.0,1,O=C(NC1CCNCC1)c1ccn(S(=O)(=O)c2cccc(Cl)c2)c1-c1cccc(F)c1,O=C(NC1CCNCC1)c1ccn(S(=O)(=O)c2cccc(Cl)c2)c1-c1cccc(F)c1,461.94600000000014,3.666400000000002,80.2,2,4,5,4,0.2272727272727272,0.32142857142857145,0,weak_binder
CHEMBL46,10000.0,10000.0,10000.0,10000.0,1,Cc1nccn1CC1CCc2c(c3ccccc3n2C)C1=O,Cc1nccn1CC1CCc2c(c3ccccc3n2C)C1=O,293.37000000000006,3.1285200000000017,39.82,0,2,2,4,0.3333333333333333,0.2716049382716049,0,weak_binder
CHEMBL4076086,57101.0,57101.0,57101.0,57101.0,1,Cn1c(SCCCN2CCC3(CC2)CCN(c2cccc(C#N)c2)CC3)nnc1-c1ccccc1,Cn1c(SCCCN2CCC3(CC2)CCN(c2cccc(C#N)c2)CC3)nnc1-c1ccccc1,486.68900000000014,5.2185800000000055,60.98,0,6,7,5,0.4642857142857143,0.4880952380952381,0,weak_binder
CHEMBL197796,10000.0,10000.0,10000.0,10000.0,1,COc1ccc(NC(=O)N2CCN(c3ccc(SC)cc3)CC2)cc1N1CCN(C)CC1,COc1ccc(NC(=O)N2CCN(c3ccc(SC)cc3)CC2)cc1N1CCN(C)CC1,455.6280000000003,3.5230000000000024,51.290000000000006,1,6,5,4,0.4583333333333333,0.36,0,weak_binder
CHEMBL328925,46000.0,46000.0,39000.0,53000.0,2,OCc1cnn2cccc(CN3CCN(c4ccc(Cl)cc4)CC3)c12,OCc1cnn2cccc(CN3CCN(c4ccc(Cl)cc4)CC3)c12,356.8570000000001,2.802200000000001,44.010000000000005,1,4,4,4,0.3157894736842105,0.3389830508474576,0,weak_binder
CHEMBL544533,1460.0,1460.0,1460.0,1460.0,1,Cl.O=C1CC2(CCN(Cc3ccccc3)CC2)OC=C1c1ccccc1,O=C1CC2(CCN(Cc3ccccc3)CC2)OC=C1c1ccccc1,333.4310000000001,4.051700000000003,29.540000000000003,0,3,3,4,0.3181818181818182,0.3898305084745763,0,weak_binder
CHEMBL4746800,11600.0,11600.0,11600.0,11600.0,1,CN(C)CCN1C(=O)c2ccccc2/C=C\c2ccccc21,CN(C)CCN1C(=O)c2ccccc2/C=C\c2ccccc21,292.38200000000006,3.378800000000002,23.55,0,2,3,3,0.2105263157894736,0.3090909090909091,0,weak_binder
CHEMBL185875,6280.0,6280.0,6280.0,6280.0,1,OC(c1ccccc1)c1ccccc1OCCN1CCCC1,OC(c1ccccc1)c1ccccc1OCCN1CCCC1,297.3980000000001,3.2429000000000014,32.7,1,3,6,3,0.3684210526315789,0.36363636363636365,0,weak_binder
CHEMBL21252,1584.89,1584.89,1584.89,1584.89,1,CC(=O)NCCCCN1CCN(c2ccc(Cl)cc2)CC1,CC(=O)NCCCCN1CCN(c2ccc(Cl)cc2)CC1,309.84100000000007,2.3783000000000003,35.580000000000005,1,3,6,2,0.5625,0.4262295081967213,0,weak_binder
CHEMBL545454,2690.0,2690.0,2690.0,2690.0,1,CN(C)CCC1(c2ccccc2)OC=C(c2ccccc2)C1=O.Cl,CN(C)CCC1(c2ccccc2)OC=C(c2ccccc2)C1=O,307.39300000000003,3.474000000000002,29.54,0,3,5,3,0.25,0.3076923076923077,0,weak_binder
CHEMBL146595,1500.0,1500.0,1500.0,1500.0,1,O=S1(=O)c2ccccc2CCC12CCN(CCc1ccc(F)cc1F)CC2,O=S1(=O)c2ccccc2CCC12CCN(CCc1ccc(F)cc1F)CC2,391.483,3.762000000000003,37.38,0,3,3,4,0.4285714285714285,0.2987012987012987,0,weak_binder
CHEMBL1080926,10000.0,10000.0,10000.0,10000.0,1,C[C@H]1CN(C(=O)c2ccc(-c3ccc(F)cc3)cc2)CCN1C(=O)c1ccc2cc[nH]c2c1,C[C@H]1CN(C(=O)c2ccc(-c3ccc(F)cc3)cc2)CCN1C(=O)c1ccc2cc[nH]c2c1,441.5060000000002,4.960700000000004,56.41,1,2,3,5,0.1851851851851851,0.24390243902439024,0,weak_binder
CHEMBL5912674,1071.0,1071.0,1071.0,1071.0,2,Cc1nccc2c1C(=O)N(CCN1CCN(c3noc4ccccc34)CC1)CC2,Cc1nccc2c1C(=O)N(CCN1CCN(c3noc4ccccc34)CC1)CC2,391.4750000000002,2.3517200000000003,65.71000000000001,0,6,4,5,0.4090909090909091,0.42857142857142855,0,weak_binder
CHEMBL2326490,1100.0,1100.0,1100.0,1100.0,1,Nc1nc2cc3c(cc2s1)CCN(C1CC1)CC3,Nc1nc2cc3c(cc2s1)CCN(C1CC1)CC3,259.37799999999993,2.4415000000000004,42.15,1,4,1,4,0.5,0.45614035087719296,0,weak_binder
CHEMBL5722990,10000.0,10000.0,10000.0,10000.0,1,Cc1ccc2nc(CNCCCN3CCOCC3)cc(O)c2c1,Cc1ccc2nc(CNCCCN3CCOCC3)cc(O)c2c1,315.417,2.06072,57.620000000000005,2,5,6,3,0.5,0.275,0,weak_binder
CHEMBL169562,7100.0,7100.0,4200.0,10000.0,2,c1ccc(C2=NC[C@H](N3CCN(c4ccccc4)CC3)CCN2)cc1,c1ccc(C2=NC[C@H](N3CCN(c4ccccc4)CC3)CCN2)cc1,334.4670000000001,2.6173,30.869999999999997,1,4,3,4,0.3809523809523809,0.3448275862068966,0,weak_binder
CHEMBL164950,17500.0,17500.0,15000.0,20000.0,2,CCCN(CCC)C1CCC(=C(C#N)C#N)CC1,CCCN(CCC)C1CCC(=C(C#N)C#N)CC1,245.36999999999995,3.3947600000000024,50.82,0,3,5,1,0.7333333333333333,0.4186046511627907,0,weak_binder
CHEMBL176109,2000.0,2000.0,2000.0,2000.0,1,O=S(=O)(c1ccc(N2CCC2)cc1)C1(F)CCN(CCc2ccc(F)cc2F)CC1,O=S(=O)(c1ccc(N2CCC2)cc1)C1(F)CCN(CCc2ccc(F)cc2F)CC1,438.51500000000016,3.952900000000003,40.620000000000005,0,4,6,4,0.4545454545454545,0.27941176470588236,0,weak_binder
CHEMBL563614,2600.0,2600.0,2300.0,2900.0,2,COc1ccccc1N1CCN(Cc2c(C)nc3cc(C)nc(C)n23)CC1,COc1ccccc1N1CCN(Cc2c(C)nc3cc(C)nc(C)n23)CC1,365.4810000000001,2.985360000000002,45.900000000000006,0,5,4,4,0.4285714285714285,0.4838709677419355,0,weak_binder
CHEMBL5770882,5000.0,5000.0,5000.0,5000.0,2,COc1ccc2[nH]c3c(c2c1)CN(C(=O)NCCCCN1CCN(c2cc(C(C)(C)C)nc(C)n2)CC1)CC3,COc1ccc2[nH]c3c(c2c1)CN(C(=O)NCCCCN1CCN(c2cc(C(C)(C)C)nc(C)n2)CC1)CC3,533.7210000000003,4.242520000000004,89.62,2,6,7,5,0.5666666666666667,0.3804347826086957,0,weak_binder
CHEMBL2030624,10000.0,10000.0,10000.0,10000.0,1,COc1ccc(CN2C3CCC2CC3)cc1OC,COc1ccc(CN2C3CCC2CC3)cc1OC,247.3379999999999,2.8306000000000013,21.700000000000003,0,3,4,3,0.6,0.3142857142857143,0,weak_binder
CHEMBL160932,58500.0,58500.0,58000.0,59000.0,2,Cc1nn2c(C#N)cccc2c1CN1CCN(c2ccc(Cl)cc2)CC1,Cc1nn2c(C#N)cccc2c1CN1CCN(c2ccc(Cl)cc2)CC1,365.86800000000005,3.490000000000002,47.57000000000001,0,4,3,4,0.3,0.36666666666666664,0,weak_binder
CHEMBL104514,10000.0,10000.0,10000.0,10000.0,1,O=C(CN1CCc2ccccc21)N1CCN(Cc2ccc(Cl)cc2)CC1,O=C(CN1CCc2ccccc21)N1CCN(Cc2ccc(Cl)cc2)CC1,369.8960000000001,3.0469000000000017,26.790000000000006,0,3,4,4,0.3809523809523809,0.45161290322580644,0,weak_binder
CHEMBL542646,10000.0,10000.0,10000.0,10000.0,1,CN1C2CCC1CC1(CC(=O)C(c3ccccc3)=CO1)C2.Cl,CN1C2CCC1CC1(CC(=O)C(c3ccccc3)=CO1)C2,283.3710000000001,3.0123000000000015,29.540000000000003,0,3,1,4,0.5,0.29850746268656714,0,weak_binder
CHEMBL1082209,10000.0,10000.0,10000.0,10000.0,1,C[C@H]1CN(C(=O)c2ccc(-c3cccc(C(F)(F)F)c3)cc2)CCN1C(=O)c1ccc2cc[nH]c2c1,C[C@H]1CN(C(=O)c2ccc(-c3cccc(C(F)(F)F)c3)cc2)CCN1C(=O)c1ccc2cc[nH]c2c1,491.5130000000002,5.840400000000005,56.41,1,2,3,5,0.2142857142857142,0.2777777777777778,0,weak_binder
CHEMBL4859988,1939.92,1939.92,1930.0,1949.84,2,CC(=O)Nc1ccc(CCCCN2CCN(c3ccccn3)CC2)cc1,CC(=O)Nc1ccc(CCCCN2CCN(c3ccccn3)CC2)cc1,352.482,3.1849000000000016,48.470000000000006,1,4,7,3,0.4285714285714285,0.4393939393939394,0,weak_binder
CHEMBL107529,3300.0,3300.0,3200.0,3400.0,2,c1ccc(CN2CCC(n3ccc(-c4cnco4)c3)CC2)cc1,c1ccc(CN2CCC(n3ccc(-c4cnco4)c3)CC2)cc1,307.3970000000001,3.980200000000003,34.2,0,3,4,4,0.3157894736842105,0.4,0,weak_binder
CHEMBL521025,1000000.0,1000000.0,1000000.0,1000000.0,1,COc1cccc(CCc2ccccc2OCCN2CCc3ccccc3C2)c1,COc1cccc(CCc2ccccc2OCCN2CCc3ccccc3C2)c1,387.5230000000002,4.917500000000005,21.700000000000003,0,3,8,4,0.3076923076923077,0.3548387096774194,0,weak_binder
CHEMBL4642292,10000.0,10000.0,10000.0,10000.0,1,Cc1nccc2c1C(C)(C)Nc1cc(Br)ccc1-2,Cc1nccc2c1C(C)(C)Nc1cc(Br)ccc1-2,303.20300000000003,4.480120000000003,24.92,1,2,0,3,0.2666666666666666,0.18461538461538463,0,weak_binder
CHEMBL5868052,1200.0,1200.0,1200.0,1200.0,1,Cc1nc(CC(=O)N[C@H]2CC[C@H](CCN3CCc4ccc(O[C@H](C)C(F)(F)F)nc4CC3)CC2)nn1C,Cc1nc(CC(=O)N[C@H]2CC[C@H](CCN3CCc4ccc(O[C@H](C)C(F)(F)F)nc4CC3)CC2)nn1C,522.6160000000002,3.5565200000000017,85.17000000000002,1,6,8,4,0.6923076923076923,0.41237113402061853,0,weak_binder
CHEMBL69759,5147.0,5147.0,5147.0,5147.0,1,NS(=O)(=O)c1ccc(N2CCN(CC[C@@H]3OCCc4ccccc43)CC2)cc1,NS(=O)(=O)c1ccc(N2CCN(CC[C@@H]3OCCc4ccccc43)CC2)cc1,401.53200000000015,2.1601,75.87,1,5,5,4,0.4285714285714285,0.313953488372093,0,weak_binder
CHEMBL1224527,375115.0,375115.0,230.0,750000.0,2,Oc1ccc2c(c1O)C[C@@H](c1ccccc1)[C@@H]1CCNC[C@@H]21,Oc1ccc2c(c1O)C[C@@H](c1ccccc1)[C@@H]1CCNC[C@@H]21,295.382,3.1308000000000007,52.49,3,3,1,4,0.3684210526315789,0.21875,0,weak_binder
CHEMBL497549,10000.0,10000.0,10000.0,10000.0,1,CN(CCc1cccc(OC(F)(F)F)c1)CCN1CCCCC1,CN(CCc1cccc(OC(F)(F)F)c1)CCN1CCCCC1,330.3940000000001,3.5454000000000025,15.71,0,3,7,2,0.6470588235294118,0.3382352941176471,0,weak_binder
CHEMBL485027,3388.44,3388.44,3388.44,3388.44,1,CCCN1CCO[C@@H]2c3cc(C(=O)NCc4ccc(OC)cc4)ccc3CC[C@H]21,CCCN1CCO[C@@H]2c3cc(C(=O)NCc4ccc(OC)cc4)ccc3CC[C@H]21,394.51500000000016,3.7233000000000023,50.8,1,4,6,4,0.4583333333333333,0.37333333333333335,0,weak_binder
CHEMBL326877,9150.0,9150.0,8500.0,9800.0,2,c1ccc(CN2CCC(n3cccc3)CC2)cc1,c1ccc(CN2CCC(n3cccc3)CC2)cc1,240.35,3.3252000000000024,8.17,0,1,3,3,0.375,0.4782608695652174,0,weak_binder
CHEMBL91938,3700.0,3700.0,3700.0,3700.0,2,COc1ccc2c3c(c(=O)oc2c1)CN(Cc1ccc(C(F)(F)F)cc1)CC3,COc1ccc2c3c(c(=O)oc2c1)CN(Cc1ccc(C(F)(F)F)cc1)CC3,389.3730000000001,4.378700000000004,42.68,0,4,3,4,0.2857142857142857,0.30666666666666664,0,weak_binder
CHEMBL143761,28000.0,24400.0,19000.0,28000.0,5,N#Cc1ccc2[nH]c(CN3CCN(c4ccc(F)cc4)CC3)cc2c1,N#Cc1ccc2[nH]c(CN3CCN(c4ccc(F)cc4)CC3)cc2c1,334.3980000000001,3.500880000000002,46.06,1,3,3,4,0.25,0.35294117647058826,0,weak_binder
CHEMBL104238,10000.0,10000.0,10000.0,10000.0,1,O=C(CN1CCN(Cc2ccc(Cl)cc2)CC1)N1CCSc2ccccc21,O=C(CN1CCN(Cc2ccc(Cl)cc2)CC1)N1CCSc2ccccc21,401.96300000000014,3.5965000000000025,26.790000000000006,0,4,4,4,0.3809523809523809,0.4918032786885246,0,weak_binder
CHEMBL217425,5000.0,5000.0,5000.0,5000.0,1,c1ccc(CCc2ccccc2OCc2cccnc2)cc1,c1ccc(CCc2ccccc2OCc2cccnc2)cc1,289.378,4.445800000000003,22.12,0,2,6,3,0.15,0.30158730158730157,0,weak_binder
CHEMBL321557,3400.0,3400.0,3400.0,3400.0,1,COc1cccc2c1CCCC2CCCN1CCN(c2ccc(Cl)cc2)CC1,COc1cccc2c1CCCC2CCCN1CCN(c2ccc(Cl)cc2)CC1,398.97800000000007,5.370900000000005,15.71,0,3,6,4,0.5,0.36764705882352944,0,weak_binder
CHEMBL240886,2000.0,2000.0,2000.0,2000.0,1,[O-][S+](c1ccccc1)c1ccc(/C=C/c2ccc(F)cc2)nc1,[O-][S+](c1ccccc1)c1ccc(/C=C/c2ccc(F)cc2)nc1,323.392,4.557800000000004,35.95,0,2,4,3,0.0,0.22641509433962265,0,weak_binder
CHEMBL77204,10000.0,10000.0,10000.0,10000.0,1,C(=C/c1ccccc1)\COCC1CCN(CC2CC2)CC1,C(=C\c1ccccc1)/COCC1CCN(CC2CC2)CC1,285.431,3.8384000000000023,12.47,0,2,7,3,0.5789473684210527,0.25,0,weak_binder
CHEMBL3752900,1862.09,1862.09,1862.09,1862.09,1,C=CCN(CC=C)CCc1c[nH]c2ccc(Cl)cc12,C=CCN(CC=C)CCc1c[nH]c2ccc(Cl)cc12,274.795,4.0378000000000025,19.03,1,1,7,2,0.25,0.25333333333333335,0,weak_binder
CHEMBL324372,2980.0,2980.0,2980.0,2980.0,1,COc1c(C(C)=O)ccc2c1-c1cccc3c1[C@@H](C2)N(C)CC3,COc1c(C(C)=O)ccc2c1-c1cccc3c1[C@@H](C2)N(C)CC3,307.3930000000001,3.6499000000000024,29.54,0,3,2,4,0.35,0.49206349206349204,0,weak_binder
CHEMBL5903952,1550.0,1550.0,1550.0,1550.0,2,O=C(NCCCCN1CCN(c2ccnc3cc(C(F)(F)F)ccc23)CC1)N1CCN(c2ccccc2)CC1,O=C(NCCCCN1CCN(c2ccnc3cc(C(F)(F)F)ccc23)CC1)N1CCN(c2ccccc2)CC1,540.6340000000001,4.687600000000004,54.95000000000001,1,5,7,5,0.4482758620689655,0.45121951219512196,0,weak_binder
CHEMBL80469,10000.0,10000.0,10000.0,10000.0,1,Clc1ccccc1N1CCN(Cc2nc3ccc[nH]c-3n2)CC1,Clc1ccccc1N1CCN(Cc2nc3ccc[nH]c-3n2)CC1,327.8190000000001,2.8850999999999996,48.05,1,4,3,4,0.2941176470588235,0.3728813559322034,0,weak_binder
CHEMBL4098399,109574.0,109574.0,109574.0,109574.0,1,Cn1c(SCCCN2CC3(CCN3c3ccc(F)cc3)C2)nnc1-c1ccccc1,Cn1c(SCCCN2CC3(CCN3c3ccc(F)cc3)C2)nnc1-c1ccccc1,423.5610000000001,4.068100000000004,37.19,0,5,7,5,0.391304347826087,0.37209302325581395,0,weak_binder
CHEMBL482977,10000.0,10000.0,10000.0,10000.0,1,CCCN1CCO[C@@H]2c3cc(C(=O)O)ccc3CC[C@H]21,CCCN1CCO[C@@H]2c3cc(C(=O)O)ccc3CC[C@H]21,275.348,2.4829000000000008,49.77,1,3,3,3,0.5625,0.45901639344262296,0,weak_binder
CHEMBL2031737,10000.0,10000.0,10000.0,10000.0,1,C[C@@H]1CCCN1CCc1cc2cc(C(=O)c3ccc([N+](=O)[O-])cc3)ccc2o1,C[C@@H]1CCCN1CCc1cc2cc(C(=O)c3ccc([N+](=O)[O-])cc3)ccc2o1,378.4280000000001,4.598800000000004,76.59,0,5,6,4,0.3181818181818182,0.25675675675675674,0,weak_binder
CHEMBL3289642,1545.91,1545.91,1543.0,1548.82,2,O=C1c2ccc(F)cc2CC1CCN1CCN(c2ccc(Cl)cc2)CC1,O=C1c2ccc(F)cc2CC1CCN1CCN(c2ccc(Cl)cc2)CC1,372.8710000000001,4.046400000000003,23.550000000000004,0,3,4,4,0.3809523809523809,0.33766233766233766,0,weak_binder
CHEMBL5855827,3092.0,3092.0,3092.0,3092.0,2,O=C(NCCCCN1CCN(c2ccc3ccccc3n2)CC1)C1CCC(c2ccccc2)CC1,O=C(NCCCCN1CCN(c2ccc3ccccc3n2)CC1)C1CCC(c2ccccc2)CC1,470.6610000000004,5.227200000000005,48.470000000000006,1,4,8,5,0.4666666666666667,0.4507042253521127,0,weak_binder
CHEMBL485028,10000.0,10000.0,10000.0,10000.0,1,CCCN1CCO[C@@H]2c3cc(C(=O)Nc4ccc(OC)cc4)ccc3CC[C@H]21,CCCN1CCO[C@@H]2c3cc(C(=O)Nc4ccc(OC)cc4)ccc3CC[C@H]21,380.48800000000017,4.045600000000003,50.8,1,4,5,4,0.4347826086956521,0.3835616438356164,0,weak_binder
CHEMBL5091335,100000.0,100000.0,100000.0,100000.0,2,Oc1cccc([C@]23CCC[C@H](NCC2)[C@H]3O)c1,Oc1cccc([C@]23CCC[C@H](NCC2)[C@H]3O)c1,233.311,1.5366999999999995,52.489999999999995,3,3,1,3,0.5714285714285714,0.2542372881355932,0,weak_binder
CHEMBL4438349,10000.0,10000.0,10000.0,10000.0,1,Cn1cncc1-c1c[nH]c2ccc(Cl)c(F)c12,Cn1cncc1-c1c[nH]c2ccc(Cl)c(F)c12,249.67599999999996,3.3609000000000018,33.61,1,1,1,3,0.0833333333333333,0.22413793103448276,0,weak_binder
CHEMBL5403404,10000.0,10000.0,10000.0,10000.0,1,CCCN1CCN(c2ccc3c(c2)C(N(C)C(=O)OCc2ccccc2)CCC3)CC1,CCCN1CCN(c2ccc3c(c2)C(N(C)C(=O)OCc2ccccc2)CCC3)CC1,421.5850000000003,4.864600000000005,36.019999999999996,0,4,6,4,0.5,0.3218390804597701,0,weak_binder
CHEMBL1822390,1489.0,1489.0,1489.0,1489.0,1,COc1ccc(C(=O)C2CCN([C@H]3CCN(Cc4ccc(F)cc4)C[C@@H]3O)CC2)cc1,COc1ccc(C(=O)C2CCN([C@H]3CCN(Cc4ccc(F)cc4)C[C@@H]3O)CC2)cc1,426.5320000000001,3.3644000000000025,53.010000000000005,1,5,6,4,0.48,0.3783783783783784,0,weak_binder
CHEMBL5868102,1800.0,1800.0,1800.0,1800.0,2,CC(C)Oc1nc2c(s1)CCN(CC[C@H]1CC[C@H](NC(=O)Cc3cccc4nn(C)cc34)CC1)CC2,CC(C)Oc1nc2c(s1)CCN(CC[C@H]1CC[C@H](NC(=O)Cc3cccc4nn(C)cc34)CC1)CC2,509.7200000000003,4.525400000000004,72.28,1,6,8,5,0.6071428571428571,0.4731182795698925,0,weak_binder
CHEMBL3639416,1935.0,1935.0,1935.0,1935.0,1,Cc1cc2c(c(N3CCN(CC[C@H]4CC[C@H](NC(=O)CC5CCOCC5)CC4)CC3)n1)CCO2,Cc1cc2c(c(N3CCN(CC[C@H]4CC[C@H](NC(=O)CC5CCOCC5)CC4)CC3)n1)CCO2,470.6580000000005,3.3287200000000015,66.93,1,6,7,5,0.7777777777777778,0.42168674698795183,0,weak_binder
CHEMBL2420776,10000.0,10000.0,10000.0,10000.0,1,Clc1ccc(N2CCN(Cc3cccs3)CC2)cc1,Clc1ccc(N2CCN(Cc3cccs3)CC2)cc1,292.83500000000004,3.7237000000000022,6.48,0,3,3,3,0.3333333333333333,0.3582089552238806,0,weak_binder
CHEMBL5799726,1100.0,1100.0,1100.0,1100.0,2,Cc1nc(CC(=O)N[C@H]2CC[C@H](CCN3CCc4ccc(OCC(F)(F)F)nc4CC3)OC2)no1,Cc1nc(CC(=O)N[C@H]2CC[C@H](CCN3CCc4ccc(OCC(F)(F)F)nc4CC3)OC2)no1,497.5180000000002,2.41132,102.61,1,8,8,4,0.6521739130434783,0.42424242424242425,0,weak_binder
CHEMBL603485,3900.0,3900.0,3900.0,3900.0,1,CCOC(=O)Nc1ccc2c(c1)CC[C@H]1[C@H]2c2cc(O)c(Cl)cc2CCN1C,CCOC(=O)Nc1ccc2c(c1)CC[C@H]1[C@H]2c2cc(O)c(Cl)cc2CCN1C,400.9060000000001,4.548600000000005,61.8,2,4,2,4,0.4090909090909091,0.4810126582278481,0,weak_binder
CHEMBL6055069,1800.0,1800.0,1800.0,1800.0,1,Cc1ncc(CC(=O)N[C@H]2CC[C@H](CCN3CCc4ccc(CCC(F)(F)F)nc4CC3)CC2)cn1,Cc1ncc(CC(=O)N[C@H]2CC[C@H](CCN3CCc4ccc(CCC(F)(F)F)nc4CC3)CC2)cn1,503.6130000000003,4.383320000000004,71.01,1,5,8,4,0.6296296296296297,0.44565217391304346,0,weak_binder
CHEMBL277937,1995.26,1995.26,1995.26,1995.26,1,CC(C)(C)C(=O)NCCCCN1CCN(c2ccc(F)cc2)CC1,CC(C)(C)C(=O)NCCCCN1CCN(c2ccc(F)cc2)CC1,335.46700000000004,2.890200000000001,35.580000000000005,1,3,6,2,0.631578947368421,0.4126984126984127,0,weak_binder
CHEMBL4216263,4872.5,4872.5,4847.0,4898.0,2,CCn1cncc1-c1c[nH]c2ccc(I)cc12,CCn1cncc1-c1c[nH]c2ccc(I)cc12,337.16400000000004,3.6559000000000017,33.61,1,1,2,3,0.1538461538461538,0.21518987341772153,0,weak_binder
CHEMBL272602,4600.0,4600.0,4500.0,4700.0,2,Oc1ccccc1N1CCN(Cc2cnn3ccccc23)CC1,Oc1ccccc1N1CCN(Cc2cnn3ccccc23)CC1,308.3850000000001,2.3621,44.010000000000005,1,4,3,4,0.2777777777777778,0.359375,0,weak_binder
CHEMBL5722994,10000.0,10000.0,10000.0,10000.0,1,O=c1cc(CNC[C@@H](O)c2ccccc2)[nH]c2ccc(F)cc12,O=c1cc(CNC[C@@H](O)c2ccccc2)[nH]c2ccc(F)cc12,312.34400000000005,2.4904,65.12,3,3,5,3,0.1666666666666666,0.25,0,weak_binder
CHEMBL5996970,2200.0,2200.0,2200.0,2200.0,1,Cc1nc(CC(=O)N[C@H]2CC[C@](F)(CCN3CCc4nc(OCCC(F)(F)F)sc4CC3)CC2)no1,Cc1nc(CC(=O)N[C@H]2CC[C@](F)(CCN3CCc4nc(OCCC(F)(F)F)sc4CC3)CC2)no1,533.5920000000002,3.9662200000000025,93.38,1,8,9,4,0.7391304347826086,0.4329896907216495,0,weak_binder
CHEMBL2432039,5675.0,5675.0,5675.0,5675.0,1,C1C2C3CC4C2C2C1C3[C@H](NCC13C5C6C7C5C1C7C63)C42,C1C2C3CC4C2C2C1C3[C@H](NCC13C5C6C7C5C1C7C63)C42,277.411,2.0902,12.03,1,1,3,11,1.0,0.10909090909090909,0,weak_binder
CHEMBL3322999,13567.0,13567.0,13567.0,13567.0,3,O=C(NCCCCN1CCN(c2cc(C(F)(F)F)nc3ccccc23)CC1)c1cn2ccccc2n1,O=C(NCCCCN1CCN(c2cc(C(F)(F)F)nc3ccccc23)CC1)c1cn2ccccc2n1,496.53700000000026,4.233500000000003,65.77000000000001,1,5,7,5,0.3461538461538461,0.4625,0,weak_binder
CHEMBL4476520,10000.0,10000.0,10000.0,10000.0,1,CCn1cncc1-c1c[nH]c2ccc(OC(F)(F)F)cc12,CCn1cncc1-c1c[nH]c2ccc(OC(F)(F)F)cc12,295.264,3.949900000000002,42.84,1,2,3,3,0.2142857142857142,0.2597402597402597,0,weak_binder
CHEMBL5280364,22000.0,22000.0,22000.0,22000.0,1,CCOC(=O)c1[nH]c2ccc(F)cc2c1CN1CCN(c2ccccc2)CC1,CCOC(=O)c1[nH]c2ccc(F)cc2c1CN1CCN(c2ccccc2)CC1,381.45100000000014,3.805900000000003,48.57000000000001,1,4,5,4,0.3181818181818182,0.421875,0,weak_binder
CHEMBL1334465,9765.62,9765.62,9765.62,9765.62,1,Cc1cc(NC(=O)Nc2ccc(N(C)C)cc2)c2cc(F)cc(F)c2n1,Cc1cc(NC(=O)Nc2ccc(N(C)C)cc2)c2cc(F)cc(F)c2n1,356.3760000000001,4.531420000000003,57.260000000000005,2,3,3,3,0.1578947368421052,0.2564102564102564,0,weak_binder
CHEMBL316983,1526.0,2498.25,41.0,6900.0,8,CCCN(CCC)[C@H]1CCn2c(C=O)ccc2C1,CCCN(CCC)[C@H]1CCn2c(C=O)ccc2C1,248.37,2.737400000000001,25.24,0,2,6,2,0.6666666666666666,0.38,0,weak_binder
CHEMBL3764191,8326.64,8326.64,7943.28,8710.0,2,Cn1c(SCCCN2CCOC(c3ccc(C(F)(F)F)cc3)C2)nnc1-c1ccsc1,Cn1c(SCCCN2CCOC(c3ccc(C(F)(F)F)cc3)C2)nnc1-c1ccsc1,468.5700000000001,5.1181000000000045,43.18,0,6,7,4,0.4285714285714285,0.46511627906976744,0,weak_binder
CHEMBL3818200,1450.72,1450.72,1445.44,1456.0,2,N#Cc1ccc(C(=O)CCCN2CCc3ccccc3C2)cc1,N#Cc1ccc(C(=O)CCCN2CCc3ccccc3C2)cc1,304.39300000000003,3.579480000000003,44.1,0,3,5,3,0.3,0.4153846153846154,0,weak_binder
CHEMBL541055,10000.0,10000.0,10000.0,10000.0,1,CN1C2CCC1CC1(C2)OC=C(c2ccccc2)C1=O.Cl,CN1C2CCC1CC1(C2)OC=C(c2ccccc2)C1=O,269.34400000000005,2.622200000000001,29.54,0,3,1,4,0.4705882352941176,0.4166666666666667,0,weak_binder
CHEMBL65896,1160.0,1160.0,1010.0,1310.0,2,COc1cccc2c1CC[C@@H](NCc1ccccc1)C2,COc1cccc2c1CC[C@@H](NCc1ccccc1)C2,267.372,3.3423000000000016,21.26,1,2,4,3,0.3333333333333333,0.4406779661016949,0,weak_binder
CHEMBL140006,39500.0,39500.0,36000.0,43000.0,2,N#Cc1ccc2[nH]c(CN3CCN(c4ccc(Cl)c(Cl)c4)CC3)cc2c1,N#Cc1ccc2[nH]c(CN3CCN(c4ccc(Cl)c(Cl)c4)CC3)cc2c1,385.2980000000002,4.668580000000004,46.06,1,3,3,4,0.25,0.3709677419354839,0,weak_binder
CHEMBL5923691,1900.0,1900.0,1900.0,1900.0,1,Cn1ncc(CC(=O)N[C@H]2CC[C@](F)(CCN3CCc4nc(OCC(F)F)sc4CC3)CC2)n1,Cn1ncc(CC(=O)N[C@H]2CC[C@](F)(CCN3CCc4nc(OCC(F)F)sc4CC3)CC2)n1,500.5910000000003,2.716000000000001,85.17,1,7,9,4,0.7272727272727273,0.43617021276595747,0,weak_binder
CHEMBL2420770,10000.0,10000.0,10000.0,10000.0,1,Fc1ccccc1N1CCN(Cc2cccs2)CC1,Fc1ccccc1N1CCN(Cc2cccs2)CC1,276.38000000000005,3.2094000000000023,6.48,0,3,3,3,0.3333333333333333,0.38596491228070173,0,weak_binder
CHEMBL108157,1207.0,1207.0,1207.0,1207.0,1,O=c1sc2ccccc2n1CCN1CCN(Cc2ccc(Cl)cc2)CC1,O=c1sc2ccccc2n1CCN1CCN(Cc2ccc(Cl)cc2)CC1,387.936,3.534200000000002,28.480000000000004,0,4,5,4,0.35,0.3709677419354839,0,weak_binder
CHEMBL3335535,100000.0,100000.0,100000.0,100000.0,1,c1ccc(CCC2CN(Cc3nc4ccccc4[nH]3)CCO2)cc1,c1ccc(CCC2CN(Cc3nc4ccccc4[nH]3)CCO2)cc1,321.42400000000015,3.3965000000000014,41.150000000000006,1,3,5,4,0.35,0.30303030303030304,0,weak_binder
CHEMBL4167807,5044.0,5044.0,5044.0,5044.0,1,CCCc1nc(CN2CC[C@H](c3ccccc3)C2)cs1,CCCc1nc(CN2CC[C@H](c3ccccc3)C2)cs1,286.444,4.085100000000003,16.130000000000003,0,3,5,3,0.4705882352941176,0.3684210526315789,0,weak_binder
CHEMBL157910,10000.0,10000.0,10000.0,10000.0,1,COc1ccc(S(=O)(=O)Nc2cc(Cl)cc(Cl)c2Cl)cc1N1CCNCC1,COc1ccc(S(=O)(=O)Nc2cc(Cl)cc(Cl)c2Cl)cc1N1CCNCC1,450.7750000000003,3.865800000000002,70.67,2,5,5,3,0.2941176470588235,0.3333333333333333,0,weak_binder
CHEMBL3765266,10000.0,10000.0,10000.0,10000.0,2,Cc1nc(-c2ccc(-c3nnc(SCCCN4CCOC(c5ccc(C(F)(F)F)cc5)C4)n3C)cc2)no1,Cc1nc(-c2ccc(-c3nnc(SCCCN4CCOC(c5ccc(C(F)(F)F)cc5)C4)n3C)cc2)no1,544.6030000000002,5.4150200000000055,82.10000000000001,0,8,8,5,0.3846153846153846,0.449438202247191,0,weak_binder
CHEMBL2207495,12495.0,12495.0,12160.0,12830.0,2,CCCN1CCC(N2C(=O)C(=O)c3ccccc32)CC1,CCCN1CCC(N2C(=O)C(=O)c3ccccc32)CC1,272.34800000000007,2.0903,40.620000000000005,0,3,3,3,0.5,0.37735849056603776,0,weak_binder
CHEMBL544055,100000.0,100000.0,100000.0,100000.0,1,CN1CCC2(CC1)CC(=O)C(c1ccc(F)cc1)=CO2.Cl,CN1CCC2(CC1)CC(=O)C(c1ccc(F)cc1)=CO2,275.32300000000004,2.620400000000001,29.540000000000003,0,3,1,3,0.4375,0.36507936507936506,0,weak_binder
CHEMBL5278957,10000.0,10000.0,10000.0,10000.0,1,CC(C)N1C[C@H](C)[C@H](NC(=O)c2cc3ccc(Br)cc3[nH]2)C1,CC(C)N1C[C@H](C)[C@H](NC(=O)c2cc3ccc(Br)cc3[nH]2)C1,364.287,3.388900000000002,48.13,2,2,3,3,0.4705882352941176,0.28888888888888886,0,weak_binder
CHEMBL1779059,10000.0,10000.0,10000.0,10000.0,1,COc1ccc(CCN2C3C4C5CC6C7C5C3C7C2(O)C64)cc1OCCc1ccccc1,COc1ccc(CCN2C3C4C5CC6C7C5C3C7C2(O)C64)cc1OCCc1ccccc1,429.56000000000023,3.6197000000000026,41.93000000000001,1,4,8,9,0.5714285714285714,0.3055555555555556,0,weak_binder
CHEMBL5722961,10000.0,10000.0,10000.0,10000.0,1,Cc1ccc2[nH]c(CNCc3csc(-c4ncccn4)n3)cc(=O)c2c1,Cc1ccc2[nH]c(CNCc3csc(-c4ncccn4)n3)cc(=O)c2c1,363.4460000000001,3.0398200000000015,83.56,2,6,5,4,0.1578947368421052,0.20224719101123595,0,weak_binder
CHEMBL2031885,10000.0,10000.0,10000.0,10000.0,1,C[C@@H]1CCCN1CCN1CCc2cc(-c3ccc(C(=O)N4CCCC4)cc3)ccc2C1=O,C[C@@H]1CCCN1CCN1CCc2cc(-c3ccc(C(=O)N4CCCC4)cc3)ccc2C1=O,431.58000000000027,4.072200000000003,43.86,0,3,5,5,0.4814814814814814,0.29545454545454547,0,weak_binder
CHEMBL283353,2515.4449999999997,2515.4449999999997,2511.89,2519.0,2,CCC(C)(C)C(=O)NCCN1CCN(c2ccc(Cl)cc2)CC1,CCC(C)(C)C(=O)NCCN1CCN(c2ccc(Cl)cc2)CC1,337.89500000000004,3.014400000000002,35.580000000000005,1,3,6,2,0.6111111111111112,0.36231884057971014,0,weak_binder
CHEMBL140165,2100.0,2100.0,1800.0,2400.0,2,N#Cc1ccc2[nH]cc(CN3CCN(c4ccc(F)cc4)CC3)c2c1,N#Cc1ccc2[nH]cc(CN3CCN(c4ccc(F)cc4)CC3)c2c1,334.3980000000001,3.500880000000002,46.06,1,3,3,4,0.25,0.3424657534246575,0,weak_binder
CHEMBL457891,1000000.0,1000000.0,1000000.0,1000000.0,1,COc1cccc(CCc2ccccc2OCCN2CCN(c3cccc(C(F)(F)F)c3)CC2)c1,COc1cccc(CCc2ccccc2OCCN2CCN(c3cccc(C(F)(F)F)c3)CC2)c1,484.56200000000024,5.700200000000006,24.940000000000005,0,4,9,4,0.3571428571428571,0.43037974683544306,0,weak_binder
CHEMBL4444268,10000.0,10000.0,10000.0,10000.0,1,Cn1cncc1-c1c[nH]c2ccc(C(N)=O)c(F)c12,Cn1cncc1-c1c[nH]c2ccc(C(N)=O)c(F)c12,258.256,1.8064,76.69999999999999,2,2,2,3,0.0769230769230769,0.2361111111111111,0,weak_binder
CHEMBL4548041,2362.0,2362.0,2362.0,2362.0,1,CN1CCN(c2nc(N)nc(COc3ccccc3Cl)n2)CC1,CN1CCN(c2nc(N)nc(COc3ccccc3Cl)n2)CC1,334.8110000000001,1.4379999999999995,80.4,1,7,4,3,0.4,0.35294117647058826,0,weak_binder
CHEMBL5933510,10000.0,10000.0,10000.0,10000.0,1,Cn1c(SCCCN2CC[C@]3(C[C@@H]3c3ccccc3)C2)nnc1C1CCOCC1,Cn1c(SCCCN2CC[C@]3(C[C@@H]3c3ccccc3)C2)nnc1C1CCOCC1,412.60300000000024,4.0709000000000035,43.18000000000001,0,5,7,5,0.6521739130434783,0.4878048780487805,0,weak_binder
CHEMBL3923145,2450.0,2450.0,2450.0,2450.0,1,O=C(CCOCCN1CCN(c2ccccc2-c2ccccc2)CC1)NCc1ccncc1,O=C(CCOCCN1CCN(c2ccccc2-c2ccccc2)CC1)NCc1ccncc1,444.5790000000002,3.593700000000002,57.7,1,5,10,4,0.3333333333333333,0.4782608695652174,0,weak_binder
CHEMBL3764212,15492.465,15492.465,15136.0,15848.93,2,Cn1c(SCCCN2CCOC(c3ccc(C(F)(F)F)cc3)C2)nnc1-c1cccc(C(N)=O)c1,Cn1c(SCCCN2CCOC(c3ccc(C(F)(F)F)cc3)C2)nnc1-c1cccc(C(N)=O)c1,505.5660000000002,4.155500000000003,86.27000000000001,1,6,8,4,0.375,0.43010752688172044,0,weak_binder
CHEMBL302186,18250.0,18250.0,13500.0,23000.0,2,c1ccc(CN2CCC(NCc3csc(-c4ccccc4)n3)CC2)cc1,c1ccc(CN2CCC(NCc3csc(-c4ccccc4)n3)CC2)cc1,363.5300000000001,4.564300000000004,28.16,1,4,6,4,0.3181818181818182,0.42592592592592593,0,weak_binder
CHEMBL3358506,3412.0,3412.0,3412.0,3412.0,1,Cc1cccc(N2CCN(CCCCNC(=O)[C@H]3CCc4ccccc4N3)CC2)c1,Cc1cccc(N2CCN(CCCCNC(=O)[C@H]3CCc4ccccc4N3)CC2)c1,406.5740000000002,3.4403200000000016,47.61,2,4,7,4,0.48,0.38961038961038963,0,weak_binder
CHEMBL4590839,3494.0,3494.0,3494.0,3494.0,1,CCCN(CCCCNC(=O)c1cc2ccccc2[nH]1)CC1CC1c1cccc(F)c1.Cl,CCCN(CCCCNC(=O)c1cc2ccccc2[nH]1)CC1CC1c1cccc(F)c1,421.5600000000002,5.332700000000005,48.13,2,2,11,4,0.4230769230769231,0.4666666666666667,0,weak_binder
CHEMBL292759,3981.07,3981.07,3981.07,3981.07,1,COc1ccc(NS(=O)(=O)c2ccc(Br)cc2)cc1N1CCN(C)CC1,COc1ccc(NS(=O)(=O)c2ccc(Br)cc2)cc1N1CCN(C)CC1,440.3630000000002,3.010300000000001,61.88,1,5,5,3,0.3333333333333333,0.43283582089552236,0,weak_binder
CHEMBL4750607,4020.0,4020.0,4020.0,4020.0,1,OC(Cc1ccccc1)CN1CCC(NCCSC(c2ccc(F)cc2)c2ccc(F)cc2)CC1,OC(Cc1ccccc1)CN1CCC(NCCSC(c2ccc(F)cc2)c2ccc(F)cc2)CC1,496.66700000000014,5.445000000000005,35.5,2,4,11,4,0.3793103448275862,0.49206349206349204,0,weak_binder
CHEMBL5597355,10770.0,10770.0,10770.0,10770.0,1,O=S(=O)(c1cccc(NC2CCNCC2)c1)n1cccc1-c1ccccc1,O=S(=O)(c1cccc(NC2CCNCC2)c1)n1cccc1-c1ccccc1,381.501,3.5560000000000027,63.13,2,4,5,4,0.238095238095238,0.26582278481012656,0,weak_binder
CHEMBL49502,1593.935,1593.935,897.0,2290.87,2,N#Cc1ccccc1N1CCN(CNC(=O)c2cccc(Cl)c2)CC1,N#Cc1ccccc1N1CCN(CNC(=O)c2cccc(Cl)c2)CC1,354.8410000000001,2.7211800000000013,59.370000000000005,1,4,4,3,0.2631578947368421,0.3918918918918919,0,weak_binder
CHEMBL307444,10000.0,10000.0,10000.0,10000.0,1,C(=C\c1ccccc1)\COCC1CCN(Cc2ccccc2)CC1,C(=C/c1ccccc1)/COCC1CCN(Cc2ccccc2)CC1,321.464,4.628600000000004,12.47,0,2,7,3,0.3636363636363636,0.37037037037037035,0,weak_binder
CHEMBL549638,4100.0,4100.0,3500.0,4700.0,2,Cc1cc2nc(C)c(CN3CCN(c4ccc(F)cc4)CC3)n2c(C)n1,Cc1cc2nc(C)c(CN3CCN(c4ccc(F)cc4)CC3)n2c(C)n1,353.4450000000001,3.1158600000000014,36.67,0,4,3,4,0.4,0.3508771929824561,0,weak_binder
CHEMBL2336289,3890.535,3890.535,3800.0,3981.07,2,CCCN1CCC(c2cccc(S(=O)(=O)C3CCCC3)c2)CC1,CCCN1CCC(c2cccc(S(=O)(=O)C3CCCC3)c2)CC1,335.5130000000002,3.992300000000004,37.38,0,3,5,3,0.6842105263157895,0.4107142857142857,0,weak_binder
CHEMBL477820,10000.0,10000.0,10000.0,10000.0,1,Cc1ccc(N2CCN([C@@H](C)[C@H]3C[C@]3(C)c3ccccc3)CC2)c(C)c1,Cc1ccc(N2CCN([C@@H](C)[C@H]3C[C@]3(C)c3ccccc3)CC2)c(C)c1,348.53400000000016,4.791740000000005,6.48,0,2,4,4,0.5,0.3013698630136986,0,weak_binder
CHEMBL370364,1720.0,1720.0,1720.0,1720.0,1,Cc1ccc(-c2cc3c(=O)n(CCN4CCN(c5ccccc5Cl)CC4)c(=O)[nH]c3[nH]2)cc1,Cc1ccc(-c2cc3c(=O)n(CCN4CCN(c5ccccc5Cl)CC4)c(=O)[nH]c3[nH]2)cc1,463.96900000000016,3.4689200000000016,77.13,2,4,5,5,0.28,0.47761194029850745,0,weak_binder
CHEMBL1277565,2243.0,2243.0,2243.0,2243.0,1,Cn1nc(S(=O)(=O)c2cccc3ccccc23)c2cc(N3CCNCC3)ccc21,Cn1nc(S(=O)(=O)c2cccc3ccccc23)c2cc(N3CCNCC3)ccc21,406.51100000000025,2.9689000000000014,67.23,1,5,3,5,0.2272727272727272,0.31645569620253167,0,weak_binder
CHEMBL329126,1170.0,1170.0,1170.0,1170.0,2,COc1ccc2c3c(c(=O)oc2c1)CN(Cc1ccc(C)cc1)CC3,COc1ccc2c3c(c(=O)oc2c1)CN(Cc1ccc(C)cc1)CC3,335.4030000000001,3.6683200000000022,42.68,0,4,3,4,0.2857142857142857,0.34285714285714286,0,weak_binder
CHEMBL303538,53750.0,53750.0,48500.0,59000.0,2,N#CC(C#N)=Cc1ccc(CN2CCN(c3ccc(Cl)cc3)CC2)[nH]1,N#CC(C#N)=Cc1ccc(CN2CCN(c3ccc(Cl)cc3)CC2)[nH]1,351.841,3.420860000000001,69.85,1,4,4,3,0.2631578947368421,0.27631578947368424,0,weak_binder
CHEMBL319005,1600.0,1600.0,1600.0,1600.0,1,COc1cccc(CC2NCCc3c2[nH]c2ccccc32)c1,COc1cccc(CC2NCCc3c2[nH]c2ccccc32)c1,292.382,3.6060000000000016,37.05,2,2,3,4,0.2631578947368421,0.28169014084507044,0,weak_binder
CHEMBL4162279,1690.0,1690.0,1690.0,1690.0,1,CC1(c2ccccc2)NC(=O)N(CC(O)CN2CCN(c3ccccc3C#N)CC2)C1=O.Cl,CC1(c2ccccc2)NC(=O)N(CC(O)CN2CCN(c3ccccc3C#N)CC2)C1=O,433.5120000000002,1.5083799999999998,99.91,2,6,6,4,0.375,0.32098765432098764,0,weak_binder
CHEMBL518931,565000.0,565000.0,565000.0,565000.0,1,COc1cccc(CCc2ccccc2OCCCN2CCN(C)CC2)c1,COc1cccc(CCc2ccccc2OCCCN2CCN(C)CC2)c1,368.5210000000002,3.4967000000000024,24.940000000000005,0,4,9,3,0.4782608695652174,0.37681159420289856,0,weak_binder
CHEMBL154244,10000.0,10000.0,10000.0,10000.0,1,COc1cc2c(cc1OC)C(=O)CC(CN1CCN(c3ccccn3)CC1)C2,COc1cc2c(cc1OC)C(=O)CC(CN1CCN(c3ccccn3)CC1)C2,381.4760000000001,2.666100000000001,54.900000000000006,0,6,5,4,0.4545454545454545,0.4057971014492754,0,weak_binder
CHEMBL457921,655000.0,655000.0,655000.0,655000.0,1,COc1cccc(CCc2ccccc2OCCCN2CCN(c3ccc(F)cc3)CC2)c1,COc1cccc(CCc2ccccc2OCCCN2CCN(c3ccc(F)cc3)CC2)c1,448.5820000000002,5.210600000000006,24.940000000000005,0,4,10,4,0.3571428571428571,0.42028985507246375,0,weak_binder
CHEMBL387250,2500.0,2500.0,2500.0,2500.0,1,Oc1cc2c(cc1O)[C@H]1c3ccccc3CN[C@@H]1CO2,Oc1cc2c(cc1O)[C@H]1c3ccccc3CN[C@@H]1CO2,269.3,2.0939,61.72,3,4,0,4,0.25,0.25,0,weak_binder
CHEMBL238875,13350.0,13350.0,13350.0,13350.0,1,COc1ccccc1N(C(C)=O)C1CCN(CCCCNC(=O)c2ccc3ccccc3c2)CC1,COc1ccccc1N(C(C)=O)C1CCN(CCCCNC(=O)c2ccc3ccccc3c2)CC1,473.61700000000025,4.875900000000004,61.88,1,4,9,4,0.3793103448275862,0.45,0,weak_binder
CHEMBL244946,4933.08,4933.08,316.23,9549.93,2,Cc1ccc2c(-c3nnc(SCCCN4CCc5ccc(-c6cc(C)nn6C)cc5CC4)n3C)cccc2n1,Cc1ccc2c(-c3nnc(SCCCN4CCc5ccc(-c6cc(C)nn6C)cc5CC4)n3C)cccc2n1,537.7370000000002,5.630640000000005,64.66,0,6,7,6,0.3548387096774194,0.3069306930693069,0,weak_binder
CHEMBL146620,1500.0,1500.0,1500.0,1500.0,1,O=C(CN1CCC(S(=O)(=O)c2ccccc2)CC1)c1ccc(F)cc1,O=C(CN1CCC(S(=O)(=O)c2ccccc2)CC1)c1ccc(F)cc1,361.4380000000001,2.9467000000000017,54.45,0,4,5,3,0.3157894736842105,0.3870967741935484,0,weak_binder
CHEMBL5892027,1211.0,1211.0,1211.0,1211.0,2,Cc1cc2c(cn1)C(=O)N(CCN1CCN(c3noc4ccccc34)CC1)CC2(C)C,Cc1cc2c(cn1)C(=O)N(CCN1CCN(c3noc4ccccc34)CC1)CC2(C)C,419.5290000000002,3.0868200000000012,65.71000000000001,0,6,4,5,0.4583333333333333,0.4074074074074074,0,weak_binder
CHEMBL6053280,2788.0,2788.0,2788.0,2788.0,2,O=C(NCCCCN1CCN(c2ccnc3cc(Cl)ccc23)CC1)N1CCC(c2ccccc2)CC1,O=C(NCCCCN1CCN(c2ccnc3cc(Cl)ccc23)CC1)N1CCC(c2ccccc2)CC1,506.0940000000004,5.379600000000005,51.71000000000001,1,4,7,5,0.4482758620689655,0.3875,0,weak_binder
CHEMBL5289845,10000.0,10000.0,10000.0,10000.0,2,O=c1cc(CNC[C@@H](CO)Cc2ccsc2)[nH]c2ccc(F)cc12,O=c1cc(CNC[C@@H](CO)Cc2ccsc2)[nH]c2ccc(F)cc12,346.4270000000001,2.6695,65.12,3,4,7,3,0.2777777777777778,0.22,0,weak_binder
CHEMBL5905127,1400.0,1400.0,1400.0,1400.0,1,Cc1ncc(CC(=O)N[C@H]2CC[C@](F)(CCN3CCc4nc(OCC(F)F)sc4CC3)CC2)o1,Cc1ncc(CC(=O)N[C@H]2CC[C@](F)(CCN3CCc4nc(OCC(F)F)sc4CC3)CC2)o1,500.5870000000003,3.8839200000000034,80.49000000000001,1,7,9,4,0.6956521739130435,0.41836734693877553,0,weak_binder
CHEMBL3764245,8428.14,8428.14,7943.28,8913.0,2,Cn1c(SCCCN2CCOC(c3ccc(C(F)(F)F)cc3)C2)nnc1C1CCCCC1,Cn1c(SCCCN2CCOC(c3ccc(C(F)(F)F)cc3)C2)nnc1C1CCCCC1,468.5890000000003,5.437300000000005,43.18,0,5,7,4,0.6521739130434783,0.475,0,weak_binder
CHEMBL5961668,1800.0,1800.0,1800.0,1800.0,1,Cc1nc(CC(=O)N[C@H]2CC[C@H](CCN3CCc4nc(CCC(F)(F)F)sc4CC3)CC2)no1,Cc1nc(CC(=O)N[C@H]2CC[C@H](CCN3CCc4nc(CCC(F)(F)F)sc4CC3)CC2)no1,499.60300000000024,4.037820000000003,84.15,1,7,8,4,0.7391304347826086,0.4772727272727273,0,weak_binder
CHEMBL5722958,10000.0,10000.0,10000.0,10000.0,1,CN(CCCc1nccn1C)Cc1cc(O)c2cccc(Cl)c2n1,CN(CCCc1nccn1C)Cc1cc(O)c2cccc(Cl)c2n1,344.846,3.3919000000000024,54.18000000000001,1,4,6,3,0.3333333333333333,0.24390243902439024,0,weak_binder
CHEMBL603752,10000.0,10000.0,10000.0,10000.0,1,C=CCc1ccc2c(c1O)-c1cc(OC)cc3c1[C@@H](C2)N(C)CC3,C=CCc1ccc2c(c1O)-c1cc(OC)cc3c1[C@@H](C2)N(C)CC3,321.42000000000013,3.881400000000003,32.7,1,3,3,4,0.3333333333333333,0.42857142857142855,0,weak_binder
CHEMBL1080556,10000.0,10000.0,10000.0,10000.0,1,C[C@H]1CN(C(=O)c2ccc(-c3ccccc3Cl)cc2)CCN1C(=O)c1ccc2cc[nH]c2c1,C[C@H]1CN(C(=O)c2ccc(-c3ccccc3Cl)cc2)CCN1C(=O)c1ccc2cc[nH]c2c1,457.9610000000002,5.475000000000005,56.41,1,2,3,5,0.1851851851851851,0.23863636363636365,0,weak_binder
CHEMBL64376,1680.0,1680.0,1060.0,2300.0,2,c1ccc(-c2nc(CN3CCN(c4ccccc4)CC3)cs2)cc1,c1ccc(-c2nc(CN3CCN(c4ccccc4)CC3)cs2)cc1,335.47600000000006,4.132300000000003,19.370000000000005,0,4,4,4,0.25,0.42857142857142855,0,weak_binder
CHEMBL5094927,100000.0,100000.0,100000.0,100000.0,1,CCC(=O)N1CCC(c2ccccc2)(c2ccccc2)C1,CCC(=O)N1CCC(c2ccccc2)(c2ccccc2)C1,279.3830000000001,3.615000000000003,20.31,0,1,3,3,0.3157894736842105,0.2727272727272727,0,weak_binder
CHEMBL2312227,10000.0,10000.0,10000.0,10000.0,1,COc1ccccc1OCCNCC1COCC(c2ccccc2)(c2ccccc2)O1,COc1ccccc1OCCNCC1COCC(c2ccccc2)(c2ccccc2)O1,419.521,4.022800000000003,48.95,1,5,9,4,0.3076923076923077,0.4,0,weak_binder
CHEMBL5723018,10000.0,10000.0,10000.0,10000.0,1,C[C@@H](Cc1cncs1)NCc1cc(=O)c2cc(F)ccc2[nH]1,C[C@@H](Cc1cncs1)NCc1cc(=O)c2cc(F)ccc2[nH]1,317.389,2.844500000000001,57.78,2,4,5,3,0.25,0.22448979591836735,0,weak_binder
CHEMBL284716,1072.0,1072.0,1072.0,1072.0,1,CCCN(C/C=C/I)C1CCc2cccc(O)c2C1,CCCN(C/C=C/I)C1CCc2cccc(O)c2C1,371.2620000000001,3.9102000000000032,23.47,1,2,5,2,0.5,0.49056603773584906,0,weak_binder
CHEMBL91273,5800.0,5800.0,5800.0,5800.0,2,COc1ccc2c3c(c(=O)oc2c1)CN(Cc1ccc(F)cc1)CC3,COc1ccc2c3c(c(=O)oc2c1)CN(Cc1ccc(F)cc1)CC3,339.36600000000004,3.4990000000000023,42.68,0,4,3,4,0.25,0.32051282051282054,0,weak_binder
CHEMBL5410716,1491.0,1491.0,1491.0,1491.0,1,CCCCCCOc1cc2c(cc1O)[C@@H]1Cc3ccc(O)c(OC)c3CN1CC2,CCCCCCOc1cc2c(cc1O)[C@@H]1Cc3ccc(O)c(OC)c3CN1CC2,397.5150000000002,4.7210000000000045,62.16,2,5,7,4,0.5,0.4925373134328358,0,weak_binder
CHEMBL2443262,83200.0,83200.0,83200.0,83200.0,1,COc1ccsc1CNCC[C@@]1(c2ccccn2)CCOC2(CCCC2)C1,COc1ccsc1CNCC[C@@]1(c2ccccn2)CCOC2(CCCC2)C1,386.5610000000003,4.692600000000004,43.379999999999995,1,5,7,4,0.5909090909090909,0.23595505617977527,0,weak_binder
CHEMBL391661,3162.28,3162.28,3162.28,3162.28,1,Cc1ccc2c(OCCN3CCC(Cc4cc5c(cc4F)OCC(=O)N5)CC3)cc(Cl)cc2n1,Cc1ccc2c(OCCN3CCC(Cc4cc5c(cc4F)OCC(=O)N5)CC3)cc(Cl)cc2n1,483.97100000000023,5.000120000000004,63.690000000000005,1,5,6,5,0.3846153846153846,0.4222222222222222,0,weak_binder
CHEMBL57478,5500.0,5500.0,5500.0,5500.0,1,CC1CCN(Cc2c[nH]c3ccccc23)CC1,CC1CCN(Cc2c[nH]c3ccccc23)CC1,228.33899999999997,3.3998000000000017,19.03,1,1,2,3,0.4666666666666667,0.47368421052631576,0,weak_binder
CHEMBL6437,2197.0,2197.0,2197.0,2197.0,1,CN1CCN2c3ccccc3Cc3ccccc3C2C1,CN1CCN2c3ccccc3Cc3ccccc3C2C1,264.372,3.0839000000000016,6.48,0,2,0,4,0.3333333333333333,0.3111111111111111,0,weak_binder
CHEMBL541817,10000.0,10000.0,10000.0,10000.0,1,Cl.O=C1C(c2ccccc2)=COC12CCNCC2,O=C1C(c2ccccc2)=COC12CCNCC2,229.2789999999999,1.749,38.33,1,3,1,3,0.3571428571428571,0.45454545454545453,0,weak_binder
CHEMBL476839,10000.0,10000.0,10000.0,10000.0,1,COc1c(OCCF)cccc1C(O)C1CCN(CCc2ccc(C)cc2)CC1,COc1c(OCCF)cccc1C(O)C1CCN(CCc2ccc(C)cc2)CC1,401.5220000000003,4.3400200000000035,41.93,1,4,9,3,0.5,0.30120481927710846,0,weak_binder
CHEMBL4577162,1421.0,1421.0,1421.0,1421.0,1,CCCN(CCCCNC(=O)c1cc2ccccc2[nH]1)CC1CC1c1cc(Cl)ccc1OC.Cl,CCCN(CCCCNC(=O)c1cc2ccccc2[nH]1)CC1CC1c1cc(Cl)ccc1OC,468.0410000000003,5.855600000000005,57.36,2,3,12,4,0.4444444444444444,0.4270833333333333,0,weak_binder
CHEMBL5980018,1900.0,1900.0,1900.0,1900.0,1,Cc1ncc(CC(=O)N[C@H]2CC[C@H](CCN3CCc4ccc(N5CC(F)(F)C5)nc4CC3)CC2)s1,Cc1ncc(CC(=O)N[C@H]2CC[C@H](CCN3CCc4ccc(N5CC(F)(F)C5)nc4CC3)CC2)s1,503.6630000000003,4.010220000000003,61.36000000000001,1,6,7,5,0.6538461538461539,0.4725274725274725,0,weak_binder
CHEMBL543277,9724.0,9724.0,9724.0,9724.0,1,C(=C/c1cc(CCCCN2CCN(c3ccccc3)CC2)on1)\c1ccccc1.Cl,C(=C\c1cc(CCCCN2CCN(c3ccccc3)CC2)on1)/c1ccccc1,387.52700000000016,4.989900000000005,32.510000000000005,0,4,8,4,0.32,0.3870967741935484,0,weak_binder
CHEMBL103772,2240.0,2036.72,36.1,3630.78,4,c1ccc(-c2nc(CN3CCN(c4ncccn4)CC3)c[nH]2)cc1,c1ccc(-c2nc(CN3CCN(c4ncccn4)CC3)c[nH]2)cc1,320.40000000000003,2.1889000000000003,60.940000000000005,1,5,4,4,0.2777777777777778,0.3283582089552239,0,weak_binder
CHEMBL2420778,2167.0,2167.0,2167.0,2167.0,1,Oc1ccc(N2CCN(Cc3cccs3)CC2)cc1,Oc1ccc(N2CCN(Cc3cccs3)CC2)cc1,274.389,2.775900000000001,26.71,1,4,3,3,0.3333333333333333,0.421875,0,weak_binder
CHEMBL514286,427000.0,427000.0,427000.0,427000.0,1,COc1cccc(CCc2ccccc2OCCN2CCN(c3ccccc3OC)CC2)c1,COc1cccc(CCc2ccccc2OCCN2CCN(c3ccccc3OC)CC2)c1,446.5910000000003,4.690000000000005,34.17,0,5,10,4,0.3571428571428571,0.47761194029850745,0,weak_binder
CHEMBL348617,10000.0,10000.0,10000.0,10000.0,1,COc1ccc2c(c1)CC(CN1CCN(c3ccccn3)CC1)CC2=O,COc1ccc2c(c1)CC(CN1CCN(c3ccccn3)CC1)CC2=O,351.45000000000016,2.6575000000000006,45.67,0,5,4,4,0.4285714285714285,0.3835616438356164,0,weak_binder
CHEMBL4163778,1165.0,1165.0,1165.0,1165.0,1,COc1ccc(C2(C)NC(=O)N(CC(O)CN3CCN(c4ccccc4OC)CC3)C2=O)cc1.Cl,COc1ccc(C2(C)NC(=O)N(CC(O)CN3CCN(c4ccccc4OC)CC3)C2=O)cc1,468.55400000000026,1.6538999999999997,94.57999999999998,2,7,8,4,0.44,0.3875,0,weak_binder
CHEMBL2326487,3900.0,3900.0,3900.0,3900.0,1,Nc1nc2cc3c(cc2s1)CCNCC3,Nc1nc2cc3c(cc2s1)CCNCC3,219.31299999999993,1.5667,50.94,2,4,0,3,0.3636363636363636,0.4666666666666667,0,weak_binder
CHEMBL321405,1100.0,1100.0,1100.0,1100.0,1,CS(=O)(=O)c1ccc(CSc2nc3ccccc3n2Cc2ccc(Cl)cc2)cc1,CS(=O)(=O)c1ccc(CSc2nc3ccccc3n2Cc2ccc(Cl)cc2)cc1,442.99300000000017,5.433800000000005,51.96,0,4,6,4,0.1363636363636363,0.40298507462686567,0,weak_binder
CHEMBL5423250,1310.0,1310.0,1310.0,1310.0,1,FC(F)(F)c1cccc(N2CCN(CCCOC3(c4ccccn4)CCOC4(CCCC4)C3)CC2)n1,FC(F)(F)c1cccc(N2CCN(CCCOC3(c4ccccn4)CCOC4(CCCC4)C3)CC2)n1,504.5970000000004,5.042800000000004,50.72,0,6,7,5,0.6296296296296297,0.4936708860759494,0,weak_binder
CHEMBL604102,2910.0,2910.0,2910.0,2910.0,1,N[C@@H]1CCN(c2ccc3[nH]nc(S(=O)(=O)c4cccc5ccccc45)c3c2)C1,N[C@@H]1CCN(c2ccc3[nH]nc(S(=O)(=O)c4cccc5ccccc45)c3c2)C1,392.4840000000001,3.086300000000002,92.07999999999998,2,5,3,5,0.1904761904761904,0.3375,0,weak_binder
CHEMBL3792751,10000.0,10000.0,10000.0,10000.0,2,Fc1ccc2c(CN3CCO[C@H](COc4cccc(Cl)n4)C3)c[nH]c2c1,Fc1ccc2c(CN3CCO[C@H](COc4cccc(Cl)n4)C3)c[nH]c2c1,375.8310000000002,3.635200000000001,50.38,1,4,5,4,0.3157894736842105,0.3146067415730337,0,weak_binder
CHEMBL3938498,10000.0,10000.0,10000.0,10000.0,1,O=S(=O)(c1ccccc1)n1ccc2cc3c(cc21)[C@H]1CCNCC[C@@H]31,O=S(=O)(c1ccccc1)n1ccc2cc3c(cc21)[C@H]1CCNCC[C@@H]31,352.4590000000001,3.4425000000000017,51.1,1,3,2,5,0.3,0.2876712328767123,0,weak_binder
CHEMBL353220,15000.0,15000.0,14000.0,16000.0,2,COc1ccc(Br)cc1C1=NCC[C@@H](CN2CCN(c3ccccc3)CC2)N1,COc1ccc(Br)cc1C1=NCC[C@@H](CN2CCN(c3ccccc3)CC2)N1,443.38900000000024,3.3884000000000016,40.1,1,5,5,4,0.4090909090909091,0.323943661971831,0,weak_binder
CHEMBL141343,5587.0,5587.0,5587.0,5587.0,1,Cc1c(C)c2c(c(C)c1O)CCC(C)(CN1CCN(c3cc(N4CCCC4)nc(N4CCCC4)n3)CC1)O2,Cc1c(C)c2c(c(C)c1O)CCC(C)(CN1CCN(c3cc(N4CCCC4)nc(N4CCCC4)n3)CC1)O2,520.7220000000004,4.213760000000003,68.2,1,8,5,6,0.6666666666666666,0.25609756097560976,0,weak_binder
CHEMBL194206,10000.0,10000.0,10000.0,10000.0,1,COc1ccc(NC(=O)N2CCN(c3ccc(F)cc3)CC2)cc1N1CCN(C)CC1,COc1ccc(NC(=O)N2CCN(c3ccc(F)cc3)CC2)cc1N1CCN(C)CC1,427.5240000000003,2.9402000000000017,51.290000000000006,1,5,4,4,0.4347826086956521,0.352112676056338,0,weak_binder
CHEMBL391192,300000.0,300000.0,300000.0,300000.0,1,COc1cc2c(cc1OC)CN(/C=N/c1ccc3c(c1)C(O)CC3)CC2,COc1cc2c(cc1OC)CN(/C=N/c1ccc3c(c1)C(O)CC3)CC2,352.43400000000014,3.4015000000000013,54.290000000000006,1,4,4,4,0.3809523809523809,0.2962962962962963,0,weak_binder
CHEMBL3642790,2365.4,2365.4,2365.4,2365.4,1,COC(CCC(=O)N[C@H]1CC[C@H](CCN2CCN(c3nccc4c3CCO4)CC2)CC1)OC,COC(CCC(=O)N[C@H]1CC[C@H](CCN2CCN(c3nccc4c3CCO4)CC2)CC1)OC,460.6190000000004,2.6027000000000005,76.16000000000001,1,7,10,4,0.76,0.4457831325301205,0,weak_binder
CHEMBL243794,1400.0,1400.0,1400.0,1400.0,1,CC(=O)Nc1cccc(C2CCN(CCCC(=O)c3ccc(Cl)cc3)CC2)c1,CC(=O)Nc1cccc(C2CCN(CCCC(=O)c3ccc(Cl)cc3)CC2)c1,398.9340000000001,5.140900000000005,49.41,1,3,7,3,0.391304347826087,0.4,0,weak_binder
CHEMBL6142486,100000.0,100000.0,100000.0,100000.0,1,O=c1[nH]c2c(c(=O)n1Cc1ccc(C(F)(F)F)cc1)CN(Cc1cccc([N+](=O)[O-])c1)CC2,O=c1[nH]c2c(c(=O)n1Cc1ccc(C(F)(F)F)cc1)CN(Cc1cccc([N+](=O)[O-])c1)CC2,460.41200000000026,3.0702000000000016,101.24,1,5,5,4,0.2727272727272727,0.2413793103448276,0,weak_binder
CHEMBL317825,10000.0,10000.0,10000.0,10000.0,1,CC(C)n1ncc2c1-c1c(Cl)sc(Cl)c1CCC2,CC(C)n1ncc2c1-c1c(Cl)sc(Cl)c1CCC2,301.24200000000013,4.988000000000003,17.82,0,2,1,3,0.4615384615384615,0.37254901960784315,0,weak_binder
CHEMBL244004,6100.0,6100.0,6100.0,6100.0,1,CC(=O)Nc1cccc(C2CCN(CCCC(=O)c3ccc(C)c(C)c3)CC2)c1,CC(=O)Nc1cccc(C2CCN(CCCC(=O)c3ccc(C)c(C)c3)CC2)c1,392.5430000000001,5.104340000000005,49.41,1,3,7,3,0.44,0.36363636363636365,0,weak_binder
CHEMBL485720,114000.0,114000.0,114000.0,114000.0,1,COc1cccc(CCc2ccccc2OCCCN2CCc3ccccc3C2)c1,COc1cccc(CCc2ccccc2OCCCN2CCc3ccccc3C2)c1,401.5500000000002,5.307600000000005,21.700000000000003,0,3,9,4,0.3333333333333333,0.3582089552238806,0,weak_binder
CHEMBL4474827,5561.0,5561.0,5561.0,5561.0,1,Cn1cncc1-c1c[nH]c2ccc(C(N)=O)cc12,Cn1cncc1-c1c[nH]c2ccc(C(N)=O)cc12,240.26599999999996,1.6672999999999998,76.69999999999999,2,2,2,3,0.0769230769230769,0.2926829268292683,0,weak_binder
CHEMBL4526012,1862.0,1862.0,1862.0,1862.0,1,Cn1cncc1-c1c[nH]c2ccc(Br)cc12,Cn1cncc1-c1c[nH]c2ccc(Br)cc12,276.137,3.3309000000000015,33.61,1,1,1,3,0.0833333333333333,0.2537313432835821,0,weak_binder
CHEMBL5722957,10000.0,10000.0,10000.0,10000.0,1,O=c1cc(CNC[C@@H](O)c2ccccn2)[nH]c2ccc(F)cc12,O=c1cc(CNC[C@@H](O)c2ccccn2)[nH]c2ccc(F)cc12,313.33200000000005,1.8853999999999995,78.00999999999999,3,4,5,3,0.1764705882352941,0.24358974358974358,0,weak_binder
CHEMBL219179,10000.0,10000.0,10000.0,10000.0,2,Oc1ccc(N2CCN(Cc3nc4ccccc4[nH]3)CC2)nc1,Oc1ccc(N2CCN(Cc3nc4ccccc4[nH]3)CC2)nc1,309.3730000000001,1.9857,68.28,2,5,3,4,0.2941176470588235,0.4090909090909091,0,weak_binder
CHEMBL5845230,1800.0,1800.0,1800.0,1800.0,2,Cn1cc(CC(=O)N[C@H]2CC[C@H](CCN3CCc4sc(COC(F)(F)F)nc4C3)CC2)cn1,Cn1cc(CC(=O)N[C@H]2CC[C@H](CCN3CCc4sc(COC(F)(F)F)nc4C3)CC2)cn1,485.5760000000002,3.5789000000000017,72.28,1,6,8,4,0.6818181818181818,0.48314606741573035,0,weak_binder
CHEMBL6006928,10000.0,10000.0,10000.0,10000.0,1,Cn1c(CCCCN2CC[C@]3(CC3c3ccc(C(F)(F)F)cc3)C2)nnc1C1CCOCC1,Cn1c(CCCCN2CC[C@]3(CC3c3ccc(C(F)(F)F)cc3)C2)nnc1C1CCOCC1,462.5600000000003,4.930200000000005,43.18000000000001,0,4,7,5,0.68,0.4588235294117647,0,weak_binder
CHEMBL4462820,10000.0,10000.0,10000.0,10000.0,1,CCn1cncc1-c1c[nH]c2ccc(Br)c(F)c12,CCn1cncc1-c1c[nH]c2ccc(Br)c(F)c12,308.15400000000005,3.9529000000000014,33.61,1,1,2,3,0.1538461538461538,0.20253164556962025,0,weak_binder
CHEMBL116372,2983.5,2983.5,47.0,5920.0,2,CCCN(CCC)C1COc2ccc3nc(N)sc3c2C1,CCCN(CCC)C1COc2ccc3nc(N)sc3c2C1,305.44700000000006,3.304000000000001,51.379999999999995,1,5,5,3,0.5625,0.4727272727272727,0,weak_binder
CHEMBL458002,4897.79,4897.79,4897.79,4897.79,1,Cc1ccc(Cn2ncc(N3CCNCC3)c(Cl)c2=O)cc1NC(=O)c1ccc(-c2ccccc2)cc1,Cc1ccc(Cn2ncc(N3CCNCC3)c(Cl)c2=O)cc1NC(=O)c1ccc(-c2ccccc2)cc1,514.0290000000002,4.582320000000004,79.26,2,5,6,5,0.2068965517241379,0.2708333333333333,0,weak_binder
CHEMBL5908812,3878.0,3878.0,3878.0,3878.0,2,Cc1cc(N2CCN(CCCCNC(=O)N3CCN(c4ccccc4)CC3)CC2)nc(C(F)(F)F)n1,Cc1cc(N2CCN(CCCCNC(=O)N3CCN(c4ccccc4)CC3)CC2)nc(C(F)(F)F)n1,505.5890000000002,3.237820000000002,67.84,1,6,7,4,0.56,0.48,0,weak_binder
CHEMBL277669,1584.89,1584.89,1584.89,1584.89,1,CC(C)(C)C(=O)NCCCCN1CCN(c2ccc(Br)cc2)CC1,CC(C)(C)C(=O)NCCCCN1CCN(c2ccc(Br)cc2)CC1,396.3730000000001,3.513600000000002,35.580000000000005,1,3,6,2,0.631578947368421,0.47619047619047616,0,weak_binder
CHEMBL1632174,10000.0,10000.0,10000.0,10000.0,1,O=C(O)CCCCCN1CCC(CNC(=O)c2c3n(c4ccccc24)CCCO3)CC1,O=C(O)CCCCCN1CCC(CNC(=O)c2c3n(c4ccccc24)CCCO3)CC1,427.5450000000003,3.510600000000003,83.8,2,4,9,4,0.5833333333333334,0.29411764705882354,0,weak_binder
CHEMBL3961596,2511.89,2511.89,2511.89,2511.89,1,CNCC1Cc2cc3ccn(S(=O)(=O)c4cccc5ccccc45)c3cc21,CNCC1Cc2cc3ccn(S(=O)(=O)c4cccc5ccccc45)c3cc21,376.4810000000001,3.8906000000000023,51.1,1,3,4,5,0.1818181818181818,0.25,0,weak_binder
CHEMBL290351,5000.0,5000.0,5000.0,5000.0,1,O=C1NC(CCN2CCN(c3ccc(Cl)cc3)CC2)c2ccccc21,O=C1NC(CCN2CCN(c3ccc(Cl)cc3)CC2)c2ccccc21,355.8690000000002,3.336800000000002,35.580000000000005,1,3,4,4,0.35,0.3548387096774194,0,weak_binder
CHEMBL2432050,10000.0,10000.0,10000.0,10000.0,1,Fc1cccc(CCCN[C@H]2C3C4CC5C6C4CC3C6C52)c1,Fc1cccc(CCCN[C@H]2C3C4CC5C6C4CC3C6C52)c1,297.41700000000003,3.494300000000002,12.03,1,1,5,6,0.7,0.2465753424657534,0,weak_binder
CHEMBL485727,1000000.0,1000000.0,1000000.0,1000000.0,1,COc1cccc(CCc2ccccc2OCCCCN2CCc3cc(OC)c(OC)cc3C2)c1,COc1cccc(CCc2ccccc2OCCCCN2CCc3cc(OC)c(OC)cc3C2)c1,475.6290000000003,5.714900000000006,40.16,0,5,12,4,0.4,0.3246753246753247,0,weak_binder
CHEMBL4742201,65300.0,65300.0,65300.0,65300.0,1,CN(C)CCN1C(=O)c2ccccc2N(C)C(=O)c2ccccc21,CN(C)CCN1C(=O)c2ccccc2N(C)C(=O)c2ccccc21,323.3960000000001,2.4850000000000003,43.86,0,3,3,3,0.2631578947368421,0.32075471698113206,0,weak_binder
CHEMBL5278853,4900.0,4900.0,4900.0,4900.0,1,N#Cc1[nH]c2ccccc2c1CN1CCN(c2ccccc2)CC1,N#Cc1[nH]c2ccccc2c1CN1CCN(c2ccccc2)CC1,316.408,3.361780000000002,46.06,1,3,3,4,0.25,0.37735849056603776,0,weak_binder
CHEMBL5768282,1700.0,1700.0,1700.0,1700.0,1,COC(CN1CCc2ccc(OCC(F)(F)F)nc2CC1)[C@H]1CC[C@H](NC(=O)Cc2cnc(C)o2)CC1,COC(CN1CCc2ccc(OCC(F)(F)F)nc2CC1)[C@H]1CC[C@H](NC(=O)Cc2cnc(C)o2)CC1,524.5840000000003,3.652420000000002,89.72000000000001,1,7,9,4,0.6538461538461539,0.42424242424242425,0,weak_binder
CHEMBL4778076,19100.0,19100.0,19100.0,19100.0,1,O=C1c2ccccc2/C=C\c2ccccc2N1CCCN1CCOCC1,O=C1c2ccccc2/C=C\c2ccccc2N1CCCN1CCOCC1,348.4460000000002,3.539500000000002,32.78,0,3,4,4,0.3181818181818182,0.423728813559322,0,weak_binder
CHEMBL6058309,2000.0,2000.0,2000.0,2000.0,1,Cn1ncc(CC(=O)N[C@H]2CC[C@H](CCN3CCc4ccc(OCC(F)F)nc4CC3)CC2)n1,Cn1ncc(CC(=O)N[C@H]2CC[C@H](CCN3CCc4ccc(OCC(F)F)nc4CC3)CC2)n1,476.57200000000023,2.5624,85.17,1,6,9,4,0.6666666666666666,0.43157894736842106,0,weak_binder
CHEMBL310985,1900.0,1900.0,1900.0,1900.0,1,c1ccc(CCN2CCN(c3cc(-c4ccccc4)[nH]n3)CC2)cc1,c1ccc(CCN2CCN(c3cc(-c4ccccc4)[nH]n3)CC2)cc1,332.4510000000001,3.4414000000000016,35.16,1,3,5,4,0.2857142857142857,0.43636363636363634,0,weak_binder
CHEMBL5934939,1100.0,1100.0,1100.0,1100.0,1,Cn1ncc(CC(=O)N[C@H]2CC[C@H](CCN3CCc4ccc(CCC(F)(F)F)nc4CC3)CC2)c1F,Cn1ncc(CC(=O)N[C@H]2CC[C@H](CCN3CCc4ccc(CCC(F)(F)F)nc4CC3)CC2)c1F,509.5920000000002,4.157500000000003,63.05,1,4,8,4,0.6538461538461539,0.43478260869565216,0,weak_binder
CHEMBL37169,5000.0,5000.0,5000.0,5000.0,1,O=C1NC(CCN2CCN(c3ccc4ccccc4c3)CC2)c2ccccc21,O=C1NC(CCN2CCN(c3ccc4ccccc4c3)CC2)c2ccccc21,371.4840000000002,3.8366000000000025,35.580000000000005,1,3,4,5,0.2916666666666667,0.35135135135135137,0,weak_binder
CHEMBL1076586,10000.0,10000.0,10000.0,10000.0,1,O=C(c1ccc(-c2ccccc2)cc1)N1CCN(C(=O)c2ccc3cc[nH]c3c2)CC1,O=C(c1ccc(-c2ccccc2)cc1)N1CCN(C(=O)c2ccc3cc[nH]c3c2)CC1,409.48900000000015,4.433100000000003,56.41,1,2,3,5,0.1538461538461538,0.2571428571428571,0,weak_binder
CHEMBL2062849,1700.0,1700.0,1700.0,1700.0,1,CCN(CC)[C@H]1[C@H](CO)[C@@H]2CN(Cc3ccccc3)[C@@H](c3ccccc3)[C@@H]21,CCN(CC)[C@H]1[C@H](CO)[C@@H]2CN(Cc3ccccc3)[C@@H](c3ccccc3)[C@@H]21,364.5330000000001,3.8084000000000024,26.71,1,3,7,4,0.5,0.2361111111111111,0,weak_binder
CHEMBL5285358,8800.0,8800.0,8800.0,8800.0,1,O/N=C/c1c(CN2CCN(c3ccccc3)CC2)[nH]c2ccccc12,O/N=C/c1c(CN2CCN(c3ccccc3)CC2)[nH]c2ccccc12,334.42300000000006,3.298200000000002,54.86000000000001,2,4,4,4,0.25,0.3508771929824561,0,weak_binder
CHEMBL484599,1202.26,1202.26,1202.26,1202.26,1,CCCN1CCO[C@@H]2c3cc(C(N)=O)ccc3CC[C@H]21,CCCN1CCO[C@@H]2c3cc(C(N)=O)ccc3CC[C@H]21,274.364,1.8836,55.56,1,3,3,3,0.5625,0.45161290322580644,0,weak_binder
CHEMBL4571469,10000.0,10000.0,10000.0,10000.0,1,CCc1nc(NC(C)=O)[nH]c1-c1cn(S(=O)(=O)c2ccccc2)c2ccc(OC)cc12,CCc1nc(NC(C)=O)[nH]c1-c1cn(S(=O)(=O)c2ccccc2)c2ccc(OC)cc12,438.5090000000002,3.7978000000000023,106.08,2,5,6,4,0.1818181818181818,0.35135135135135137,0,weak_binder
CHEMBL544114,10509.5,10509.5,19.0,21000.0,2,Br.C=CCN1CCc2c(cc(O)c(O)c2Br)C(c2ccccc2)C1,C=CCN1CCc2c(cc(O)c(O)c2Br)C(c2ccccc2)C1,374.2780000000001,4.036300000000004,43.7,2,3,3,3,0.2631578947368421,0.3709677419354839,0,weak_binder
CHEMBL25887,1200.0,1200.0,1200.0,1200.0,1,Cc1nnn(C2CCN(Cc3ccccc3)CC2)c1-c1ccccc1,Cc1nnn(C2CCN(Cc3ccccc3)CC2)c1-c1ccccc1,332.451,4.090620000000003,33.95,0,3,4,4,0.3333333333333333,0.46296296296296297,0,weak_binder
CHEMBL3890882,15848.93,15848.93,15848.93,15848.93,1,CN[C@@H]1c2cc3ccn(S(=O)(=O)c4ccccc4)c3cc2[C@H]1CCO,CN[C@@H]1c2cc3ccn(S(=O)(=O)c4ccccc4)c3cc2[C@H]1CCO,356.4470000000001,2.6184000000000016,71.33,2,4,5,4,0.2631578947368421,0.2923076923076923,0,weak_binder
CHEMBL542700,4480.0,4480.0,160.0,8800.0,2,Cl.Oc1cc2c(cc1O)C(c1ccccc1)CNCC2,Oc1cc2c(cc1O)C(c1ccccc1)CNCC2,255.317,2.3754,52.49,3,3,1,3,0.25,0.44,0,weak_binder
CHEMBL156851,23000.0,23000.0,21000.0,25000.0,2,C#Cc1cccc2c(CN3CCN(c4ccc(Cl)cc4)CC3)c(C)nn12,C#Cc1cccc2c(CN3CCN(c4ccc(Cl)cc4)CC3)c(C)nn12,364.8800000000001,3.5996200000000025,23.78,0,3,3,4,0.2857142857142857,0.36666666666666664,0,weak_binder
CHEMBL507727,1600.0,1600.0,1600.0,1600.0,1,COC(=O)c1[nH]c2cc(F)ccc2c1[C@@H]1CNCC[C@H]1F,COC(=O)c1[nH]c2cc(F)ccc2c1[C@@H]1CNCC[C@H]1F,294.301,2.5086000000000004,54.120000000000005,2,3,2,3,0.4,0.4032258064516129,0,weak_binder
CHEMBL4470437,10000.0,10000.0,10000.0,10000.0,1,O=c1c(-c2ccccc2F)c2n(c(=O)n1CCCCN1CCCC(c3c[nH]c4ccccc34)C1)CCCC2,O=c1c(-c2ccccc2F)c2n(c(=O)n1CCCCN1CCCC(c3c[nH]c4ccccc34)C1)CCCC2,514.6450000000003,5.293500000000005,63.03,1,3,7,6,0.4193548387096774,0.36666666666666664,0,weak_binder
CHEMBL6034991,1700.0,1700.0,1700.0,1700.0,1,Cc1cc2c(C(=O)N[C@H]3CC[C@](F)(CCN4CCc5nc(OCC(F)F)sc5CC4)CC3)cccn2n1,Cc1cc2c(C(=O)N[C@H]3CC[C@](F)(CCN4CCc5nc(OCC(F)F)sc5CC4)CC3)cccn2n1,535.6360000000002,4.614720000000005,71.76,1,6,8,5,0.5769230769230769,0.40384615384615385,0,weak_binder
CHEMBL4175829,3482.0,3482.0,3482.0,3482.0,1,CCc1nc2c(N3CCNCC3)ccnc2n1Cc1cccc(F)c1,CCc1nc2c(N3CCNCC3)ccnc2n1Cc1cccc(F)c1,339.418,2.590700000000001,45.98,1,4,4,4,0.3684210526315789,0.28169014084507044,0,weak_binder
CHEMBL5277325,10000.0,10000.0,10000.0,10000.0,1,CN(C)[C@@H](CNC(=O)NC[C@H]1Cc2ccccc21)CC1CCCCC1,CN(C)[C@@H](CNC(=O)NC[C@H]1Cc2ccccc21)CC1CCCCC1,343.51500000000027,3.5261000000000013,44.370000000000005,2,2,7,3,0.6666666666666666,0.2631578947368421,0,weak_binder
CHEMBL808,4269.0,4269.0,4269.0,4269.0,1,Clc1ccc(COC(Cn2ccnc2)c2ccc(Cl)cc2Cl)cc1,Clc1ccc(COC(Cn2ccnc2)c2ccc(Cl)cc2Cl)cc1,381.69000000000005,5.801400000000003,27.05,0,2,6,3,0.1666666666666666,0.189873417721519,0,weak_binder
CHEMBL99654,10000.0,10000.0,10000.0,10000.0,1,Cc1sc(C)c2c1CC(C)(C)Cc1c[nH]nc1-2,Cc1sc(C)c2c1CC(C)(C)Cc1c[nH]nc1-2,246.379,3.8798400000000024,28.68,1,2,0,3,0.5,0.17543859649122806,0,weak_binder
CHEMBL5744851,1900.0,1900.0,1900.0,1900.0,2,O=C(N[C@H]1CC[C@H](CCN2CCc3sc(Br)nc3C2)CC1)c1cccc2ncccc12,O=C(N[C@H]1CC[C@H](CCN2CCc3sc(Br)nc3C2)CC1)c1cccc2ncccc12,499.47800000000024,5.190800000000005,58.120000000000005,1,5,5,5,0.4583333333333333,0.41304347826086957,0,weak_binder
CHEMBL5751756,1681.0,1681.0,1681.0,1681.0,2,Cn1ccc2c1CCN(CCN1CCN(c3noc4ccccc34)CC1)C2=O,Cn1ccc2c1CCN(CCN1CCN(c3noc4ccccc34)CC1)C2=O,379.46400000000017,1.9867999999999997,57.75,0,5,4,5,0.4285714285714285,0.4657534246575342,0,weak_binder
CHEMBL160519,86000.0,86000.0,86000.0,86000.0,1,CCC(NC(C)C)C(O)c1ccc(O)c2[nH]c(=O)ccc12,CCC(NC(C)C)C(O)c1ccc(O)c2[nH]c(=O)ccc12,290.363,2.0436999999999994,85.35,4,4,5,2,0.4375,0.26506024096385544,0,weak_binder
CHEMBL3104093,10000.0,10000.0,10000.0,10000.0,1,CN1CCc2c(c3cccc4c3n2CCc2ccccc2-4)C1,CN1CCc2c(c3cccc4c3n2CCc2ccccc2-4)C1,288.394,3.852300000000003,8.17,0,1,0,5,0.3,0.39215686274509803,0,weak_binder
CHEMBL238519,1258.93,1258.93,1258.93,1258.93,1,Cc1ccc2c(OCCN3CCC(Cc4ccc5c(c4F)NC(=O)CO5)CC3)cc(Cl)cc2n1,Cc1ccc2c(OCCN3CCC(Cc4ccc5c(c4F)NC(=O)CO5)CC3)cc(Cl)cc2n1,483.97100000000023,5.0001200000000035,63.69,1,5,6,5,0.3846153846153846,0.4175824175824176,0,weak_binder
CHEMBL4591410,1730.0,1730.0,1730.0,1730.0,1,COc1ccc2[nH]cc(CCNCc3ccc(-c4cn[nH]c4)o3)c2c1,COc1ccc2[nH]cc(CCNCc3ccc(-c4cn[nH]c4)o3)c2c1,336.395,3.491900000000001,78.86999999999999,3,4,7,4,0.2105263157894736,0.26436781609195403,0,weak_binder
CHEMBL5974109,1700.0,1700.0,1700.0,1700.0,2,O=C(N[C@H]1CC[C@H](CCN2CCc3cn(Cc4ccccc4)nc3C2)CC1)c1cccc2ncccc12,O=C(N[C@H]1CC[C@H](CCN2CCc3cn(Cc4ccccc4)nc3C2)CC1)c1cccc2ncccc12,493.65500000000026,5.216600000000005,63.05,1,4,7,6,0.3870967741935484,0.3979591836734694,0,weak_binder
CHEMBL3642763,2562.7,2562.7,2562.7,2562.7,1,CN(C)C(=O)CCC(=O)N[C@H]1CC[C@H](CCN2CCN(c3nccc4c3CCO4)CC2)CC1,CN(C)C(=O)CCC(=O)N[C@H]1CC[C@H](CCN2CCN(c3nccc4c3CCO4)CC2)CC1,457.6190000000004,2.072,78.01,1,6,8,4,0.72,0.4567901234567901,0,weak_binder
CHEMBL5631327,4784.0,4784.0,4784.0,4784.0,1,CC(Sc1cc(Cl)ccc1Cl)c1nc(N)nc(N2CCN(C)CC2)n1,CC(Sc1cc(Cl)ccc1Cl)c1nc(N)nc(N2CCN(C)CC2)n1,399.3510000000002,3.365700000000002,71.17,1,7,4,3,0.4375,0.29333333333333333,0,weak_binder
CHEMBL5413807,5430.0,5430.0,5430.0,5430.0,1,FC(F)(F)c1cccc(N2CCN(CCC3(c4ccccn4)CCOC4(CCCC4)C3)CC2)n1,FC(F)(F)c1cccc(N2CCN(CCC3(c4ccccn4)CCOC4(CCCC4)C3)CC2)n1,474.5710000000004,5.068700000000003,41.49,0,5,5,5,0.6153846153846154,0.36585365853658536,0,weak_binder
CHEMBL3769612,1814.0,1814.0,1814.0,1814.0,1,Cc1ccc(C)c(N2CCN(CC(O)CN3C(=O)NC(C)(c4ccc(F)cc4)C3=O)CC2)c1,Cc1ccc(C)c(N2CCN(CC(O)CN3C(=O)NC(C)(c4ccc(F)cc4)C3=O)CC2)c1,454.5460000000002,2.39264,76.12,2,5,6,4,0.44,0.345679012345679,0,weak_binder
CHEMBL5927311,1398.0,1398.0,1398.0,1398.0,2,O=c1c2cnc(C3CC3)nc2ccn1CCN1CCN(c2nsc3ccccc23)CC1,O=c1c2cnc(C3CC3)nc2ccn1CCN1CCN(c2nsc3ccccc23)CC1,432.55300000000017,3.1008000000000013,67.15,0,7,5,6,0.391304347826087,0.44871794871794873,0,weak_binder
CHEMBL3335536,100000.0,100000.0,100000.0,100000.0,1,c1ccc(CC[C@H]2CN(Cc3nc4ccccc4[nH]3)CCO2)cc1,c1ccc(CC[C@H]2CN(Cc3nc4ccccc4[nH]3)CCO2)cc1,321.42400000000015,3.3965000000000014,41.150000000000006,1,3,5,4,0.35,0.30303030303030304,0,weak_binder
CHEMBL4783987,10000.0,10000.0,10000.0,10000.0,2,Fc1ccc(CCCCN2CCN(c3ccc(-c4ccccc4)cn3)CC2)cc1,Fc1ccc(CCCCN2CCN(c3ccc(-c4ccccc4)cn3)CC2)cc1,389.5180000000001,5.032600000000004,19.37,0,3,7,4,0.32,0.4307692307692308,0,weak_binder
CHEMBL542400,2330.0,2330.0,2330.0,2330.0,1,Cl.O=C1CC2(CCN(CCc3ccccc3)CC2)OC=C1c1ccccc1F,O=C1CC2(CCN(CCc3ccccc3)CC2)OC=C1c1ccccc1F,365.4480000000001,4.233300000000004,29.540000000000003,0,3,4,4,0.3478260869565217,0.35714285714285715,0,weak_binder
CHEMBL4083059,1489.0,1489.0,1489.0,1489.0,1,CN(C)CC1=Cc2cn(S(=O)(=O)c3cccc4ccccc34)c3cccc(c23)O1,CN(C)CC1=Cc2cn(S(=O)(=O)c3cccc4ccccc34)c3cccc(c23)O1,404.4910000000001,4.326400000000004,51.540000000000006,0,4,4,5,0.1304347826086956,0.3384615384615385,0,weak_binder
CHEMBL80784,10000.0,10000.0,10000.0,10000.0,1,C(/C=C/c1ccccc1)=C\OCC1CCN(Cc2ccccc2)CC1,C(/C=C/c1ccccc1)=C\OCC1CCN(Cc2ccccc2)CC1,333.475,5.142300000000004,12.47,0,2,7,3,0.3043478260869565,0.37037037037037035,0,weak_binder
CHEMBL3642767,1291.7,1291.7,1291.7,1291.7,1,CO[C@H]1CC[C@H](CC(=O)N[C@H]2CC[C@H](CCN3CCN(c4nccc5c4CCO5)CC3)CC2)C1,CO[C@H]1CC[C@H](CC(=O)N[C@H]2CC[C@H](CCN3CCN(c4nccc5c4CCO5)CC3)CC2)C1,470.6580000000004,3.408800000000002,66.93,1,6,8,5,0.7777777777777778,0.44047619047619047,0,weak_binder
CHEMBL3780812,10000.0,10000.0,10000.0,10000.0,1,CCN(CCc1ccc(O)c(OC)c1)Cc1cccc(O)c1OC,CCN(CCc1ccc(O)c(OC)c1)Cc1cccc(O)c1OC,331.4120000000001,3.1796000000000015,62.16000000000001,2,5,8,2,0.3684210526315789,0.34545454545454546,0,weak_binder
CHEMBL519201,10000.0,10000.0,10000.0,10000.0,1,CCCN1CCO[C@@H]2c3cc4c(cc3CC[C@H]21)CN(C)C4=O,CCCN1CCO[C@@H]2c3cc4c(cc3CC[C@H]21)CN(C)C4=O,300.402,2.3703000000000003,32.78,0,3,2,4,0.6111111111111112,0.4126984126984127,0,weak_binder
CHEMBL5070377,3650.0,3650.0,3650.0,3650.0,1,CN(C)C(=O)C(CCNCCc1ccccc1)(c1ccccc1)c1ccccc1,CN(C)C(=O)C(CCNCCc1ccccc1)(c1ccccc1)c1ccccc1,386.539,4.283300000000003,32.34,1,2,9,3,0.2692307692307692,0.46875,0,weak_binder
CHEMBL5722986,10000.0,10000.0,10000.0,10000.0,1,O=c1cc(CNCCc2csc(-c3ncccn3)n2)[nH]c2ccc(F)cc12,O=c1cc(CNCCc2csc(-c3ncccn3)n2)[nH]c2ccc(F)cc12,381.4360000000001,2.913000000000001,83.56,2,6,6,4,0.1578947368421052,0.23958333333333334,0,weak_binder
CHEMBL5418730,4070.0,4070.0,4070.0,4070.0,1,Clc1ccc([C@@H]2C[C@H]2NCCC2(c3ccccn3)CCOCC2)cc1,Clc1ccc([C@@H]2C[C@H]2NCCC2(c3ccccn3)CCOCC2)cc1,356.89700000000016,4.3190000000000035,34.150000000000006,1,3,6,4,0.4761904761904761,0.3116883116883117,0,weak_binder
CHEMBL4451666,10000.0,10000.0,10000.0,10000.0,1,COc1ccc2c(c1)c(-c1cnc(NC(C)=O)[nH]1)cn2S(=O)(=O)c1cccc(F)c1,COc1ccc2c(c1)c(-c1cnc(NC(C)=O)[nH]1)cn2S(=O)(=O)c1cccc(F)c1,428.4450000000001,3.374500000000001,106.07999999999998,2,5,5,4,0.1,0.4027777777777778,0,weak_binder
CHEMBL4524906,10000.0,10000.0,10000.0,10000.0,1,CC(=O)N1CCCn2c1nc(C)c2-c1cn(S(=O)(=O)c2ccccc2)c2ccccc12,CC(=O)N1CCCn2c1nc(C)c2-c1cn(S(=O)(=O)c2ccccc2)c2ccccc12,434.5210000000002,3.806820000000003,77.2,0,4,3,5,0.217391304347826,0.4090909090909091,0,weak_binder
CHEMBL3642744,1461.0,1461.0,1461.0,1461.0,1,O=C(C[C@H]1COCCO1)N[C@H]1CC[C@H](CCN2CCN(c3nccc4c3CCO4)CC2)CC1,O=C(C[C@H]1COCCO1)N[C@H]1CC[C@H](CCN2CCN(c3nccc4c3CCO4)CC2)CC1,458.6030000000004,2.0091,76.16000000000001,1,7,7,5,0.76,0.4457831325301205,0,weak_binder
CHEMBL5723003,10000.0,10000.0,10000.0,10000.0,1,O=c1cc(CN[C@@H]2COC3(CCCC3)C2)[nH]c2ccc(F)cc12,O=c1cc(CN[C@@H]2COC3(CCCC3)C2)[nH]c2ccc(F)cc12,316.376,2.8585000000000003,54.12,2,3,3,4,0.5,0.26881720430107525,0,weak_binder
CHEMBL6037816,2300.0,2300.0,2300.0,2300.0,1,Cn1cc2c(C(=O)NC34CCC(CCN5CCc6nc(OCC(F)(F)F)sc6CC5)(CC3)OC4)cccc2n1,Cn1cc2c(C(=O)NC34CCC(CCN5CCc6nc(OCC(F)(F)F)sc6CC5)(CC3)OC4)cccc2n1,563.6460000000002,4.273400000000003,81.51,1,7,7,7,0.5925925925925926,0.4117647058823529,0,weak_binder
CHEMBL563078,4400.0,4400.0,3300.0,5500.0,2,Cc1cc2nc(C)c(CN3CCN(c4ccc(Cl)c(Cl)c4)CC3)n2c(C)n1,Cc1cc2nc(C)c(CN3CCN(c4ccc(Cl)c(Cl)c4)CC3)n2c(C)n1,404.34500000000014,4.283560000000004,36.67,0,4,3,4,0.4,0.38333333333333336,0,weak_binder
CHEMBL46559,10000.0,10000.0,10000.0,10000.0,1,N#Cc1ccc(OCC2CCN(Cc3ccc(F)cc3)CC2)cc1,N#Cc1ccc(OCC2CCN(Cc3ccc(F)cc3)CC2)cc1,324.39900000000006,3.988380000000003,36.26,0,3,5,3,0.35,0.39285714285714285,0,weak_binder
CHEMBL5838950,2300.0,2300.0,2300.0,2300.0,1,Cc1nnc(CC(=O)N[C@H]2CC[C@](F)(CCN3CCc4nc(O[C@H](C)C(F)(F)F)sc4CC3)CC2)s1,Cc1nnc(CC(=O)N[C@H]2CC[C@](F)(CCN3CCc4nc(O[C@H](C)C(F)(F)F)sc4CC3)CC2)s1,549.6600000000002,4.433120000000003,80.24000000000001,1,8,8,4,0.7391304347826086,0.40816326530612246,0,weak_binder
CHEMBL1946124,1021.0,1021.7633333333332,1021.0,1023.29,3,O=C1c2ccc(F)cc2CC1CCN1CCCN(c2ccc(Cl)cc2)CC1,O=C1c2ccc(F)cc2CC1CCN1CCCN(c2ccc(Cl)cc2)CC1,386.898,4.436500000000004,23.550000000000004,0,3,4,4,0.4090909090909091,0.3611111111111111,0,weak_binder
CHEMBL158402,1300.0,1300.0,1300.0,1300.0,1,CN(C)CCSc1cccc(C2CCCCC2)n1,CN(C)CCSc1cccc(C2CCCCC2)n1,264.43799999999993,3.783000000000003,16.130000000000003,0,3,5,2,0.6666666666666666,0.26229508196721313,0,weak_binder
CHEMBL3323007,4604.0,4604.0,4604.0,4604.0,3,Cc1nc(N2CCN(CCCCNC(=O)c3cn4ccccc4n3)CC2)cc(C(C)(C)C)n1,Cc1nc(N2CCN(CCCCNC(=O)c3cn4ccccc4n3)CC2)cc(C(C)(C)C)n1,449.60300000000024,3.0624200000000004,78.66000000000001,1,6,7,4,0.52,0.4375,0,weak_binder
CHEMBL4469633,1651.0,1651.0,1651.0,1651.0,1,O=c1c(-c2ccc(Cl)cc2)c2n(c(=O)n1CCCCN1CCCC(c3c[nH]c4ccccc34)C1)CCCC2,O=c1c(-c2ccc(Cl)cc2)c2n(c(=O)n1CCCCN1CCCC(c3c[nH]c4ccccc34)C1)CCCC2,531.1000000000003,5.807800000000006,63.03,1,3,7,6,0.4193548387096774,0.36666666666666664,0,weak_binder
CHEMBL5813200,1700.0,1700.0,1700.0,1700.0,1,Cc1nc(CC(=O)N[C@H]2CC[C@H](CCN3CCc4ccc(CCC(F)(F)F)nc4CC3)CC2)n(C)n1,Cc1nc(CC(=O)N[C@H]2CC[C@H](CCN3CCc4ccc(CCC(F)(F)F)nc4CC3)CC2)n(C)n1,506.61700000000025,3.721820000000002,75.94,1,5,8,4,0.6923076923076923,0.40860215053763443,0,weak_binder
CHEMBL7927,3200.0,3438.64875,2200.0,4300.0,16,Clc1ccc(N2CCN(Cc3cnn4ccccc34)CC2)cc1,Clc1ccc(N2CCN(Cc3cnn4ccccc34)CC2)cc1,326.83100000000013,3.3099000000000016,23.78,0,3,3,4,0.2777777777777778,0.3888888888888889,0,weak_binder
CHEMBL5750695,1700.0,1700.0,1700.0,1700.0,1,CN1Cc2c(C(=O)N[C@H]3CC[C@](F)(CCN4CCc5nc(OCC(F)F)sc5CC4)CC3)cccc2C1=O,CN1Cc2c(C(=O)N[C@H]3CC[C@](F)(CCN4CCc5nc(OCC(F)F)sc5CC4)CC3)cccc2C1=O,550.6470000000002,4.244200000000003,74.77000000000001,1,6,8,5,0.5925925925925926,0.38095238095238093,0,weak_binder
CHEMBL308185,10000.0,10000.0,10000.0,10000.0,1,C(#Cc1ccccc1)COCC1CCN(Cc2ccccc2)CC1,C(#Cc1ccccc1)COCC1CCN(Cc2ccccc2)CC1,319.44800000000004,3.966900000000003,12.47,0,2,5,3,0.3636363636363636,0.37037037037037035,0,weak_binder
CHEMBL1442422,30200.0,30200.0,30200.0,30200.0,1,CN(C)CCN1C(=O)c2ccccc2N(C)c2ccccc21,CN(C)CCN1C(=O)c2ccccc2N(C)c2ccccc21,295.386,2.976300000000001,26.79,0,3,3,3,0.2777777777777778,0.32075471698113206,0,weak_binder
CHEMBL607559,10000.0,10000.0,10000.0,10000.0,1,Cc1cc2ccc3c(c2o1)-c1cccc2c1[C@@H](C3)N(C)CC2,Cc1cc2ccc3c(c2o1)-c1cccc2c1[C@@H](C3)N(C)CC2,289.3780000000001,4.493320000000004,16.380000000000003,0,2,0,5,0.3,0.45614035087719296,0,weak_binder
CHEMBL4854456,3080.65,3080.65,3071.0,3090.3,2,O=C1c2cc(Cl)c(Cl)cc2CC1CCN1CCN(c2ccccn2)CC1,O=C1c2cc(Cl)c(Cl)cc2CC1CCN1CCN(c2ccccn2)CC1,390.3140000000002,3.955700000000003,36.440000000000005,0,4,4,4,0.4,0.4084507042253521,0,weak_binder
CHEMBL6040249,2300.0,2300.0,2300.0,2300.0,1,Cc1cc(OCC(=O)N[C@H]2CC[C@H](CCN3CCc4nc(OC5CC(F)(F)C5)sc4CC3)CC2)no1,Cc1cc(OCC(=O)N[C@H]2CC[C@H](CCN3CCc4nc(OC5CC(F)(F)C5)sc4CC3)CC2)no1,524.6340000000004,4.160720000000003,89.72,1,8,9,5,0.72,0.4631578947368421,0,weak_binder
CHEMBL393539,1258.93,1258.93,1258.93,1258.93,1,Cc1ccc2c(OCCN3CCC(Cc4ccc5c(c4F)NC(=O)CO5)CC3)cc(F)cc2n1,Cc1ccc2c(OCCN3CCC(Cc4ccc5c(c4F)NC(=O)CO5)CC3)cc(F)cc2n1,467.5160000000002,4.485820000000003,63.69,1,5,6,5,0.3846153846153846,0.4318181818181818,0,weak_binder
CHEMBL1642851,5000.0,5000.0,5000.0,5000.0,1,Cl.O=S(=O)(c1cccc2ccccc12)c1n[nH]c2ccc(NC3CCNCC3)cc12,O=S(=O)(c1cccc2ccccc12)c1n[nH]c2ccc(NC3CCNCC3)cc12,406.5110000000002,3.7128000000000014,86.88,3,5,4,5,0.2272727272727272,0.2682926829268293,0,weak_binder
CHEMBL239917,1747.0,1747.0,1747.0,1747.0,1,O=C1Cc2ccccc2N1CCCCN1CCN(c2ccc(Cl)cc2)CC1,O=C1Cc2ccccc2N1CCCCN1CCN(c2ccc(Cl)cc2)CC1,383.923,3.831500000000003,26.790000000000006,0,3,6,4,0.4090909090909091,0.49122807017543857,0,weak_binder
CHEMBL3770473,1709.0,1709.0,1709.0,1709.0,1,CC1(c2ccc(F)cc2)NC(=O)N(CC(O)CN2CCN(c3ccccc3F)CC2)C1=O,CC1(c2ccc(F)cc2)NC(=O)N(CC(O)CN2CCN(c3ccccc3F)CC2)C1=O,444.48200000000026,1.9149,76.12,2,5,6,4,0.391304347826087,0.3150684931506849,0,weak_binder
CHEMBL379984,5000.0,5000.0,5000.0,5000.0,1,CC(=O)Nc1cccc(N2CCN(CCCCNS(=O)(=O)CC(C)C)CC2)c1,CC(=O)Nc1cccc(N2CCN(CCCCNS(=O)(=O)CC(C)C)CC2)c1,410.5840000000001,2.1225999999999994,81.75,2,5,10,2,0.65,0.4266666666666667,0,weak_binder
CHEMBL4434865,6300.0,6300.0,6300.0,6300.0,1,c1ccc(Cc2cn(C3CCN(Cc4ccccc4)CC3)nn2)cc1,c1ccc(Cc2cn(C3CCN(Cc4ccccc4)CC3)nn2)cc1,332.4510000000001,3.706000000000002,33.95,0,3,5,4,0.3333333333333333,0.42592592592592593,0,weak_binder
CHEMBL4573880,10000.0,10000.0,10000.0,10000.0,1,CC(=O)Nc1nc(C)c(-c2c(C)n(S(=O)(=O)c3ccccc3)c3ccccc23)[nH]1,CC(=O)Nc1nc(C)c(-c2c(C)n(S(=O)(=O)c3ccccc3)c3ccccc23)[nH]1,408.48300000000006,3.8436400000000024,96.85,2,4,4,4,0.1428571428571428,0.30434782608695654,0,weak_binder
CHEMBL5959282,1276.0,1276.0,1276.0,1276.0,1,COc1ccc2c(n1)C(=O)N(CCN1CCN(c3noc4ccccc34)CC1)CC2,COc1ccc2c(n1)C(=O)N(CCN1CCN(c3noc4ccccc34)CC1)CC2,407.4740000000002,2.0519,74.94,0,7,5,5,0.4090909090909091,0.47297297297297297,0,weak_binder
CHEMBL4544802,10000.0,10000.0,10000.0,10000.0,1,CCn1cncc1-c1c[nH]c2ccc(C(=O)OC)cc12,CCn1cncc1-c1c[nH]c2ccc(C(=O)OC)cc12,269.304,2.837900000000001,59.91,1,3,3,3,0.2,0.25,0,weak_binder
CHEMBL380054,20000.0,20000.0,19000.0,21000.0,2,Fc1ccc(N2CCN(Cc3cn4ccccc4n3)CC2)cc1,Fc1ccc(N2CCN(Cc3cn4ccccc4n3)CC2)cc1,310.37600000000015,2.795600000000001,23.78,0,3,3,4,0.2777777777777778,0.4827586206896552,0,weak_binder
CHEMBL104138,4742.0,4742.0,4742.0,4742.0,1,C[C@@H]1CN(Cc2ccc(Cl)cc2)CC[N@@+]1(C)CC(=O)N1CCc2ccccc21,C[C@@H]1CN(Cc2ccc(Cl)cc2)CC[N@@+]1(C)CC(=O)N1CCc2ccccc21,398.95800000000014,3.5800000000000027,23.550000000000004,0,2,4,4,0.4347826086956521,0.3888888888888889,0,weak_binder
CHEMBL432579,2066.0,2066.0,2066.0,2066.0,1,Cc1sc(C)c2c1CCCc1c[nH]nc1-2,Cc1sc(C)c2c1CCCc1c[nH]nc1-2,218.325,3.2437400000000016,28.68,1,2,0,3,0.4166666666666667,0.27450980392156865,0,weak_binder
CHEMBL5889832,3706.0,3706.0,3706.0,3706.0,2,Cc1c2c(nn1C)CCN(CCN1CC=C(c3noc4ccccc34)CC1)C2=O,Cc1c2c(nn1C)CCN(CCN1CC=C(c3noc4ccccc34)CC1)C2=O,391.4750000000002,2.6573200000000003,67.4,0,5,4,5,0.4090909090909091,0.4125,0,weak_binder
CHEMBL427522,3700.0,3700.0,3700.0,3700.0,1,O=Cc1ccc(-c2ccc(C(=O)NC3CCN(Cc4ccccc4)C3)cc2)cc1,O=Cc1ccc(-c2ccc(C(=O)NC3CCN(Cc4ccccc4)C3)cc2)cc1,384.479,4.170400000000003,49.41,1,3,6,4,0.2,0.48484848484848486,0,weak_binder
CHEMBL4435235,10000.0,10000.0,10000.0,10000.0,1,CCn1cncc1-c1c[nH]c2ccc(C(N)=O)c(F)c12,CCn1cncc1-c1c[nH]c2ccc(C(N)=O)c(F)c12,272.283,2.2893,76.69999999999999,2,2,3,3,0.1428571428571428,0.2602739726027397,0,weak_binder
CHEMBL384046,6800.0,6800.0,6800.0,6800.0,1,Oc1cc2c(cc1O)[C@@H]1c3ccccc3CN[C@H]1CO2,Oc1cc2c(cc1O)[C@@H]1c3ccccc3CN[C@H]1CO2,269.3,2.0939,61.72,3,4,0,4,0.25,0.25,0,weak_binder
CHEMBL333085,1330.0,1330.0,1330.0,1330.0,1,COc1ccccc1-c1cccc2c1-c1cccc3c1[C@@H](C2)N(C)CC3,COc1ccccc1-c1cccc2c1-c1cccc3c1[C@@H](C2)N(C)CC3,341.4540000000002,5.1143000000000045,12.47,0,2,2,5,0.25,0.4915254237288136,0,weak_binder
CHEMBL1081254,10000.0,10000.0,10000.0,10000.0,1,COc1ccc(-c2ccc(C(=O)N3CCN(C(=O)c4ccc5cc[nH]c5c4)[C@@H](C)C3)cc2)cc1,COc1ccc(-c2ccc(C(=O)N3CCN(C(=O)c4ccc5cc[nH]c5c4)[C@@H](C)C3)cc2)cc1,453.5420000000001,4.830200000000004,65.64,1,3,4,5,0.2142857142857142,0.23529411764705882,0,weak_binder
CHEMBL540039,10500.0,11250.0,10000.0,14000.0,4,Cl.c1ccc(C2=NC[C@H](CN3CCN(c4ccccc4)CC3)N2)cc1,c1ccc(C2=NC[C@H](CN3CCN(c4ccccc4)CC3)N2)cc1,320.44000000000005,2.2272,30.869999999999997,1,4,4,4,0.35,0.3684210526315789,0,weak_binder
CHEMBL3792731,10000.0,10000.0,10000.0,10000.0,2,Clc1ccc(CN2CCO[C@H](CSc3ccccc3)C2)cc1,Clc1ccc(CN2CCO[C@H](CSc3ccccc3)C2)cc1,333.88400000000007,4.333100000000003,12.47,0,3,5,3,0.3333333333333333,0.3387096774193548,0,weak_binder
CHEMBL4471755,1802.0,1802.0,1802.0,1802.0,1,COc1ccc(-c2c3n(c(=O)n(CCCCN4CCCC(c5c[nH]c6ccc(OC)cc56)C4)c2=O)CCCC3)cc1,COc1ccc(-c2c3n(c(=O)n(CCCCN4CCCC(c5c[nH]c6ccc(OC)cc56)C4)c2=O)CCCC3)cc1,556.7070000000002,5.171600000000005,81.49000000000001,1,5,9,6,0.4545454545454545,0.46511627906976744,0,weak_binder
CHEMBL37706,5000.0,5000.0,5000.0,5000.0,1,COc1ccc(N2CCN(CCC3NC(=O)c4ccccc43)CC2)cc1,COc1ccc(N2CCN(CCC3NC(=O)c4ccccc43)CC2)cc1,351.4500000000001,2.692000000000001,44.81,1,4,5,4,0.3809523809523809,0.3939393939393939,0,weak_binder
CHEMBL3764639,10610.0,10610.0,10000.0,11220.0,2,Cn1c(SCCCN2CCOC(c3ccc(C(F)(F)F)cc3)C2)nnc1-c1ccc(C#N)cc1,Cn1c(SCCCN2CCOC(c3ccc(C(F)(F)F)cc3)C2)nnc1-c1ccc(C#N)cc1,487.55100000000016,4.928280000000004,66.97,0,6,7,4,0.375,0.45977011494252873,0,weak_binder
CHEMBL20493,2511.89,2511.89,2511.89,2511.89,1,CC(C)(C)C(=O)NCCCCN1CCN(c2ccc(Cl)cc2)CC1,CC(C)(C)C(=O)NCCCCN1CCN(c2ccc(Cl)cc2)CC1,351.922,3.4045000000000023,35.580000000000005,1,3,6,2,0.631578947368421,0.40625,0,weak_binder
CHEMBL3588996,15100.0,15100.0,15100.0,15100.0,1,OC(CCn1cc(-c2ccc(-c3ccccc3)cc2)nn1)CN1CCN(c2cccc(Cl)c2Cl)CC1,OC(CCn1cc(-c2ccc(-c3ccccc3)cc2)nn1)CN1CCN(c2cccc(Cl)c2Cl)CC1,522.4800000000002,5.492100000000005,57.42,1,5,8,5,0.2857142857142857,0.4868421052631579,0,weak_binder
CHEMBL4555349,3020.0,3020.0,3020.0,3020.0,1,CCn1cncc1-c1c[nH]c2c(F)cc(I)cc12,CCn1cncc1-c1c[nH]c2c(F)cc(I)cc12,355.154,3.7950000000000017,33.61,1,1,2,3,0.1538461538461538,0.17721518987341772,0,weak_binder
CHEMBL554874,3506.0,3506.0,3506.0,3506.0,1,Cl.O=C1c2ccccc2CCC12CCN(Cc1ccccc1)CC2,O=C1c2ccccc2CCC12CCN(Cc1ccccc1)CC2,305.42100000000005,4.097900000000004,20.31,0,2,2,4,0.3809523809523809,0.41818181818181815,0,weak_binder
CHEMBL145939,1450.0,1450.0,1400.0,1500.0,2,O=S(=O)(c1ccccc1)C1CCN(CCc2ccc(F)cc2F)CC1,O=S(=O)(c1ccccc1)C1CCN(CCc2ccc(F)cc2F)CC1,365.4450000000001,3.4456000000000024,37.38,0,3,5,3,0.3684210526315789,0.375,0,weak_binder
CHEMBL173803,10000.0,10000.0,10000.0,10000.0,1,CCCN1CCO[C@H]2c3cc4c(cc3CC[C@H]21)CCO4,CCCN1CCO[C@H]2c3cc4c(cc3CC[C@H]21)CCO4,273.376,2.7196000000000007,21.700000000000003,0,3,2,4,0.6470588235294118,0.43333333333333335,0,weak_binder
CHEMBL964,7673.0,7673.0,7673.0,7673.0,1,CCN(CC)C(=S)SSC(=S)N(CC)CC,CCN(CC)C(=S)SSC(=S)N(CC)CC,296.5520000000001,3.621200000000002,6.48,0,4,4,0,0.8,0.14754098360655737,0,weak_binder
CHEMBL3298825,2099.65,2099.65,2089.3,2110.0,2,CC(C)(C)OC(=O)NCCCCN1CCC(O)(c2ccc(Cl)cc2)CC1,CC(C)(C)OC(=O)NCCCCN1CCC(O)(c2ccc(Cl)cc2)CC1,382.932,3.928300000000004,61.8,2,4,6,2,0.65,0.47619047619047616,0,weak_binder
CHEMBL6027503,2300.0,2300.0,2300.0,2300.0,1,CN1Cc2c(C(=O)NC34CCC(CCN5CCc6nc(OCC(F)F)sc6CC5)(CC3)CC4)cccc2C1=O,CN1Cc2c(C(=O)NC34CCC(CCN5CCc6nc(OCC(F)F)sc6CC5)(CC3)CC4)cccc2C1=O,558.6950000000003,4.686300000000004,74.77000000000001,1,6,8,7,0.6206896551724138,0.308411214953271,0,weak_binder
CHEMBL2207494,3592.0,3592.0,2002.0,5182.0,2,CCCN1CCC(n2c(=O)n(C)c3cc(Cl)ccc32)CC1,CCCN1CCC(n2c(=O)n(C)c3cc(Cl)ccc32)CC1,307.8250000000001,3.040300000000001,30.17,0,2,3,3,0.5625,0.375,0,weak_binder
CHEMBL94015,1183.0,1245.63,42.0,2511.89,3,CCCN1COC[C@@H]2c3cc(O)ccc3OC[C@H]21,CCCN1COC[C@@H]2c3cc(O)ccc3OC[C@H]21,249.30999999999997,1.9365,41.93000000000001,1,4,2,3,0.5714285714285714,0.4067796610169492,0,weak_binder
CHEMBL3908870,2942.105,2942.105,2933.0,2951.21,2,CC1(C)CC(=O)N(CCCCN2Cc3ccccc3C2)C(=O)C1,CC1(C)CC(=O)N(CCCCN2Cc3ccccc3C2)C(=O)C1,314.42900000000014,2.957600000000001,40.620000000000005,0,3,5,3,0.5789473684210527,0.3333333333333333,0,weak_binder
CHEMBL540028,10000.0,10000.0,10000.0,10000.0,1,Cl.O=C1C(c2ccccc2)=COC12CCCN(Cc1ccccc1)C2,O=C1C(c2ccccc2)=COC12CCCN(Cc1ccccc1)C2,319.40399999999994,3.661600000000002,29.54,0,3,3,4,0.2857142857142857,0.45161290322580644,0,weak_binder
CHEMBL402143,10000.0,10000.0,10000.0,10000.0,1,COc1c(OCCF)cccc1C(O)C1CCN(CCc2ccc(F)cc2)CC1,COc1c(OCCF)cccc1C(O)C1CCN(CCc2ccc(F)cc2)CC1,405.48500000000024,4.170700000000004,41.93,1,4,9,3,0.4782608695652174,0.3375,0,weak_binder
CHEMBL2062861,2000.0,2000.0,2000.0,2000.0,1,OC[C@@H]1[C@@H]2CN(Cc3ccccc3)[C@@H](c3ccccc3)[C@@H]2[C@H]1N1CCCCC1,OC[C@@H]1[C@@H]2CN(Cc3ccccc3)[C@@H](c3ccccc3)[C@@H]2[C@H]1N1CCCCC1,376.54400000000027,3.9525000000000032,26.71,1,3,5,5,0.52,0.2647058823529412,0,weak_binder
CHEMBL70215,2000.0,2000.0,2000.0,2000.0,1,Clc1ccc(CN2CC=C(c3nc4cc(Cl)ccc4s3)CC2)cc1,Clc1ccc(CN2CC=C(c3nc4cc(Cl)ccc4s3)CC2)cc1,375.3240000000001,5.892400000000004,16.130000000000003,0,3,3,4,0.2105263157894736,0.3442622950819672,0,weak_binder
CHEMBL432059,14000.0,14000.0,13000.0,15000.0,2,Clc1ccc(N2CCN(Cc3ccc4ccnn4c3)CC2)cc1,Clc1ccc(N2CCN(Cc3ccc4ccnn4c3)CC2)cc1,326.8310000000001,3.3099000000000016,23.78,0,3,3,4,0.2777777777777778,0.34545454545454546,0,weak_binder
CHEMBL2207497,2202.5,2202.5,1535.0,2870.0,2,CCCN1CCC(c2ccc3ccccc3c2)CC1,CCCN1CCC(c2ccc3ccccc3c2)CC1,253.389,4.429200000000004,3.24,0,1,3,3,0.4444444444444444,0.46808510638297873,0,weak_binder
CHEMBL3739820,79630.0,79630.0,79630.0,79630.0,1,Cl.Clc1ccc(N2CCN(CCCCNc3noc(-c4ccccc4)n3)CC2)cc1,Clc1ccc(N2CCN(CCCCNc3noc(-c4ccccc4)n3)CC2)cc1,411.9370000000001,4.404300000000003,57.43,1,6,8,4,0.3636363636363636,0.4461538461538462,0,weak_binder
CHEMBL95823,3162.28,3162.28,3162.28,3162.28,1,Cc1c(S(=O)(=O)Nc2ccc3nccc(N4CCN[C@@H](C)C4)c3c2)sc2ccc(Cl)cc12,Cc1c(S(=O)(=O)Nc2ccc3nccc(N4CCN[C@@H](C)C4)c3c2)sc2ccc(Cl)cc12,487.05000000000024,5.010220000000004,74.33,2,6,4,5,0.2608695652173913,0.35,0,weak_binder
CHEMBL5072449,1310.0,1310.0,1310.0,1310.0,1,O=C(NCCCCN1CC[C@]2(c3cccc(O)c3)CCC[C@H]1[C@H]2O)c1cc2ccccc2[nH]1,O=C(NCCCCN1CC[C@]2(c3cccc(O)c3)CCC[C@H]1[C@H]2O)c1cc2ccccc2[nH]1,447.57900000000024,3.9406000000000025,88.59,4,4,7,5,0.4444444444444444,0.3711340206185567,0,weak_binder
CHEMBL60859,3346.0,3346.0,3346.0,3346.0,1,OC(CCCN1CCN(c2ncc(F)cn2)CC1)c1ccc(F)cc1,OC(CCCN1CCN(c2ncc(F)cn2)CC1)c1ccc(F)cc1,348.39700000000005,2.390600000000001,52.49,1,5,6,3,0.4444444444444444,0.38333333333333336,0,weak_binder
CHEMBL4472703,10000.0,10000.0,10000.0,10000.0,1,CC[C@H]1c2cc(OC)ccc2CC[C@@]1(C)N,CC[C@H]1c2cc(OC)ccc2CC[C@@]1(C)N,219.32799999999995,2.8524000000000003,35.25,1,2,2,2,0.5714285714285714,0.2909090909090909,0,weak_binder
CHEMBL4572614,9600.0,9600.0,9600.0,9600.0,1,Cc1ncc2nccn2c1-c1ccc(Oc2nccc3occc23)cc1C(F)(F)F,Cc1ncc2nccn2c1-c1ccc(Oc2nccc3occc23)cc1C(F)(F)F,410.3550000000001,5.657020000000003,65.45,0,5,3,5,0.0952380952380952,0.18681318681318682,0,weak_binder
CHEMBL4519004,2138.0,2138.0,2138.0,2138.0,1,COc1ccc2c(c1)c(-c1[nH]c(NCCc3ccccc3)nc1C)cn2S(=O)(=O)c1ccccc1,COc1ccc2c(c1)c(-c1[nH]c(NCCc3ccccc3)nc1C)cn2S(=O)(=O)c1ccccc1,486.59700000000015,5.240020000000003,89.00999999999999,2,5,8,5,0.1481481481481481,0.35135135135135137,0,weak_binder
CHEMBL73538,2500.0,2500.0,2500.0,2500.0,1,CN1CCN(C2=Nc3ccccc3Nc3ccccc32)CC1,CN1CCN(C2=Nc3ccccc3Nc3ccccc32)CC1,292.38600000000014,3.069300000000002,30.869999999999997,1,4,0,4,0.2777777777777778,0.49019607843137253,0,weak_binder
CHEMBL484170,7943.28,7943.28,7943.28,7943.28,1,CCCN1CCO[C@@H]2c3cc(C(=O)NC)ccc3CC[C@H]21,CCCN1CCO[C@@H]2c3cc(C(=O)NC)ccc3CC[C@H]21,288.3910000000001,2.1443000000000003,41.57,1,3,3,3,0.5882352941176471,0.4375,0,weak_binder
CHEMBL27117,1400.0,1400.0,1400.0,1400.0,1,Cc1ccc2c(n1)CN[C@@H]1CCc3cc(O)c(O)cc3[C@@H]21,Cc1ccc2c(n1)CN[C@@H]1CCc3cc(O)c(O)cc3[C@@H]21,282.343,2.3511200000000008,65.38000000000001,3,4,0,4,0.3529411764705882,0.2608695652173913,0,weak_binder
CHEMBL4469537,1977.0,1977.0,1977.0,1977.0,1,O=c1c(-c2ccc(F)cc2)c2n(c(=O)n1CCCCN1CCCC(c3c[nH]c4ccccc34)C1)CCCC2,O=c1c(-c2ccc(F)cc2)c2n(c(=O)n1CCCCN1CCCC(c3c[nH]c4ccccc34)C1)CCCC2,514.6450000000003,5.293500000000005,63.03,1,3,7,6,0.4193548387096774,0.36666666666666664,0,weak_binder
CHEMBL211135,10100.0,10100.0,8200.0,12000.0,2,Clc1ccc(N2CCN(Cc3cn4nc(Cl)ccc4n3)CC2)cc1,Clc1ccc(N2CCN(Cc3cn4nc(Cl)ccc4n3)CC2)cc1,362.2640000000001,3.3583000000000016,36.67,0,4,3,4,0.2941176470588235,0.34375,0,weak_binder
CHEMBL3924565,3563.065,3563.065,3548.13,3578.0,2,Cl.O=C(CCCN1CCCc2ccccc2C1)c1ccc(Cl)cc1,O=C(CCCN1CCCc2ccccc2C1)c1ccc(Cl)cc1,327.855,4.751300000000005,20.31,0,2,5,3,0.35,0.45161290322580644,0,weak_binder
CHEMBL3235465,10000.0,10000.0,10000.0,10000.0,2,CC(=O)c1ccc2c(c1)oc(=O)n2CCCCN1CCN(c2ccc(F)cc2)CC1,CC(=O)c1ccc2c(c1)oc(=O)n2CCCCN1CCN(c2ccc(F)cc2)CC1,411.47700000000015,3.5386000000000024,58.690000000000005,0,5,7,4,0.391304347826087,0.391304347826087,0,weak_binder
CHEMBL4455699,3162.0,3162.0,3162.0,3162.0,1,COc1ccc2c(c1)c(-c1[nH]c3cccc[n+]3c1C)cn2S(=O)(=O)c1ccccc1.[Br-],COc1ccc2c(c1)c(-c1[nH]c3cccc[n+]3c1C)cn2S(=O)(=O)c1ccccc1,418.4980000000001,3.929120000000002,68.19,1,3,4,5,0.0869565217391304,0.36764705882352944,0,weak_binder
CHEMBL116367,10000.0,10000.0,10000.0,10000.0,1,Cc1ccc2c(c1O)-c1cccc3c1[C@@H](C2)NCC3,Cc1ccc2c(c1O)-c1cccc3c1[C@@H](C2)NCC3,251.329,3.110520000000001,32.26,2,2,0,4,0.2941176470588235,0.3508771929824561,0,weak_binder
CHEMBL540538,10000.0,10000.0,10000.0,10000.0,1,CCN(CC)CCC1(C)OC=C(c2ccccc2)C1=O.Cl,CCN(CC)CCC1(C)OC=C(c2ccccc2)C1=O,273.37600000000003,3.1174000000000017,29.54,0,3,6,2,0.4705882352941176,0.328125,0,weak_binder
CHEMBL4570209,11160.0,11160.0,11160.0,11160.0,1,COc1ccc(-c2c(=O)n(CCCCN3CCCC(c4c[nH]c5ccc(OC)cc45)C3)c(=O)n3ccccc23)cc1,COc1ccc(-c2c(=O)n(CCCCN3CCCC(c4c[nH]c5ccc(OC)cc45)C3)c(=O)n3ccccc23)cc1,552.6750000000002,5.286500000000005,80.97,1,5,9,6,0.3333333333333333,0.49411764705882355,0,weak_binder
CHEMBL90569,5500.0,5500.0,5500.0,5500.0,2,COc1ccc2c3c(c(=O)oc2c1)CN(Cc1cccc(Cl)c1)CC3,COc1ccc2c3c(c(=O)oc2c1)CN(Cc1cccc(Cl)c1)CC3,355.821,4.013300000000004,42.68,0,4,3,4,0.25,0.30864197530864196,0,weak_binder
CHEMBL138015,5000.0,5000.0,5000.0,5000.0,1,CCCN(C/C=C/I)C1COc2ccc(O)cc2C1,CCCN(C/C=C/I)C1COc2ccc(O)cc2C1,373.2340000000001,3.3564000000000016,32.7,1,3,5,2,0.4666666666666667,0.40350877192982454,0,weak_binder
CHEMBL5813094,1700.0,1700.0,1700.0,1700.0,2,COc1cc(CC(=O)N[C@H]2CC[C@H](CCN3CCc4sc(N5CC(F)(F)C5)nc4C3)CC2)on1,COc1cc(CC(=O)N[C@H]2CC[C@H](CCN3CCc4sc(N5CC(F)(F)C5)nc4C3)CC2)on1,495.5960000000003,3.260900000000002,83.73,1,8,8,5,0.6956521739130435,0.3939393939393939,0,weak_binder
CHEMBL56118,5850.0,5850.0,3700.0,8000.0,2,N#Cc1c[nH]c(CN2CCN(c3ccccc3)CC2)c1,N#Cc1c[nH]c(CN2CCN(c3ccccc3)CC2)c1,266.34799999999996,2.2085800000000004,46.06,1,3,3,3,0.3125,0.38461538461538464,0,weak_binder
CHEMBL107351,6740.0,6740.0,6740.0,6740.0,1,C[C@@H]1CN(CC(=O)N2CCc3ccccc32)[C@@H](C)CN1Cc1ccc(Cl)cc1,C[C@@H]1CN(CC(=O)N2CCc3ccccc32)[C@@H](C)CN1Cc1ccc(Cl)cc1,397.95000000000016,3.823900000000002,26.790000000000006,0,3,4,4,0.4347826086956521,0.40298507462686567,0,weak_binder
CHEMBL3952251,1172.45,1172.45,1170.0,1174.9,2,Cl.O=C(CCCN1CCc2ccccc2CC1)c1ccc(Cl)cc1,O=C(CCCN1CCc2ccccc2CC1)c1ccc(Cl)cc1,327.855,4.403700000000004,20.31,0,2,5,3,0.35,0.46551724137931033,0,weak_binder
CHEMBL1632158,10000.0,10000.0,10000.0,10000.0,1,COC(=O)CCCCCN1CCC(CNC(=O)c2c3n(c4ccccc24)CCCO3)CC1,COC(=O)CCCCCN1CCC(CNC(=O)c2c3n(c4ccccc24)CCCO3)CC1,441.5720000000003,3.599000000000002,72.8,1,5,9,4,0.6,0.32941176470588235,0,weak_binder
CHEMBL5928186,9302.0,9302.0,9302.0,9302.0,2,Cn1cc2c(n1)CCN(CCN1CCN(c3noc4ccccc34)CC1)C2=O,Cn1cc2c(n1)CCN(CCN1CCN(c3noc4ccccc34)CC1)C2=O,380.45200000000017,1.3817999999999993,70.64000000000001,0,6,4,5,0.45,0.4657534246575342,0,weak_binder
CHEMBL4744824,2900.0,2900.0,2900.0,2900.0,1,O=C(c1ccccc1)N1CCC(NCCSC(c2ccc(F)cc2)c2ccc(F)cc2)CC1,O=C(c1ccccc1)N1CCC(NCCSC(c2ccc(F)cc2)c2ccc(F)cc2)CC1,466.59700000000015,5.681800000000005,32.34,1,3,8,4,0.2962962962962963,0.32,0,weak_binder
CHEMBL241283,8200.0,8200.0,8200.0,8200.0,1,CCCCSC1=CCc2ccc(/N=C/N3CCc4cc(OC)c(OC)cc4C3)cc21,CCCCSC1=CCc2ccc(/N=C/N3CCc4cc(OC)c(OC)cc4C3)cc21,422.5940000000002,5.852200000000007,34.06,0,4,8,4,0.4,0.22972972972972974,0,weak_binder
CHEMBL4092015,29300.0,29300.0,29300.0,29300.0,1,COc1ccccc1N1CCC12CCN(CCCSc1nnc(-c3ccccc3)n1C)CC2,COc1ccccc1N1CCC12CCN(CCCSc1nnc(-c3ccccc3)n1C)CC2,463.6510000000001,4.717800000000005,46.42,0,6,8,5,0.4615384615384615,0.40229885057471265,0,weak_binder
CHEMBL553500,10000.0,10000.0,10000.0,10000.0,1,Cl.O=C1C=C(c2ccccc2)OC12CCN(Cc1ccccc1)CC2,O=C1C=C(c2ccccc2)OC12CCN(Cc1ccccc1)CC2,319.40400000000005,3.661600000000002,29.54,0,3,3,4,0.2857142857142857,0.45454545454545453,0,weak_binder
CHEMBL1214891,10000.0,10000.0,10000.0,10000.0,1,FC(F)CCOc1ccc(CN2CCN(Cc3cc4ccccc4o3)CC2)cc1,FC(F)CCOc1ccc(CN2CCN(Cc3cc4ccccc4o3)CC2)cc1,400.4690000000001,4.784600000000005,28.85,0,4,8,4,0.391304347826087,0.49122807017543857,0,weak_binder
CHEMBL3299099,1699.12,1699.12,1698.24,1700.0,2,Cc1cc(C)c2c(N)c(C(=O)NCCCN3CCC(O)(c4ccc(Cl)cc4)CC3)sc2n1,Cc1cc(C)c2c(N)c(C(=O)NCCCN3CCC(O)(c4ccc(Cl)cc4)CC3)sc2n1,473.04200000000014,4.252240000000003,91.48,3,6,6,4,0.4166666666666667,0.4606741573033708,0,weak_binder
CHEMBL3085216,50000.0,50000.0,50000.0,50000.0,1,CCCN(C(C)C)[C@H]1COc2cccc(C(N)=O)c2C1,CCCN(C(C)C)[C@H]1COc2cccc(C(N)=O)c2C1,276.38,2.2094000000000005,55.56,1,3,5,2,0.5625,0.29850746268656714,0,weak_binder
CHEMBL482978,3090.3,3090.3,3090.3,3090.3,1,CCCN1CCO[C@@H]2c3cc(C(C)=O)ccc3CC[C@H]21,CCCN1CCO[C@@H]2c3cc(C(C)=O)ccc3CC[C@H]21,273.376,2.987300000000002,29.54,0,3,3,3,0.5882352941176471,0.45901639344262296,0,weak_binder
CHEMBL5959032,1800.0,1800.0,1800.0,1800.0,2,Cc1cc(CC(=O)N[C@H]2CC[C@](F)(CCN3CCc4nc(OCC(F)(F)F)sc4CC3)CC2)no1,Cc1cc(CC(=O)N[C@H]2CC[C@](F)(CCN3CCc4nc(OCC(F)(F)F)sc4CC3)CC2)no1,518.5770000000002,4.1811200000000035,80.49000000000001,1,7,8,4,0.6956521739130435,0.4945054945054945,0,weak_binder
CHEMBL3298756,2752.115,2752.115,2750.0,2754.23,2,CC(C)(C)OC(=O)NCCN1CCC(O)(c2ccc(Cl)cc2)CC1,CC(C)(C)OC(=O)NCCN1CCC(O)(c2ccc(Cl)cc2)CC1,354.87800000000004,3.1481000000000012,61.8,2,4,4,2,0.6111111111111112,0.45161290322580644,0,weak_binder
CHEMBL561262,46500.0,46500.0,40000.0,53000.0,2,COc1ccccc1N1CCN(Cc2c(C)nc3cc(C)ncn23)CC1,COc1ccccc1N1CCN(Cc2c(C)nc3cc(C)ncn23)CC1,351.45400000000006,2.676940000000001,45.900000000000006,0,5,4,4,0.4,0.47619047619047616,0,weak_binder
CHEMBL170923,12589.25,12589.25,12589.25,12589.25,1,CCCN1CCO[C@@H]2c3cc4c(cc3OC[C@H]21)CCO4,CCCN1CCO[C@@H]2c3cc4c(cc3OC[C@H]21)CCO4,275.348,2.1658,30.930000000000003,0,4,2,4,0.625,0.43333333333333335,0,weak_binder
CHEMBL4164849,5698.0,5698.0,5698.0,5698.0,1,Cc1oc(-c2ccco2)nc1CN(C)C[C@@H]1Cc2ccccc2O1,Cc1oc(-c2ccco2)nc1CN(C)C[C@@H]1Cc2ccccc2O1,324.38,3.6785200000000025,51.64,0,5,5,4,0.3157894736842105,0.22972972972972974,0,weak_binder
CHEMBL99967,2190.0,2190.0,2190.0,2190.0,1,c1ccc(-c2nc(CN3CCN(c4ccccn4)CC3)c[nH]2)cc1,c1ccc(-c2nc(CN3CCN(c4ccccn4)CC3)c[nH]2)cc1,319.41200000000003,2.7939000000000007,48.05,1,4,4,4,0.2631578947368421,0.4444444444444444,0,weak_binder
CHEMBL283247,1900.0,1900.0,1900.0,1900.0,1,CCCCc1cnc2c(c1)[C@@H]1c3cc(O)c(O)cc3CC[C@H]1NC2,CCCCc1cnc2c(c1)[C@@H]1c3cc(O)c(O)cc3CC[C@H]1NC2,324.4240000000001,3.3853000000000018,65.38000000000001,3,4,3,4,0.45,0.26436781609195403,0,weak_binder
CHEMBL331100,1750.0,1750.0,1750.0,1750.0,1,C=Cc1ccc2c(c1OC)-c1cccc3c1[C@@H](C2)N(C)CC3,C=Cc1ccc2c(c1OC)-c1cccc3c1[C@@H](C2)N(C)CC3,291.39400000000006,4.090300000000003,12.47,0,2,2,4,0.3,0.4444444444444444,0,weak_binder
CHEMBL2062855,16000.0,16000.0,16000.0,16000.0,1,C[C@H]1[C@H]2[C@@H](CN1Cc1ccccc1)[C@@H](CO)[C@@H]2N1CCCC1,C[C@H]1[C@H]2[C@@H](CN1Cc1ccccc1)[C@@H](CO)[C@@H]2N1CCCC1,300.4460000000002,2.2096,26.71,1,3,4,4,0.6842105263157895,0.26229508196721313,0,weak_binder
CHEMBL5394387,13300.0,13300.0,13300.0,13300.0,1,Cc1cccnc1C1CCN(CCCc2nc3ccccc3s2)CC1,Cc1cccnc1C1CCN(CCCc2nc3ccccc3s2)CC1,351.51900000000006,4.811920000000005,29.020000000000003,0,4,5,4,0.4285714285714285,0.47540983606557374,0,weak_binder
CHEMBL411,4440.0,4440.0,4440.0,4440.0,1,CC/C(=C(/CC)c1ccc(O)cc1)c1ccc(O)cc1,CC/C(=C(/CC)c1ccc(O)cc1)c1ccc(O)cc1,268.356,4.828600000000005,40.46,2,2,4,2,0.2222222222222222,0.24390243902439024,0,weak_binder
CHEMBL4100358,30000.0,30000.0,30000.0,30000.0,1,CCCC(C)NC(=O)c1cc2ccccc2[nH]1,CCCC(C)NC(=O)c1cc2ccccc2[nH]1,230.31100000000004,3.0863000000000005,44.89,2,1,4,2,0.3571428571428571,0.4057971014492754,0,weak_binder
CHEMBL4641502,1740.0,1740.0,1740.0,1740.0,1,CN1CCc2cccc3c2C1Cc1ccc2nc(N)sc2c1-3,CN1CCc2cccc3c2C1Cc1ccc2nc(N)sc2c1-3,307.422,3.630600000000002,42.150000000000006,1,4,0,5,0.2777777777777778,0.4375,0,weak_binder
CHEMBL5890342,1700.0,1700.0,1700.0,1700.0,1,O=C(N[C@H]1CC[C@H](CCN2CCC(c3nccn3-c3ccccn3)CC2)CC1)c1cccc2ncccc12,O=C(N[C@H]1CC[C@H](CCN2CCC(c3nccn3-c3ccccn3)CC2)CC1)c1cccc2ncccc12,508.6700000000003,5.3738000000000055,75.94,1,5,7,6,0.4193548387096774,0.45054945054945056,0,weak_binder
CHEMBL3764251,10000.0,10000.0,10000.0,10000.0,1,Cn1cncc1-c1nnc(SCCCN2CCOC(c3ccc(C(F)(F)F)cc3)C2)n1C,Cn1cncc1-c1nnc(SCCCN2CCOC(c3ccc(C(F)(F)F)cc3)C2)n1C,466.5330000000001,3.7901000000000025,61.00000000000001,0,6,7,4,0.4761904761904761,0.46511627906976744,0,weak_binder
CHEMBL102162,10000.0,10000.0,10000.0,10000.0,1,Cc1sc(C)c2c1CCCc1ncn(C)c1-2,Cc1sc(C)c2c1CCCc1ncn(C)c1-2,232.352,3.254140000000002,17.82,0,2,0,3,0.4615384615384615,0.29411764705882354,0,weak_binder
CHEMBL4448285,1025.0,1025.0,1025.0,1025.0,1,COc1ccc2[nH]cc(CCNCc3ccc(-c4cnc5ccccc5c4)o3)c2c1,COc1ccc2[nH]cc(CCNCc3ccc(-c4cnc5ccccc5c4)o3)c2c1,397.47800000000007,5.317000000000004,63.08,2,4,7,5,0.16,0.2777777777777778,0,weak_binder
CHEMBL3092753,1400.0,1400.0,1400.0,1400.0,1,NC(N)=NC(=O)c1ccc2c(c1)Cc1ccccc1-2,NC(N)=NC(=O)c1ccc2c(c1)Cc1ccccc1-2,251.28899999999996,1.6714,81.47,2,1,1,3,0.0666666666666666,0.3142857142857143,0,weak_binder
CHEMBL284346,1600.0,1600.0,1600.0,1600.0,1,Cc1c(-c2ccccc2)nnn1C1CCN(Cc2ccccc2)CC1,Cc1c(-c2ccccc2)nnn1C1CCN(Cc2ccccc2)CC1,332.451,4.090620000000003,33.95,0,3,4,4,0.3333333333333333,0.46296296296296297,0,weak_binder
CHEMBL4169603,5596.0,5596.0,5596.0,5596.0,1,Cc1cc(C)n(C2CN(CCCc3nc(-c4ccccc4)no3)C2)n1,Cc1cc(C)n(C2CN(CCCc3nc(-c4ccccc4)no3)C2)n1,337.4270000000001,3.0394400000000017,59.98,0,5,6,4,0.4210526315789473,0.27906976744186046,0,weak_binder
CHEMBL3963688,6309.57,6309.57,6309.57,6309.57,1,CN[C@H]1c2cc3c(ccn3S(=O)(=O)c3ccccc3)cc2[C@@H]1CCO,CN[C@H]1c2cc3c(ccn3S(=O)(=O)c3ccccc3)cc2[C@@H]1CCO,356.4470000000001,2.6184000000000016,71.33,2,4,5,4,0.2631578947368421,0.2923076923076923,0,weak_binder
CHEMBL364586,5317.0,5317.0,5317.0,5317.0,1,O=C(c1ccccc1)c1ccccc1OCCN1CCCC1,O=C(c1ccccc1)c1ccccc1OCCN1CCCC1,295.38200000000006,3.3922000000000017,29.54,0,3,6,3,0.3157894736842105,0.38461538461538464,0,weak_binder
CHEMBL4174055,1285.0,1285.0,1285.0,1285.0,1,CC1(c2ccc(Cl)cc2)NC(=O)N(CC(O)CN2CCN(c3ccccc3C#N)CC2)C1=O.Cl,CC1(c2ccc(Cl)cc2)NC(=O)N(CC(O)CN2CCN(c3ccccc3C#N)CC2)C1=O,467.95700000000033,2.1617800000000003,99.91,2,6,6,4,0.375,0.3246753246753247,0,weak_binder
CHEMBL104196,2610.0,2610.0,2610.0,2610.0,1,O=C(CN1CCN(Cc2ccc(Cl)cc2)CC1)N1CCOc2ccccc21,O=C(CN1CCN(Cc2ccc(Cl)cc2)CC1)N1CCOc2ccccc21,385.89500000000015,2.8832000000000013,36.02000000000001,0,4,4,4,0.3809523809523809,0.4918032786885246,0,weak_binder
CHEMBL5722983,10000.0,10000.0,10000.0,10000.0,1,Cc1ccc2[nH]c(CNCCc3nc(-c4cccnc4)n[nH]3)cc(=O)c2c1,Cc1ccc2[nH]c(CNCCc3nc(-c4cccnc4)n[nH]3)cc(=O)c2c1,360.4210000000001,2.3489199999999997,99.35,3,5,6,4,0.2,0.19767441860465115,0,weak_binder
CHEMBL4569006,5934.0,5934.0,5934.0,5934.0,1,CCCN(CCCCNC(=O)c1cc2ccccc2[nH]1)CC1CC1c1ccc(F)cc1.Cl,CCCN(CCCCNC(=O)c1cc2ccccc2[nH]1)CC1CC1c1ccc(F)cc1,421.5600000000002,5.332700000000005,48.13,2,2,11,4,0.4230769230769231,0.4606741573033708,0,weak_binder
CHEMBL261917,10000.0,10000.0,10000.0,10000.0,1,CC(C)(C)c1ccc(S(=O)(=O)Nc2ccc3nccc(N4CCNCC4)c3c2)cc1,CC(C)(C)c1ccc(S(=O)(=O)Nc2ccc3nccc(N4CCNCC4)c3c2)cc1,424.5700000000002,3.742700000000002,74.33,2,5,4,4,0.3478260869565217,0.3055555555555556,0,weak_binder
CHEMBL35093,2748.0,2748.0,2748.0,2748.0,1,Cc1ccc(N2CCN(CC[C@H]3NC(=O)c4ccccc43)CC2)cc1C,Cc1ccc(N2CCN(CC[C@H]3NC(=O)c4ccccc43)CC2)cc1C,349.4780000000002,3.3002400000000023,35.58,1,3,4,4,0.4090909090909091,0.3194444444444444,0,weak_binder
CHEMBL3740498,1290.0,1290.0,1290.0,1290.0,1,Cl.Clc1ccc(N2CCN(CCCCNc3noc(-c4ccccc4)n3)CC2)c(Cl)c1,Clc1ccc(N2CCN(CCCCNc3noc(-c4ccccc4)n3)CC2)c(Cl)c1,446.3820000000002,5.057700000000004,57.43,1,6,8,4,0.3636363636363636,0.4166666666666667,0,weak_binder
CHEMBL4636778,11900.0,11900.0,11900.0,11900.0,1,CC(O)CN1[C@H](C)CN(CCSC(c2ccc(F)cc2)c2ccc(F)cc2)C[C@@H]1C,CC(O)CN1[C@H](C)CN(CCSC(c2ccc(F)cc2)c2ccc(F)cc2)C[C@@H]1C,434.5960000000001,4.562800000000005,26.71,1,4,8,3,0.5,0.2857142857142857,0,weak_binder
CHEMBL3769536,6790.0,6790.0,6790.0,6790.0,1,CC1(c2ccc(F)cc2)NC(=O)N(CC(O)CN2CCN(c3ccc(F)cc3F)CC2)C1=O,CC1(c2ccc(F)cc2)NC(=O)N(CC(O)CN2CCN(c3ccc(F)cc3F)CC2)C1=O,462.47200000000026,2.054,76.12,2,5,6,4,0.391304347826087,0.2972972972972973,0,weak_binder
CHEMBL177807,1500.0,1500.0,1500.0,1500.0,1,O=C(CN1CCC(S(=O)(=O)c2ccccc2)CC1)c1ccc(F)cc1F,O=C(CN1CCC(S(=O)(=O)c2ccccc2)CC1)c1ccc(F)cc1F,379.4280000000001,3.0858000000000017,54.45,0,4,5,3,0.3157894736842105,0.3235294117647059,0,weak_binder
CHEMBL4472900,3162.0,3162.0,3162.0,3162.0,1,CCCN(CCCCNC(=O)c1cc2ccccc2[nH]1)CC1CC1c1ccc(Cl)cc1.Cl,CCCN(CCCCNC(=O)c1cc2ccccc2[nH]1)CC1CC1c1ccc(Cl)cc1,438.0150000000002,5.847000000000006,48.13,2,2,11,4,0.4230769230769231,0.4606741573033708,0,weak_binder
CHEMBL1162962,2000.0,2000.0,2000.0,2000.0,1,O=S(=O)(c1ccccc1)c1ccc(/C=C/c2ccc(F)cc2F)nc1,O=S(=O)(c1ccccc1)c1ccc(/C=C/c2ccc(F)cc2F)nc1,357.38100000000003,4.363000000000002,47.03,0,3,4,3,0.0,0.2318840579710145,0,weak_binder
CHEMBL1779058,1724.0,1724.0,1724.0,1724.0,1,O=C(CCCN1C2C3C4CC5C6C4C2C6C1(O)C53)c1ccc(F)cc1,O=C(CCCN1C2C3C4CC5C6C4C2C6C1(O)C53)c1ccc(F)cc1,339.4100000000001,2.549100000000001,40.540000000000006,1,3,5,8,0.6666666666666666,0.4444444444444444,0,weak_binder
CHEMBL6013123,1700.0,1700.0,1700.0,1700.0,1,Cc1cnc(CC(=O)N[C@H]2CC[C@](F)(CCN3CCc4nc(OCC(F)F)sc4CC3)CC2)o1,Cc1cnc(CC(=O)N[C@H]2CC[C@](F)(CCN3CCc4nc(OCC(F)F)sc4CC3)CC2)o1,500.5870000000003,3.8839200000000034,80.49000000000001,1,7,9,4,0.6956521739130435,0.41836734693877553,0,weak_binder
CHEMBL5410159,7330.0,7330.0,7330.0,7330.0,1,CN(C)C(=O)C(CCN(CCO)[C@@H]1C[C@H]1c1ccc(Cl)cc1)(c1ccccc1)c1ccccc1,CN(C)C(=O)C(CCN(CCO)[C@@H]1C[C@H]1c1ccc(Cl)cc1)(c1ccccc1)c1ccccc1,477.0480000000001,4.954800000000006,43.78,1,3,10,4,0.3448275862068966,0.3375,0,weak_binder
CHEMBL91585,5800.0,5800.0,5800.0,5800.0,2,COc1ccc2c3c(c(=O)oc2c1)CN(Cc1ccncc1)CC3,COc1ccc2c3c(c(=O)oc2c1)CN(Cc1ccncc1)CC3,322.36400000000003,2.754900000000001,55.57,0,5,3,4,0.2631578947368421,0.3013698630136986,0,weak_binder
CHEMBL4572167,10000.0,10000.0,10000.0,10000.0,1,CC[C@H]1c2ccccc2N(c2ccccc2)C[C@@]1(C)N,CC[C@H]1c2ccccc2N(c2ccccc2)C[C@@]1(C)N,266.388,4.049300000000002,29.26,1,2,2,3,0.3333333333333333,0.25757575757575757,0,weak_binder
CHEMBL3085215,30100.0,30100.0,30100.0,30100.0,1,CCCN(C(C)C)[C@@H]1COc2cccc(C(C)=O)c2C1,CCCN(C(C)C)[C@@H]1COc2cccc(C(C)=O)c2C1,275.392,3.313100000000002,29.54,0,3,5,2,0.5882352941176471,0.34328358208955223,0,weak_binder
CHEMBL5722967,10000.0,10000.0,10000.0,10000.0,1,Cc1ccc2nc(CN[C@H](c3cccs3)C3CC3)cc(=O)n2c1,Cc1ccc2nc(CN[C@H](c3cccs3)C3CC3)cc(=O)n2c1,325.4370000000001,3.305320000000002,46.400000000000006,1,4,5,4,0.3333333333333333,0.24705882352941178,0,weak_binder
CHEMBL5938222,10000.0,10000.0,10000.0,10000.0,2,O=C1c2cccnc2CCN1CCN1CCN(c2noc3ccccc23)CC1,O=C1c2cccnc2CCN1CCN1CCN(c2noc3ccccc23)CC1,377.4480000000001,2.0433,65.71000000000001,0,6,4,5,0.3809523809523809,0.44594594594594594,0,weak_binder
CHEMBL375596,2900.0,2900.0,2900.0,2900.0,1,Cc1cccc(NC(=O)CN2CCC(c3ccccn3)CC2)c1,Cc1cccc(NC(=O)CN2CCC(c3ccccn3)CC2)c1,309.41300000000007,3.208120000000002,45.23,1,3,4,3,0.3684210526315789,0.37681159420289856,0,weak_binder
CHEMBL3642784,2308.0,2308.0,2308.0,2308.0,1,CC(=O)N[C@H]1CC[C@H](CCN2CCN(c3ncc(C)c4c3CCO4)CC2)CC1,CC(=O)N[C@H]1CC[C@H](CCN2CCN(c3ncc(C)c4c3CCO4)CC2)CC1,386.5400000000003,2.5319200000000004,57.7,1,5,5,4,0.7272727272727273,0.44155844155844154,0,weak_binder
CHEMBL35182,5000.0,5000.0,5000.0,5000.0,1,Cc1ccc(N2CCN(CCC3c4ccccc4C(=O)N3C)CC2)cc1C,Cc1ccc(N2CCN(CCC3c4ccccc4C(=O)N3C)CC2)cc1C,363.5050000000002,3.6424400000000032,26.79,0,3,4,4,0.4347826086956521,0.34375,0,weak_binder
CHEMBL333725,1010.0,1010.0,1010.0,1010.0,1,CC(C)N1CCc2cccc3c2[C@H]1Cc1cccc(O)c1-3,CC(C)N1CCc2cccc3c2[C@H]1Cc1cccc(O)c1-3,279.383,3.9229000000000034,23.47,1,2,1,4,0.3684210526315789,0.43333333333333335,0,weak_binder
CHEMBL104399,5839.0,5839.0,5839.0,5839.0,1,C[C@@H]1CN(Cc2ccc(Cl)cc2)CCN1CC(=O)N1CCc2ccccc21,C[C@@H]1CN(Cc2ccc(Cl)cc2)CCN1CC(=O)N1CCc2ccccc21,383.9230000000001,3.4354000000000022,26.79,0,3,4,4,0.4090909090909091,0.44776119402985076,0,weak_binder
CHEMBL6045711,2200.0,2200.0,2200.0,2200.0,1,CN1Cc2c(C(=O)NC34CCC(CCN5CCc6nc(OCC(F)(F)F)sc6CC5)(CC3)CC4)cccc2C1=O,CN1Cc2c(C(=O)NC34CCC(CCN5CCc6nc(OCC(F)(F)F)sc6CC5)(CC3)CC4)cccc2C1=O,576.6850000000003,4.983500000000005,74.77000000000001,1,6,7,7,0.6206896551724138,0.4,0,weak_binder
CHEMBL146144,1700.0,1700.0,1700.0,1700.0,1,OC1c2ccccc2CCC12CCN(CCc1ccccc1)CC2,OC1c2ccccc2CCC12CCN(CCc1ccccc1)CC2,321.464,3.991100000000003,23.47,1,2,3,4,0.4545454545454545,0.32786885245901637,0,weak_binder
CHEMBL364565,1015.0,1015.0,1015.0,1015.0,1,c1ccc(Cc2ccccc2OCCN2CCCCC2)cc1,c1ccc(Cc2ccccc2OCCN2CCCCC2)cc1,295.42599999999993,4.142100000000003,12.47,0,2,6,3,0.4,0.375,0,weak_binder
CHEMBL5723004,10000.0,10000.0,10000.0,10000.0,1,Cc1ccc2[nH]c(CNCC[C@@H]3CCCCO3)cc(=O)c2c1,Cc1ccc2[nH]c(CNCC[C@@H]3CCCCO3)cc(=O)c2c1,300.402,2.885320000000001,54.12,2,3,5,3,0.5,0.2441860465116279,0,weak_binder
CHEMBL347959,2596.0,2596.0,2596.0,2596.0,1,Cc1ccc2c(c1)C(NC1CCN(C)CC1)=Nc1cccnc1N2,Cc1ccc2c(c1)C(NC1CCN(C)CC1)=Nc1cccnc1N2,321.428,3.2091200000000013,52.55,2,5,1,4,0.3684210526315789,0.2465753424657534,0,weak_binder
CHEMBL4467528,5000.0,5000.0,5000.0,5000.0,1,CCOc1ccc(F)cc1C1CC1CN(C)CCCSc1nnc(-c2ccccc2)n1C.Cl,CCOc1ccc(F)cc1C1CC1CN(C)CCCSc1nnc(-c2ccccc2)n1C,454.6150000000001,5.237600000000005,43.18,0,5,11,4,0.44,0.3333333333333333,0,weak_binder
CHEMBL4520796,1092.0,1092.0,1090.0,1094.0,2,Cc1ccc(C(C)C)c(OCc2nc(N)nc(N3CCN(C)CC3)n2)c1,Cc1ccc(C(C)C)c(OCc2nc(N)nc(N3CCN(C)CC3)n2)c1,356.47400000000016,2.2164199999999994,80.39999999999999,1,7,5,3,0.5263157894736842,0.28169014084507044,0,weak_binder
CHEMBL349843,2557.0,2557.0,2557.0,2557.0,1,CCCN[C@@H]1CCc2c(OS(=O)(=O)C(F)(F)F)cccc2[C@@H]1C,CCCN[C@@H]1CCc2c(OS(=O)(=O)C(F)(F)F)cccc2[C@@H]1C,351.39000000000004,3.332900000000002,55.4,1,4,5,2,0.6,0.4153846153846154,0,weak_binder
CHEMBL59075,1584.89,1584.89,1584.89,1584.89,1,COc1cc2ccccc2cc1OCCC1CCN(Cc2ccccc2)CC1,COc1cc2ccccc2cc1OCCC1CCN(Cc2ccccc2)CC1,375.5120000000001,5.529500000000006,21.700000000000003,0,3,7,4,0.36,0.352112676056338,0,weak_binder
CHEMBL3642770,1277.1,1277.1,1277.1,1277.1,1,CC(C)CCC(=O)N[C@H]1CC[C@H](CCN2CCN(c3nccc4c3CCO4)CC2)CC1,CC(C)CCC(=O)N[C@H]1CC[C@H](CCN2CCN(c3nccc4c3CCO4)CC2)CC1,428.62100000000027,3.639800000000002,57.7,1,5,8,4,0.76,0.4625,0,weak_binder
CHEMBL543343,3130.0,3130.0,3130.0,3130.0,1,Cl.O=C1C(c2ccc3ccccc3c2)=COC12CCN(CCc1ccccc1)CC2,O=C1C(c2ccc3ccccc3c2)=COC12CCN(CCc1ccccc1)CC2,383.49100000000016,4.857300000000004,29.54,0,3,4,5,0.2692307692307692,0.484375,0,weak_binder
CHEMBL106007,5000.0,5000.0,5000.0,5000.0,1,O=C(CN1CCN(Cc2ccc(Cl)cc2)CC1)N1CCCSc2ccccc21,O=C(CN1CCN(Cc2ccc(Cl)cc2)CC1)N1CCCSc2ccccc21,415.9900000000002,3.986600000000004,26.790000000000006,0,4,4,4,0.4090909090909091,0.47619047619047616,0,weak_binder
CHEMBL12264,3981.035,3981.035,3981.0,3981.07,2,Cc1cccc(S(=O)(=O)N(C)[C@H](C)CCN2CCC(C)CC2)c1,Cc1cccc(S(=O)(=O)N(C)[C@H](C)CCN2CCC(C)CC2)c1,338.5170000000001,3.1260200000000022,40.620000000000005,0,3,6,2,0.6666666666666666,0.32,0,weak_binder
CHEMBL1923416,37000.0,37000.0,29000.0,45000.0,2,Fc1ccc(CN2CCN(c3ccc4c(c3)OCCO4)CC2)cn1,Fc1ccc(CN2CCN(c3ccc4c(c3)OCCO4)CC2)cn1,329.37500000000017,2.3141000000000007,37.83,0,5,3,4,0.3888888888888889,0.4153846153846154,0,weak_binder
CHEMBL163087,20000.0,12116.3,16.0,20000.0,10,CCCN(CCC)C1CC=C(C#C[Si](C)(C)C)CC1,CCCN(CCC)C1CC=C(C#C[Si](C)(C)C)CC1,277.528,4.468100000000004,3.24,0,1,5,1,0.7647058823529411,0.425531914893617,0,weak_binder
CHEMBL3642786,2951.0,2951.0,2951.0,2951.0,1,Cc1cnc(N2CCN(CC[C@H]3CC[C@H](NC(=O)CC4CCOCC4)CC3)CC2)c2c1OCC2,Cc1cnc(N2CCN(CC[C@H]3CC[C@H](NC(=O)CC4CCOCC4)CC3)CC2)c2c1OCC2,470.6580000000005,3.3287200000000015,66.93,1,6,7,5,0.7777777777777778,0.39285714285714285,0,weak_binder
CHEMBL4777080,156000.0,156000.0,156000.0,156000.0,1,O=C(c1ccc(F)cc1)N1CCC(NCC[S+]([O-])C(c2ccc(F)cc2)c2ccc(F)cc2)CC1,O=C(c1ccc(F)cc1)N1CCC(NCC[S+]([O-])C(c2ccc(F)cc2)c2ccc(F)cc2)CC1,500.5860000000002,4.836400000000005,55.400000000000006,1,3,8,4,0.2962962962962963,0.38461538461538464,0,weak_binder
CHEMBL5970135,10000.0,7188.333333333333,1565.0,10000.0,3,Cc1ncc2c(=O)n(CCN3CCN(c4noc5ccccc45)CC3)ccc2n1,Cc1ncc2c(=O)n(CCN3CCN(c4noc5ccccc45)CC3)ccc2n1,390.4470000000001,2.06332,80.29,0,7,4,5,0.3333333333333333,0.44155844155844154,0,weak_binder
CHEMBL169459,29500.0,29500.0,29000.0,30000.0,2,c1ccc(C2=NCC[C@@H](CN3CCN(c4ccccc4)CC3)N2)cc1,c1ccc(C2=NCC[C@@H](CN3CCN(c4ccccc4)CC3)N2)cc1,334.46700000000004,2.6173,30.869999999999997,1,4,4,4,0.3809523809523809,0.3793103448275862,0,weak_binder
CHEMBL5991172,1900.0,1900.0,1900.0,1900.0,1,Cc1ncc(CC(=O)N[C@H]2CC[C@H](CCN3CCc4ccc(OC(C)C)nc4CC3)CC2)o1,Cc1ncc(CC(=O)N[C@H]2CC[C@H](CCN3CCc4ccc(OC(C)C)nc4CC3)CC2)o1,454.6150000000003,3.8736200000000025,80.49000000000001,1,6,8,4,0.6538461538461539,0.40625,0,weak_binder
CHEMBL344602,1700.0,1700.0,1400.0,2000.0,2,N#Cc1ccc2cc(CN3CCN(c4ccc(Cl)c(Cl)c4)CC3)[nH]c2c1,N#Cc1ccc2cc(CN3CCN(c4ccc(Cl)c(Cl)c4)CC3)[nH]c2c1,385.29800000000006,4.668580000000004,46.06,1,3,3,4,0.25,0.3709677419354839,0,weak_binder
CHEMBL5173564,2100.0,2100.0,2100.0,2100.0,1,O=C(c1ccccc1)N1CCN(CCCN2CCN(c3ccccc3)CC2)CC1,O=C(c1ccccc1)N1CCN(CCCN2CCN(c3ccccc3)CC2)CC1,392.54700000000014,2.6567000000000007,30.03000000000001,0,4,6,4,0.4583333333333333,0.4423076923076923,0,weak_binder
CHEMBL5934660,1700.0,1700.0,1700.0,1700.0,2,Cc1ncc(CC(=O)N[C@H]2CC[C@H](C(F)CN3CCc4ccc(OCC(F)(F)F)nc4CC3)CC2)s1,Cc1ncc(CC(=O)N[C@H]2CC[C@H](C(F)CN3CCc4ccc(OCC(F)(F)F)nc4CC3)CC2)s1,528.6160000000003,4.4440200000000045,67.35000000000001,1,6,8,4,0.64,0.4329896907216495,0,weak_binder
CHEMBL1080755,10000.0,10000.0,10000.0,10000.0,1,C[C@H]1CN(C(=O)c2ccc(-c3ccc(OC(F)(F)F)cc3)cc2)CCN1C(=O)c1ccc2cc[nH]c2c1,C[C@H]1CN(C(=O)c2ccc(-c3ccc(OC(F)(F)F)cc3)cc2)CCN1C(=O)c1ccc2cc[nH]c2c1,507.51200000000017,5.7202000000000055,65.64,1,3,4,5,0.2142857142857142,0.25274725274725274,0,weak_binder
CHEMBL5722980,10000.0,10000.0,10000.0,10000.0,1,Cc1ccc2[nH]c(CNCCSc3nc(C)n[nH]3)cc(=O)c2c1,Cc1ccc2[nH]c(CNCCSc3nc(C)n[nH]3)cc(=O)c2c1,329.42900000000003,2.14494,86.46000000000001,3,5,6,3,0.3125,0.18947368421052632,0,weak_binder
CHEMBL2113386,2000.0,2000.0,2000.0,2000.0,1,O=S(=O)(Cc1ccccc1I)Nc1ccc2[nH]cc(C[C@H]3CCCN3)c2c1,O=S(=O)(Cc1ccccc1I)Nc1ccc2[nH]cc(C[C@H]3CCCN3)c2c1,495.38600000000025,4.0089000000000015,73.99,3,3,6,4,0.3,0.22826086956521738,0,weak_binder
CHEMBL5597699,2699.0,2699.0,2699.0,2699.0,1,O=S(=O)(c1ccccc1)n1cccc1-c1cccc(N2CCNCC2)c1,O=S(=O)(c1ccccc1)n1cccc1-c1cccc(N2CCNCC2)c1,367.47400000000016,2.801700000000001,54.34,1,4,4,4,0.2,0.2857142857142857,0,weak_binder
CHEMBL345087,3125.0,3125.0,1530.0,4720.0,2,CCCN(C(C)C)[C@@H]1CCc2c(F)cccc2C1,CCCN(C(C)C)[C@@H]1CCc2c(F)cccc2C1,249.37299999999993,3.803400000000003,3.24,0,1,4,2,0.625,0.4166666666666667,0,weak_binder
CHEMBL218787,7585.78,7585.78,7585.78,7585.78,1,Clc1ccc(N2CCN(Cc3cnn4c(I)cccc34)CC2)cc1,Clc1ccc(N2CCN(Cc3cnn4c(I)cccc34)CC2)cc1,452.72700000000015,3.914500000000003,23.78,0,3,3,4,0.2777777777777778,0.3508771929824561,0,weak_binder
CHEMBL274585,10000.0,10000.0,10000.0,10000.0,1,N#Cc1ccc(OCC2CCN(C/C=C/I)CC2)cc1,N#Cc1ccc(OCC2CCN(C/C=C/I)CC2)cc1,382.24500000000006,3.597780000000003,36.26,0,3,5,2,0.4375,0.28125,0,weak_binder
CHEMBL5965120,10000.0,10000.0,10000.0,10000.0,1,Cn1c(SCCCN2CC[C@]3(CC3c3ccccc3)C2)nnc1C1CCOCC1,Cn1c(SCCCN2CC[C@]3(CC3c3ccccc3)C2)nnc1C1CCOCC1,412.60300000000024,4.0709000000000035,43.18000000000001,0,5,7,5,0.6521739130434783,0.4878048780487805,0,weak_binder
CHEMBL3642797,3372.0,3372.0,3372.0,3372.0,1,O=C(N[C@H]1CC[C@H](CCN2CCN(c3nccc4c3CCO4)CC2)CC1)c1ccc2c(c1)OCO2,O=C(N[C@H]1CC[C@H](CCN2CCN(c3nccc4c3CCO4)CC2)CC1)c1ccc2c(c1)OCO2,478.5930000000005,3.246100000000001,76.16000000000001,1,7,6,6,0.5555555555555556,0.43373493975903615,0,weak_binder
CHEMBL4546749,1502.0,1502.0,1502.0,1502.0,1,Cl.Cn1c(SCCCNCC2CC2c2cc(F)ccc2OCCF)nnc1-c1ccccc1,Cn1c(SCCCNCC2CC2c2cc(F)ccc2OCCF)nnc1-c1ccccc1,458.5780000000002,4.845000000000004,51.97,1,5,12,4,0.4166666666666667,0.4044943820224719,0,weak_binder
CHEMBL4876297,4489.92,4489.92,4466.84,4513.0,2,O=C1c2cc(Cl)ccc2CC1CCN1CCN(c2ccccn2)CC1,O=C1c2cc(Cl)ccc2CC1CCN1CCN(c2ccccn2)CC1,355.8690000000001,3.3023000000000016,36.440000000000005,0,4,4,4,0.4,0.4027777777777778,0,weak_binder
CHEMBL104092,9150.0,9150.0,8300.0,10000.0,2,C(#Cc1cccn1C1CCN(Cc2ccccc2)CC1)c1ccccc1,C(#Cc1cccn1C1CCN(Cc2ccccc2)CC1)c1ccccc1,340.4700000000001,4.725000000000004,8.17,0,1,3,4,0.25,0.4528301886792453,0,weak_binder
CHEMBL98331,10000.0,10000.0,10000.0,10000.0,1,Cc1sc(C)c2c1CCCc1nncn1-2,Cc1sc(C)c2c1CCCc1nncn1-2,219.313,2.4343400000000006,30.71,0,3,0,3,0.4545454545454545,0.22641509433962265,0,weak_binder
CHEMBL6163737,100000.0,100000.0,100000.0,100000.0,1,N#Cc1cccc(CN2CCc3[nH]c(=O)n(Cc4ccc(Cl)c(Cl)c4)c(=O)c3C2)c1,N#Cc1cccc(CN2CCc3[nH]c(=O)n(Cc4ccc(Cl)c(Cl)c4)c(=O)c3C2)c1,441.3180000000002,3.3216800000000015,81.88999999999999,1,4,4,4,0.2272727272727272,0.31645569620253167,0,weak_binder
CHEMBL6037406,1100.0,1100.0,1100.0,1100.0,1,O=C(N[C@H]1CC[C@](F)(CCN2CCc3nc(OCC(F)F)sc3CC2)CC1)c1cccnc1C(F)F,O=C(N[C@H]1CC[C@](F)(CCN2CCc3nc(OCC(F)F)sc3CC2)CC1)c1cccnc1C(F)F,532.5790000000003,4.9912000000000045,67.35000000000001,1,6,9,4,0.625,0.40404040404040403,0,weak_binder
CHEMBL282971,1995.26,1995.26,1995.26,1995.26,1,COc1ccc(NS(=O)(=O)c2sc3ccc(Cl)cc3c2C)cc1N1CCN2CCC[C@@H]2C1,COc1ccc(NS(=O)(=O)c2sc3ccc(Cl)cc3c2C)cc1N1CCN2CCC[C@@H]2C1,492.0660000000004,4.956920000000005,61.88,1,6,5,5,0.391304347826087,0.3235294117647059,0,weak_binder
CHEMBL378680,2950.0,2950.0,2700.0,3200.0,2,Clc1ccc(N2CCN(Cc3cn4ccccc4n3)CC2)cc1Cl,Clc1ccc(N2CCN(Cc3cn4ccccc4n3)CC2)cc1Cl,361.2760000000002,3.963300000000003,23.78,0,3,3,4,0.2777777777777778,0.43859649122807015,0,weak_binder
CHEMBL4636881,100000.0,100000.0,100000.0,100000.0,1,CC(=O)Nc1c(F)cc(C(=O)N[C@H]2CC[C@H](O)CC2)cc1O[C@@H](C)c1ccccc1,CC(=O)Nc1c(F)cc(C(=O)N[C@H]2CC[C@H](O)CC2)cc1O[C@@H](C)c1ccccc1,414.47700000000015,3.9574000000000034,87.66000000000001,3,4,6,3,0.391304347826087,0.2840909090909091,0,weak_binder
CHEMBL545697,1496.0,1496.0,1496.0,1496.0,1,COc1ccc(C2=COC3(CCN(CCc4ccccc4)CC3)CC2=O)cc1.Cl,COc1ccc(C2=COC3(CCN(CCc4ccccc4)CC3)CC2=O)cc1,377.48400000000015,4.102800000000004,38.77,0,4,5,4,0.375,0.3424657534246575,0,weak_binder
CHEMBL123937,10000.0,10000.0,10000.0,10000.0,1,O=C(O)CC(O)C(=O)O.O=C1c2ccccc2CCC12CCN(Cc1ccc3ccccc3c1)CC2,O=C1c2ccccc2CCC12CCN(Cc1ccc3ccccc3c1)CC2,355.48100000000005,5.251100000000005,20.31,0,2,2,5,0.32,0.3770491803278688,0,weak_binder
CHEMBL168571,5050.0,5050.0,2800.0,7300.0,2,O=C1C[C@H](CN2CCN(c3ccccc3)CC2)N=C(c2ccccc2)N1,O=C1C[C@H](CN2CCN(c3ccccc3)CC2)N=C(c2ccccc2)N1,348.4500000000001,2.1439,47.940000000000005,1,4,4,4,0.3333333333333333,0.3442622950819672,0,weak_binder
CHEMBL171672,2511.89,2511.89,2511.89,2511.89,1,c1c2c(cc3c1CC[C@@H]1[C@@H]3OCCN1CC1CC1)OCC2,c1c2c(cc3c1CC[C@@H]1[C@@H]3OCCN1CC1CC1)OCC2,285.387,2.7196000000000007,21.700000000000003,0,3,2,5,0.6666666666666666,0.2878787878787879,0,weak_binder
CHEMBL4064919,13400.0,13400.0,13400.0,13400.0,1,CCCC(CCC)NC(=O)c1cc2ccccc2[nH]1,CCCC(CCC)NC(=O)c1cc2ccccc2[nH]1,258.365,3.866500000000002,44.89,2,1,6,2,0.4375,0.4117647058823529,0,weak_binder
CHEMBL22778,3760.0,3760.0,3760.0,3760.0,1,CCCN(CCC)[C@H]1CCc2c(F)ccc(O)c2C1,CCCN(CCC)[C@H]1CCc2c(F)ccc(O)c2C1,265.372,3.510600000000003,23.47,1,2,5,2,0.625,0.44680851063829785,0,weak_binder
CHEMBL554437,1168.0,1168.0,1168.0,1168.0,1,Cl.O=C1c2ccccc2CCC12CCN(CC1CCCCC1)CC2,O=C1c2ccccc2CCC12CCN(CC1CCCCC1)CC2,311.46900000000005,4.478000000000004,20.31,0,2,2,4,0.6666666666666666,0.3225806451612903,0,weak_binder
CHEMBL165022,16000.0,16000.0,12000.0,20000.0,2,C#CC(C#C)=C1CCC(N(CCC)CCC)CC1,C#CC(C#C)=C1CCC(N(CCC)CCC)CC1,243.3939999999999,3.6140000000000025,3.24,0,1,5,1,0.6470588235294118,0.4186046511627907,0,weak_binder
CHEMBL4166021,10000.0,10000.0,10000.0,10000.0,1,CCN1CCN(CCCNC(=O)c2ccc(F)cc2Cl)CC1,CCN1CCN(CCCNC(=O)c2ccc(F)cc2Cl)CC1,327.83100000000013,2.2364999999999995,35.58,1,3,6,2,0.5625,0.38571428571428573,0,weak_binder
CHEMBL543591,8400.0,8400.0,8400.0,8400.0,1,COc1ccc(C2=CC(=O)C3(CCN(CCc4ccccc4)CC3)O2)cc1.Cl,COc1ccc(C2=CC(=O)C3(CCN(CCc4ccccc4)CC3)O2)cc1,363.4570000000001,3.7127000000000026,38.77,0,4,5,4,0.3478260869565217,0.30434782608695654,0,weak_binder
CHEMBL598516,10000.0,10000.0,10000.0,10000.0,1,CN1CCc2cc(Cl)c(O)cc2[C@H]2c3ccc(NC(=O)C4CC4)cc3CC[C@@H]21,CN1CCc2cc(Cl)c(O)cc2[C@H]2c3ccc(NC(=O)C4CC4)cc3CC[C@@H]21,396.91800000000023,4.328700000000003,52.57,2,3,2,5,0.4347826086956521,0.4675324675324675,0,weak_binder
CHEMBL5773648,16218.0,16218.0,16218.0,16218.0,1,Cn1c(SCCCN2CCOC(c3ccc(C(F)(F)F)cc3)C2)nnc1-c1ccc(C(N)=O)cn1,Cn1c(SCCCN2CCOC(c3ccc(C(F)(F)F)cc3)C2)nnc1-c1ccc(C(N)=O)cn1,506.5540000000002,3.5505000000000013,99.16,1,7,8,4,0.391304347826087,0.44565217391304346,0,weak_binder
CHEMBL109179,3500.0,3500.0,3500.0,3500.0,1,O=C(O)c1ccc(CSc2nc3ccccc3n2Cc2ccc(Cl)cc2)cc1,O=C(O)c1ccc(CSc2nc3ccccc3n2Cc2ccc(Cl)cc2)cc1,408.9100000000001,5.728500000000004,55.12,1,3,6,4,0.0909090909090909,0.47619047619047616,0,weak_binder
CHEMBL609317,10000.0,10000.0,10000.0,10000.0,1,CC1Cc2ccc3c(c2O1)-c1cccc2c1[C@@H](C3)N(C)CC2,CC1Cc2ccc3c(c2O1)-c1cccc2c1[C@@H](C3)N(C)CC2,291.39400000000006,3.762100000000002,12.47,0,2,0,5,0.4,0.45,0,weak_binder
CHEMBL4076527,83671.0,83671.0,83671.0,83671.0,1,Cn1c(SCCCN2CCC3(CC2)CCN(c2ccccn2)CC3)nnc1-c1ccccc1,Cn1c(SCCCN2CCC3(CC2)CCN(c2ccccn2)CC3)nnc1-c1ccccc1,462.6670000000001,4.741900000000005,50.08,0,6,7,5,0.5,0.3835616438356164,0,weak_binder
CHEMBL417001,10000.0,10000.0,10000.0,10000.0,1,N#Cc1ccc(OCC2CCN(CCCF)CC2)cc1,N#Cc1ccc(OCC2CCN(CCCF)CC2)cc1,276.3549999999999,3.008680000000002,36.26,0,3,6,2,0.5625,0.38181818181818183,0,weak_binder
CHEMBL306265,1600.0,1600.0,1600.0,1600.0,1,Clc1ccc(CN2CC=C(c3nc4ccccc4s3)CC2)cc1,Clc1ccc(CN2CC=C(c3nc4ccccc4s3)CC2)cc1,340.87900000000013,5.239000000000003,16.130000000000003,0,3,3,4,0.2105263157894736,0.3898305084745763,0,weak_binder
CHEMBL107229,4623.0,4623.0,4623.0,4623.0,1,Cc1cccc2c1N(C(=O)CN1CCN(Cc3ccc(Cl)cc3)CC1)CC2,Cc1cccc2c1N(C(=O)CN1CCN(Cc3ccc(Cl)cc3)CC1)CC2,383.9230000000001,3.3553200000000025,26.790000000000006,0,3,4,4,0.4090909090909091,0.4375,0,weak_binder
CHEMBL5932399,1849.0,1849.0,1849.0,1849.0,2,CC(C)(C)c1cc(N2CCN(CCCCNC(=O)N3CCN(c4ccccc4)CC3)CC2)cc(C(C)(C)C)c1,CC(C)(C)c1cc(N2CCN(CCCCNC(=O)N3CCN(c4ccccc4)CC3)CC2)cc(C(C)(C)C)c1,533.8050000000004,5.715600000000006,42.06,1,4,7,4,0.6060606060606061,0.44776119402985076,0,weak_binder
CHEMBL321058,3431.0,3431.0,3431.0,3431.0,1,Cc1cccc2c1CCN2C(=O)CN1CCN(Cc2ccc(Cl)cc2)CC1,Cc1cccc2c1CCN2C(=O)CN1CCN(Cc2ccc(Cl)cc2)CC1,383.9230000000001,3.3553200000000025,26.790000000000006,0,3,4,4,0.4090909090909091,0.4838709677419355,0,weak_binder
CHEMBL187367,1006.0,1006.0,1006.0,1006.0,1,c1ccc(Cc2ccccc2OCCCN2CCCC2)cc1,c1ccc(Cc2ccccc2OCCCN2CCCC2)cc1,295.42599999999993,4.142100000000004,12.47,0,2,7,3,0.4,0.36363636363636365,0,weak_binder
CHEMBL3642716,1018.3,1018.3,1018.3,1018.3,1,CS(=O)(=O)CC(=O)N[C@H]1CC[C@H](CCN2CCN(c3nccc4c3CCO4)CC2)CC1,CS(=O)(=O)CC(=O)N[C@H]1CC[C@H](CCN2CCN(c3nccc4c3CCO4)CC2)CC1,450.6050000000003,1.2482000000000009,91.84,1,7,7,4,0.7272727272727273,0.46835443037974683,0,weak_binder
CHEMBL125745,1700.0,1700.0,1700.0,1700.0,1,NCCc1cccc2c1ccn2S(=O)(=O)c1ccccc1,NCCc1cccc2c1ccn2S(=O)(=O)c1ccccc1,300.383,2.3795,65.09,1,3,4,3,0.125,0.4897959183673469,0,weak_binder
CHEMBL486336,1000000.0,1000000.0,1000000.0,1000000.0,1,COc1cccc(CCc2ccccc2OCCN2CCc3cc(OC)c(OC)cc3C2)c1,COc1cccc(CCc2ccccc2OCCN2CCc3cc(OC)c(OC)cc3C2)c1,447.57500000000033,4.934700000000005,40.16,0,5,10,4,0.3571428571428571,0.32941176470588235,0,weak_binder
CHEMBL4073927,9792.0,9792.0,9792.0,9792.0,1,Cn1c(SCCCN2CCC3(CC2)CCN(c2ccc(F)cc2)CC3)nnc1-c1ccccc1,Cn1c(SCCCN2CCC3(CC2)CCN(c2ccc(F)cc2)CC3)nnc1-c1ccccc1,479.6690000000001,5.486000000000006,37.19,0,5,7,5,0.4814814814814814,0.3522727272727273,0,weak_binder
CHEMBL458792,298000.0,298000.0,298000.0,298000.0,1,COc1cccc(CCc2ccccc2OCCCN2CCN(c3cccc(Cl)c3)CC2)c1,COc1cccc(CCc2ccccc2OCCCN2CCN(c3cccc(Cl)c3)CC2)c1,465.03700000000026,5.724900000000006,24.940000000000005,0,4,10,4,0.3571428571428571,0.37333333333333335,0,weak_binder
CHEMBL148280,1500.0,1500.0,1500.0,1500.0,1,O=S(=O)(c1ccccc1)C1CCN(CCc2ccccc2)CC1,O=S(=O)(c1ccccc1)C1CCN(CCc2ccccc2)CC1,329.46500000000003,3.1674000000000015,37.38,0,3,5,3,0.3684210526315789,0.41509433962264153,0,weak_binder
CHEMBL5091479,100000.0,100000.0,100000.0,100000.0,1,CN1CCC(c2ccccc2)(c2ccccc2)C1,CN1CCC(c2ccccc2)(c2ccccc2)C1,237.346,3.308200000000002,3.24,0,1,2,3,0.2941176470588235,0.2653061224489796,0,weak_binder
CHEMBL2159456,1059.0,1059.0,1059.0,1059.0,1,O=S(=O)(NCC1CCN(CCOc2cccc(F)c2)CC1)c1cccs1,O=S(=O)(NCC1CCN(CCOc2cccc(F)c2)CC1)c1cccs1,398.5250000000001,2.956500000000002,58.64,1,5,8,3,0.4444444444444444,0.44594594594594594,0,weak_binder
CHEMBL5722937,10000.0,10000.0,10000.0,10000.0,1,CCc1nc(CCNCc2cc(=O)c3cc(F)ccc3[nH]2)cs1,CCc1nc(CCNCc2cc(=O)c3cc(F)ccc3[nH]2)cs1,331.416,3.0184000000000006,57.78,2,4,6,3,0.2941176470588235,0.23076923076923078,0,weak_binder
CHEMBL5422150,6500.0,6500.0,6500.0,6500.0,1,Clc1cccc2sc(CCCN3CCN(c4ccccn4)CC3)nc12,Clc1cccc2sc(CCCN3CCN(c4ccccn4)CC3)nc12,372.92500000000007,4.0995000000000035,32.260000000000005,0,5,5,4,0.3684210526315789,0.4,0,weak_binder
CHEMBL318018,3981.07,3981.07,3981.07,3981.07,1,Cc1sc2ccc(Cl)cc2c1S(=O)(=O)Nc1ccc2nccc(N3CCNCC3)c2c1,Cc1sc2ccc(Cl)cc2c1S(=O)(=O)Nc1ccc2nccc(N3CCNCC3)c2c1,473.02300000000025,4.621720000000004,74.33,2,6,4,5,0.2272727272727272,0.2857142857142857,0,weak_binder
CHEMBL210341,3600.0,3600.0,3500.0,3700.0,2,Clc1ccc(N2CCN(Cc3cn4cc(Br)ccc4n3)CC2)cc1Cl,Clc1ccc(N2CCN(Cc3cn4cc(Br)ccc4n3)CC2)cc1Cl,440.17200000000014,4.725800000000003,23.78,0,3,3,4,0.2777777777777778,0.40625,0,weak_binder
CHEMBL609742,5000.0,5000.0,5000.0,5000.0,1,O=S(=O)(Nc1ccc2[nH]cc(C[C@H]3CCCN3)c2c1)c1ccccc1Cl,O=S(=O)(Nc1ccc2[nH]cc(C[C@H]3CCCN3)c2c1)c1ccccc1Cl,389.908,3.9166000000000025,73.99,3,3,5,4,0.2631578947368421,0.25,0,weak_binder
CHEMBL3765422,15848.93,15848.93,15848.93,15848.93,1,Cn1c(SCCCN2CCOC(c3ccc(C(F)(F)F)cc3)C2)nnc1-c1cncc(C(N)=O)c1,Cn1c(SCCCN2CCOC(c3ccc(C(F)(F)F)cc3)C2)nnc1-c1cncc(C(N)=O)c1,506.5540000000002,3.5505000000000013,99.16,1,7,8,4,0.391304347826087,0.425531914893617,0,weak_binder
CHEMBL342001,3450.0,3450.0,2600.0,4300.0,2,N#Cc1ccc2[nH]cc(CN3CCN(c4ccc(Cl)cc4)CC3)c2c1,N#Cc1ccc2[nH]cc(CN3CCN(c4ccc(Cl)cc4)CC3)c2c1,350.8530000000001,4.0151800000000035,46.06,1,3,3,4,0.25,0.37681159420289856,0,weak_binder
CHEMBL127257,6000.0,6000.0,6000.0,6000.0,2,Cc1ccc(N2CCN(Cc3nc4ccccc4[nH]3)CC2)cc1C,Cc1ccc(N2CCN(Cc3nc4ccccc4[nH]3)CC2)cc1C,320.44000000000017,3.501940000000002,35.16,1,3,3,4,0.35,0.3508771929824561,0,weak_binder
CHEMBL5770250,1600.0,1600.0,1600.0,1600.0,1,Cn1cc(CC(=O)NC2CCC(CCN3CCc4ccc(OCC(F)F)nc4CC3)CC2)c(F)n1,Cn1cc(CC(=O)NC2CCC(CCN3CCc4ccc(OCC(F)F)nc4CC3)CC2)c(F)n1,493.57400000000024,3.3065000000000007,72.28,1,5,9,4,0.64,0.3979591836734694,0,weak_binder
CHEMBL3289647,1053.0,1053.0,1000.0,1106.0,2,Cc1ccc(N2CCN(CCCSc3ccc(F)cc3)CC2)nc1,Cc1ccc(N2CCN(CCCSc3ccc(F)cc3)CC2)nc1,345.48700000000014,3.8335200000000023,19.37,0,4,6,3,0.4210526315789473,0.4375,0,weak_binder
CHEMBL75691,1800.0,1800.0,1800.0,1800.0,1,Clc1ccc(-c2cc(C3CCNCC3)[nH]n2)cc1,Clc1ccc(-c2cc(C3CCNCC3)[nH]n2)cc1,261.756,3.1971000000000007,40.71,2,2,2,3,0.3571428571428571,0.3103448275862069,0,weak_binder
CHEMBL2113718,2900.0,2900.0,2400.0,3400.0,2,N#Cc1cc(CN2CCN(c3ccccc3)CC2)c[nH]1,N#Cc1cc(CN2CCN(c3ccccc3)CC2)c[nH]1,266.34799999999996,2.20858,46.06,1,3,3,3,0.3125,0.38461538461538464,0,weak_binder
CHEMBL4283982,1100.0,1100.0,1100.0,1100.0,1,COc1cc2c(cc1O)CN(CCCCNC(=O)c1ccc(Cl)cc1)CC2,COc1cc2c(cc1O)CN(CCCCNC(=O)c1ccc(Cl)cc1)CC2,388.8950000000001,3.6225000000000023,61.8,2,4,7,3,0.3809523809523809,0.49333333333333335,0,weak_binder
CHEMBL5948945,1200.0,1200.0,1200.0,1200.0,1,Cn1cc(CC(=O)N[C@H]2CC[C@H](CCN3CCc4ccc(CCC(F)(F)F)nc4CC3)CC2)cn1,Cn1cc(CC(=O)N[C@H]2CC[C@H](CCN3CCc4ccc(CCC(F)(F)F)nc4CC3)CC2)cn1,491.60200000000026,4.018400000000002,63.05,1,4,8,4,0.6538461538461539,0.4942528735632184,0,weak_binder
CHEMBL5948934,1800.0,1800.0,1800.0,1800.0,2,COc1cc(CC(=O)N[C@H]2CC[C@H](CCN3CCc4ccc(OCC(F)(F)F)nc4CC3)CC2)on1,COc1cc(CC(=O)N[C@H]2CC[C@H](CCN3CCc4ccc(OCC(F)(F)F)nc4CC3)CC2)on1,510.5570000000003,3.727700000000003,89.72,1,7,9,4,0.64,0.4421052631578947,0,weak_binder
CHEMBL5830146,1100.0,1100.0,1100.0,1100.0,2,Cc1nc(CC(=O)N[C@H]2CC[C@H](CCN3CCc4sc(N5CC(F)(F)C5)nc4C3)CC2)no1,Cc1nc(CC(=O)N[C@H]2CC[C@H](CCN3CCc4sc(N5CC(F)(F)C5)nc4C3)CC2)no1,480.5850000000002,2.9557200000000012,87.39,1,8,7,5,0.7272727272727273,0.35714285714285715,0,weak_binder
CHEMBL3335538,5500.0,5500.0,5500.0,5500.0,1,FC(F)(F)Oc1ccc(CN2CCOC(CCc3ccccc3)C2)cc1,FC(F)(F)Oc1ccc(CN2CCOC(CCc3ccccc3)C2)cc1,365.395,4.418800000000004,21.700000000000003,0,3,6,3,0.4,0.30985915492957744,0,weak_binder
CHEMBL358839,1500.0,1500.0,1500.0,1500.0,1,O=S(=O)(c1ccccc1)C1CCN(Cc2ccccc2)CC1,O=S(=O)(c1ccccc1)C1CCN(Cc2ccccc2)CC1,315.43800000000005,3.124900000000002,37.38,0,3,4,3,0.3333333333333333,0.45652173913043476,0,weak_binder
CHEMBL4866058,1232.135,1232.135,1230.27,1234.0,2,Clc1ccc2c(c1)CC(CCN1CCN(c3ccccn3)CC1)C2,Clc1ccc2c(c1)CC(CCN1CCN(c3ccccn3)CC1)C2,341.8860000000001,3.6621000000000024,19.37,0,3,4,4,0.45,0.43283582089552236,0,weak_binder
CHEMBL4061189,6698.0,6698.0,6698.0,6698.0,1,CN(C)CC1=CC2=CN(S(=O)(=O)c3ccccc3)C3=CC=CC(O1)C23,CN(C)CC1=CC2=CN(S(=O)(=O)c3ccccc3)C3=CC=CC(O1)C23,356.44700000000006,2.4890000000000008,49.85000000000001,0,4,4,4,0.2631578947368421,0.2835820895522388,0,weak_binder
CHEMBL5722982,10000.0,10000.0,10000.0,10000.0,1,O=c1cc(CNCCCOc2cccnc2)[nH]c2ccc(F)cc12,O=c1cc(CNCCCOc2cccnc2)[nH]c2ccc(F)cc12,327.3590000000001,2.6209000000000007,67.00999999999999,2,4,7,3,0.2222222222222222,0.27586206896551724,0,weak_binder
CHEMBL3642810,1132.0,1132.0,1132.0,1132.0,1,O=C(N[C@H]1CC[C@H](CCN2CCN(c3nccc4c3CCO4)CC2)CC1)c1ccc(-c2ccccc2)cc1,O=C(N[C@H]1CC[C@H](CCN2CCN(c3nccc4c3CCO4)CC2)CC1)c1ccc(-c2ccccc2)cc1,510.6820000000004,5.184400000000005,57.7,1,5,7,6,0.4375,0.4567901234567901,0,weak_binder
CHEMBL5825714,5162.0,5162.0,5162.0,5162.0,2,O=C(NCCCCN1CCN(c2ccnc3ccccc23)CC1)C1CCC(c2ccccc2)CC1,O=C(NCCCCN1CCN(c2ccnc3ccccc23)CC1)C1CCC(c2ccccc2)CC1,470.6610000000004,5.227200000000005,48.470000000000006,1,4,8,5,0.4666666666666667,0.4383561643835616,0,weak_binder
CHEMBL5982641,10000.0,10000.0,10000.0,10000.0,2,Cc1nc2c(o1)C(=O)N(CCN1CCN(c3noc4ccccc34)CC1)CC2,Cc1nc2c(o1)C(=O)N(CCN1CCN(c3noc4ccccc34)CC1)CC2,381.43600000000015,1.94472,78.85000000000001,0,7,4,5,0.45,0.4520547945205479,0,weak_binder
CHEMBL356149,1099.0,1099.0,1099.0,1099.0,1,CN1CCC(NC2=Nc3cccnc3Nc3ccc(Cl)cc32)CC1,CN1CCC(NC2=Nc3cccnc3Nc3ccc(Cl)cc32)CC1,341.8460000000002,3.554100000000002,52.55,2,5,1,4,0.3333333333333333,0.3125,0,weak_binder
CHEMBL4297310,14800.0,14800.0,14800.0,14800.0,1,Cc1ccccc1CN1C(=O)C2=C(CCN(Cc3ccccc3)C2)N2CCN=C12,Cc1ccccc1CN1C(=O)C2=C(CCN(Cc3ccccc3)C2)N2CCN=C12,386.49900000000014,3.168820000000002,39.150000000000006,0,4,4,5,0.3333333333333333,0.273972602739726,0,weak_binder
CHEMBL3642742,2451.9,2451.9,2451.9,2451.9,1,CO[C@H]1CC[C@H](CC(=O)N[C@H]2CC[C@H](CCN3CCN(c4nccc5c4CCO5)CC3)CC2)CC1,CO[C@H]1CC[C@H](CC(=O)N[C@H]2CC[C@H](CCN3CCN(c4nccc5c4CCO5)CC3)CC2)CC1,484.68500000000046,3.7989000000000024,66.93,1,6,8,5,0.7857142857142857,0.45121951219512196,0,weak_binder
CHEMBL104756,8620.0,8620.0,8620.0,8620.0,1,C[C@@H]1CN(CC(=O)N2CCc3ccccc32)C[C@H](C)N1Cc1ccc(Cl)cc1,C[C@@H]1CN(CC(=O)N2CCc3ccccc32)C[C@H](C)N1Cc1ccc(Cl)cc1,397.9500000000001,3.823900000000002,26.790000000000006,0,3,4,4,0.4347826086956521,0.4393939393939394,0,weak_binder
CHEMBL3769441,5187.0,5187.0,5187.0,5187.0,1,COc1cccc(N2CCN(CC(O)CN3C(=O)NC(C)(c4ccc(F)cc4)C3=O)CC2)c1,COc1cccc(N2CCN(CC(O)CN3C(=O)NC(C)(c4ccc(F)cc4)C3=O)CC2)c1,456.5180000000002,1.7843999999999998,85.35,2,6,7,4,0.4166666666666667,0.2808988764044944,0,weak_binder
CHEMBL5893403,6405.0,6405.0,6405.0,6405.0,2,Cc1nc(N2CCN(CCCCNC(=O)N3CCc4[nH]c5ccc(C(F)(F)F)cc5c4C3)CC2)cc(C(C)(C)C)n1,Cc1nc(N2CCN(CCCCNC(=O)N3CCc4[nH]c5ccc(C(F)(F)F)cc5c4C3)CC2)cc(C(C)(C)C)n1,571.6920000000001,5.252720000000005,80.39,2,5,6,5,0.5666666666666667,0.42696629213483145,0,weak_binder
CHEMBL4469147,5248.0,5248.0,5248.0,5248.0,1,CC(=O)Nc1nc(C)c(-c2ccc3ccn(S(=O)(=O)c4ccccc4)c3c2)[nH]1,CC(=O)Nc1nc(C)c(-c2ccc3ccn(S(=O)(=O)c4ccccc4)c3c2)[nH]1,394.4560000000002,3.5352200000000016,96.85,2,4,4,4,0.1,0.2777777777777778,0,weak_binder
CHEMBL414628,2511.89,2511.89,2511.89,2511.89,1,COc1ccc(S(=O)(=O)N2CCc3ccc(I)cc32)cc1N1CCNCC1,COc1ccc(S(=O)(=O)N2CCc3ccc(I)cc32)cc1N1CCNCC1,499.3740000000002,2.4608000000000008,61.88000000000001,1,5,4,4,0.3684210526315789,0.2898550724637681,0,weak_binder
CHEMBL487761,1000000.0,1000000.0,1000000.0,1000000.0,1,COc1cccc(CCc2ccccc2OCCCCCN2CCN(c3ncccn3)CC2)c1,COc1cccc(CCc2ccccc2OCCCCCN2CCN(c3ncccn3)CC2)c1,460.6220000000003,4.641700000000005,50.720000000000006,0,6,12,4,0.4285714285714285,0.4027777777777778,0,weak_binder
CHEMBL59326,3162.28,3162.28,3162.28,3162.28,1,COc1cc2ccccc2cc1C(=O)OCC1CCN(Cc2ccccc2)CC1,COc1cc2ccccc2cc1C(=O)OCC1CCN(Cc2ccccc2)CC1,389.4950000000001,4.917400000000004,38.77,0,4,6,4,0.32,0.39436619718309857,0,weak_binder
CHEMBL263700,2200.0,2200.0,2200.0,2200.0,1,CN(C)CCc1cn(C(=O)c2ccccc2)c2ccc(O)cc12,CN(C)CCc1cn(C(=O)c2ccccc2)c2ccc(O)cc12,308.3810000000001,3.1395000000000017,45.47,1,3,4,3,0.2105263157894736,0.4107142857142857,0,weak_binder
CHEMBL442093,300000.0,300000.0,300000.0,300000.0,1,OC1CCc2ccc(/N=C/N3CCc4ccccc4C3)cc21,OC1CCc2ccc(/N=C/N3CCc4ccccc4C3)cc21,292.38200000000006,3.3843000000000023,35.830000000000005,1,2,2,4,0.3157894736842105,0.3387096774193548,0,weak_binder
CHEMBL485017,10000.0,10000.0,10000.0,10000.0,1,CCCN1CCO[C@@H]2c3cc(-c4nnn[nH]4)ccc3CC[C@H]21,CCCN1CCO[C@@H]2c3cc(-c4nnn[nH]4)ccc3CC[C@H]21,299.3780000000001,1.9648,66.93,1,5,3,4,0.5625,0.40298507462686567,0,weak_binder
CHEMBL97637,5011.87,5011.87,5011.87,5011.87,1,O=S(=O)(Nc1ccc2nccc(N3CCNCC3)c2c1)c1ccc(-c2ccccc2)cc1,O=S(=O)(Nc1ccc2nccc(N3CCNCC3)c2c1)c1ccc(-c2ccccc2)cc1,444.5600000000002,4.112200000000003,74.33,2,5,5,5,0.16,0.2916666666666667,0,weak_binder
CHEMBL4528162,10000.0,10000.0,10000.0,10000.0,1,CCc1nc(NC(C)=O)[nH]c1-c1cn(S(=O)(=O)c2ccccc2)c2ccccc12,CCc1nc(NC(C)=O)[nH]c1-c1cn(S(=O)(=O)c2ccccc2)c2ccccc12,408.4830000000001,3.789200000000003,96.85,2,4,5,4,0.1428571428571428,0.453125,0,weak_binder
CHEMBL6031828,1100.0,1100.0,1100.0,1100.0,1,CCc1cc([C@]23C[C@H]2CN(CC[C@H]2CC[C@H](NC(=O)Cc4cnn(C)n4)CC2)C3)no1,CCc1cc([C@]23C[C@H]2CN(CC[C@H]2CC[C@H](NC(=O)Cc4cnn(C)n4)CC2)C3)no1,426.5650000000002,2.246599999999999,89.08,1,6,8,5,0.7391304347826086,0.4787234042553192,0,weak_binder
CHEMBL594127,7371.0,7371.0,7371.0,7371.0,1,COc1ccc2c(c1)CCN(C)C2Cc1ccccc1C,COc1ccc2c(c1)CCN(C)C2Cc1ccccc1C,281.399,3.7753200000000033,12.47,0,2,3,3,0.3684210526315789,0.4,0,weak_binder
CHEMBL1200809,1176.52,1176.52,1176.52,1176.52,1,CN1CCCC(n2nc(Cc3ccc(Cl)cc3)c3ccccc3c2=O)CC1.Cl,CN1CCCC(n2nc(Cc3ccc(Cl)cc3)c3ccccc3c2=O)CC1,381.9070000000002,4.297500000000004,38.13,0,3,3,4,0.3636363636363636,0.3088235294117647,0,weak_binder
CHEMBL330470,3960.0,3960.0,3960.0,3960.0,1,COc1ccc2c(c1)C(=O)N(CCN1CCN(c3ccc(Cl)cc3)CC1)CC2,COc1ccc2c(c1)C(=O)N(CCN1CCN(c3ccc(Cl)cc3)CC1)CC2,399.92200000000014,3.169100000000002,36.02,0,4,5,4,0.4090909090909091,0.43283582089552236,0,weak_binder
CHEMBL4998385,10000.0,10000.0,10000.0,10000.0,1,Cn1nccc1CNCCNc1cccc(Br)c1,Cn1nccc1CNCCNc1cccc(Br)c1,309.211,2.3842999999999996,41.88,2,3,6,2,0.3076923076923077,0.21739130434782608,0,weak_binder
CHEMBL5639508,1444.0,1444.0,1444.0,1444.0,1,CC(Oc1cc(F)ccc1Cl)c1nc(N)nc(N2CCN(C)CC2)n1,CC(Oc1cc(F)ccc1Cl)c1nc(N)nc(N2CCN(C)CC2)n1,366.82800000000015,2.1380999999999997,80.39999999999999,1,7,4,3,0.4375,0.2898550724637681,0,weak_binder
CHEMBL543412,1630.0,1630.0,1630.0,1630.0,1,Br.O=C(CC1CCN(CC2CC2)CC1)c1ccc(F)cc1,O=C(CC1CCN(CC2CC2)CC1)c1ccc(F)cc1,275.36699999999996,3.520500000000003,20.31,0,2,5,3,0.5882352941176471,0.423728813559322,0,weak_binder
CHEMBL3913100,4346.0,4346.0,4346.0,4346.0,1,N#Cc1ccc(CNC(=O)CCOCCN2CCN(c3cccnc3-c3ccccc3)CC2)cc1,N#Cc1ccc(CNC(=O)CCOCCN2CCN(c3cccnc3-c3ccccc3)CC2)cc1,469.5890000000001,3.4653800000000015,81.49,1,6,10,4,0.3214285714285714,0.4,0,weak_binder
CHEMBL76927,1837.0,1837.0,1837.0,1837.0,1,Fc1ccc(CCN2CCC(CCOCC#Cc3ccccc3)CC2)cc1,Fc1ccc(CCN2CCC(CCOCC#Cc3ccccc3)CC2)cc1,365.4920000000001,4.538600000000004,12.47,0,2,7,3,0.4166666666666667,0.35294117647058826,0,weak_binder
CHEMBL5403986,2420.0,2420.0,2420.0,2420.0,1,Clc1ccc2nc(CCCN3CCN(c4ccccn4)CC3)sc2c1,Clc1ccc2nc(CCCN3CCN(c4ccccn4)CC3)sc2c1,372.92500000000007,4.0995000000000035,32.260000000000005,0,5,5,4,0.3684210526315789,0.4142857142857143,0,weak_binder
CHEMBL62996,5525.0,5525.0,4400.0,6650.0,2,Oc1ccc(Br)cc1-c1nc(CN2CCN(c3ccccc3)CC2)co1,Oc1ccc(Br)cc1-c1nc(CN2CCN(c3ccccc3)CC2)co1,414.30300000000017,4.131900000000003,52.74000000000001,1,5,4,4,0.25,0.3442622950819672,0,weak_binder
CHEMBL38349,5000.0,5000.0,5000.0,5000.0,1,Cc1nc(N2CCN(CCC3NC(=O)c4ccccc43)CC2)sc1C,Cc1nc(N2CCN(CCC3NC(=O)c4ccccc43)CC2)sc1C,356.4950000000002,2.7567400000000006,48.470000000000006,1,5,4,4,0.4736842105263157,0.3,0,weak_binder
CHEMBL190461,1400.033,1400.033,0.066,2800.0,2,C=C(C)[C@@H]1CCC(C)=C[C@H]1c1c(O)cc(CCCCC)cc1O,C=C(C)[C@@H]1CCC(C)=C[C@H]1c1c(O)cc(CCCCC)cc1O,314.469,5.846500000000006,40.46,2,2,6,2,0.5238095238095238,0.234375,0,weak_binder
CHEMBL85882,10000.0,10000.0,10000.0,10000.0,1,NCC1c2ccccc2Cc2cc(Br)ccc21,NCC1c2ccccc2Cc2cc(Br)ccc21,288.188,3.443900000000002,26.02,1,1,1,3,0.2,0.2807017543859649,0,weak_binder
CHEMBL4217761,1206.0,1206.0,1206.0,1206.0,1,Cc1cccc(OCCOCCN2CCN(CCc3ccccc3)CC2)c1C.Cl.Cl,Cc1cccc(OCCOCCN2CCN(CCc3ccccc3)CC2)c1C,382.5480000000001,3.559140000000003,24.940000000000005,0,4,10,3,0.5,0.359375,0,weak_binder
CHEMBL3780975,1095.0,1095.0,1095.0,1095.0,1,COc1cc2c(cc1O)C(C)N(Cc1cccc(O)c1OC)CC2,COc1cc2c(cc1O)C(C)N(Cc1cccc(O)c1OC)CC2,329.39600000000013,3.234300000000002,62.16000000000001,2,5,4,3,0.3684210526315789,0.36619718309859156,0,weak_binder
CHEMBL238730,10000.0,10000.0,10000.0,10000.0,1,Cc1ccc2c(OCCN3CCC(Cc4cc(F)c5c(c4)NC(=O)CO5)CC3)cc(F)cc2n1,Cc1ccc2c(OCCN3CCC(Cc4cc(F)c5c(c4)NC(=O)CO5)CC3)cc(F)cc2n1,467.51600000000025,4.485820000000003,63.69,1,5,6,5,0.3846153846153846,0.45977011494252873,0,weak_binder
CHEMBL28056,1484.0,1484.0,498.0,2470.0,2,Cc1cccc(C#N)c1-c1cccc2c1-c1cccc3c1[C@@H](C2)N(C)CC3,Cc1cccc(C#N)c1-c1cccc2c1-c1cccc3c1[C@@H](C2)N(C)CC3,350.4650000000002,5.2858000000000045,27.03,0,2,1,5,0.24,0.4642857142857143,0,weak_binder
CHEMBL3970994,5635.205,5635.205,5623.41,5647.0,2,C1=C(CCN2CCc3ccccc3C2)CCc2ccccc21,C1=C(CCN2CCc3ccccc3C2)CCc2ccccc21,289.42199999999997,4.464600000000004,3.24,0,1,3,4,0.3333333333333333,0.41509433962264153,0,weak_binder
CHEMBL5936745,1100.0,1100.0,1100.0,1100.0,1,CC(C)Oc1ccc2c(n1)CCN(CC[C@H]1CC[C@H](NC(=O)c3cnn4ccccc34)CC1)CC2,CC(C)Oc1ccc2c(n1)CCN(CC[C@H]1CC[C@H](NC(=O)c3cnn4ccccc34)CC1)CC2,475.63700000000017,4.296000000000003,71.75999999999999,1,5,7,5,0.5357142857142857,0.38,0,weak_binder
CHEMBL3978642,2583.5,2583.5,2583.5,2583.5,1,Cl.O=C1c2ccccc2CC1CCN1CCc2ccccc2C1,O=C1c2ccccc2CC1CCN1CCc2ccccc2C1,291.394,3.490000000000003,20.31,0,2,3,4,0.35,0.375,0,weak_binder
CHEMBL4170001,10000.0,10000.0,10000.0,10000.0,1,CO[C@@H]1CCCN(Cc2nc(-c3cccc(Oc4ccccc4)c3)oc2C)C1,CO[C@@H]1CCCN(Cc2nc(-c3cccc(Oc4ccccc4)c3)oc2C)C1,378.47200000000015,5.053120000000004,47.73,0,5,6,4,0.3478260869565217,0.28205128205128205,0,weak_binder
CHEMBL545457,10000.0,10000.0,10000.0,10000.0,1,Cl.O=C1C=C(c2ccccc2)OC12CCCNC2,O=C1C=C(c2ccccc2)OC12CCCNC2,229.2789999999999,1.749,38.33,1,3,1,3,0.3571428571428571,0.21739130434782608,0,weak_binder
CHEMBL86760,6280.0,6280.0,6280.0,6280.0,1,CCCCCCc1ccc2c(c1)Cc1ccccc1C2CN,CCCCCCc1ccc2c(c1)Cc1ccccc1C2CN,293.45400000000006,4.804200000000004,26.02,1,1,6,3,0.4285714285714285,0.26666666666666666,0,weak_binder
CHEMBL1277105,5000.0,5000.0,5000.0,5000.0,1,O=S(=O)(c1cccc2ccccc12)c1n[nH]c2ccc(N3CCNCC3)cc12,O=S(=O)(c1cccc2ccccc12)c1n[nH]c2ccc(N3CCNCC3)cc12,392.4840000000002,2.958500000000001,78.09,2,5,3,5,0.1904761904761904,0.3246753246753247,0,weak_binder
CHEMBL5924014,1405.0,1405.0,1405.0,1405.0,2,Cc1c2c(nn1C)CCN(CCN1CCN(c3noc4ccccc34)CC1)C2=O,Cc1c2c(nn1C)CCN(CCN1CCN(c3noc4ccccc34)CC1)C2=O,394.47900000000016,1.6902199999999996,70.64000000000001,0,6,4,5,0.4761904761904761,0.4342105263157895,0,weak_binder
CHEMBL5411545,1281.125,1281.125,1274.0,1288.25,2,CCCN(CCCCOc1ccc2c(c1)NC(=O)CC2)Cc1cc2cccc(OCC)c2o1,CCCN(CCCCOc1ccc2c(c1)NC(=O)CC2)Cc1cc2cccc(OCC)c2o1,450.5790000000003,5.787400000000006,63.94,1,5,12,4,0.4444444444444444,0.42045454545454547,0,weak_binder
CHEMBL594557,10000.0,10000.0,10000.0,10000.0,1,COc1ccc2c(c1)CCCN1Cc3ccccc3C21,COc1ccc2c(c1)CCCN1Cc3ccccc3C21,265.35599999999994,3.546400000000003,12.47,0,2,1,4,0.3333333333333333,0.4897959183673469,0,weak_binder
CHEMBL3819082,1150.0,1150.0,1150.0,1150.0,1,Cl.Fc1ccc2c(c1)CC(CCN1CCc3ccccc3C1)C2,Fc1ccc2c(c1)CC(CCN1CCc3ccccc3C1)C2,295.40100000000007,3.988900000000003,3.24,0,1,3,4,0.4,0.3728813559322034,0,weak_binder
CHEMBL4457754,10000.0,10000.0,10000.0,10000.0,1,C[C@@]12CN(c3ccccc3)c3ccccc3[C@@H]1CCN2,C[C@@]12CN(c3ccccc3)c3ccccc3[C@@H]1CCN2,264.37199999999996,3.6739000000000015,15.27,1,2,1,4,0.3333333333333333,0.2465753424657534,0,weak_binder
CHEMBL5835478,1200.0,1200.0,1200.0,1200.0,1,Cc1ncc(CC(=O)NC23CCC(CCN4CCc5nc(OCC(F)(F)F)sc5CC4)(CC2)CC3)cn1,Cc1ncc(CC(=O)NC23CCC(CCN4CCc5nc(OCC(F)(F)F)sc5CC4)(CC2)CC3)cn1,537.6520000000003,4.425220000000004,80.24000000000001,1,7,8,6,0.6923076923076923,0.45054945054945056,0,weak_binder
CHEMBL317266,2552.0,2552.0,2552.0,2552.0,1,O=C(CN1CCN(Cc2ccc(Cl)cc2)CC1)N1CCc2ccc(F)cc21,O=C(CN1CCN(Cc2ccc(Cl)cc2)CC1)N1CCc2ccc(F)cc21,387.88600000000014,3.1860000000000017,26.790000000000006,0,3,4,4,0.3809523809523809,0.4153846153846154,0,weak_binder
CHEMBL540285,10000.0,10000.0,10000.0,10000.0,1,CCN(CC)CCC1(C)OC(c2ccccc2)=CC1=O.Cl,CCN(CC)CCC1(C)OC(c2ccccc2)=CC1=O,273.37600000000003,3.1174000000000017,29.54,0,3,6,2,0.4705882352941176,0.22388059701492538,0,weak_binder
CHEMBL63576,2235.0,2235.0,2235.0,2235.0,1,CN1CCN(C2=Nc3cccnc3Nc3ccc(Cl)cc32)CC1,CN1CCN(C2=Nc3cccnc3Nc3ccc(Cl)cc32)CC1,327.81900000000013,3.117700000000001,43.76,1,5,0,4,0.2941176470588235,0.43283582089552236,0,weak_binder
CHEMBL4519266,1365.0,1365.0,1365.0,1365.0,1,COc1ccc(-c2ccc(CNCCc3c[nH]c4ccc(OC)cc34)o2)cc1,COc1ccc(-c2ccc(CNCCc3c[nH]c4ccc(OC)cc34)o2)cc1,376.4560000000001,4.777400000000004,59.42,2,4,8,4,0.217391304347826,0.27710843373493976,0,weak_binder
CHEMBL20996,1584.89,1584.89,1584.89,1584.89,1,CCCCC(C)(C)C(=O)NCCN1CCN(c2ccc(Cl)cc2)CC1,CCCCC(C)(C)C(=O)NCCN1CCN(c2ccc(Cl)cc2)CC1,365.94900000000007,3.794600000000002,35.580000000000005,1,3,8,2,0.65,0.3424657534246575,0,weak_binder
CHEMBL6062370,1700.0,1700.0,1700.0,1700.0,2,O=C(N[C@H]1CC[C@H](CCN2CCc3ccc(OCC(F)F)nc3C2)CC1)c1cccc2ncccc12,O=C(N[C@H]1CC[C@H](CCN2CCc3ccc(OCC(F)F)nc3C2)CC1)c1cccc2ncccc12,494.5860000000002,5.010700000000005,67.35000000000001,1,5,8,5,0.4642857142857143,0.3854166666666667,0,weak_binder
CHEMBL5406501,2130.0,2130.0,2130.0,2130.0,1,CCOc1cccc2cc(C(C)NCC3(O)CCCCC3)oc12,CCOc1cccc2cc(C(C)NCC3(O)CCCCC3)oc12,317.4290000000001,4.177300000000003,54.629999999999995,2,4,6,3,0.5789473684210527,0.35526315789473684,0,weak_binder
CHEMBL4442337,10000.0,10000.0,10000.0,10000.0,1,CCn1cncc1-c1c[nH]c2cccc(F)c12,CCn1cncc1-c1c[nH]c2cccc(F)c12,229.258,3.1904000000000012,33.61,1,1,2,3,0.1538461538461538,0.2631578947368421,0,weak_binder
CHEMBL5639113,1788.0,1788.0,1788.0,1788.0,1,CCC(Oc1cc(F)ccc1OC)c1nc(N)nc(N2CCN(C)CC2)n1,CCC(Oc1cc(F)ccc1OC)c1nc(N)nc(N2CCN(C)CC2)n1,376.4360000000002,1.8833999999999995,89.63,1,8,6,3,0.5,0.3055555555555556,0,weak_binder
CHEMBL5849814,1200.0,1200.0,1200.0,1200.0,1,Cc1nc(CC(=O)N[C@H]2CC[C@](F)(CCN3CCc4nc(OCC(F)F)sc4CC3)CC2)no1,Cc1nc(CC(=O)N[C@H]2CC[C@](F)(CCN3CCc4nc(OCC(F)F)sc4CC3)CC2)no1,501.5750000000002,3.278920000000001,93.38,1,8,9,4,0.7272727272727273,0.3939393939393939,0,weak_binder
CHEMBL89913,5800.0,5800.0,5800.0,5800.0,2,COc1ccc2c3c(c(=O)oc2c1)CN(Cc1ccc(Cl)c(Cl)c1)CC3,COc1ccc2c3c(c(=O)oc2c1)CN(Cc1ccc(Cl)c(Cl)c1)CC3,390.2660000000001,4.666700000000003,42.68,0,4,3,4,0.25,0.3108108108108108,0,weak_binder
CHEMBL497340,10000.0,10000.0,10000.0,10000.0,1,CCN(CCc1cccc(OC(F)(F)F)c1)CCN1CCCC1,CCN(CCc1cccc(OC(F)(F)F)c1)CCN1CCCC1,330.3940000000001,3.5454000000000025,15.71,0,3,8,2,0.6470588235294118,0.3333333333333333,0,weak_binder
CHEMBL423287,10000.0,10000.0,10000.0,10000.0,1,CC(C)(C)C(=O)NCCCN1CCN(c2ccc(Cl)cc2)CC1,CC(C)(C)C(=O)NCCCN1CCN(c2ccc(Cl)cc2)CC1,337.8950000000001,3.014400000000002,35.580000000000005,1,3,5,2,0.6111111111111112,0.3918918918918919,0,weak_binder
CHEMBL6036731,1200.0,1200.0,1200.0,1200.0,1,Cc1nnc(CC(=O)N[C@H]2CC[C@H](CCN3CCc4ccc(OCC(F)F)nc4CC3)CC2)o1,Cc1nnc(CC(=O)N[C@H]2CC[C@H](CCN3CCc4ccc(OCC(F)F)nc4CC3)CC2)o1,477.55600000000027,3.1253200000000003,93.38,1,7,9,4,0.6666666666666666,0.41237113402061853,0,weak_binder
CHEMBL4638749,2048.0,2048.0,2048.0,2048.0,1,C#CCOc1c(OC)cc2c3c1-c1cc([N+](=O)[O-])ccc1CC3N(C)CC2,C#CCOc1c(OC)cc2c3c1-c1cc([N+](=O)[O-])ccc1CC3N(C)CC2,364.4010000000001,3.3675000000000024,64.83999999999999,0,5,4,4,0.3333333333333333,0.3488372093023256,0,weak_binder
CHEMBL6018968,1136.0,1136.0,1136.0,1136.0,2,Cn1ncc2c1CCCN(CCN1CCN(c3noc4ccccc34)CC1)C2=O,Cn1ncc2c1CCCN(CCN1CCN(c3noc4ccccc34)CC1)C2=O,394.47900000000016,1.7719,70.64000000000001,0,6,4,5,0.4761904761904761,0.4666666666666667,0,weak_binder
CHEMBL3764612,15319.965,15319.965,14791.0,15848.93,2,Cn1c(SCCCN2CCOC(c3ccc(C(F)(F)F)cc3)C2)nnc1-c1cccnc1,Cn1c(SCCCN2CCOC(c3ccc(C(F)(F)F)cc3)C2)nnc1-c1cccnc1,463.5290000000001,4.4516000000000036,56.07,0,6,7,4,0.4090909090909091,0.45977011494252873,0,weak_binder
CHEMBL324867,7000.0,7000.0,7000.0,7000.0,1,CC(C(=O)N1CCc2ccccc21)N1CCN(Cc2ccc(Cl)cc2)CC1,CC(C(=O)N1CCc2ccccc21)N1CCN(Cc2ccc(Cl)cc2)CC1,383.9230000000001,3.4354000000000022,26.790000000000006,0,3,4,4,0.4090909090909091,0.42857142857142855,0,weak_binder
CHEMBL90374,18500.0,18500.0,16000.0,21000.0,2,Clc1ccc(N2CCN(Cc3cccn4nccc34)CC2)cc1,Clc1ccc(N2CCN(Cc3cccn4nccc34)CC2)cc1,326.83100000000013,3.3099000000000016,23.78,0,3,3,4,0.2777777777777778,0.37037037037037035,0,weak_binder
CHEMBL5822694,1700.0,1700.0,1700.0,1700.0,2,O=C(N[C@H]1CC[C@H](CCN2CCc3cnc(CC4CC4)nc3C2)CC1)c1cccc2ncccc12,O=C(N[C@H]1CC[C@H](CCN2CCc3cnc(CC4CC4)nc3C2)CC1)c1cccc2ncccc12,469.6330000000003,4.714300000000004,71.01,1,5,7,6,0.5172413793103449,0.391304347826087,0,weak_binder
CHEMBL187420,10000.0,10000.0,10000.0,10000.0,1,c1ccc(Cc2ccccc2NCCN2CCCC2)cc1,c1ccc(Cc2ccccc2NCCN2CCCC2)cc1,280.4149999999999,3.7851000000000026,15.27,1,2,6,3,0.3684210526315789,0.2711864406779661,0,weak_binder
CHEMBL241099,200000.0,200000.0,200000.0,200000.0,1,COc1ccc2[nH]c3c(c2c1)CCN=C3c1cc([N+](=O)[O-])cn1C,COc1ccc2[nH]c3c(c2c1)CCN=C3c1cc([N+](=O)[O-])cn1C,324.34000000000003,2.8167000000000018,85.44999999999999,1,4,3,4,0.2352941176470588,0.2696629213483146,0,weak_binder
CHEMBL129768,5000.0,5000.0,5000.0,5000.0,1,O[C@H](CCCN1CCN(c2ncc(F)cn2)CC1)c1ccc(F)cc1,O[C@H](CCCN1CCN(c2ncc(F)cn2)CC1)c1ccc(F)cc1,348.39700000000005,2.390600000000001,52.49,1,5,6,3,0.4444444444444444,0.38333333333333336,0,weak_binder
CHEMBL2323582,1971.0,1971.0,1971.0,1971.0,1,CC1=CC(C)=[N+]2C1=C(c1ccc(OCCCN3CCCCC3)cc1)c1c(C)cc(C)n1[B-]2(F)F,CC1=CC(C)=[N+]2C1=C(c1ccc(OCCCN3CCCCC3)cc1)c1c(C)cc(C)n1[B-]2(F)F,465.3970000000002,5.788740000000006,20.41,0,2,6,5,0.4444444444444444,0.30864197530864196,0,weak_binder
CHEMBL3642715,1545.4,1545.4,1545.4,1545.4,1,COCC(=O)N[C@H]1CC[C@H](CCN2CCN(c3nccc4c3CCO4)CC2)CC1,COCC(=O)N[C@H]1CC[C@H](CCN2CCN(c3nccc4c3CCO4)CC2)CC1,402.5390000000002,1.85,66.93,1,6,7,4,0.7272727272727273,0.47435897435897434,0,weak_binder
CHEMBL5975498,10000.0,10000.0,10000.0,10000.0,2,O=C1c2ncccc2CCN1CCN1CCN(c2noc3ccc(F)cc23)CC1,O=C1c2ncccc2CCN1CCN1CCN(c2noc3ccc(F)cc23)CC1,395.4380000000001,2.1824000000000003,65.71000000000001,0,6,4,5,0.3809523809523809,0.3780487804878049,0,weak_binder
CHEMBL240025,1600.0,1600.0,1600.0,1600.0,1,CC(=O)OC1CCc2ccc(/N=C/N(C)Cc3ccccc3)cc21,CC(=O)OC1CCc2ccc(/N=C/N(C)Cc3ccccc3)cc21,322.408,4.028800000000003,41.9,0,3,5,3,0.3,0.2638888888888889,0,weak_binder
CHEMBL5954495,1700.0,1700.0,1700.0,1700.0,1,Cn1cc(CC(=O)N[C@H]2CC[C@](F)(CCN3CCc4nc(OCC(F)F)sc4CC3)CC2)cn1,Cn1cc(CC(=O)N[C@H]2CC[C@](F)(CCN3CCc4nc(OCC(F)F)sc4CC3)CC2)cn1,499.60300000000024,3.3210000000000015,72.28,1,6,9,4,0.6956521739130435,0.4725274725274725,0,weak_binder
CHEMBL322567,1225.0,1225.0,1225.0,1225.0,1,O=C1C(=O)N(CCN2CCN(Cc3ccc(Cl)cc3)CC2)c2ccccc21,O=C1C(=O)N(CCN2CCN(Cc3ccc(Cl)cc3)CC2)c2ccccc21,383.87900000000013,2.687100000000001,43.86000000000001,0,4,5,4,0.3333333333333333,0.47368421052631576,0,weak_binder
CHEMBL5722985,10000.0,10000.0,10000.0,10000.0,1,Cc1ccc2[nH]c(CNCCC[C@H]3CCOC3)cc(=O)c2c1,Cc1ccc2[nH]c(CNCCC[C@H]3CCOC3)cc(=O)c2c1,300.402,2.742820000000001,54.12,2,3,6,3,0.5,0.2903225806451613,0,weak_binder
CHEMBL2203406,4000.0,4000.0,4000.0,4000.0,1,CCCN(CC[C@]1(O)C[C@H](NC(=O)c2ccc3ccccc3c2)C1)[C@H]1CCc2nc(N)sc2C1,CCCN(CC[C@]1(O)C[C@H](NC(=O)c2ccc3ccccc3c2)C1)[C@H]1CCc2nc(N)sc2C1,478.6620000000003,4.161400000000002,91.48,3,6,8,5,0.4814814814814814,0.41304347826086957,0,weak_binder
CHEMBL20854,1584.89,1584.89,1584.89,1584.89,1,CC1CN(CCCCNC(=O)C(C)(C)C)CCN1c1ccc(Cl)cc1,CC1CN(CCCCNC(=O)C(C)(C)C)CCN1c1ccc(Cl)cc1,365.94900000000007,3.793000000000003,35.580000000000005,1,3,6,2,0.65,0.3472222222222222,0,weak_binder
CHEMBL593626,10000.0,10000.0,10000.0,10000.0,1,Oc1ccc2c(c1)CCN1CCc3ccccc3C21,Oc1ccc2c(c1)CCN1CCc3ccccc3C21,251.329,2.8958000000000013,23.47,1,2,0,4,0.2941176470588235,0.4222222222222222,0,weak_binder
CHEMBL372453,10000.0,10000.0,10000.0,10000.0,1,COc1ccc(NC(=O)N2CCN(c3ccc(Cl)cc3)CC2)cc1N1CCN(C)CC1,COc1ccc(NC(=O)N2CCN(c3ccc(Cl)cc3)CC2)cc1N1CCN(C)CC1,443.9790000000002,3.454500000000002,51.290000000000006,1,5,4,4,0.4347826086956521,0.35135135135135137,0,weak_binder
CHEMBL4469813,1129.0,1129.0,1129.0,1129.0,1,COc1ccc(-c2c(=O)n(CCCCN3CCCC(c4c[nH]c5ccccc45)C3)c(=O)n3ccccc23)cc1,COc1ccc(-c2c(=O)n(CCCCN3CCCC(c4c[nH]c5ccccc45)C3)c(=O)n3ccccc23)cc1,522.6490000000001,5.277900000000005,71.74,1,4,8,6,0.3125,0.47058823529411764,0,weak_binder
CHEMBL5870040,1178.0,1178.0,1178.0,1178.0,1,Cc1cccc(N2CCN(C(=O)NCCCCN3CCN(c4cc(C(F)(F)F)nc(C(C)C)n4)CC3)CC2)c1C,Cc1cccc(N2CCN(C(=O)NCCCCN3CCN(c4cc(C(F)(F)F)nc(C(C)C)n4)CC3)CC2)c1C,561.6970000000001,4.669640000000005,67.84,1,6,8,4,0.6206896551724138,0.4691358024691358,0,weak_binder
CHEMBL4165273,5947.0,5947.0,5947.0,5947.0,1,CCN(CCc1ccccn1)Cc1csc(C2CCCC2)n1,CCN(CCc1ccccn1)Cc1csc(C2CCCC2)n1,315.48600000000016,4.2603000000000035,29.020000000000003,0,4,7,3,0.5555555555555556,0.24285714285714285,0,weak_binder
CHEMBL543823,1080.0,1080.0,1080.0,1080.0,1,Cl.O=C1CC2(CCN(CCc3ccccc3)CC2)OC=C1c1cccs1,O=C1CC2(CCN(CCc3ccccc3)CC2)OC=C1c1cccs1,353.4870000000001,4.155700000000004,29.540000000000003,0,4,4,4,0.3809523809523809,0.3333333333333333,0,weak_binder
CHEMBL3916787,10000.0,10000.0,10000.0,10000.0,1,CN(C)[C@H]1c2cc3ccn(S(=O)(=O)c4ccccc4)c3cc2[C@H]1CCO,CN(C)[C@H]1c2cc3ccn(S(=O)(=O)c4ccccc4)c3cc2[C@H]1CCO,370.4740000000001,2.9606000000000017,62.540000000000006,1,4,5,4,0.3,0.3333333333333333,0,weak_binder
CHEMBL106598,2145.0,2145.0,2145.0,2145.0,1,O=C(CN1CCN(Cc2ccc(Cl)cc2)CC1)N1CCc2c(Cl)cccc21,O=C(CN1CCN(Cc2ccc(Cl)cc2)CC1)N1CCc2c(Cl)cccc21,404.3410000000002,3.700300000000003,26.790000000000006,0,3,4,4,0.3809523809523809,0.47540983606557374,0,weak_binder
CHEMBL5742496,2122.0,2122.0,2122.0,2122.0,1,Cc1cc2c(cn1)C(=O)N(CCN1CCN(c3noc4ccccc34)CC1)CC21CC1,Cc1cc2c(cn1)C(=O)N(CCN1CCN(c3noc4ccccc34)CC1)CC21CC1,417.51300000000026,2.840820000000001,65.71000000000001,0,6,4,6,0.4583333333333333,0.4146341463414634,0,weak_binder
CHEMBL5286175,4700.0,4700.0,4700.0,4700.0,1,Clc1ccc2c(c1)N=C(N1CCN(c3ccccc3)CC1)CCN2,Clc1ccc2c(c1)N=C(N1CCN(c3ccccc3)CC1)CCN2,340.8580000000001,4.007800000000003,30.869999999999997,1,4,1,4,0.3157894736842105,0.3380281690140845,0,weak_binder
CHEMBL1200618,8806.43,8806.43,8806.43,8806.43,1,CC(C)(C(=O)O)c1ccc(C(O)CCCN2CCC(C(O)(c3ccccc3)c3ccccc3)CC2)cc1.Cl,CC(C)(C(=O)O)c1ccc(C(O)CCCN2CCC(C(O)(c3ccccc3)c3ccccc3)CC2)cc1,501.66700000000014,5.510500000000006,81.0,3,4,10,4,0.40625,0.2898550724637681,0,weak_binder
CHEMBL275379,12000.0,12000.0,12000.0,12000.0,1,Cc1cnc2c(c1)[C@@H]1c3cc(O)c(O)cc3CC[C@H]1NC2,Cc1cnc2c(c1)[C@@H]1c3cc(O)c(O)cc3CC[C@H]1NC2,282.34299999999996,2.35112,65.38000000000001,3,4,0,4,0.3529411764705882,0.24096385542168675,0,weak_binder
CHEMBL5905275,7834.0,7834.0,7834.0,7834.0,2,O=C1c2ncccc2CCN1CCN1CCC(c2noc3ccc(F)cc23)CC1,O=C1c2ncccc2CCN1CCN1CCC(c2noc3ccc(F)cc23)CC1,394.4500000000001,3.2398000000000016,62.470000000000006,0,5,4,5,0.4090909090909091,0.4805194805194805,0,weak_binder
CHEMBL433012,10000.0,10000.0,10000.0,10000.0,1,Clc1sc(Cl)c2c1CCCc1cnn(Cc3ccccc3)c1-2,Clc1sc(Cl)c2c1CCCc1cnn(Cc3ccccc3)c1-2,349.28600000000006,5.455400000000004,17.82,0,2,2,4,0.2352941176470588,0.32142857142857145,0,weak_binder
CHEMBL64696,1145.0,1145.0,790.0,1500.0,2,COc1ccc(Br)cc1-c1nc(CN2CCN(Cc3ccccc3)CC2)co1,COc1ccc(Br)cc1-c1nc(CN2CCN(Cc3ccccc3)CC2)co1,442.35700000000026,4.430500000000004,41.74,0,5,6,4,0.3181818181818182,0.323943661971831,0,weak_binder
CHEMBL4572158,1168.0,1168.0,1168.0,1168.0,1,O=S(=O)(c1ccc2cccnc2c1)n1cc(C2=CCNCC2)c2cc(Cl)ccc21,O=S(=O)(c1ccc2cccnc2c1)n1cc(C2=CCNCC2)c2cc(Cl)ccc21,423.92500000000024,4.4566000000000034,63.99,1,4,3,5,0.1363636363636363,0.3163265306122449,0,weak_binder
CHEMBL3485708,10000.0,10000.0,10000.0,10000.0,1,Cc1ccc2nc(CNCCCN3CCCC3=O)cc(O)c2c1,Cc1ccc2nc(CNCCCN3CCCC3=O)cc(O)c2c1,313.401,2.3509200000000003,65.46000000000001,2,4,6,3,0.4444444444444444,0.25,0,weak_binder
CHEMBL4442936,1161.4,1161.4,1161.4,1161.4,1,CCCN(CCCSc1nnc(-c2ccccc2)n1C)CC1CC1c1cc(F)ccc1OC.Cl,CCCN(CCCSc1nnc(-c2ccccc2)n1C)CC1CC1c1cc(F)ccc1OC,468.6420000000003,5.627700000000006,43.18000000000001,0,5,12,4,0.4615384615384615,0.31683168316831684,0,weak_binder
CHEMBL554873,2189.0,2189.0,2189.0,2189.0,1,Cl.O=C1c2ccccc2CCC12CCN(CCc1ccccc1)CC2,O=C1c2ccccc2CCC12CCN(CCc1ccccc1)CC2,319.44800000000004,4.140400000000003,20.31,0,2,3,4,0.4090909090909091,0.32786885245901637,0,weak_binder
CHEMBL5417643,8640.0,8640.0,8640.0,8640.0,1,COc1ccc([C@@H]2C[C@H]2NCCC(C(=O)N(C)C)(c2ccccc2)c2ccccc2)cc1,COc1ccc([C@@H]2C[C@H]2NCCC(C(=O)N(C)C)(c2ccccc2)c2ccccc2)cc1,428.576,4.605300000000004,41.57,1,3,9,4,0.3214285714285714,0.358974358974359,0,weak_binder
CHEMBL5942591,4044.0,4044.0,4044.0,4044.0,2,CC(C)(C)c1nc(N2CCN(CCCCNC(=O)N3CCN(c4ccccc4)CC3)CC2)c2ccccc2n1,CC(C)(C)c1nc(N2CCN(CCCCNC(=O)N3CCN(c4ccccc4)CC3)CC2)c2ccccc2n1,529.7330000000003,4.3613000000000035,67.84,1,6,7,5,0.5161290322580645,0.4583333333333333,0,weak_binder
CHEMBL6060787,10000.0,10000.0,10000.0,10000.0,1,Cc1ncc2c(n1)CCN(CCN1CCN(c3noc4ccccc34)CC1)C2=O,Cc1ncc2c(n1)CCN(CCN1CCN(c3noc4ccccc34)CC1)C2=O,392.4630000000002,1.7467199999999994,78.60000000000001,0,7,4,5,0.4285714285714285,0.48,0,weak_binder
CHEMBL2048230,24059.43,24059.43,23000.0,25118.86,2,CCCN1CCC(c2ccc(OC)cc2)CC1,CCCN1CCC(c2ccc(OC)cc2)CC1,233.35499999999996,3.284600000000002,12.47,0,2,4,2,0.6,0.48936170212765956,0,weak_binder
CHEMBL5647077,2079.0,2079.0,2079.0,2079.0,1,CCCCC(Oc1cc(Cl)cc(Cl)c1)c1nc(Nc2ccncc2)nc(N2CCN(C)CC2)n1,CCCCC(Oc1cc(Cl)cc(Cl)c1)c1nc(Nc2ccncc2)nc(N2CCN(C)CC2)n1,502.4500000000003,5.3791000000000055,79.3,1,8,9,4,0.4166666666666667,0.3466666666666667,0,weak_binder
CHEMBL329383,5011.87,5011.87,5011.87,5011.87,1,COc1ccc(S(=O)(=O)Nc2cc(Br)cc(F)c2Br)cc1N1CCNCC1,COc1ccc(S(=O)(=O)Nc2cc(Br)cc(F)c2Br)cc1N1CCNCC1,523.2220000000002,3.5697000000000028,70.67,2,5,5,3,0.2941176470588235,0.33783783783783783,0,weak_binder
CHEMBL3899169,3675.0,3675.0,2780.0,4570.0,2,Cc1ccc2c(c1)Oc1sc(Cl)cc1C(N1CCN(CC(C)(C)C(=O)O)CC1)=N2,Cc1ccc2c(c1)Oc1sc(Cl)cc1C(N1CCN(CC(C)(C)C(=O)O)CC1)=N2,433.9610000000003,4.622320000000005,65.37,1,6,3,4,0.4285714285714285,0.4583333333333333,0,weak_binder
CHEMBL3770293,5641.0,5641.0,5641.0,5641.0,1,CC1(c2ccc(F)cc2)NC(=O)N(CC(O)CN2CCN(c3ccc(F)cc3)CC2)C1=O,CC1(c2ccc(F)cc2)NC(=O)N(CC(O)CN2CCN(c3ccc(F)cc3)CC2)C1=O,444.48200000000026,1.9149,76.12,2,5,6,4,0.391304347826087,0.3,0,weak_binder
CHEMBL316081,7943.28,7943.28,7943.28,7943.28,1,Cc1c(S(=O)(=O)Nc2ccc3nccc(N4CCN(C)CC4)c3c2)sc2ccc(Cl)cc12,Cc1c(S(=O)(=O)Nc2ccc3nccc(N4CCN(C)CC4)c3c2)sc2ccc(Cl)cc12,487.05000000000024,4.963920000000004,65.54,1,6,4,5,0.2608695652173913,0.34375,0,weak_binder
CHEMBL3979230,10000.0,10000.0,10000.0,10000.0,1,CN[C@H]1c2ccc3c(ccn3S(=O)(=O)c3ccccc3)c2[C@@H]1CCO,CN[C@H]1c2ccc3c(ccn3S(=O)(=O)c3ccccc3)c2[C@@H]1CCO,356.4470000000001,2.6184000000000016,71.33,2,4,5,4,0.2631578947368421,0.3333333333333333,0,weak_binder
CHEMBL240863,2000.0,2000.0,2000.0,2000.0,1,O=S(=O)(c1ccc(/C=C/c2cccc(F)c2)nc1)c1ccccc1F,O=S(=O)(c1ccc(/C=C/c2cccc(F)c2)nc1)c1ccccc1F,357.38100000000003,4.363000000000003,47.03,0,3,4,3,0.0,0.2,0,weak_binder
CHEMBL1742470,50000.0,50000.0,50000.0,50000.0,1,CCCN(C(C)C)[C@H]1COc2cccc(C(=O)NC(C)C)c2C1,CCCN(C(C)C)[C@H]1COc2cccc(C(=O)NC(C)C)c2C1,318.46100000000007,3.248700000000002,41.57,1,3,6,2,0.631578947368421,0.2857142857142857,0,weak_binder
CHEMBL4791884,9420.0,9420.0,9420.0,9420.0,1,O=C(NCCCCN1CCO[C@@H]2c3cc(O)ccc3OC[C@@H]21)c1cc2ccccc2[nH]1,O=C(NCCCCN1CCO[C@@H]2c3cc(O)ccc3OC[C@@H]21)c1cc2ccccc2[nH]1,421.4970000000002,3.2180000000000017,86.82000000000002,3,5,6,5,0.375,0.3711340206185567,0,weak_binder
CHEMBL444128,60500.0,60500.0,21000.0,100000.0,2,CCCNCCCCNC(=O)c1ccc(-c2ccccc2)cc1,CCCNCCCCNC(=O)c1ccc(-c2ccccc2)cc1,310.44100000000003,3.863200000000002,41.129999999999995,2,2,9,2,0.35,0.47540983606557374,0,weak_binder
CHEMBL5808795,1200.0,1200.0,1200.0,1200.0,2,O=C(NCCCCN1CCc2sc(OCC(F)(F)F)nc2C1)c1ccc2ccccc2c1,O=C(NCCCCN1CCc2sc(OCC(F)(F)F)nc2C1)c1ccc2ccccc2c1,463.52500000000015,4.805700000000004,54.46000000000001,1,5,8,4,0.391304347826087,0.4175824175824176,0,weak_binder
CHEMBL4161436,3231.0,3231.0,3231.0,3231.0,1,c1ccc(-c2nc(CN3CCCN(c4nccs4)CC3)co2)cc1,c1ccc(-c2nc(CN3CCCN(c4nccs4)CC3)co2)cc1,340.4520000000001,3.5104000000000024,45.400000000000006,0,6,4,4,0.3333333333333333,0.3582089552238806,0,weak_binder
CHEMBL90173,5800.0,5800.0,5800.0,5800.0,1,COc1cc2oc(=O)c3c(c2cc1OC)CCN(Cc1ccc(Cl)cc1)C3,COc1cc2oc(=O)c3c(c2cc1OC)CCN(Cc1ccc(Cl)cc1)C3,385.8470000000001,4.021900000000003,51.91,0,5,4,4,0.2857142857142857,0.2857142857142857,0,weak_binder
CHEMBL184073,4188.0,4188.0,4188.0,4188.0,1,c1ccc(Cc2ccccc2OCCN2CCN(c3ccccc3)CC2)cc1,c1ccc(Cc2ccccc2OCCN2CCN(c3ccccc3)CC2)cc1,372.51200000000006,4.478400000000004,15.71,0,3,7,4,0.28,0.38181818181818183,0,weak_binder
CHEMBL456675,20000.0,20000.0,20000.0,20000.0,1,COc1cccc(CCc2ccccc2OCCCN2CCN(c3ncccn3)CC2)c1,COc1cccc(CCc2ccccc2OCCCN2CCN(c3ncccn3)CC2)c1,432.5680000000002,3.861500000000003,50.720000000000006,0,6,10,4,0.3846153846153846,0.43478260869565216,0,weak_binder
CHEMBL24539,1100.0,1100.0,1100.0,1100.0,1,c1ccc(CN2CCC(n3nnc(-c4ccccc4)n3)CC2)cc1,c1ccc(CN2CCC(n3nnc(-c4ccccc4)n3)CC2)cc1,319.4120000000001,3.177200000000002,46.84,0,4,4,4,0.3157894736842105,0.4528301886792453,0,weak_binder
CHEMBL5639282,1633.0,1633.0,1633.0,1633.0,1,CCC(Oc1cc(F)ccc1F)c1nc(N)nc(N2CCN(C)CC2)n1,CCC(Oc1cc(F)ccc1F)c1nc(N)nc(N2CCN(C)CC2)n1,364.40000000000015,2.0139,80.39999999999999,1,7,5,3,0.4705882352941176,0.3142857142857143,0,weak_binder
CHEMBL146246,5147.0,5147.0,5147.0,5147.0,1,NS(=O)(=O)c1ccc(N2CCN(CCC3OCCc4ccccc43)CC2)cc1,NS(=O)(=O)c1ccc(N2CCN(CCC3OCCc4ccccc43)CC2)cc1,401.53200000000015,2.1601,75.87,1,5,5,4,0.4285714285714285,0.313953488372093,0,weak_binder
CHEMBL4103891,10000.0,10000.0,10000.0,10000.0,1,N#CC1=Cc2cn(S(=O)(=O)c3cccc4ccccc34)c3cccc(c23)O1,N#CC1=Cc2cn(S(=O)(=O)c3cccc4ccccc34)c3cccc(c23)O1,372.40500000000014,4.288380000000003,72.09,0,4,2,5,0.0,0.26153846153846155,0,weak_binder
CHEMBL291143,1550.0,1550.0,1550.0,1550.0,1,NC[C@@H]1O[C@H](C23CC4CC(CC(C4)C2)C3)Cc2c1ccc(O)c2O,NC[C@@H]1O[C@H](C23CC4CC(CC(C4)C2)C3)Cc2c1ccc(O)c2O,329.44,3.2553000000000027,75.71000000000001,3,4,2,6,0.7,0.203125,0,weak_binder
CHEMBL393275,1500.0,1500.0,1500.0,1500.0,1,COc1cccc(CC2NCCc3c2[nH]c2ccc(OC)cc32)c1,COc1cccc(CC2NCCc3c2[nH]c2ccc(OC)cc32)c1,322.408,3.614600000000002,46.28,2,3,4,4,0.3,0.2682926829268293,0,weak_binder
CHEMBL5756683,1300.0,1300.0,1300.0,1300.0,1,CCc1ncccc1C(=O)N[C@H]1CC[C@H](CCN2CCc3ccc(OC4CCC4)nc3CC2)CC1,CCc1ncccc1C(=O)N[C@H]1CC[C@H](CCN2CCc3ccc(OC4CCC4)nc3CC2)CC1,476.6650000000004,4.749800000000005,67.35000000000001,1,5,8,5,0.6206896551724138,0.3829787234042553,0,weak_binder
CHEMBL553082,32000.0,32000.0,32000.0,32000.0,1,Cc1cc(CN2CCC3(CC2)OC=C(c2ccccc2)C3=O)on1.Cl,Cc1cc(CN2CCC3(CC2)OC=C(c2ccccc2)C3=O)on1,324.38000000000005,2.958020000000001,55.57,0,5,3,4,0.3684210526315789,0.47692307692307695,0,weak_binder
CHEMBL391190,1900.0,1900.0,1900.0,1900.0,1,COc1ccc2[nH]c3c(c2c1)CCNC3Cc1ccc2c(c1)OCO2,COc1ccc2[nH]c3c(c2c1)CCNC3Cc1ccc2c(c1)OCO2,336.39100000000013,3.3347000000000016,55.510000000000005,2,4,3,5,0.3,0.29333333333333333,0,weak_binder
CHEMBL4474829,10000.0,10000.0,10000.0,10000.0,1,CCC(=O)Nc1nc(C)c(-c2cn(S(=O)(=O)c3cccc4ccccc34)c3ccccc23)[nH]1,CCC(=O)Nc1nc(C)c(-c2cn(S(=O)(=O)c3cccc4ccccc34)c3ccccc23)[nH]1,458.5430000000001,5.078520000000004,96.85,2,4,5,5,0.12,0.3333333333333333,0,weak_binder
CHEMBL4851121,1226.01,1226.01,1122.02,1330.0,2,CN(C)C(=O)N[C@H]1CC[C@H](CCNCC2CC2c2cccc(Cl)c2Cl)CC1,CN(C)C(=O)N[C@H]1CC[C@H](CCNCC2CC2c2cccc(Cl)c2Cl)CC1,412.4050000000001,4.906600000000004,44.370000000000005,2,2,7,3,0.6666666666666666,0.3888888888888889,0,weak_binder
CHEMBL253096,10000.0,10000.0,10000.0,10000.0,1,CC1(c2cccc(OCc3ccccc3)c2)C(=O)Nc2cc(Cl)cc(Cl)c2C1=O,CC1(c2cccc(OCc3ccccc3)c2)C(=O)Nc2cc(Cl)cc(Cl)c2C1=O,426.2990000000002,5.6651000000000025,55.4,1,3,4,4,0.1304347826086956,0.265625,0,weak_binder
CHEMBL20444,1584.89,1584.89,1584.89,1584.89,1,CCCC(C)(C)C(=O)NCCCCN1CCN(c2ccc(Cl)cc2)CC1,CCCC(C)(C)C(=O)NCCCCN1CCN(c2ccc(Cl)cc2)CC1,379.976,4.184700000000004,35.580000000000005,1,3,9,2,0.6666666666666666,0.37681159420289856,0,weak_binder
CHEMBL651,100000.0,100000.0,100000.0,100000.0,1,CCC(=O)C(CC(C)N(C)C)(c1ccccc1)c1ccccc1,CCC(=O)C(CC(C)N(C)C)(c1ccccc1)c1ccccc1,309.45300000000003,4.292000000000004,20.31,0,2,7,2,0.3809523809523809,0.2676056338028169,0,weak_binder
CHEMBL610449,10000.0,10000.0,10000.0,10000.0,2,CN1CCCc2cc3c(cc2-c2ccccc2CC1)OCO3,CN1CCCc2cc3c(cc2-c2ccccc2CC1)OCO3,295.38200000000006,3.5028000000000024,21.700000000000003,0,3,0,4,0.3684210526315789,0.42,0,weak_binder
CHEMBL5639487,1020.0,1020.0,1020.0,1020.0,1,CC(Oc1cc(F)ccc1F)c1nc(N)nc(N2CCN(C)CC2)n1,CC(Oc1cc(F)ccc1F)c1nc(N)nc(N2CCN(C)CC2)n1,350.37300000000016,1.6238,80.39999999999999,1,7,4,3,0.4375,0.29850746268656714,0,weak_binder
CHEMBL3642803,2147.0,2147.0,2147.0,2147.0,1,Cc1nc(-c2cccc(C(=O)N[C@H]3CC[C@H](CCN4CCN(c5nccc6c5CCO6)CC4)CC3)c2)no1,Cc1nc(-c2cccc(C(=O)N[C@H]3CC[C@H](CCN4CCN(c5nccc6c5CCO6)CC4)CC3)c2)no1,516.6460000000004,3.8758200000000023,96.62,1,8,7,6,0.5172413793103449,0.43333333333333335,0,weak_binder
CHEMBL64566,4500.0,4500.0,2750.0,6250.0,2,COc1ccc(Br)cc1-c1nc(CNC[C@@H]2CCN(Cc3ccccc3)C2)c[nH]1,COc1ccc(Br)cc1-c1nc(CNC[C@@H]2CCN(Cc3ccccc3)C2)c[nH]1,455.40000000000026,4.459500000000003,53.18,2,4,8,4,0.3478260869565217,0.34523809523809523,0,weak_binder
CHEMBL71209,1600.0,1600.0,1600.0,1600.0,1,Clc1ccc2sc(C3=CCN(Cc4ccccc4)CC3)nc2c1,Clc1ccc2sc(C3=CCN(Cc4ccccc4)CC3)nc2c1,340.8790000000001,5.239000000000004,16.130000000000003,0,3,3,4,0.2105263157894736,0.4,0,weak_binder
CHEMBL184551,3100.0,3100.0,3100.0,3100.0,1,O=Cc1ccccc1-c1ccc(C(=O)NC2CCN(Cc3ccccc3)C2)cc1,O=Cc1ccccc1-c1ccc(C(=O)NC2CCN(Cc3ccccc3)C2)cc1,384.4790000000001,4.170400000000003,49.41,1,3,6,4,0.2,0.463768115942029,0,weak_binder
CHEMBL3770581,1976.0,1976.0,1976.0,1976.0,1,CC1(c2ccc(F)cc2)NC(=O)N(CC(O)CN2CCN(c3ccc(Cl)c(Cl)c3)CC2)C1=O,CC1(c2ccc(F)cc2)NC(=O)N(CC(O)CN2CCN(c3ccc(Cl)c(Cl)c3)CC2)C1=O,495.38200000000035,3.082600000000001,76.12,2,5,6,4,0.391304347826087,0.323943661971831,0,weak_binder
CHEMBL4096141,10000.0,10000.0,10000.0,10000.0,1,CC1=C(CO)Oc2cccc3c2c1cn3S(=O)(=O)c1ccccc1,CC1=C(CO)Oc2cccc3c2c1cn3S(=O)(=O)c1ccccc1,341.38800000000003,2.9940000000000015,68.53,1,4,3,4,0.1111111111111111,0.3728813559322034,0,weak_binder
CHEMBL5723013,10000.0,10000.0,10000.0,10000.0,1,O=c1cc(CNCCc2nc3c(s2)CCC3)[nH]c2ccc(F)cc12,O=c1cc(CNCCc2nc3c(s2)CCC3)[nH]c2ccc(F)cc12,343.427,2.944700000000001,57.78,2,4,5,4,0.3333333333333333,0.24489795918367346,0,weak_binder
CHEMBL186720,2740.0,2740.0,2740.0,2740.0,1,CN(C)CCOc1ccccc1Cc1ccccc1,CN(C)CCOc1ccccc1Cc1ccccc1,255.361,3.217800000000002,12.47,0,2,6,2,0.2941176470588235,0.3090909090909091,0,weak_binder
CHEMBL196169,10000.0,10000.0,10000.0,10000.0,1,COc1ccc(NC(=O)N2CCN(c3ccccc3F)CC2)cc1N1CCN(C)CC1,COc1ccc(NC(=O)N2CCN(c3ccccc3F)CC2)cc1N1CCN(C)CC1,427.5240000000003,2.9402000000000017,51.290000000000006,1,5,4,4,0.4347826086956521,0.37037037037037035,0,weak_binder
CHEMBL76982,10000.0,10000.0,10000.0,10000.0,1,Clc1ccc(N2CCN(Cc3nc4ccccc4[nH]3)CC2)cc1,Clc1ccc(N2CCN(Cc3nc4ccccc4[nH]3)CC2)cc1,326.8310000000001,3.5385000000000018,35.16,1,3,3,4,0.2777777777777778,0.38596491228070173,0,weak_binder
CHEMBL542573,2196.0,2196.0,2196.0,2196.0,1,COc1ccc(-c2cc(CCCCN3CCN(c4ccccc4)CC3)on2)c(OC)c1.Cl,COc1ccc(-c2cc(CCCCN3CCN(c4ccccc4)CC3)on2)c(OC)c1,421.5410000000001,4.503700000000004,50.97,0,6,9,4,0.4,0.4375,0,weak_binder
CHEMBL3769968,4897.895,4897.895,4897.79,4898.0,2,C=CCOc1cc(F)c(F)cc1C1CC1CN.Cl,C=CCOc1cc(F)c(F)cc1C1CC1CN,239.26499999999996,2.5918,35.25,1,2,5,2,0.3846153846153846,0.23376623376623376,0,weak_binder
CHEMBL241082,25000.0,25000.0,25000.0,25000.0,1,COc1cccc(C2=NCCc3c2[nH]c2ccc(OC)cc32)c1,COc1cccc(C2=NCCc3c2[nH]c2ccc(OC)cc32)c1,306.365,3.5786000000000024,46.61,1,3,3,4,0.2105263157894736,0.2625,0,weak_binder
CHEMBL28054,1300.0,1300.0,1300.0,1300.0,1,Oc1cc2c(cc1O)[C@H]1c3cnccc3CN[C@@H]1CC2,Oc1cc2c(cc1O)[C@H]1c3cnccc3CN[C@@H]1CC2,268.31600000000003,2.042699999999999,65.38,3,4,0,4,0.3125,0.24691358024691357,0,weak_binder
CHEMBL5769957,2300.0,2300.0,2300.0,2300.0,2,Cc1nnc(CC(=O)N[C@H]2CC[C@](F)(CCN3CCc4ccc(CCC(F)(F)F)nc4CC3)CC2)s1,Cc1nnc(CC(=O)N[C@H]2CC[C@](F)(CCN3CCc4ccc(CCC(F)(F)F)nc4CC3)CC2)s1,527.6320000000003,4.536920000000004,71.01,1,6,8,4,0.68,0.4946236559139785,0,weak_binder
CHEMBL365697,10000.0,10000.0,10000.0,10000.0,1,c1ccc(Cc2ccccc2OCCN2CCOCC2)cc1,c1ccc(Cc2ccccc2OCCN2CCOCC2)cc1,297.39799999999997,2.9884000000000013,21.700000000000003,0,3,6,3,0.3684210526315789,0.3620689655172414,0,weak_binder
CHEMBL1642889,5000.0,5000.0,5000.0,5000.0,1,Cl.O=S(=O)(c1ccc2ccccc2c1)c1n[nH]c2ccc(NC3CCNCC3)cc12,O=S(=O)(c1ccc2ccccc2c1)c1n[nH]c2ccc(NC3CCNCC3)cc12,406.5110000000002,3.7128000000000014,86.88,3,5,4,5,0.2272727272727272,0.25555555555555554,0,weak_binder
CHEMBL345357,27542.29,25847.430000000004,22000.0,28000.0,3,OCc1ccc2c(CN3CCN(c4ccc(Cl)cc4)CC3)cnn2c1,OCc1ccc2c(CN3CCN(c4ccc(Cl)cc4)CC3)cnn2c1,356.8570000000001,2.802200000000001,44.010000000000005,1,4,4,4,0.3157894736842105,0.3389830508474576,0,weak_binder
CHEMBL3323000,4983.0,4983.0,4983.0,4983.0,3,O=C(NCCCCN1CCN(c2ccnc3cc(C(F)(F)F)ccc23)CC1)c1cn2ccccc2n1,O=C(NCCCCN1CCN(c2ccnc3cc(C(F)(F)F)ccc23)CC1)c1cn2ccccc2n1,496.5370000000002,4.233500000000003,65.77000000000001,1,5,7,5,0.3461538461538461,0.4235294117647059,0,weak_binder
CHEMBL539235,2530.0,2530.0,2530.0,2530.0,1,Cl.Fc1ccc(-c2cc(CCCCN3CCN(c4ccccc4)CC3)on2)cc1,Fc1ccc(-c2cc(CCCCN3CCN(c4ccccc4)CC3)on2)cc1,379.4790000000001,4.625600000000003,32.510000000000005,0,4,7,4,0.3478260869565217,0.4794520547945205,0,weak_binder
CHEMBL496687,1400.0,1400.0,1400.0,1400.0,1,Fc1ccc2c([C@@H]3CNCC[C@H]3F)c(-c3cccc4ccccc34)[nH]c2c1,Fc1ccc2c([C@@H]3CNCC[C@H]3F)c(-c3cccc4ccccc34)[nH]c2c1,362.42300000000006,5.542200000000004,27.82,2,1,2,5,0.217391304347826,0.4745762711864407,0,weak_binder
CHEMBL241083,300000.0,300000.0,300000.0,300000.0,1,c1ccc(C2NCCc3c2[nH]c2ccccc32)cc1,c1ccc(C2NCCc3c2[nH]c2ccccc32)cc1,248.32900000000004,3.403000000000002,27.82,2,1,1,4,0.1764705882352941,0.3148148148148148,0,weak_binder
CHEMBL196928,4360.0,6720.0,160.0,18000.0,4,CCCN(CCC)C1CCn2nccc2C1,CCCN(CCC)C1CCn2nccc2C1,221.348,2.3199000000000005,21.06,0,2,5,2,0.7692307692307693,0.40425531914893614,0,weak_binder
CHEMBL4453250,10000.0,10000.0,10000.0,10000.0,1,COc1ccc2c(c1)c(-c1[nH]c(NC(C)=O)nc1C)cn2S(=O)(=O)c1ccc2ccccc2c1,COc1ccc2c(c1)c(-c1[nH]c(NC(C)=O)nc1C)cn2S(=O)(=O)c1ccc2ccccc2c1,474.54200000000014,4.697020000000004,106.07999999999998,2,5,5,5,0.12,0.2987012987012987,0,weak_binder
CHEMBL5289958,10000.0,10000.0,10000.0,10000.0,1,Fc1ccc(CN2CCCC3(CCN(Cc4cc5ccc(Cl)cc5[nH]4)C3)C2)cc1F,Fc1ccc(CN2CCCC3(CCN(Cc4cc5ccc(Cl)cc5[nH]4)C3)C2)cc1F,429.94200000000006,5.5876000000000055,22.27,1,2,4,5,0.4166666666666667,0.2727272727272727,0,weak_binder
CHEMBL4173442,6912.0,6912.0,6912.0,6912.0,1,COC[C@@H](C)N1CCN(c2cccc(F)c2C#N)CC1,COC[C@@H](C)N1CCN(c2cccc(F)c2C#N)CC1,277.3430000000001,1.85428,39.5,0,4,4,2,0.5333333333333333,0.29333333333333333,0,weak_binder
CHEMBL4176800,7745.0,7745.0,7745.0,7745.0,1,O[C@@H](COC[C@@H]1CCCO1)CN1CCN(c2ccccc2F)CC1,O[C@@H](COC[C@@H]1CCCO1)CN1CCN(c2ccccc2F)CC1,338.42300000000006,1.5041999999999995,45.17,1,5,7,3,0.6666666666666666,0.3055555555555556,0,weak_binder
CHEMBL485918,1000000.0,1000000.0,1000000.0,1000000.0,1,COc1cccc(CCc2ccccc2OCCCCN2CCc3ccccc3C2)c1,COc1cccc(CCc2ccccc2OCCCCN2CCc3ccccc3C2)c1,415.5770000000002,5.697700000000006,21.700000000000003,0,3,10,4,0.3571428571428571,0.373134328358209,0,weak_binder
CHEMBL541559,1019.5,1019.5,39.0,2000.0,2,Br.Oc1cc2c(c(Br)c1O)CCNCC2c1ccccc1,Oc1cc2c(c(Br)c1O)CCNCC2c1ccccc1,334.213,3.137900000000001,52.49,3,3,1,3,0.25,0.3275862068965517,0,weak_binder
CHEMBL1779060,10000.0,10000.0,10000.0,10000.0,1,COc1ccc(C)cc1C(=O)NCCN1C2C3C4CC5C6C4C2C6C1(O)C53,COc1ccc(C)cc1C(=O)NCCN1C2C3C4CC5C6C4C2C6C1(O)C53,366.46100000000007,1.4939199999999997,61.8,2,4,5,8,0.6818181818181818,0.3076923076923077,0,weak_binder
CHEMBL4453733,3981.0,3981.0,3981.0,3981.0,1,COc1ccc2c(c1)c(-c1[nH]c(NCC(F)F)nc1C)cn2S(=O)(=O)c1ccccc1,COc1ccc2c(c1)c(-c1[nH]c(NCC(F)F)nc1C)cn2S(=O)(=O)c1ccccc1,446.47900000000016,4.262420000000002,89.00999999999999,2,5,7,4,0.1904761904761904,0.35135135135135137,0,weak_binder
CHEMBL3765426,10965.0,11184.75,10000.0,12589.25,3,Cn1c(SCCCN2CCOC(c3ccc(C(F)(F)F)cc3)C2)nnc1-c1ccc(C(N)=O)cc1,Cn1c(SCCCN2CCOC(c3ccc(C(F)(F)F)cc3)C2)nnc1-c1ccc(C(N)=O)cc1,505.5660000000002,4.155500000000003,86.27000000000001,1,6,8,4,0.375,0.449438202247191,0,weak_binder
CHEMBL4845711,1822.35,1822.35,1819.7,1825.0,2,COc1ccccc1C1CC1CNCC[C@H]1CC[C@H](NC(=O)N(C)C)CC1,COc1ccccc1C1CC1CNCC[C@H]1CC[C@H](NC(=O)N(C)C)CC1,373.5410000000001,3.6084000000000023,53.6,2,3,8,3,0.6818181818181818,0.38461538461538464,0,weak_binder
CHEMBL3622101,5200.0,5200.0,5200.0,5200.0,1,Brc1ccc(CNCCN2CCN(Cc3cc4ccccc4[nH]3)CC2)cc1,Brc1ccc(CNCCN2CCN(Cc3cc4ccccc4[nH]3)CC2)cc1,427.3900000000001,3.8378000000000023,34.3,2,3,7,4,0.3636363636363636,0.2923076923076923,0,weak_binder
CHEMBL5267339,10000.0,10000.0,10000.0,10000.0,1,Clc1ccc(-n2cc(CNC[C@@H]3CCCOC3)nn2)c(Cl)c1,Clc1ccc(-n2cc(CNC[C@@H]3CCCOC3)nn2)c(Cl)c1,341.24199999999996,3.090300000000001,51.97,1,4,5,3,0.4666666666666667,0.275,0,weak_binder
CHEMBL310310,1740.0,1740.0,1740.0,1740.0,1,CN1C2CCC1CC(OC(c1ccccc1)c1ccc(Cl)cc1)C2,CN1C2CCC1CC(OC(c1ccccc1)c1ccc(Cl)cc1)C2,341.88200000000006,5.071200000000005,12.47,0,2,4,4,0.4285714285714285,0.48,0,weak_binder
CHEMBL5905068,10000.0,10000.0,10000.0,10000.0,2,COc1ccc2onc(C3CCN(CCN4CCc5cccnc5C4=O)CC3)c2c1,COc1ccc2onc(C3CCN(CCN4CCc5cccnc5C4=O)CC3)c2c1,406.48600000000016,3.109300000000002,71.70000000000002,0,6,5,5,0.4347826086956521,0.4810126582278481,0,weak_binder
CHEMBL46596,10000.0,10000.0,10000.0,10000.0,1,O=[N+]([O-])c1ccc(OCC2CCN(Cc3ccc(F)cc3)CC2)cc1,O=[N+]([O-])c1ccc(OCC2CCN(Cc3ccc(F)cc3)CC2)cc1,344.3860000000001,4.024900000000003,55.61000000000001,0,4,6,3,0.3684210526315789,0.36666666666666664,0,weak_binder
CHEMBL2031873,10000.0,10000.0,10000.0,10000.0,1,O=C(NC1CCCC1)c1ccc(-c2ccc3c(c2)CCN(CCN2CCCC2)C3=O)cc1,O=C(NC1CCCC1)c1ccc(-c2ccc3c(c2)CCN(CCN2CCCC2)C3=O)cc1,431.5800000000004,4.120100000000003,52.650000000000006,1,3,6,5,0.4814814814814814,0.3176470588235294,0,weak_binder
CHEMBL498729,1600.0,1600.0,1600.0,1600.0,1,Fc1cccc2c([C@@H]3CNCC[C@H]3F)c(-c3ccccc3)[nH]c12,Fc1cccc2c([C@@H]3CNCC[C@H]3F)c(-c3ccccc3)[nH]c12,312.363,4.389000000000003,27.82,2,1,2,4,0.2631578947368421,0.36666666666666664,0,weak_binder
CHEMBL5722959,10000.0,10000.0,10000.0,10000.0,1,O=c1cc(CNC[C@H]2CCOC2)[nH]c2c(F)cccc12,O=c1cc(CNC[C@H]2CCOC2)[nH]c2c(F)cccc12,276.311,1.7932999999999997,54.12,2,3,4,3,0.4,0.23076923076923078,0,weak_binder
CHEMBL5922928,1900.0,1900.0,1900.0,1900.0,1,Cc1ncc(CC(=O)N[C@H]2CC[C@H](CCN3CCc4nc(N5CC(F)(F)C5)sc4CC3)CC2)s1,Cc1ncc(CC(=O)N[C@H]2CC[C@H](CCN3CCc4nc(N5CC(F)(F)C5)sc4CC3)CC2)s1,509.6920000000003,4.071720000000003,61.36000000000001,1,7,7,5,0.7083333333333334,0.48314606741573035,0,weak_binder
CHEMBL45168,10000.0,10000.0,10000.0,10000.0,1,FCCN1CCC(COc2ccc(I)cc2)CC1,FCCN1CCC(COc2ccc(I)cc2)CC1,363.21400000000006,3.3515000000000024,12.47,0,2,5,2,0.5714285714285714,0.35185185185185186,0,weak_binder
CHEMBL44739,10000.0,10000.0,10000.0,10000.0,1,Ic1ccc(OCC2CCN(CC3CC3)CC2)cc1,Ic1ccc(OCC2CCN(CC3CC3)CC2)cc1,371.26200000000017,3.7920000000000034,12.47,0,2,5,3,0.625,0.3333333333333333,0,weak_binder
CHEMBL4069306,1300.0,1300.0,1300.0,1300.0,1,c1ccc(CCC2CN(Cc3c[nH]c4ccccc34)CCO2)cc1,c1ccc(CCC2CN(Cc3c[nH]c4ccccc34)CCO2)cc1,320.43600000000015,4.001500000000003,28.26,1,2,5,4,0.3333333333333333,0.36363636363636365,0,weak_binder
CHEMBL3642783,2471.0,2471.0,2471.0,2471.0,1,COCCC(=O)N[C@H]1CC[C@H](CCN2CCN(c3ncc(C)c4occc34)CC2)CC1,COCCC(=O)N[C@H]1CC[C@H](CCN2CCN(c3ncc(C)c4occc34)CC2)CC1,428.5770000000002,3.359820000000002,70.84,1,6,8,4,0.6666666666666666,0.4430379746835443,0,weak_binder
CHEMBL4584746,10000.0,10000.0,10000.0,10000.0,1,CC(=O)Nc1nc(C)c(-c2cn(S(=O)(=O)c3ccccc3)c3ccc(F)cc23)[nH]1,CC(=O)Nc1nc(C)c(-c2cn(S(=O)(=O)c3ccccc3)c3ccc(F)cc23)[nH]1,412.4460000000001,3.6743200000000016,96.85,2,4,4,4,0.1,0.37681159420289856,0,weak_binder
CHEMBL1081649,10000.0,10000.0,10000.0,10000.0,1,COc1cccc(-c2ccc(C(=O)N3CCN(C(=O)c4ccc5cc[nH]c5c4)[C@H](C)C3)cc2)c1,COc1cccc(-c2ccc(C(=O)N3CCN(C(=O)c4ccc5cc[nH]c5c4)[C@H](C)C3)cc2)c1,453.54200000000014,4.830200000000003,65.64,1,3,4,5,0.2142857142857142,0.23595505617977527,0,weak_binder
CHEMBL46880,10000.0,10000.0,10000.0,10000.0,1,Brc1ccc(OCC2CCN(CC3CC3)CC2)cc1,Brc1ccc(OCC2CCN(CC3CC3)CC2)cc1,324.26200000000006,3.949900000000003,12.47,0,2,5,3,0.625,0.3333333333333333,0,weak_binder
CHEMBL422959,57000.0,57000.0,49000.0,65000.0,2,O=Cc1ccn(C2CCN(Cc3ccccc3)CC2)c1,O=Cc1ccn(C2CCN(Cc3ccccc3)CC2)c1,268.35999999999996,3.1377000000000015,25.24,0,2,4,3,0.3529411764705882,0.4528301886792453,0,weak_binder
CHEMBL5937693,2100.0,2100.0,2100.0,2100.0,1,Cc1ncccc1C(=O)NC12CCC(CCN3CCc4ccc(OCC(F)F)nc4CC3)(CC1)CC2,Cc1ncccc1C(=O)NC12CCC(CCN3CCc4ccc(OCC(F)F)nc4CC3)(CC1)CC2,498.61800000000034,4.742620000000005,67.35000000000001,1,5,8,6,0.6071428571428571,0.3877551020408163,0,weak_binder
CHEMBL20725,2511.89,2511.89,2511.89,2511.89,1,CCCC(C)(C)C(=O)NCCN1CCN(c2ccc(Cl)cc2)CC1,CCCC(C)(C)C(=O)NCCN1CCN(c2ccc(Cl)cc2)CC1,351.922,3.4045000000000023,35.580000000000005,1,3,7,2,0.631578947368421,0.352112676056338,0,weak_binder
CHEMBL4583507,10000.0,10000.0,10000.0,10000.0,1,CCn1cncc1-c1c[nH]c2ccc(OC)c(F)c12,CCn1cncc1-c1c[nH]c2ccc(OC)c(F)c12,259.284,3.1990000000000016,42.84,1,2,3,3,0.2142857142857142,0.2602739726027397,0,weak_binder
CHEMBL6034277,1500.0,1500.0,1500.0,1500.0,1,Cc1nnc(CC(=O)N[C@H]2CC[C@H](CCN3CCc4ccc(OC(C)C)nc4CC3)CC2)s1,Cc1nnc(CC(=O)N[C@H]2CC[C@H](CCN3CCc4ccc(OC(C)C)nc4CC3)CC2)s1,471.6710000000003,3.7371200000000018,80.24000000000001,1,7,8,4,0.68,0.3902439024390244,0,weak_binder
CHEMBL498564,10000.0,10000.0,10000.0,10000.0,1,CN(CCc1ccc(OC(F)(F)F)cc1)CCN1CCCCC1,CN(CCc1ccc(OC(F)(F)F)cc1)CCN1CCCCC1,330.3940000000001,3.5454000000000025,15.71,0,3,7,2,0.6470588235294118,0.30158730158730157,0,weak_binder
CHEMBL4847379,1506.0,1506.0,1506.0,1506.0,2,CCC(Oc1ccccc1)c1nc(N)nc(N2CCN(C)CC2)n1,CCC(Oc1ccccc1)c1nc(N)nc(N2CCN(C)CC2)n1,328.4200000000001,1.7356999999999998,80.39999999999999,1,7,5,3,0.4705882352941176,0.3230769230769231,0,weak_binder
CHEMBL3936289,10000.0,10000.0,10000.0,10000.0,1,CN1CC[C@H]2CC(=O)[C@H](Cc3ccccc3)[C@H]3CCC[C@@H]1[C@H]23,CN1CC[C@H]2CC(=O)[C@H](Cc3ccccc3)[C@H]3CCC[C@@H]1[C@H]23,297.44200000000006,3.554700000000002,20.31,0,2,2,4,0.65,0.30158730158730157,0,weak_binder
CHEMBL4546210,10800.0,10446.666666666666,9740.0,10800.0,3,CCc1cc(Cl)c(OC)c(N2CCN(CC(F)CCNC(=O)c3cc4ccccc4o3)CC2)c1,CCc1cc(Cl)c(OC)c(N2CCN(CC(F)CCNC(=O)c3cc4ccccc4o3)CC2)c1,488.0030000000003,4.937400000000005,57.95,1,5,9,4,0.4230769230769231,0.4634146341463415,0,weak_binder
CHEMBL148565,1500.0,1500.0,1500.0,1500.0,1,O=S(=O)(c1ccccc1)C1CCN(CCCc2ccccc2)CC1,O=S(=O)(c1ccccc1)C1CCN(CCCc2ccccc2)CC1,343.492,3.5575000000000028,37.38,0,3,6,3,0.4,0.37037037037037035,0,weak_binder
CHEMBL393775,1149.0,1149.0,1149.0,1149.0,1,O=C1Cc2ccccc2C(=C2CCN(CCCCN3C(=O)c4ccccc4C3=O)CC2)c2ccsc21,O=C1Cc2ccccc2C(=C2CCN(CCCCN3C(=O)c4ccccc4C3=O)CC2)c2ccsc21,496.6320000000002,5.461000000000006,57.690000000000005,0,5,5,6,0.3,0.43103448275862066,0,weak_binder
CHEMBL6029159,1300.0,1300.0,1300.0,1300.0,2,Cn1cc2c(C(=O)NN3CCC(CCN4CCc5sc(OCC(F)(F)F)nc5C4)CC3)cccc2n1,Cn1cc2c(C(=O)NN3CCC(CCN4CCc5sc(OCC(F)(F)F)nc5C4)CC3)cccc2n1,522.5970000000002,3.776100000000003,75.52000000000001,1,7,7,5,0.5416666666666666,0.4946236559139785,0,weak_binder
CHEMBL557799,5760.0,5760.0,5760.0,5760.0,1,Br.Oc1cc2c(cc1Br)CCNCC2c1ccccc1,Oc1cc2c(cc1Br)CCNCC2c1ccccc1,318.214,3.4323000000000015,32.26,2,2,1,3,0.25,0.4074074074074074,0,weak_binder
CHEMBL346898,17900.0,17900.0,17900.0,17900.0,1,CN(C)CCC(C#N)(c1ccccc1)c1ccccc1,CN(C)CCC(C#N)(c1ccccc1)c1ccccc1,264.372,3.447980000000002,27.03,0,2,5,2,0.2777777777777778,0.2549019607843137,0,weak_binder
CHEMBL4277264,8300.0,8300.0,8300.0,8300.0,1,Cc1cc(Oc2nccc3occc23)ccc1-c1c(C)ncc2nccn12,Cc1cc(Oc2nccc3occc23)ccc1-c1c(C)ncc2nccn12,356.38500000000005,4.946640000000004,65.45,0,5,3,5,0.0952380952380952,0.1839080459770115,0,weak_binder
CHEMBL21059,3981.07,3981.07,3981.07,3981.07,1,CC(C)(C)C(=O)NCCCCN1CCN(c2ccc(C(F)(F)F)cc2)CC1,CC(C)(C)C(=O)NCCCCN1CCN(c2ccc(C(F)(F)F)cc2)CC1,385.4740000000001,3.7699000000000025,35.580000000000005,1,3,6,2,0.65,0.4852941176470588,0,weak_binder
CHEMBL2420769,10000.0,10000.0,10000.0,10000.0,1,c1ccc(N2CCN(Cc3cccs3)CC2)cc1,c1ccc(N2CCN(Cc3cccs3)CC2)cc1,258.39,3.070300000000002,6.48,0,3,3,3,0.3333333333333333,0.4444444444444444,0,weak_binder
CHEMBL3642782,2718.0,2718.0,2718.0,2718.0,1,Cc1cnc(N2CCN(CC[C@H]3CC[C@H](NC(=O)CC4CCOCC4)CC3)CC2)c2ccoc12,Cc1cnc(N2CCN(CC[C@H]3CC[C@H](NC(=O)CC4CCOCC4)CC3)CC2)c2ccoc12,468.6420000000005,4.1400200000000025,70.84,1,6,7,5,0.7037037037037037,0.4430379746835443,0,weak_binder
CHEMBL4558202,10000.0,10000.0,10000.0,10000.0,1,COc1ccc2[nH]cc(-c3cncn3C)c2c1F,COc1ccc2[nH]cc(-c3cncn3C)c2c1F,245.257,2.716100000000001,42.84,1,2,2,3,0.1538461538461538,0.2535211267605634,0,weak_binder
CHEMBL3642725,1269.5,1269.5,1269.5,1269.5,1,CS(=O)(=O)N[C@H]1CC[C@H](CCN2CCN(c3nccc4c3CCO4)CC2)CC1,CS(=O)(=O)N[C@H]1CC[C@H](CCN2CCN(c3nccc4c3CCO4)CC2)CC1,408.56800000000027,1.6366000000000005,74.77000000000001,1,6,6,4,0.75,0.42857142857142855,0,weak_binder
CHEMBL253708,10000.0,10000.0,10000.0,10000.0,1,CC1(c2ccc(O)cc2)C(=O)Nc2cc(Cl)cc(Cl)c2C1=O,CC1(c2ccc(O)cc2)C(=O)Nc2cc(Cl)cc(Cl)c2C1=O,336.1740000000001,3.7917000000000014,66.4,2,3,1,3,0.125,0.20588235294117646,0,weak_binder
CHEMBL314285,5800.0,5800.0,5800.0,5800.0,2,Cc1ccc2c3c(c(=O)oc2c1)CN(Cc1ccc(F)cc1)CC3,Cc1ccc2c3c(c(=O)oc2c1)CN(Cc1ccc(F)cc1)CC3,323.3670000000001,3.798820000000003,33.45,0,3,2,4,0.25,0.29411764705882354,0,weak_binder
CHEMBL209821,2000.0,2000.0,2000.0,2000.0,1,CC(=O)Nc1cccc(N2CCN(CCCCNS(=O)(=O)CC3CCCCC3)CC2)c1,CC(=O)Nc1cccc(N2CCN(CCCCNS(=O)(=O)CC3CCCCC3)CC2)c1,450.6490000000003,3.046900000000001,81.75,2,5,10,3,0.6956521739130435,0.4605263157894737,0,weak_binder
CHEMBL4898361,10000.0,10000.0,10000.0,10000.0,1,Oc1cc(CNCCc2nccs2)nc2c(F)cccc12,Oc1cc(CNCCc2nccs2)nc2c(F)cccc12,303.362,2.8683000000000014,58.04,2,5,5,3,0.2,0.23076923076923078,0,weak_binder
CHEMBL5931151,2331.0,2331.0,2331.0,2331.0,2,O=C(NCCCCN1CCN(c2ccnc3ccccc23)CC1)c1nc2ccccn2c1Br,O=C(NCCCCN1CCN(c2ccnc3ccccc23)CC1)c1nc2ccccn2c1Br,507.43600000000026,3.9772000000000025,65.77000000000001,1,5,7,5,0.32,0.46153846153846156,0,weak_binder
CHEMBL5722945,10000.0,10000.0,10000.0,10000.0,1,CCn1nc(C)c(CCNCc2cc(=O)c3cc(C)ccc3[nH]2)c1C,CCn1nc(C)c(CCNCc2cc(=O)c3cc(C)ccc3[nH]2)c1C,338.45500000000004,3.002060000000001,62.71,2,3,6,3,0.4,0.20270270270270271,0,weak_binder
CHEMBL5804443,2311.0,2311.0,2311.0,2311.0,2,Cc1cc2c(cn1)C(=O)N(CCN1CC=C(c3noc4ccccc34)CC1)CC2,Cc1cc2c(cn1)C(=O)N(CCN1CC=C(c3noc4ccccc34)CC1)CC2,388.47100000000023,3.3188200000000023,62.470000000000006,0,5,4,5,0.3478260869565217,0.47435897435897434,0,weak_binder
CHEMBL5723009,10000.0,10000.0,10000.0,10000.0,1,O=c1cc(CNCCCn2ccnn2)[nH]c2ccc(F)cc12,O=c1cc(CNCCCn2ccnn2)[nH]c2ccc(F)cc12,301.3250000000001,1.438599999999999,75.6,2,4,6,3,0.2666666666666666,0.25263157894736843,0,weak_binder
CHEMBL24603,1800.0,1800.0,1800.0,1800.0,1,c1ccc(CN2CCC(n3nnnc3-c3ccccc3)CC2)cc1,c1ccc(CN2CCC(n3nnnc3-c3ccccc3)CC2)cc1,319.4120000000001,3.177200000000002,46.84,0,4,4,4,0.3157894736842105,0.4528301886792453,0,weak_binder
CHEMBL3947670,1959.0,1959.0,1959.0,1959.0,1,N#Cc1ccc(CNC(=O)CCOCCN2CCN(c3cccnc3-c3ccc(F)cc3)CC2)cc1,N#Cc1ccc(CNC(=O)CCOCCN2CCN(c3cccnc3-c3ccc(F)cc3)CC2)cc1,487.5790000000001,3.6044800000000023,81.49,1,6,10,4,0.3214285714285714,0.3707865168539326,0,weak_binder
CHEMBL4447416,1001.0,1000.6666666666666,1000.0,1001.0,3,CC(Oc1ccccc1Cl)c1nc(N)nc(N2CCN(C)CC2)n1,CC(Oc1ccccc1Cl)c1nc(N)nc(N2CCN(C)CC2)n1,348.83800000000014,1.999,80.39999999999999,1,7,4,3,0.4375,0.34615384615384615,0,weak_binder
CHEMBL38262,1842.0,1842.0,1842.0,1842.0,2,Cc1ccc(N2CCN(CCC3NC(=O)c4ccccc43)CC2)cc1C,Cc1ccc(N2CCN(CCC3NC(=O)c4ccccc43)CC2)cc1C,349.4780000000002,3.3002400000000023,35.58,1,3,4,4,0.4090909090909091,0.3194444444444444,0,weak_binder
CHEMBL107755,5847.0,5847.0,5847.0,5847.0,1,O=C(CN1CCN(Cc2ccc(Cl)cc2)CC1)N1CCCC2CCCCC21,O=C(CN1CCN(Cc2ccc(Cl)cc2)CC1)N1CCCC2CCCCC21,389.9710000000003,3.6388000000000025,26.790000000000006,0,3,4,4,0.6818181818181818,0.4426229508196721,0,weak_binder
CHEMBL5403610,49800.0,49800.0,49800.0,49800.0,1,Cc1ccc2nc(CCCN3CCN(c4ccccn4)CC3)sc2c1,Cc1ccc2nc(CCCN3CCN(c4ccccn4)CC3)sc2c1,352.5070000000001,3.754520000000003,32.260000000000005,0,5,5,4,0.4,0.4142857142857143,0,weak_binder
CHEMBL291439,2200.0,2200.0,2200.0,2200.0,1,COc1cc2c(cc1OC)CN(CCCCNC(=O)c1cc(Br)cc(OC)c1OC)CC2,COc1cc2c(cc1OC)CN(CCCCNC(=O)c1cc(Br)cc(OC)c1OC)CC2,507.42500000000024,4.051800000000003,69.26,1,6,10,3,0.4583333333333333,0.47761194029850745,0,weak_binder
CHEMBL5290993,10000.0,10000.0,10000.0,10000.0,1,CC(C)N1C[C@H](NC(=O)N2Cc3ccccc3[C@@H]2C)[C@@H](C)C1,CC(C)N1C[C@H](NC(=O)N2Cc3ccccc3[C@@H]2C)[C@@H](C)C1,301.4340000000001,3.001500000000002,35.580000000000005,1,2,2,3,0.6111111111111112,0.23376623376623376,0,weak_binder
CHEMBL82527,1100.0,1105.0,720.0,1500.0,4,c1ccc(C2=N[C@@H](CN3CCN(c4ccccc4)CC3)CS2)cc1,c1ccc(C2=N[C@@H](CN3CCN(c4ccccc4)CC3)CS2)cc1,337.4920000000001,3.3708000000000027,18.84,0,4,4,4,0.35,0.3684210526315789,0,weak_binder
CHEMBL423659,3599.975,3599.975,3019.95,4180.0,2,N#Cc1ccccc1N1CCN(CNC(=O)c2ccccc2)CC1,N#Cc1ccccc1N1CCN(CNC(=O)c2ccccc2)CC1,320.3960000000001,2.06778,59.370000000000005,1,4,4,3,0.2631578947368421,0.3939393939393939,0,weak_binder
CHEMBL5091775,100000.0,100000.0,100000.0,100000.0,2,Oc1cccc([C@]23CCC[C@H](NCC2)[C@@H]3O)c1,Oc1cccc([C@]23CCC[C@H](NCC2)[C@@H]3O)c1,233.311,1.5366999999999995,52.489999999999995,3,3,1,3,0.5714285714285714,0.2542372881355932,0,weak_binder
CHEMBL4545912,10000.0,10000.0,10000.0,10000.0,1,C#CCNC1CCc2cc(OCCCN3CCCCC3)ccc21,C#CCNC1CCc2cc(OCCCN3CCCCC3)ccc21,312.457,3.151500000000002,24.5,1,3,7,3,0.6,0.35135135135135137,0,weak_binder
CHEMBL5274285,10000.0,10000.0,10000.0,10000.0,1,Fc1ccc(CN2CCCC23CCN(Cc2cc4ccc(Cl)cc4[nH]2)C3)cc1F,Fc1ccc(CN2CCCC23CCN(Cc2cc4ccc(Cl)cc4[nH]2)C3)cc1F,415.915,5.340000000000005,22.27,1,2,4,5,0.391304347826087,0.25925925925925924,0,weak_binder
CHEMBL5843878,1400.0,1400.0,1400.0,1400.0,1,Cn1cc(CC(=O)N[C@H]2CC[C@H](CCN3CCc4ccc(OCC(F)F)nc4CC3)CC2)cn1,Cn1cc(CC(=O)N[C@H]2CC[C@H](CCN3CCc4ccc(OCC(F)F)nc4CC3)CC2)cn1,475.58400000000023,3.1674000000000007,72.28,1,5,9,4,0.64,0.45054945054945056,0,weak_binder
CHEMBL4870374,2156.0,2156.0,2156.0,2156.0,1,Cc1cccc(S(=O)(=O)n2ccc3c(N4CCNCC4)nc4ccccc4c32)c1,Cc1cccc(S(=O)(=O)n2ccc3c(N4CCNCC4)nc4ccccc4c32)c1,406.51100000000014,3.1445200000000018,67.23,1,5,3,5,0.2272727272727272,0.2857142857142857,0,weak_binder
CHEMBL3642772,1253.7,1253.7,1253.7,1253.7,1,O=C(CCC(F)(F)F)N[C@H]1CC[C@H](CCN2CCN(c3nccc4c3CCO4)CC2)CC1,O=C(CCC(F)(F)F)N[C@H]1CC[C@H](CCN2CCN(c3nccc4c3CCO4)CC2)CC1,454.5370000000004,3.5461000000000027,57.7,1,5,7,4,0.7391304347826086,0.45569620253164556,0,weak_binder
CHEMBL435272,10000.0,10000.0,10000.0,10000.0,1,c1ccc(CCN2CCO[C@@H]3c4cc5c(cc4CC[C@H]32)CCO5)cc1,c1ccc(CCN2CCO[C@@H]3c4cc5c(cc4CC[C@H]32)CCO5)cc1,335.4470000000001,3.5523000000000025,21.700000000000003,0,3,3,5,0.4545454545454545,0.3717948717948718,0,weak_binder
CHEMBL572270,2511.89,2511.89,2511.89,2511.89,1,CC1=NC2C=C3CCN(CCCSc4nnc(-c5cccc6nc(C)ccc56)n4C)CCC3=CC2O1,CC1=NC2C=C3CCN(CCCSc4nnc(-c5cccc6nc(C)ccc56)n4C)CCC3=CC2O1,500.6720000000003,4.968920000000005,68.43,0,7,6,6,0.4285714285714285,0.297029702970297,0,weak_binder
CHEMBL1923292,6650.0,6650.0,5700.0,7600.0,2,Fc1ccc(CN2CCN(c3ccc4c(c3)OCCO4)CC2)cc1,Fc1ccc(CN2CCN(c3ccc4c(c3)OCCO4)CC2)cc1,328.38700000000017,2.919100000000001,24.94,0,4,3,4,0.3684210526315789,0.4745762711864407,0,weak_binder
CHEMBL328476,4600.0,4600.0,4600.0,4600.0,1,c1ccc2c3c([nH]c2c1)C(Cc1ccc2c(c1)OCO2)NCC3,c1ccc2c3c([nH]c2c1)C(Cc1ccc2c(c1)OCO2)NCC3,306.365,3.326100000000001,46.28,2,3,2,5,0.2631578947368421,0.25,0,weak_binder
CHEMBL4520003,1175.0,1175.0,1175.0,1175.0,1,COc1ccc2c(c1)c(-c1[nH]c(NCc3ccccc3)nc1C)cn2S(=O)(=O)c1ccccc1,COc1ccc2c(c1)c(-c1[nH]c(NCc3ccccc3)nc1C)cn2S(=O)(=O)c1ccccc1,472.57000000000016,5.1975200000000035,89.00999999999999,2,5,7,5,0.1153846153846153,0.3611111111111111,0,weak_binder
CHEMBL6133978,100000.0,100000.0,100000.0,100000.0,1,Cc1ccc(Cn2c(=O)[nH]c3c(c2=O)CN(Cc2cccc(C#N)c2)CC3)cc1,Cc1ccc(Cn2c(=O)[nH]c3c(c2=O)CN(Cc2cccc(C#N)c2)CC3)cc1,386.45500000000015,2.3232999999999997,81.89,1,4,4,4,0.2608695652173913,0.35526315789473684,0,weak_binder
CHEMBL269396,1400.0,1400.0,1400.0,1400.0,1,CC1CCN(C2=Cc3cc(Cl)ccc3Cc3ccccc32)CC1,CC1CCN(C2=Cc3cc(Cl)ccc3Cc3ccccc32)CC1,323.8670000000001,5.474200000000005,3.24,0,1,1,4,0.3333333333333333,0.4727272727272727,0,weak_binder
CHEMBL2062850,7400.0,7400.0,7400.0,7400.0,1,OC[C@H]1[C@H]2CN(Cc3ccccc3)[C@H](c3ccccc3)[C@H]2[C@@H]1N1CCCC1,OC[C@H]1[C@H]2CN(Cc3ccccc3)[C@H](c3ccccc3)[C@H]2[C@@H]1N1CCCC1,362.5170000000002,3.562400000000002,26.71,1,3,5,5,0.5,0.26865671641791045,0,weak_binder
CHEMBL1081648,10000.0,10000.0,10000.0,10000.0,1,COc1cccc(-c2ccc(C(=O)N3CCN(C(=O)c4ccc5cc[nH]c5c4)[C@@H](C)C3)cc2)c1,COc1cccc(-c2ccc(C(=O)N3CCN(C(=O)c4ccc5cc[nH]c5c4)[C@@H](C)C3)cc2)c1,453.54200000000014,4.830200000000003,65.64,1,3,4,5,0.2142857142857142,0.23595505617977527,0,weak_binder
CHEMBL458001,5248.07,5248.07,5248.07,5248.07,1,O=C(Nc1cccc(Cn2ncc(N3CCNCC3)c(Cl)c2=O)c1)c1ccc(-c2ccccc2)cc1,O=C(Nc1cccc(Cn2ncc(N3CCNCC3)c(Cl)c2=O)c1)c1ccc(-c2ccccc2)cc1,500.0020000000002,4.273900000000003,79.26,2,5,6,5,0.1785714285714285,0.3103448275862069,0,weak_binder
CHEMBL606556,2000.0,2000.0,2000.0,2000.0,1,CN1CCC[C@@H]1Cc1c[nH]c2ccc(NS(=O)(=O)c3cccc(Cl)c3)cc12,CN1CCC[C@@H]1Cc1c[nH]c2ccc(NS(=O)(=O)c3cccc(Cl)c3)cc12,403.9350000000001,4.258800000000003,65.2,2,3,5,4,0.3,0.34375,0,weak_binder
CHEMBL5082650,1586.0,1586.0,1586.0,1586.0,1,Nc1nc(-c2ccccc2)c2c(n1)-c1cc(OCCCN3CCCCC3)ccc1C2=O,Nc1nc(-c2ccccc2)c2c(n1)-c1cc(OCCCN3CCCCC3)ccc1C2=O,414.50900000000024,4.192000000000004,81.34,1,6,6,5,0.32,0.375,0,weak_binder
CHEMBL3642738,1124.0,1124.0,1124.0,1124.0,1,O=C(C[C@@H]1COCCO1)N[C@H]1CC[C@H](CCN2CCN(c3nccc4c3CCO4)CC2)CC1,O=C(C[C@@H]1COCCO1)N[C@H]1CC[C@H](CCN2CCN(c3nccc4c3CCO4)CC2)CC1,458.6030000000004,2.0091,76.16000000000001,1,7,7,5,0.76,0.4457831325301205,0,weak_binder
CHEMBL122761,5550.0,5550.0,1100.0,10000.0,2,O=C1c2ccc(Cl)cc2CCC12CCN(CCc1ccccc1)CC2,O=C1c2ccc(Cl)cc2CCC12CCN(CCc1ccccc1)CC2,353.89300000000003,4.793800000000004,20.31,0,2,3,4,0.4090909090909091,0.30303030303030304,0,weak_binder
CHEMBL5916774,1262.0,1262.0,1262.0,1262.0,1,Cc1cnc2c(c1)CCN(CCN1CCN(c3noc4ccccc34)CC1)C2=O,Cc1cnc2c(c1)CCN(CCN1CCN(c3noc4ccccc34)CC1)C2=O,391.47500000000014,2.3517200000000003,65.71000000000001,0,6,4,5,0.4090909090909091,0.4605263157894737,0,weak_binder
CHEMBL444309,1700.0,8880.255714285715,1700.0,20579.0,7,Cc1c(C2CCN(CCc3ccccc3)CC2)noc1-c1ccc(Cl)cc1,Cc1c(C2CCN(CCc3ccccc3)CC2)noc1-c1ccc(Cl)cc1,380.9190000000001,5.725520000000006,29.270000000000003,0,3,5,4,0.3478260869565217,0.453125,0,weak_binder
CHEMBL5920206,10000.0,10000.0,10000.0,10000.0,2,O=C1c2nc(Cl)ccc2CCN1CCN1CCN(c2noc3ccccc23)CC1,O=C1c2nc(Cl)ccc2CCN1CCN1CCN(c2noc3ccccc23)CC1,411.89300000000014,2.6967000000000008,65.71000000000001,0,6,4,5,0.3809523809523809,0.41333333333333333,0,weak_binder
CHEMBL3735756,1729.0,1729.0,1729.0,1729.0,1,COc1ccc(CCN(CCCc2ccccc2)CCc2ccc3c(c2)OCO3)cc1OC,COc1ccc(CCN(CCCc2ccccc2)CCc2ccc3c(c2)OCO3)cc1OC,447.5750000000003,5.152500000000005,40.16,0,5,12,4,0.3571428571428571,0.35714285714285715,0,weak_binder
CHEMBL240024,100000.0,100000.0,100000.0,100000.0,1,COc1cc2c(cc1OC)CN(/C=N/c1ccc3c(c1)C1SCCSC1C3)CC2,COc1cc2c(cc1OC)CN(/C=N/c1ccc3c(c1)C1SCCSC1C3)CC2,426.6070000000002,4.867700000000005,34.06,0,5,4,5,0.4347826086956521,0.29333333333333333,0,weak_binder
CHEMBL2031884,10000.0,10000.0,10000.0,10000.0,1,CCNC(=O)c1ccc(-c2ccc3c(c2)CCN(CCN2CCC[C@H]2C)C3=O)cc1,CCNC(=O)c1ccc(-c2ccc3c(c2)CCN(CCN2CCC[C@H]2C)C3=O)cc1,405.5420000000002,3.585900000000003,52.650000000000006,1,3,6,4,0.44,0.3493975903614458,0,weak_binder
CHEMBL5975724,2300.0,2300.0,2300.0,2300.0,2,Cc1cc(CC(=O)N[C@H]2CC[C@](F)(CCN3CCc4ccc(CCC(F)(F)F)nc4CC3)CC2)on1,Cc1cc(CC(=O)N[C@H]2CC[C@](F)(CCN3CCc4ccc(CCC(F)(F)F)nc4CC3)CC2)on1,510.57600000000025,4.673420000000005,71.26,1,5,8,4,0.6538461538461539,0.48936170212765956,0,weak_binder
CHEMBL1081212,10000.0,10000.0,10000.0,10000.0,1,COc1ccccc1-c1ccc(C(=O)N2CCN(C(=O)c3ccc4cc[nH]c4c3)[C@@H](C)C2)cc1,COc1ccccc1-c1ccc(C(=O)N2CCN(C(=O)c3ccc4cc[nH]c4c3)[C@@H](C)C2)cc1,453.54200000000014,4.830200000000004,65.64,1,3,4,5,0.2142857142857142,0.27906976744186046,0,weak_binder
CHEMBL4068924,5882.0,5882.0,5882.0,5882.0,1,OCc1ccc(N2CCN(Cc3nc4ccccc4[nH]3)CC2)cc1Cl,OCc1ccc(N2CCN(Cc3nc4ccccc4[nH]3)CC2)cc1Cl,356.8570000000001,3.030800000000001,55.39,2,4,4,4,0.3157894736842105,0.359375,0,weak_binder
CHEMBL485029,1862.09,1862.09,1862.09,1862.09,1,CCCN1CCO[C@@H]2c3cc(C(=O)N(C)C)ccc3CC[C@H]21,CCCN1CCO[C@@H]2c3cc(C(=O)N(C)C)ccc3CC[C@H]21,302.41800000000006,2.4865000000000004,32.78,0,3,3,3,0.6111111111111112,0.4375,0,weak_binder
CHEMBL5833883,2300.0,2300.0,2300.0,2300.0,1,Cc1cc(OCC(=O)N[C@H]2CC[C@H](CCN3CCc4ccc(CCC(F)(F)F)nc4CC3)CC2)no1,Cc1cc(OCC(=O)N[C@H]2CC[C@H](CCN3CCc4ccc(CCC(F)(F)F)nc4CC3)CC2)no1,508.5850000000003,4.417620000000004,80.49,1,6,9,4,0.6538461538461539,0.41237113402061853,0,weak_binder
CHEMBL62601,31500.0,31500.0,17500.0,45500.0,2,COc1c(-c2nc(CNC[C@@H]3CCN(Cc4ccccc4)C3)co2)cc(Br)c2ccccc12,COc1c(-c2nc(CNC[C@@H]3CCN(Cc4ccccc4)C3)co2)cc(Br)c2ccccc12,506.4440000000002,5.8776000000000055,50.53,1,5,8,5,0.2962962962962963,0.4074074074074074,0,weak_binder
CHEMBL5796826,1800.0,1800.0,1800.0,1800.0,2,O=C(N[C@H]1CC[C@H](CCN2CCc3nc(OCC(F)F)ncc3C2)CC1)c1cccc2ncccc12,O=C(N[C@H]1CC[C@H](CCN2CCc3nc(OCC(F)F)ncc3C2)CC1)c1cccc2ncccc12,495.57400000000024,4.405700000000003,80.24000000000001,1,6,8,5,0.4814814814814814,0.425531914893617,0,weak_binder
CHEMBL484345,2000.0,2000.0,2000.0,2000.0,1,NCCC(=O)Nc1cccc2c1cnn2S(=O)(=O)c1cccc2ccccc12,NCCC(=O)Nc1cccc2c1cnn2S(=O)(=O)c1cccc2ccccc12,394.4560000000002,2.713800000000001,107.07999999999998,2,5,5,4,0.1,0.24096385542168675,0,weak_binder
CHEMBL83306,1360.0,1560.0,320.0,3200.0,4,C[C@@H]1OC(c2ccccc2)=N[C@H]1CN1CCN(c2ccccc2)CC1,C[C@@H]1OC(c2ccccc2)=N[C@H]1CN1CCN(c2ccccc2)CC1,335.451,3.0427000000000017,28.07,0,4,4,4,0.3809523809523809,0.38596491228070173,0,weak_binder
CHEMBL308098,1062.0,1062.0,1062.0,1062.0,1,Fc1ccc(C#CCOCCC2CCN(CCc3ccccc3)CC2)cc1,Fc1ccc(C#CCOCCC2CCN(CCc3ccccc3)CC2)cc1,365.492,4.538600000000004,12.47,0,2,7,3,0.4166666666666667,0.35294117647058826,0,weak_binder
CHEMBL294780,2375.0,2375.0,1750.0,3000.0,2,c1ccc(-c2nc(CN3CCN(c4ccccc4)CC3)co2)cc1,c1ccc(-c2nc(CN3CCN(c4ccccc4)CC3)co2)cc1,319.4080000000001,3.663800000000003,32.510000000000005,0,4,4,4,0.25,0.42,0,weak_binder
CHEMBL415014,1440.0,1440.0,1440.0,1440.0,1,Cc1[nH]c(-c2ccccc2)nc1CN1CCN(c2ncccn2)CC1,Cc1[nH]c(-c2ccccc2)nc1CN1CCN(c2ncccn2)CC1,334.427,2.497320000000001,60.940000000000005,1,5,4,4,0.3157894736842105,0.3582089552238806,0,weak_binder
CHEMBL1215037,10000.0,10000.0,10000.0,10000.0,1,CCCOc1ccccc1CN1CCN(Cc2cc3ccccc3o2)CC1,CCCOc1ccccc1CN1CCN(Cc2cc3ccccc3o2)CC1,364.4890000000001,4.539400000000004,28.85,0,4,7,4,0.391304347826087,0.4909090909090909,0,weak_binder
CHEMBL3588995,18800.0,18800.0,18800.0,18800.0,1,OC(CCn1cc(-c2ccc3ccccc3c2)nn1)CN1CCN(c2cccc(Cl)c2Cl)CC1,OC(CCn1cc(-c2ccc3ccccc3c2)nn1)CN1CCN(c2cccc(Cl)c2Cl)CC1,496.44200000000035,4.978300000000005,57.42,1,5,7,5,0.3076923076923077,0.4444444444444444,0,weak_binder
CHEMBL142217,18750.0,18750.0,3500.0,34000.0,2,N#Cc1ccc2[nH]cc(CN3CCN(c4ccccc4)CC3)c2c1,N#Cc1ccc2[nH]cc(CN3CCN(c4ccccc4)CC3)c2c1,316.4080000000001,3.361780000000002,46.06,1,3,3,4,0.25,0.41818181818181815,0,weak_binder
CHEMBL295094,1391.54,1391.54,363.08,2420.0,2,O=C(NCN1CCN(c2ccccc2Cl)CC1)c1cccc(Cl)c1,O=C(NCN1CCN(c2ccccc2Cl)CC1)c1cccc(Cl)c1,364.27600000000007,3.502900000000002,35.580000000000005,1,3,4,3,0.2777777777777778,0.4492753623188406,0,weak_binder
CHEMBL3910730,1385.0,1385.0,1385.0,1385.0,1,N#Cc1ccc(CNC(=O)CCCCCN2CCN(c3ccc(F)cc3-c3ccc(C#N)cc3)CC2)cc1,N#Cc1ccc(CNC(=O)CCCCCN2CCN(c3ccc(F)cc3-c3ccc(C#N)cc3)CC2)cc1,509.6290000000002,5.234860000000006,83.16,1,5,10,4,0.3225806451612903,0.4375,0,weak_binder
CHEMBL160952,3715.35,4538.45,3700.0,6200.0,3,C#Cc1cccc2c(CN3CCN(c4ccc(Cl)cc4)CC3)cnn12,C#Cc1cccc2c(CN3CCN(c4ccc(Cl)cc4)CC3)cnn12,350.85300000000007,3.2912000000000017,23.78,0,3,3,4,0.25,0.3333333333333333,0,weak_binder
CHEMBL5822791,1400.0,1400.0,1400.0,1400.0,1,Cn1ncc(CC(=O)NC23CCC(CCN4CCc5nc(OCC(F)(F)F)sc5CC4)(CC2)CC3)n1,Cn1ncc(CC(=O)NC23CCC(CCN4CCc5nc(OCC(F)(F)F)sc5CC4)(CC2)CC3)n1,526.6290000000002,3.455300000000002,85.17,1,7,8,6,0.75,0.4725274725274725,0,weak_binder
CHEMBL241281,2400.0,2400.0,2400.0,2400.0,1,CC(=O)OC1CCCc2ccc(/N=C/N3CCc4ccccc4C3)cc21,CC(=O)OC1CCCc2ccc(/N=C/N3CCc4ccccc4C3)cc21,348.4460000000001,4.345200000000004,41.9,0,3,3,4,0.3636363636363636,0.2878787878787879,0,weak_binder
CHEMBL4461327,10000.0,10000.0,10000.0,10000.0,1,COc1ccc2c(c1)c(-c1[nH]c(NC(C)=O)nc1C)cn2S(=O)(=O)c1ccccc1,COc1ccc2c(c1)c(-c1[nH]c(NC(C)=O)nc1C)cn2S(=O)(=O)c1ccccc1,424.4820000000001,3.543820000000002,106.07999999999998,2,5,5,4,0.1428571428571428,0.36619718309859156,0,weak_binder
CHEMBL5722948,10000.0,10000.0,10000.0,10000.0,1,Cc1csc(CCCNCc2cc(=O)c3cc(F)ccc3[nH]2)n1,Cc1csc(CCCNCc2cc(=O)c3cc(F)ccc3[nH]2)n1,331.416,3.1545200000000007,57.78,2,4,6,3,0.2941176470588235,0.24742268041237114,0,weak_binder
CHEMBL4741279,8830.0,8830.0,8830.0,8830.0,1,O=C(c1ccc(F)cc1)N1CCC(NCCSC(c2ccc(F)cc2)c2ccc(F)cc2)CC1,O=C(c1ccc(F)cc1)N1CCC(NCCSC(c2ccc(F)cc2)c2ccc(F)cc2)CC1,484.58700000000016,5.820900000000005,32.34,1,3,8,4,0.2962962962962963,0.28,0,weak_binder
CHEMBL5840923,2300.0,2300.0,2300.0,2300.0,1,Cc1cc(CC(=O)N[C@H]2CC[C@H](CCN3CCc4ccc(CCC(F)(F)F)nc4CC3)CC2)no1,Cc1cc(CC(=O)N[C@H]2CC[C@H](CCN3CCc4ccc(CCC(F)(F)F)nc4CC3)CC2)no1,492.58600000000024,4.581320000000004,71.26,1,5,8,4,0.6538461538461539,0.40860215053763443,0,weak_binder
CHEMBL3323003,1133.0,1133.0,1133.0,1133.0,3,O=C(NCCCCN1CCN(c2ncnc3ccccc23)CC1)c1cn2ccccc2n1,O=C(NCCCCN1CCN(c2ncnc3ccccc23)CC1)c1cn2ccccc2n1,429.52800000000025,2.6097,78.66000000000001,1,6,7,5,0.3333333333333333,0.44594594594594594,0,weak_binder
CHEMBL542148,10000.0,10000.0,10000.0,10000.0,1,CN(C)CC1(C)OC=C(c2ccccc2)C1=O.Cl,CN(C)CC1(C)OC=C(c2ccccc2)C1=O,231.295,1.9471,29.54,0,3,3,2,0.3571428571428571,0.32786885245901637,0,weak_binder
CHEMBL294394,3050.0,3050.0,3000.0,3100.0,2,c1ccc(N2CCN(Cc3ccc[nH]3)CC2)cc1,c1ccc(N2CCN(Cc3ccc[nH]3)CC2)cc1,241.338,2.3369,22.27,1,2,3,3,0.3333333333333333,0.4444444444444444,0,weak_binder
CHEMBL215010,5000.0,5000.0,5000.0,5000.0,1,c1ccc(CCc2ccccc2OCc2ccccc2)cc1,c1ccc(CCc2ccccc2OCc2ccccc2)cc1,288.39,5.050800000000004,9.23,0,1,6,3,0.1428571428571428,0.2727272727272727,0,weak_binder
CHEMBL5286231,3801.89,3801.89,3801.89,3801.89,1,COC1=CC2CCN(C)C3CC(c4ccccc4)C(=C1OC)C23,COC1=CC2CCN(C)C3CC(c4ccccc4)C(=C1OC)C23,311.42500000000007,3.554800000000003,21.700000000000003,0,3,3,4,0.5,0.4262295081967213,0,weak_binder
CHEMBL194099,6105.0,8082.5,120.0,20000.0,4,CCCN(CCC)C1CCn2ncc(Cl)c2C1,CCCN(CCC)C1CCn2ncc(Cl)c2C1,255.793,2.973300000000002,21.06,0,2,5,2,0.7692307692307693,0.36,0,weak_binder
CHEMBL2336284,1542.4450000000002,1542.4450000000002,1500.0,1584.89,2,CCCN1CCC(c2cccc(OC)c2)CC1,CCCN1CCC(c2cccc(OC)c2)CC1,233.35499999999996,3.284600000000002,12.47,0,2,4,2,0.6,0.46,0,weak_binder
CHEMBL1642866,5000.0,5000.0,5000.0,5000.0,1,Cl.O=C(Nc1ccc2[nH]nc(S(=O)(=O)c3cccc4ccccc34)c2c1)C1CCNCC1,O=C(Nc1ccc2[nH]nc(S(=O)(=O)c3cccc4ccccc34)c2c1)C1CCNCC1,434.52100000000024,3.487000000000002,103.95,3,5,4,5,0.217391304347826,0.2558139534883721,0,weak_binder
CHEMBL147048,1500.0,1500.0,1500.0,1500.0,1,N#Cc1cccc(S(=O)(=O)C2CCN(CCc3ccc(F)cc3F)CC2)c1,N#Cc1cccc(S(=O)(=O)C2CCN(CCc3ccc(F)cc3F)CC2)c1,390.455,3.317280000000002,61.17,0,4,5,3,0.35,0.3611111111111111,0,weak_binder
CHEMBL5639544,1352.0,1352.0,1352.0,1352.0,1,CC(Oc1cccc(F)c1F)c1nc(N)nc(N2CCN(C)CC2)n1,CC(Oc1cccc(F)c1F)c1nc(N)nc(N2CCN(C)CC2)n1,350.37300000000016,1.6238000000000004,80.39999999999999,1,7,4,3,0.4375,0.2631578947368421,0,weak_binder
CHEMBL3642741,1262.8,1262.8,1262.8,1262.8,1,O=C(CC1CCCO1)N[C@H]1CC[C@H](CCN2CCN(c3nccc4c3CCO4)CC2)CC1,O=C(CC1CCCO1)N[C@H]1CC[C@H](CCN2CCN(c3nccc4c3CCO4)CC2)CC1,442.6040000000003,2.7727000000000013,66.93,1,6,7,5,0.76,0.4625,0,weak_binder
CHEMBL4516621,10000.0,10000.0,10000.0,10000.0,1,Cn1cncc1-c1c[nH]c2ccc(F)c(F)c12,Cn1cncc1-c1c[nH]c2ccc(F)c(F)c12,233.22099999999995,2.846600000000002,33.61,1,1,1,3,0.0833333333333333,0.23636363636363636,0,weak_binder
CHEMBL28607,1500.0,1500.0,1500.0,1500.0,1,COc1ccc(N2CCN(Cc3c[nH]c4ncccc34)CC2)cc1,COc1ccc(N2CCN(Cc3c[nH]c4ncccc34)CC2)cc1,322.41200000000015,2.893700000000001,44.39,1,4,4,4,0.3157894736842105,0.4918032786885246,0,weak_binder
CHEMBL397180,10000.0,10000.0,10000.0,10000.0,1,COc1ccc(CCN2CCCc3ccccc3C2)cc1Cl,COc1ccc(CCN2CCCc3ccccc3C2)cc1Cl,315.84399999999994,4.339500000000005,12.47,0,2,4,3,0.3684210526315789,0.3684210526315789,0,weak_binder
CHEMBL1625084,10000.0,10000.0,10000.0,10000.0,1,Clc1ccccc1OCCCCN1CCNCC1,Clc1ccccc1OCCCCN1CCNCC1,268.78799999999995,2.4042000000000003,24.5,1,3,6,2,0.5714285714285714,0.36507936507936506,0,weak_binder
CHEMBL294459,1412.5,1412.5,975.0,1850.0,2,N#CC(C#N)=Cc1cc(CN2CCN(c3ccccc3)CC2)c[nH]1,N#CC(C#N)=Cc1cc(CN2CCN(c3ccccc3)CC2)c[nH]1,317.396,2.7674600000000007,69.85,1,4,4,3,0.2631578947368421,0.3448275862068966,0,weak_binder
CHEMBL4875079,1094.24,1094.24,1092.0,1096.48,2,CC(=O)Nc1ccc(C(=O)CCCN2CCN(c3ccccn3)CC2)cc1.O=C(O)C(=O)O,CC(=O)Nc1ccc(C(=O)CCCN2CCN(c3ccccn3)CC2)cc1,366.465,2.825100000000001,65.54,1,5,7,3,0.3809523809523809,0.47692307692307695,0,weak_binder
CHEMBL4068850,4287.0,4287.0,4287.0,4287.0,1,O=S(=O)(c1cccc2ccccc12)n1cc2c3c(cccc31)OC(CO)=C2,O=S(=O)(c1cccc2ccccc12)n1cc2c3c(cccc31)OC(CO)=C2,377.4210000000001,3.757100000000003,68.53,1,4,3,5,0.0476190476190476,0.2727272727272727,0,weak_binder
CHEMBL482556,1202.26,1202.26,1202.26,1202.26,1,CCCN1CCO[C@@H]2c3cc4c(=O)[nH]ccc4cc3CC[C@H]21,CCCN1CCO[C@@H]2c3cc4c(=O)[nH]ccc4cc3CC[C@H]21,298.3860000000001,2.6262000000000008,45.33,1,3,2,4,0.5,0.40298507462686567,0,weak_binder
CHEMBL3941795,1091.74,1091.74,1087.0,1096.48,2,Cl.Clc1ccc2sc(CCCCN3CCC4CCCCC4C3)nc2c1,Clc1ccc2sc(CCCCN3CCC4CCCCC4C3)nc2c1,362.9700000000001,5.784500000000005,16.130000000000003,0,3,5,4,0.65,0.4126984126984127,0,weak_binder
CHEMBL2205831,2830.0,2830.0,2830.0,2830.0,2,OC12C3C4CC5C6C4C1C6C(C53)N2CC1CCCCC1,OC12C3C4CC5C6C4C1C6C(C53)N2CC1CCCCC1,271.404,2.3272000000000004,23.47,1,2,2,8,1.0,0.17391304347826086,0,weak_binder
CHEMBL5722949,10000.0,10000.0,10000.0,10000.0,1,O=c1cc(CN[C@@H]2CCSC2)[nH]c2ccc(F)cc12,O=c1cc(CN[C@@H]2CCSC2)[nH]c2ccc(F)cc12,278.35200000000003,2.2623000000000006,44.89,2,3,3,3,0.3571428571428571,0.26506024096385544,0,weak_binder
CHEMBL5757857,12888.0,12888.0,12888.0,12888.0,2,Cc1nc(N2CCN(CCCCNC(=O)N3CCN(c4ccccc4)CC3)CC2)cc(C(C)(C)C)n1,Cc1nc(N2CCN(CCCCNC(=O)N3CCN(c4ccccc4)CC3)CC2)cc(C(C)(C)C)n1,493.70000000000033,3.5165200000000025,67.84,1,6,7,4,0.6071428571428571,0.4666666666666667,0,weak_binder
CHEMBL539518,100000.0,100000.0,100000.0,100000.0,1,CN1CCC2(CC1)CC(=O)C(c1ccccc1)=CO2.Cl,CN1CCC2(CC1)CC(=O)C(c1ccccc1)=CO2,257.333,2.481300000000001,29.540000000000003,0,3,1,3,0.4375,0.3548387096774194,0,weak_binder
CHEMBL3298200,2244.3599999999997,2244.3599999999997,2238.72,2250.0,2,Cc1cc(C)c2c(N)c(C(=O)NCCCCN3CCC(O)(c4ccc(Cl)cc4)CC3)sc2n1,Cc1cc(C)c2c(N)c(C(=O)NCCCCN3CCC(O)(c4ccc(Cl)cc4)CC3)sc2n1,487.0690000000002,4.6423400000000035,91.48,3,6,7,4,0.44,0.48863636363636365,0,weak_binder
CHEMBL5997935,2200.0,2200.0,2200.0,2200.0,1,Cc1cnc(OCC(=O)N[C@H]2CC[C@](F)(CCN3CCc4nc(OCCC(F)(F)F)sc4CC3)CC2)cn1,Cc1cnc(OCC(=O)N[C@H]2CC[C@](F)(CCN3CCc4nc(OCCC(F)(F)F)sc4CC3)CC2)cn1,559.6300000000001,4.209520000000003,89.47,1,8,10,4,0.68,0.46875,0,weak_binder
CHEMBL4176546,7881.0,7881.0,7881.0,7881.0,1,CN(C)Cc1cccc(CN/C=C2/C(=O)NC(=O)c3ccccc32)c1,CN(C)Cc1cccc(CN/C=C2/C(=O)NC(=O)c3ccccc32)c1,335.40700000000004,2.1488999999999994,61.440000000000005,2,4,5,3,0.2,0.22058823529411764,0,weak_binder
CHEMBL5283608,10000.0,10000.0,10000.0,10000.0,1,CCOC(=O)c1nn(-c2ccccc2)cc1CN(C)[C@@H]1CCSC1,CCOC(=O)c1nn(-c2ccccc2)cc1CN(C)[C@@H]1CCSC1,345.46800000000013,2.9863000000000017,47.36,0,5,6,3,0.4444444444444444,0.31343283582089554,0,weak_binder
CHEMBL4857665,1051.565,1051.565,1047.13,1056.0,2,O=C1c2ccc(Cl)cc2CC1CCCCN1CCN(c2ccccn2)CC1,O=C1c2ccc(Cl)cc2CC1CCCCN1CCN(c2ccccn2)CC1,383.9230000000001,4.082500000000002,36.440000000000005,0,4,6,4,0.4545454545454545,0.38666666666666666,0,weak_binder
CHEMBL425064,52000.0,52000.0,49000.0,55000.0,2,Fc1ccc(N2CCN(Cc3cn4cccnc4n3)CC2)cc1,Fc1ccc(N2CCN(Cc3cn4cccnc4n3)CC2)cc1,311.36400000000015,2.1906,36.67,0,4,3,4,0.2941176470588235,0.375,0,weak_binder
CHEMBL219261,10000.0,10000.0,10000.0,10000.0,2,Cc1cc(F)ccc1NC(=O)CN1CCC(c2cccc[n+]2[O-])CC1,Cc1cc(F)ccc1NC(=O)CN1CCC(c2cccc[n+]2[O-])CC1,343.4020000000001,2.5856200000000005,59.28,1,3,4,3,0.3684210526315789,0.30864197530864196,0,weak_binder
CHEMBL110435,1120.0,1120.0,1120.0,1120.0,1,Fc1ccc(C(OCCOC2CC3CCC(C2)N3)c2ccc(F)cc2)cc1,Fc1ccc(C(OCCOC2CC3CCC(C2)N3)c2ccc(F)cc2)cc1,373.443,4.370400000000004,30.49,1,3,7,4,0.4545454545454545,0.36363636363636365,0,weak_binder
CHEMBL542647,7600.0,7600.0,7600.0,7600.0,1,Cl.O=C1C=C(c2ccco2)OC2(CCN(CCc3ccccc3)CC2)C1,O=C1C=C(c2ccco2)OC2(CCN(CCc3ccccc3)CC2)C1,337.41900000000004,3.6872000000000025,42.68,0,4,4,4,0.3809523809523809,0.27941176470588236,0,weak_binder
CHEMBL394777,10000.0,10000.0,10000.0,10000.0,1,COc1cc2c(cc1Cl)CCN1CCCc3ccccc3C21,COc1cc2c(cc1Cl)CCN1CCCc3ccccc3C21,313.828,4.242300000000004,12.47,0,2,1,4,0.3684210526315789,0.3508771929824561,0,weak_binder
CHEMBL3323001,1883.0,1883.0,1883.0,1883.0,3,O=C(NCCCCN1CCN(c2ccnc3cc(Cl)ccc23)CC1)c1cn2ccccc2n1,O=C(NCCCCN1CCN(c2ccnc3cc(Cl)ccc23)CC1)c1cn2ccccc2n1,462.98500000000024,3.868100000000003,65.77000000000001,1,5,7,5,0.32,0.42857142857142855,0,weak_binder
CHEMBL161507,2328.0,2328.0,2328.0,2328.0,1,CCCN[C@@H]1CCc2c(C(=O)OC)cccc2[C@@H]1C,CCCN[C@@H]1CCc2c(C(=O)OC)cccc2[C@@H]1C,261.365,2.8911000000000016,38.33,1,3,4,2,0.5625,0.3181818181818182,0,weak_binder
CHEMBL105595,6357.0,6357.0,6357.0,6357.0,1,Cc1ccc2c(c1)N(C(=O)CN1CCN(Cc3ccc(Cl)cc3)CC1)CC2,Cc1ccc2c(c1)N(C(=O)CN1CCN(Cc3ccc(Cl)cc3)CC1)CC2,383.9230000000001,3.3553200000000025,26.790000000000006,0,3,4,4,0.4090909090909091,0.4603174603174603,0,weak_binder
CHEMBL241101,14000.0,14000.0,14000.0,14000.0,1,COC(=O)N1CCc2ccc(/N=C/N3CCc4cc(OC)c(OC)cc4C3)cc21,COC(=O)N1CCc2ccc(/N=C/N3CCc4cc(OC)c(OC)cc4C3)cc21,395.45900000000023,3.5508000000000024,63.60000000000001,0,5,4,4,0.3636363636363636,0.2727272727272727,0,weak_binder
CHEMBL4086515,1950.0,1950.0,1950.0,1950.0,1,CN1CCN(c2nc(N)nc(Cc3c[nH]c4ccccc34)n2)CC1,CN1CCN(c2nc(N)nc(Cc3c[nH]c4ccccc34)n2)CC1,323.4040000000001,1.2776999999999998,86.96,2,6,3,4,0.3529411764705882,0.43478260869565216,0,weak_binder
CHEMBL4440698,5000.0,5000.0,5000.0,5000.0,1,COc1ccc(F)cc1C1CC1CN(CCCSc1nnc(-c2ccccc2)n1C)CC1CC1.Cl,COc1ccc(F)cc1C1CC1CN(CCCSc1nnc(-c2ccccc2)n1C)CC1CC1,480.6530000000002,5.627700000000005,43.18,0,5,12,5,0.4814814814814814,0.32673267326732675,0,weak_binder
CHEMBL117730,4710.0,4710.0,4710.0,4710.0,1,COc1c(C)ccc2c1-c1cccc3c1[C@@H](C2)NCC3,COc1c(C)ccc2c1-c1cccc3c1[C@@H](C2)NCC3,265.356,3.413520000000001,21.26,1,2,1,4,0.3333333333333333,0.29411764705882354,0,weak_binder
CHEMBL156198,15000.0,15000.0,15000.0,15000.0,2,Fc1ccc(-c2cccc3c(CN4CCN(c5ccc(Cl)cc5)CC4)cnn23)cc1,Fc1ccc(-c2cccc3c(CN4CCN(c5ccc(Cl)cc5)CC4)cnn23)cc1,420.9190000000001,5.116000000000005,23.78,0,3,4,5,0.2083333333333333,0.32432432432432434,0,weak_binder
CHEMBL80968,2183.0,2183.0,2183.0,2183.0,1,Fc1ccc(/C=C/COCC2CCN(Cc3ccccc3)CC2)cc1,Fc1ccc(/C=C/COCC2CCN(Cc3ccccc3)CC2)cc1,339.45400000000006,4.767700000000004,12.47,0,2,7,3,0.3636363636363636,0.36507936507936506,0,weak_binder
CHEMBL5867414,1600.0,1600.0,1600.0,1600.0,1,Cc1cc(CC(=O)N[C@H]2CC[C@H](CCN3CCc4sc(C5CC(F)(F)C5)nc4C3)CC2)on1,Cc1cc(CC(=O)N[C@H]2CC[C@H](CCN3CCc4sc(C5CC(F)(F)C5)nc4C3)CC2)on1,478.6090000000002,4.618120000000005,71.26,1,6,7,5,0.7083333333333334,0.3958333333333333,0,weak_binder
CHEMBL545285,1137.0,1137.0,1137.0,1137.0,1,Cl.O=C1c2ccccc2CCC12CCN(Cc1ccc(F)cc1)CC2,O=C1c2ccccc2CCC12CCN(Cc1ccc(F)cc1)CC2,323.41100000000006,4.237000000000004,20.31,0,2,2,4,0.3809523809523809,0.43103448275862066,0,weak_binder
CHEMBL284959,9100.0,9100.0,9100.0,9100.0,1,Cc1cc2c(nc1C)CN[C@@H]1CCc3cc(O)c(O)cc3[C@@H]21,Cc1cc2c(nc1C)CN[C@@H]1CCc3cc(O)c(O)cc3[C@@H]21,296.37,2.6595400000000016,65.38000000000001,3,4,0,4,0.3888888888888889,0.2608695652173913,0,weak_binder
CHEMBL4160967,1522.0,1522.0,1522.0,1522.0,1,Cc1oc(-c2ccc3ccccc3c2)nc1CN1CCO[C@H](CCN)C1,Cc1oc(-c2ccc3ccccc3c2)nc1CN1CCO[C@H](CCN)C1,351.45000000000016,3.352820000000002,64.52,1,5,5,4,0.3809523809523809,0.2682926829268293,0,weak_binder
CHEMBL538248,2110.0,2110.0,2110.0,2110.0,1,Cl.O=C1C(c2ccccc2)=COC12CCN(Cc1cccc(Cl)c1)CC2,O=C1C(c2ccccc2)=COC12CCN(Cc1cccc(Cl)c1)CC2,353.84900000000005,4.315000000000004,29.54,0,3,3,4,0.2857142857142857,0.49206349206349204,0,weak_binder
CHEMBL238520,1995.26,1995.26,1995.26,1995.26,1,Cc1ccc2c(OCCN3CCC(Cc4cc5c(cc4F)OCC(=O)N5)CC3)cc(F)cc2n1,Cc1ccc2c(OCCN3CCC(Cc4cc5c(cc4F)OCC(=O)N5)CC3)cc(F)cc2n1,467.5160000000002,4.485820000000003,63.690000000000005,1,5,6,5,0.3846153846153846,0.4367816091954023,0,weak_binder
CHEMBL3764143,3298.38,5981.1725,1479.0,15848.93,4,Cn1c(SCCCN2CCOC(c3ccc(C(F)(F)F)cc3)C2)nnc1-c1ccc(-c2ncco2)cc1,Cn1c(SCCCN2CCOC(c3ccc(C(F)(F)F)cc3)C2)nnc1-c1ccc(-c2ncco2)cc1,529.5880000000002,5.711600000000005,69.21000000000001,0,7,8,5,0.3461538461538461,0.4942528735632184,0,weak_binder
CHEMBL5740464,1400.0,1400.0,1400.0,1400.0,1,O=C(NC12CCC(CCN3CCc4nc(OCC(F)(F)F)sc4CC3)(CC1)CC2)c1cccnc1C(F)F,O=C(NC12CCC(CCN3CCc4nc(OCC(F)(F)F)sc4CC3)(CC1)CC2)c1cccnc1C(F)F,558.6170000000004,5.730500000000006,67.35000000000001,1,6,8,6,0.6538461538461539,0.4166666666666667,0,weak_binder
CHEMBL272603,1041.0,1041.0,1041.0,1041.0,1,S=c1sc2ccccc2n1CCCCN1CCN(C2CCCCC2)CC1,S=c1sc2ccccc2n1CCCCN1CCN(C2CCCCC2)CC1,389.6340000000003,5.162790000000005,11.41,0,4,6,4,0.6666666666666666,0.29508196721311475,0,weak_binder
CHEMBL300553,11975.0,11975.0,8950.0,15000.0,2,N#CC(C#N)=Cc1[nH]ccc1CN1CCN(c2ccc(Cl)cc2)CC1,N#CC(C#N)=Cc1[nH]ccc1CN1CCN(c2ccc(Cl)cc2)CC1,351.8410000000001,3.420860000000002,69.85,1,4,4,3,0.2631578947368421,0.30158730158730157,0,weak_binder
CHEMBL370128,10000.0,10000.0,10000.0,10000.0,1,COc1ccc(NC(=O)N2CCN(c3ccccc3Cl)CC2)cc1N1CCN(C)CC1,COc1ccc(NC(=O)N2CCN(c3ccccc3Cl)CC2)cc1N1CCN(C)CC1,443.9790000000002,3.454500000000002,51.290000000000006,1,5,4,4,0.4347826086956521,0.40384615384615385,0,weak_binder
CHEMBL6026396,1800.0,1800.0,1800.0,1800.0,1,Cc1ncccc1C(=O)N[C@H]1CC[C@H](CCN2CCc3nc(OC4CC(F)(F)C4)sc3CC2)CC1,Cc1ncccc1C(=O)N[C@H]1CC[C@H](CCN2CCc3nc(OC4CC(F)(F)C4)sc3CC2)CC1,504.64700000000033,4.802520000000005,67.35000000000001,1,6,7,5,0.6538461538461539,0.4782608695652174,0,weak_binder
CHEMBL497550,10000.0,10000.0,10000.0,10000.0,1,CCN(CCc1cccc(OC(F)(F)F)c1)CCN1CCCCC1,CCN(CCc1cccc(OC(F)(F)F)c1)CCN1CCCCC1,344.42100000000016,3.935500000000003,15.71,0,3,8,2,0.6666666666666666,0.32857142857142857,0,weak_binder
CHEMBL4796968,7500.0,7500.0,7500.0,7500.0,1,CN1CCN(CCCN2C(=O)c3ccccc3/C=C\c3ccccc32)CC1,CN1CCN(CCCN2C(=O)c3ccccc3/C=C\c3ccccc32)CC1,361.48900000000015,3.4547000000000025,26.79,0,3,4,4,0.3478260869565217,0.45614035087719296,0,weak_binder
CHEMBL4159893,3129.0,3129.0,3129.0,3129.0,1,CC(C)c1nc(CN2CC[C@H](c3ccccc3)C2)cs1,CC(C)c1nc(CN2CC[C@H](c3ccccc3)C2)cs1,286.444,4.256000000000004,16.130000000000003,0,3,4,3,0.4705882352941176,0.3275862068965517,0,weak_binder
CHEMBL5806804,1100.0,1100.0,1100.0,1100.0,2,O=C(NCCCCN1CCc2ccc(OCC(F)(F)F)nc2CC1)c1cc2ccccc2[nH]1,O=C(NCCCCN1CCc2ccc(OCC(F)(F)F)nc2CC1)c1cc2ccccc2[nH]1,460.50000000000017,4.114800000000003,70.25,2,4,8,4,0.4166666666666667,0.42391304347826086,0,weak_binder
CHEMBL596886,10000.0,10000.0,10000.0,10000.0,1,C=CCOc1cccc2c1-c1cc(OC)cc3c1[C@@H](C2)N(C)CC3,C=CCOc1cccc2c1-c1cc(OC)cc3c1[C@@H](C2)N(C)CC3,321.42000000000013,4.012100000000003,21.700000000000003,0,3,4,4,0.3333333333333333,0.4142857142857143,0,weak_binder
CHEMBL523585,1600.0,1600.0,1600.0,1600.0,1,F[C@@H]1CCNC[C@H]1c1c(-c2ccccc2)[nH]c2c(Cl)cccc12,F[C@@H]1CCNC[C@H]1c1c(-c2ccccc2)[nH]c2c(Cl)cccc12,328.81800000000004,4.903300000000003,27.82,2,1,2,4,0.2631578947368421,0.3387096774193548,0,weak_binder
CHEMBL5722998,10000.0,10000.0,10000.0,10000.0,1,CO[C@H](CNCc1cc(=O)c2cc(F)ccc2[nH]1)c1cccs1,CO[C@H](CNCc1cc(=O)c2cc(F)ccc2[nH]1)c1cccs1,332.40000000000003,3.2060000000000013,54.12,2,4,6,3,0.2352941176470588,0.24444444444444444,0,weak_binder
CHEMBL5499005,7274.0,7274.0,7274.0,7274.0,1,CCC(Sc1ccccc1)c1nc(N)nc(N2CCN(C)CC2)n1,CCC(Sc1ccccc1)c1nc(N)nc(N2CCN(C)CC2)n1,344.48800000000017,2.4490000000000007,71.17,1,7,5,3,0.4705882352941176,0.36666666666666664,0,weak_binder
CHEMBL2030630,10000.0,10000.0,10000.0,10000.0,1,Fc1cccc(CCCN2C3CCC2CC3)c1,Fc1cccc(CCCN2C3CCC2CC3)c1,233.32999999999996,3.385100000000002,3.24,0,1,4,3,0.6,0.34615384615384615,0,weak_binder
CHEMBL554692,41500.0,41500.0,26000.0,57000.0,2,Cc1cc2nc(C)c(CN3CCN(c4ccc(Cl)cc4)CC3)n2c(C)n1,Cc1cc2nc(C)c(CN3CCN(c4ccc(Cl)cc4)CC3)n2c(C)n1,369.90000000000015,3.6301600000000023,36.67,0,4,3,4,0.4,0.3508771929824561,0,weak_binder
CHEMBL4516784,1622.0,1622.0,1622.0,1622.0,1,CCc1nc(N)[nH]c1-c1cn(S(=O)(=O)c2ccccc2)c2ccc(OC)cc12.Cl,CCc1nc(N)[nH]c1-c1cn(S(=O)(=O)c2ccccc2)c2ccc(OC)cc12,396.47200000000015,3.4216000000000024,103.0,2,5,5,4,0.15,0.4461538461538462,0,weak_binder
CHEMBL323356,31622.78,31622.78,31622.78,31622.78,1,Cc1cc(NC(=O)Nc2ccc3c(ccn3C)c2)sn1,Cc1cc(NC(=O)Nc2ccc3c(ccn3C)c2)sn1,286.36,3.587220000000001,58.95,2,3,2,3,0.1428571428571428,0.28,0,weak_binder
CHEMBL5598162,4334.0,4334.0,4334.0,4334.0,1,O=S(=O)(c1cccc(N2CCNCC2)c1)n1cccc1-c1cccc(F)c1,O=S(=O)(c1cccc(N2CCNCC2)c1)n1cccc1-c1cccc(F)c1,385.464,2.940800000000001,54.34,1,4,4,4,0.2,0.2857142857142857,0,weak_binder
CHEMBL19844,1900.0,1900.0,1900.0,1900.0,1,CN1CCc2cc(O)c(O)cc2C1Cc1ccc(O)c(O)c1,CN1CCc2cc(O)c(O)cc2C1Cc1ccc(O)c(O)c1,301.342,2.280700000000002,84.16000000000001,4,5,2,3,0.2941176470588235,0.3424657534246575,0,weak_binder
CHEMBL3323005,24938.0,24938.0,24938.0,24938.0,1,Cc1nc(N2CCN(CCCCNC(=O)c3cn4ccccc4n3)CC2)cc(C(F)(F)F)n1,Cc1nc(N2CCN(CCCCNC(=O)c3cn4ccccc4n3)CC2)cc(C(F)(F)F)n1,461.49200000000013,2.7837200000000006,78.66000000000001,1,6,7,4,0.4545454545454545,0.48717948717948717,0,weak_binder
CHEMBL65641,1085.0,1085.0,1070.0,1100.0,2,COc1ccc(Br)cc1-c1nc(CNCC[C@@H]2CCN(Cc3ccccc3)C2)co1,COc1ccc(Br)cc1-c1nc(CNCC[C@@H]2CCN(Cc3ccccc3)C2)co1,470.41100000000034,5.114500000000004,50.53,1,5,9,4,0.375,0.3218390804597701,0,weak_binder
CHEMBL4462851,5000.0,5000.0,5000.0,5000.0,1,CCCCNC(=O)c1ccc(-c2ccsc2)cc1,CCCCNC(=O)c1ccc(-c2ccsc2)cc1,259.37399999999997,3.945000000000003,29.1,1,2,5,2,0.2666666666666666,0.47619047619047616,0,weak_binder
CHEMBL392970,14000.0,14000.0,14000.0,14000.0,1,COc1cc2c(cc1OC)CN(/C=N/c1ccc3c(c1)C(OC(C)=O)CCCC3)CC2,COc1cc2c(cc1OC)CN(/C=N/c1ccc3c(c1)C(OC(C)=O)CCCC3)CC2,422.5250000000003,4.752500000000004,60.36000000000001,0,5,5,4,0.44,0.2676056338028169,0,weak_binder
CHEMBL2062853,3900.0,3900.0,3900.0,3900.0,1,CCN(CC)[C@H]1[C@H](CO)[C@@H]2CN(Cc3ccccc3)[C@@H](C)[C@@H]21,CCN(CC)[C@H]1[C@H](CO)[C@@H]2CN(Cc3ccccc3)[C@@H](C)[C@@H]21,302.46200000000005,2.4555999999999996,26.71,1,3,6,3,0.6842105263157895,0.24285714285714285,0,weak_binder
CHEMBL156369,12500.0,12500.0,12000.0,13000.0,2,Cc1cccn2ncc(CN3CCN(c4ccc(Cl)cc4)CC3)c12,Cc1cccn2ncc(CN3CCN(c4ccc(Cl)cc4)CC3)c12,340.8580000000001,3.6183200000000024,23.78,0,3,3,4,0.3157894736842105,0.39285714285714285,0,weak_binder
CHEMBL1923293,16500.0,16500.0,16000.0,17000.0,2,COc1cc(CN2CCN(c3ccc4c(c3)OCCO4)CC2)ccc1F,COc1cc(CN2CCN(c3ccc4c(c3)OCCO4)CC2)ccc1F,358.4130000000001,2.9277000000000015,34.17,0,5,4,4,0.4,0.35714285714285715,0,weak_binder
CHEMBL122758,10000.0,10000.0,10000.0,10000.0,1,OC1CCc2ccccc2C12CCN(CCc1ccccc1)CC2,OC1CCc2ccccc2C12CCN(CCc1ccccc1)CC2,321.464,3.570000000000002,23.47,1,2,3,4,0.4545454545454545,0.3442622950819672,0,weak_binder
CHEMBL5934096,10000.0,10000.0,10000.0,10000.0,1,COc1cc(C(F)(F)F)c(OC)cc1C1CCCNC1,COc1cc(C(F)(F)F)c(OC)cc1C1CCCNC1,289.297,3.1896000000000013,30.49,1,3,3,2,0.5714285714285714,0.3050847457627119,0,weak_binder
CHEMBL4169834,10000.0,10000.0,10000.0,10000.0,1,CN1CCN(c2ccccc2CNC(=O)c2ccccc2Cl)CC1,CN1CCN(c2ccccc2CNC(=O)c2ccccc2Cl)CC1,343.85800000000006,3.0218000000000016,35.58,1,3,4,3,0.3157894736842105,0.45652173913043476,0,weak_binder
CHEMBL1642886,5000.0,5000.0,5000.0,5000.0,1,CC(C)c1ccc(S(=O)(=O)c2n[nH]c3ccc(NC4CCNCC4)cc23)cc1.Cl,CC(C)c1ccc(S(=O)(=O)c2n[nH]c3ccc(NC4CCNCC4)cc23)cc1,398.53200000000015,3.6830000000000025,86.88,3,5,5,4,0.3809523809523809,0.19753086419753085,0,weak_binder
CHEMBL4465596,1440.0,1440.0,1440.0,1440.0,1,CCc1cc2c(cc1N1CCN(CC(O)CCNC(=O)c3cc4ccccc4o3)CC1)OCO2,CCc1cc2c(cc1N1CCN(CC(O)CCNC(=O)c3cc4ccccc4o3)CC1)OCO2,465.5500000000003,3.0269000000000004,87.41000000000001,2,7,8,5,0.4230769230769231,0.4430379746835443,0,weak_binder
CHEMBL346805,9350.0,9350.0,9200.0,9500.0,2,O=Cc1cccc2c(CN3CCN(c4ccc(Cl)cc4)CC3)cnn12,O=Cc1cccc2c(CN3CCN(c4ccc(Cl)cc4)CC3)cnn12,354.84100000000007,3.1224000000000016,40.85000000000001,0,4,4,4,0.2631578947368421,0.3333333333333333,0,weak_binder
CHEMBL4874131,2187.88,2187.88,2187.76,2188.0,2,COc1ccccc1C1CC1CNCC[C@H]1CC[C@H](NC(=O)N2CCCC2)CC1,COc1ccccc1C1CC1CNCC[C@H]1CC[C@H](NC(=O)N2CCCC2)CC1,399.57900000000024,4.142600000000003,53.6,2,3,8,4,0.7083333333333334,0.37037037037037035,0,weak_binder
CHEMBL544814,4020.0,4020.0,4020.0,4020.0,1,CCCc1cc2c(s1)CN[C@H]1CCc3cc(O)c(O)cc3[C@H]21.Cl,CCCc1cc2c(s1)CN[C@H]1CCc3cc(O)c(O)cc3[C@H]21,315.438,3.6617000000000033,52.489999999999995,3,4,2,4,0.4444444444444444,0.26666666666666666,0,weak_binder
CHEMBL119223,5000.0,5000.0,5000.0,5000.0,1,COc1c(C)ccc2c1-c1cccc3c1[C@@H](C2)N(Cc1ccccc1)CC3,COc1c(C)ccc2c1-c1cccc3c1[C@@H](C2)N(Cc1ccccc1)CC3,355.4810000000001,5.326120000000005,12.47,0,2,3,5,0.28,0.45454545454545453,0,weak_binder
CHEMBL354748,16500.0,16500.0,14000.0,19000.0,2,c1ccc(C2=NC[C@@H](N3CCN(c4ccccc4)CC3)CCN2)cc1,c1ccc(C2=NC[C@@H](N3CCN(c4ccccc4)CC3)CCN2)cc1,334.4670000000001,2.6173,30.869999999999997,1,4,3,4,0.3809523809523809,0.3448275862068966,0,weak_binder
CHEMBL198174,4950.0,4950.0,4000.0,5900.0,2,CCCN(CCC)C1CCn2ncc(C=O)c2C1,CCCN(CCC)C1CCn2ncc(C=O)c2C1,249.358,2.1324000000000005,38.13,0,3,6,2,0.7142857142857143,0.33962264150943394,0,weak_binder
CHEMBL67982,2000.0,2000.0,2000.0,2000.0,1,Clc1ccccc1CN1CC=C(c2nc3ccccc3s2)CC1,Clc1ccccc1CN1CC=C(c2nc3ccccc3s2)CC1,340.8790000000001,5.239000000000003,16.130000000000003,0,3,3,4,0.2105263157894736,0.3492063492063492,0,weak_binder
CHEMBL88296,5800.0,5800.0,5800.0,5800.0,1,COc1ccc2c3c(c(=O)oc2c1)CN(Cc1ccc([N+](=O)[O-])cc1)CC3,COc1ccc2c3c(c(=O)oc2c1)CN(Cc1ccc([N+](=O)[O-])cc1)CC3,366.3730000000001,3.2681000000000022,85.82,0,6,4,4,0.25,0.3026315789473684,0,weak_binder
CHEMBL5641620,3356.0,3356.0,3356.0,3356.0,1,CCC(Oc1cccc(F)c1Cl)c1nc(N)nc(N2CCN(C)CC2)n1,CCC(Oc1cccc(F)c1Cl)c1nc(N)nc(N2CCN(C)CC2)n1,380.8550000000002,2.528200000000001,80.39999999999999,1,7,5,3,0.4705882352941176,0.3050847457627119,0,weak_binder
CHEMBL3286580,1215.0,1215.0,1215.0,1215.0,1,Fc1ccc2c(CCNCc3cccc(OCC(F)(F)C(F)F)c3)c[nH]c2c1,Fc1ccc2c(CCNCc3cccc(OCC(F)(F)C(F)F)c3)c[nH]c2c1,398.375,4.918500000000003,37.05,2,2,9,3,0.3,0.29850746268656714,0,weak_binder
CHEMBL178055,2000.0,2000.0,2000.0,2000.0,1,O=S(=O)(c1ccc(-n2cccn2)cc1)C1(F)CCN(CCc2ccc(F)cc2F)CC1,O=S(=O)(c1ccc(-n2cccn2)cc1)C1(F)CCN(CCc2ccc(F)cc2F)CC1,449.4980000000003,3.928500000000003,55.2,0,4,6,4,0.3181818181818182,0.2911392405063291,0,weak_binder
CHEMBL4089290,60152.0,60152.0,60152.0,60152.0,1,COc1ccccc1N1CCC2(CN(CCCSc3nnc(-c4ccccc4)n3C)C2)C1,COc1ccccc1N1CCC2(CN(CCCSc3nnc(-c4ccccc4)n3C)C2)C1,449.62400000000014,4.185200000000004,46.42,0,6,8,5,0.44,0.3888888888888889,0,weak_binder
CHEMBL76475,10000.0,10000.0,10000.0,10000.0,1,C/C=C/CN1CCC(COC/C=C/c2ccccc2)CC1,C/C=C/CN1CCC(COC/C=C/c2ccccc2)CC1,285.4310000000001,4.004500000000004,12.47,0,2,7,2,0.4736842105263157,0.25,0,weak_binder
CHEMBL96799,3170.0,3170.0,3170.0,3170.0,1,COc1cccc2c1CCN(CCN1CCN(c3ccc(Cl)cc3)CC1)C2=O,COc1cccc2c1CCN(CCN1CCN(c3ccc(Cl)cc3)CC1)C2=O,399.9220000000001,3.169100000000002,36.02,0,4,5,4,0.4090909090909091,0.3625,0,weak_binder
CHEMBL272873,72500.0,72500.0,66000.0,79000.0,2,FCCOc1ccc(N2CCN(Cc3cnn4ccccc34)CC2)cc1,FCCOc1ccc(N2CCN(Cc3cnn4ccccc34)CC2)cc1,354.4290000000001,3.0048000000000012,33.010000000000005,0,4,6,4,0.35,0.42424242424242425,0,weak_binder
CHEMBL4853772,1174.9,1174.9,1174.9,1174.9,1,Cc1nc(N)sc1CCCN/C(N)=N/C(=S)N[C@H](C)c1ccccc1,Cc1nc(N)sc1CCCN/C(N)=N/C(=S)N[C@H](C)c1ccccc1,376.55500000000006,2.5063200000000005,101.35,4,4,6,2,0.3529411764705882,0.2345679012345679,0,weak_binder
CHEMBL97211,6309.57,6309.57,6309.57,6309.57,1,Cc1cc(N2CCNCC2)c2cc(NS(=O)(=O)c3sc4ccc(Cl)cc4c3C)ccc2n1,Cc1cc(N2CCNCC2)c2cc(NS(=O)(=O)c3sc4ccc(Cl)cc4c3C)ccc2n1,487.05000000000024,4.930140000000004,74.33,2,6,4,5,0.2608695652173913,0.32653061224489793,0,weak_binder
CHEMBL5776728,10000.0,10000.0,10000.0,10000.0,2,O=C1c2ncccc2CCN1CCN1CCN(c2noc3cc(Cl)ccc23)CC1,O=C1c2ncccc2CCN1CCN1CCN(c2noc3cc(Cl)ccc23)CC1,411.8930000000001,2.6967000000000008,65.71000000000001,0,6,4,5,0.3809523809523809,0.3780487804878049,0,weak_binder
CHEMBL160396,67500.0,67500.0,56000.0,79000.0,2,OCc1cccn2ncc(CN3CCN(c4ccc(Cl)cc4)CC3)c12,OCc1cccn2ncc(CN3CCN(c4ccc(Cl)cc4)CC3)c12,356.8570000000001,2.802200000000001,44.010000000000005,1,4,4,4,0.3157894736842105,0.3389830508474576,0,weak_binder
CHEMBL217886,5000.0,5000.0,5000.0,5000.0,1,COc1cccc(CCc2ccccc2OCc2cccc(OC)c2)c1,COc1cccc(CCc2ccccc2OCc2cccc(OC)c2)c1,348.44200000000006,5.068000000000004,27.69,0,3,8,3,0.217391304347826,0.3090909090909091,0,weak_binder
CHEMBL5896571,2300.0,2300.0,2300.0,2300.0,1,COc1cc(CC(=O)N[C@H]2CC[C@H](CCN3CCc4ccc(CCC(F)(F)F)nc4CC3)CC2)on1,COc1cc(CC(=O)N[C@H]2CC[C@H](CCN3CCc4ccc(CCC(F)(F)F)nc4CC3)CC2)on1,508.5850000000003,4.281500000000004,80.49,1,6,9,4,0.6538461538461539,0.40625,0,weak_binder
CHEMBL5563974,1024.0,1024.0,708.0,1340.0,2,COC1=CC2C[C@@H]3c4cc(O)c(OC)cc4CCN3CC2C=C1O,COC1=CC2C[C@@H]3c4cc(O)c(OC)cc4CCN3CC2C=C1O,329.396,2.921900000000001,62.16,2,5,2,4,0.4736842105263157,0.45454545454545453,0,weak_binder
CHEMBL3929918,1995.26,1995.26,1995.26,1995.26,1,CNCC1Cc2ccc3c(ccn3S(=O)(=O)c3ccccc3)c21,CNCC1Cc2ccc3c(ccn3S(=O)(=O)c3ccccc3)c21,326.42100000000005,2.737400000000001,51.1,1,3,4,4,0.2222222222222222,0.36619718309859156,0,weak_binder
CHEMBL1788325,1667.0,1667.0,1667.0,1667.0,1,CCCN[C@H]1CCc2ccc3[nH]c(C(N)=O)cc3c2C1,CCCN[C@H]1CCc2ccc3[nH]c(C(N)=O)cc3c2C1,271.36400000000003,2.1237000000000004,70.91,3,2,4,3,0.4375,0.49333333333333335,0,weak_binder
CHEMBL3770522,4255.0,4255.0,4255.0,4255.0,1,CC1(c2ccc(F)cc2)NC(=O)N(CC(O)CN2CCN(c3ccc(Cl)cc3)CC2)C1=O,CC1(c2ccc(F)cc2)NC(=O)N(CC(O)CN2CCN(c3ccc(Cl)cc3)CC2)C1=O,460.9370000000003,2.4292000000000007,76.12,2,5,6,4,0.391304347826087,0.2972972972972973,0,weak_binder
CHEMBL3104092,10000.0,10000.0,10000.0,10000.0,1,CN1CCc2c(c3cccc4c3n2Cc2ccccc2C4)C1,CN1CCc2c(c3cccc4c3n2Cc2ccccc2C4)C1,288.39400000000006,3.5817000000000023,8.17,0,1,0,5,0.3,0.4375,0,weak_binder
CHEMBL2062852,38000.0,38000.0,38000.0,38000.0,1,CCN(CC)[C@@H]1[C@@H](CO)[C@H]2CN(Cc3ccccc3)[C@H](C)[C@H]21,CCN(CC)[C@@H]1[C@@H](CO)[C@H]2CN(Cc3ccccc3)[C@H](C)[C@H]21,302.46200000000005,2.4555999999999996,26.71,1,3,6,3,0.6842105263157895,0.24285714285714285,0,weak_binder
CHEMBL539526,4200.0,4200.0,4200.0,4200.0,1,Cl.O=C1C=C(c2ccccc2)OC2(CCN(CCc3ccccc3)CC2)C1,O=C1C=C(c2ccccc2)OC2(CCN(CCc3ccccc3)CC2)C1,347.4580000000001,4.094200000000003,29.54,0,3,4,4,0.3478260869565217,0.31666666666666665,0,weak_binder
CHEMBL4076516,6370.0,6370.0,6370.0,6370.0,1,COc1ccccc1N1CCC2(CCN(CCCSc3nnc(-c4ccccc4)n3C)C2)C1,COc1ccccc1N1CCC2(CCN(CCCSc3nnc(-c4ccccc4)n3C)C2)C1,463.6510000000001,4.575300000000004,46.42,0,6,8,5,0.4615384615384615,0.3835616438356164,0,weak_binder
CHEMBL4846153,1345.0,1345.0,1345.0,1345.0,1,O=S(=O)(c1cccc(Cl)c1)n1ccc2c(N3CCNCC3)nc3ccccc3c21,O=S(=O)(c1cccc(Cl)c1)n1ccc2c(N3CCNCC3)nc3ccccc3c21,426.92900000000026,3.4895000000000023,67.23,1,5,3,5,0.1904761904761904,0.3188405797101449,0,weak_binder
CHEMBL27247,7980.0,7980.0,7980.0,7980.0,1,CC(=O)N[C@H]1c2cccc3c2-c2c1ccc1c2[C@@H](C3)N(C)CC1,CC(=O)N[C@H]1c2cccc3c2-c2c1ccc1c2[C@@H](C3)N(C)CC1,304.39300000000003,2.9776000000000016,32.34,1,2,1,5,0.35,0.4642857142857143,0,weak_binder
CHEMBL3794079,10000.0,10000.0,10000.0,10000.0,2,Cc1ccc(CN2CCO[C@H](CSc3ccccc3)C2)cc1C,Cc1ccc(CN2CCO[C@H](CSc3ccccc3)C2)cc1C,327.4930000000001,4.296540000000004,12.47,0,3,5,3,0.4,0.28,0,weak_binder
CHEMBL5898295,1600.0,1600.0,1600.0,1600.0,1,Cn1ncc(CC(=O)N[C@H]2CC[C@H](CCN3CCc4ccc(OCC(F)F)nc4CC3)CC2)c1F,Cn1ncc(CC(=O)N[C@H]2CC[C@H](CCN3CCc4ccc(OCC(F)F)nc4CC3)CC2)c1F,493.57400000000024,3.3065000000000015,72.28,1,5,9,4,0.64,0.41237113402061853,0,weak_binder
CHEMBL423206,1800.0,1800.0,1800.0,1800.0,1,Fc1ccc2c(c1)CCC1(CCN(C3CCc4ccccc4C3)CC1)O2,Fc1ccc2c(c1)CCC1(CCN(C3CCc4ccccc4C3)CC1)O2,351.46500000000015,4.542800000000004,12.47,0,2,1,5,0.4782608695652174,0.3611111111111111,0,weak_binder
CHEMBL2062858,42000.0,42000.0,42000.0,42000.0,1,CCN(CC)[C@@H]1[C@@H](CO)[C@H]2CN(Cc3ccccc3)[C@H](c3ccccn3)[C@H]21,CCN(CC)[C@@H]1[C@@H](CO)[C@H]2CN(Cc3ccccc3)[C@H](c3ccccn3)[C@H]21,365.5210000000001,3.203400000000001,39.6,1,4,7,4,0.5217391304347826,0.23376623376623376,0,weak_binder
CHEMBL4175327,10000.0,10000.0,10000.0,10000.0,1,Cc1oc(-c2cccc(F)c2F)nc1CN(C)C[C@@H]1Cc2ccccc2O1,Cc1oc(-c2cccc(F)c2F)nc1CN(C)C[C@@H]1Cc2ccccc2O1,370.39900000000006,4.363720000000003,38.5,0,4,5,4,0.2857142857142857,0.21333333333333335,0,weak_binder
CHEMBL199876,2370.0,2370.0,2370.0,2370.0,1,O=c1[nH]c2[nH]c(-c3ccc(Cl)cc3)cc2c(=O)n1CCN1CCN(c2ccccc2Cl)CC1,O=c1[nH]c2[nH]c(-c3ccc(Cl)cc3)cc2c(=O)n1CCN1CCN(c2ccccc2Cl)CC1,484.3870000000003,3.813900000000003,77.13,2,4,5,5,0.25,0.4696969696969697,0,weak_binder
CHEMBL523994,10000.0,10000.0,10000.0,10000.0,1,Cc1ccc(N2CCN([C@H](C)[C@H]3C[C@]3(C)c3ccccc3)CC2)c(C)c1,Cc1ccc(N2CCN([C@H](C)[C@H]3C[C@]3(C)c3ccccc3)CC2)c(C)c1,348.53400000000016,4.791740000000005,6.48,0,2,4,4,0.5,0.3013698630136986,0,weak_binder
CHEMBL97596,5011.87,5011.87,5011.87,5011.87,1,O=S(=O)(Nc1ccc2nccc(N3CCNCC3)c2c1)c1ccc2c(Cl)cccc2c1,O=S(=O)(Nc1ccc2nccc(N3CCNCC3)c2c1)c1ccc2c(Cl)cccc2c1,452.96700000000016,4.251800000000003,74.33,2,5,4,5,0.1739130434782608,0.38271604938271603,0,weak_binder
CHEMBL168541,12200.0,12200.0,6400.0,18000.0,2,O=C1C[C@@H](CN2CCN(c3ccccc3)CC2)N=C(c2ccccc2)N1,O=C1C[C@@H](CN2CCN(c3ccccc3)CC2)N=C(c2ccccc2)N1,348.4500000000001,2.1439,47.940000000000005,1,4,4,4,0.3333333333333333,0.3442622950819672,0,weak_binder
CHEMBL387052,5000.0,5000.0,5000.0,5000.0,1,COc1cccc(CCc2ccccc2OCc2ccccn2)c1,COc1cccc(CCc2ccccc2OCc2ccccn2)c1,319.404,4.454400000000003,31.35,0,3,7,3,0.1904761904761904,0.29508196721311475,0,weak_binder
CHEMBL543587,10000.0,10000.0,10000.0,10000.0,1,CCN(CC)CCCC1(C)OC=C(c2ccccc2)C1=O.Cl,CCN(CC)CCCC1(C)OC=C(c2ccccc2)C1=O,287.4030000000001,3.507500000000002,29.54,0,3,7,2,0.5,0.3384615384615385,0,weak_binder
CHEMBL4585289,2435.9,2435.9,2435.9,2435.9,1,CN(CCCSc1nnc(-c2ccccc2)n1C)CC1CC1c1cc(F)ccc1OCCF.Cl,CN(CCCSc1nnc(-c2ccccc2)n1C)CC1CC1c1cc(F)ccc1OCCF,472.6050000000003,5.187200000000005,43.18000000000001,0,5,12,4,0.44,0.32673267326732675,0,weak_binder
CHEMBL3289646,1046.565,1046.565,1046.0,1047.13,2,Cc1ccc(N2CCN(CCCOc3ccc(F)cc3)CC2)nc1,Cc1ccc(N2CCN(CCCOc3ccc(F)cc3)CC2)nc1,329.4190000000001,3.1202200000000015,28.6,0,4,6,3,0.4210526315789473,0.48148148148148145,0,weak_binder
CHEMBL4168691,1821.0,1821.0,1821.0,1821.0,1,N#Cc1c(CN2CCN(CCc3ccccc3)CC2)cn2ccccc12,N#Cc1c(CN2CCN(CCc3ccccc3)CC2)cn2ccccc12,344.46200000000005,3.171280000000002,34.68000000000001,0,3,5,4,0.3181818181818182,0.32786885245901637,0,weak_binder
CHEMBL197408,10000.0,10000.0,10000.0,10000.0,1,COc1ccc(NC(=O)N2CCN(c3ccc(-c4ccccc4)cc3)CC2)cc1N1CCN(C)CC1,COc1ccc(NC(=O)N2CCN(c3ccc(-c4ccccc4)cc3)CC2)cc1N1CCN(C)CC1,485.6320000000003,4.468100000000003,51.290000000000006,1,5,5,5,0.3448275862068966,0.35294117647058826,0,weak_binder
CHEMBL6062397,1800.0,1800.0,1800.0,1800.0,2,Cc1nc(CC(=O)N[C@H]2CC[C@](F)(CCN3CCc4nc(OCC(F)(F)F)sc4CC3)CC2)no1,Cc1nc(CC(=O)N[C@H]2CC[C@](F)(CCN3CCc4nc(OCC(F)(F)F)sc4CC3)CC2)no1,519.5650000000002,3.5761200000000013,93.38,1,8,8,4,0.7272727272727273,0.4835164835164835,0,weak_binder
CHEMBL1277837,2036.0,2036.0,2036.0,2036.0,1,CC(C)n1nc(S(=O)(=O)c2cccc3ccccc23)c2cc(N3CCNCC3)ccc21,CC(C)n1nc(S(=O)(=O)c2cccc3ccccc23)c2cc(N3CCNCC3)ccc21,434.5650000000003,4.012800000000002,67.23,1,5,4,5,0.2916666666666667,0.2891566265060241,0,weak_binder
CHEMBL57546,2200.0,2200.0,2200.0,2200.0,1,O=C1CC2(CCCC2)CC(=O)N1CCN1CCN(c2ccc(F)cc2)CC1,O=C1CC2(CCCC2)CC(=O)N1CCN1CCN(c2ccc(F)cc2)CC1,373.4720000000001,2.6571000000000007,43.86000000000001,0,4,4,4,0.6190476190476191,0.3787878787878788,0,weak_binder
CHEMBL6023879,1500.0,1500.0,1500.0,1500.0,2,O=C(N[C@H]1CO[C@H](CCN2CCc3sc(OCC(F)(F)F)nc3C2)OC1)OCc1ccccc1,O=C(N[C@H]1CO[C@H](CCN2CCc3sc(OCC(F)(F)F)nc3C2)OC1)OCc1ccccc1,501.5270000000002,3.500300000000002,82.15,1,8,8,4,0.5454545454545454,0.44086021505376344,0,weak_binder
CHEMBL294458,8825.0,8825.0,7350.0,10300.0,2,N#CC(C#N)=Cc1cc(CN2CCN(c3ccc(Cl)cc3)CC2)c[nH]1,N#CC(C#N)=Cc1cc(CN2CCN(c3ccc(Cl)cc3)CC2)c[nH]1,351.841,3.420860000000001,69.85,1,4,4,3,0.2631578947368421,0.296875,0,weak_binder
CHEMBL5723006,10000.0,10000.0,10000.0,10000.0,1,CC(C)C[C@H](CO)NCc1cc(=O)c2cc(F)ccc2[nH]1,CC(C)C[C@H](CO)NCc1cc(=O)c2cc(F)ccc2[nH]1,292.354,2.1637999999999997,65.12,3,3,6,2,0.4375,0.25,0,weak_binder
CHEMBL4088416,10000.0,10000.0,10000.0,10000.0,1,O=S(=O)(c1ccccc1)n1cc2c3c(cccc31)OC(CO)=C2,O=S(=O)(c1ccccc1)n1cc2c3c(cccc31)OC(CO)=C2,327.36100000000005,2.6039000000000003,68.53,1,4,3,4,0.0588235294117647,0.3620689655172414,0,weak_binder
CHEMBL6161894,100000.0,100000.0,100000.0,100000.0,1,N#Cc1cccc(CN2CCc3[nH]c(=O)n(Cc4ccc(C(F)(F)F)cc4)c(=O)c3C2)c1,N#Cc1cccc(CN2CCc3[nH]c(=O)n(Cc4ccc(C(F)(F)F)cc4)c(=O)c3C2)c1,440.4250000000001,3.0336800000000013,81.88999999999999,1,4,4,4,0.2608695652173913,0.30864197530864196,0,weak_binder
CHEMBL597413,1177.0,1177.0,431.0,1923.0,2,CS(=O)(=O)c1cccc(N2CCN(Cc3ccccc3)CC2)c1,CS(=O)(=O)c1cccc(N2CCN(Cc3ccccc3)CC2)c1,330.4530000000001,2.412300000000001,40.620000000000005,0,4,4,3,0.3333333333333333,0.38461538461538464,0,weak_binder
CHEMBL6047884,10000.0,10000.0,10000.0,10000.0,2,Cc1ccc2c(n1)C(=O)N(CCN1CCN(c3noc4ccccc34)CC1)CC2,Cc1ccc2c(n1)C(=O)N(CCN1CCN(c3noc4ccccc34)CC1)CC2,391.4750000000002,2.3517200000000003,65.71000000000001,0,6,4,5,0.4090909090909091,0.4342105263157895,0,weak_binder
CHEMBL5869487,10000.0,10000.0,10000.0,10000.0,2,Cn1c(OCCCN2CC[C@]3(C[C@H]3c3ccc(C(F)(F)F)cc3)C2)nnc1C1CCOCC1,Cn1c(OCCCN2CC[C@]3(C[C@H]3c3ccc(C(F)(F)F)cc3)C2)nnc1C1CCOCC1,464.53200000000027,4.376400000000004,52.41,0,5,7,5,0.6666666666666666,0.47058823529411764,0,weak_binder
CHEMBL4060194,4351.0,4351.0,4351.0,4351.0,1,CCN(CC)CC1=Cc2cn(S(=O)(=O)c3ccccc3)c3cccc(c23)O1,CCN(CC)CC1=Cc2cn(S(=O)(=O)c3ccccc3)c3cccc(c23)O1,382.4850000000001,3.953400000000003,51.540000000000006,0,4,6,4,0.238095238095238,0.3770491803278688,0,weak_binder
CHEMBL68131,10000.0,10000.0,10000.0,10000.0,1,CCCCN1CCC(COC(=O)c2cc(Cl)c(N)c3c2OCCO3)CC1,CCCCN1CCC(COC(=O)c2cc(Cl)c(N)c3c2OCCO3)CC1,382.88800000000026,3.362300000000002,74.02000000000001,1,6,6,3,0.631578947368421,0.3375,0,weak_binder
CHEMBL551964,1306.0,1306.0,1306.0,1306.0,1,Cc1ccc2c3c(ccc2n1)OC[C@H](CN1CCN(c2ccc4cc(C#N)ccc4n2)CC1)O3,Cc1ccc2c3c(ccc2n1)OC[C@H](CN1CCN(c2ccc4cc(C#N)ccc4n2)CC1)O3,451.5300000000002,3.9251000000000023,74.51,0,7,3,6,0.2962962962962963,0.3548387096774194,0,weak_binder
CHEMBL315564,10850.0,11275.0,2400.0,21000.0,4,COc1ccc(Br)cc1C1=N[C@@H](CN2CCN(c3ccccc3)CC2)[C@@H](C)O1,COc1ccc(Br)cc1C1=N[C@@H](CN2CCN(c3ccccc3)CC2)[C@@H](C)O1,444.3730000000003,3.8138000000000023,37.3,0,5,5,4,0.4090909090909091,0.3188405797101449,0,weak_binder
CHEMBL486337,1000000.0,1000000.0,1000000.0,1000000.0,1,COc1cccc(CCc2ccccc2OCCCN2CCc3cc(OC)c(OC)cc3C2)c1,COc1cccc(CCc2ccccc2OCCCN2CCc3cc(OC)c(OC)cc3C2)c1,461.6020000000003,5.324800000000006,40.16,0,5,11,4,0.3793103448275862,0.3246753246753247,0,weak_binder
CHEMBL3642733,5340.0,5340.0,5340.0,5340.0,1,O=C(N[C@H]1CC[C@H](CCN2CCN(c3nccc4c3CCO4)CC2)CC1)c1ccc(N2CCCCC2)cc1,O=C(N[C@H]1CC[C@H](CCN2CCN(c3nccc4c3CCO4)CC2)CC1)c1ccc(N2CCCCC2)cc1,517.7180000000006,4.507700000000003,60.940000000000005,1,6,7,6,0.6129032258064516,0.44871794871794873,0,weak_binder
CHEMBL160454,2950.0,2950.0,2800.0,3100.0,2,C[Si](C)(C)c1cccc2c(CN3CCN(c4ccc(Cl)cc4)CC3)cnn12,C[Si](C)(C)c1cccc2c(CN3CCN(c4ccc(Cl)cc4)CC3)cnn12,399.014,3.855100000000003,23.78,0,3,4,4,0.3809523809523809,0.3620689655172414,0,weak_binder
CHEMBL543472,4408.0,4408.0,4408.0,4408.0,1,Cl.Oc1ccc2c(c1)C(c1ccccc1)CNCC2,Oc1ccc2c(c1)C(c1ccccc1)CNCC2,239.318,2.6698000000000004,32.26,2,2,1,3,0.25,0.35185185185185186,0,weak_binder
CHEMBL4455588,10000.0,10000.0,10000.0,10000.0,1,CCn1cncc1-c1c[nH]c2ccc(C)cc12,CCn1cncc1-c1c[nH]c2ccc(C)cc12,225.295,3.359720000000002,33.61,1,1,2,3,0.2142857142857142,0.23529411764705882,0,weak_binder
CHEMBL392791,2288.0,2288.0,2288.0,2288.0,1,COc1ccccc1NC1CCN(CCCCN2C(=O)c3ccccc3C2=O)CC1,COc1ccccc1NC1CCN(CCCCN2C(=O)c3ccccc3C2=O)CC1,407.5140000000002,3.6479000000000026,61.88,1,5,8,4,0.4166666666666667,0.36923076923076925,0,weak_binder
CHEMBL558838,2750.0,2750.0,2600.0,2900.0,2,COc1ccccc1N1CCN(Cc2c(C)[nH]c3nc(N(C)C)ncc23)CC1,COc1ccccc1N1CCN(Cc2c(C)[nH]c3nc(N(C)C)ncc23)CC1,380.49600000000015,2.663120000000001,60.52,1,6,5,4,0.4285714285714285,0.42857142857142855,0,weak_binder
CHEMBL5433458,5520.0,5520.0,5520.0,5520.0,1,Clc1ccc([C@@H]2C[C@H]2NCCC2(c3ccccn3)CCOC3(CCCC3)C2)cc1,Clc1ccc([C@@H]2C[C@H]2NCCC2(c3ccccn3)CCOC3(CCCC3)C2)cc1,410.9890000000003,5.631800000000005,34.150000000000006,1,3,6,5,0.56,0.2413793103448276,0,weak_binder
CHEMBL353090,2350.0,2350.0,1600.0,3100.0,2,COc1ccc(Br)cc1C(=O)NC[C@@H]1CCN(Cc2ccccc2)C1,COc1ccc(Br)cc1C(=O)NC[C@@H]1CCN(Cc2ccccc2)C1,403.3200000000002,3.7096000000000022,41.57,1,3,6,3,0.35,0.4861111111111111,0,weak_binder
CHEMBL6049395,3561.0,3561.0,3561.0,3561.0,2,O=C(NCCCCN1CCN(c2ccnc3ccccc23)CC1)c1nc2ccccn2c1Cl,O=C(NCCCCN1CCN(c2ccnc3ccccc23)CC1)c1nc2ccccn2c1Cl,462.98500000000024,3.868100000000003,65.77000000000001,1,5,7,5,0.32,0.4430379746835443,0,weak_binder
CHEMBL2062859,12000.0,12000.0,12000.0,12000.0,1,CCN(CC)[C@H]1[C@H](CO)[C@@H]2CN(Cc3ccccc3)[C@@H](c3ccccn3)[C@@H]21,CCN(CC)[C@H]1[C@H](CO)[C@@H]2CN(Cc3ccccc3)[C@@H](c3ccccn3)[C@@H]21,365.5210000000001,3.203400000000001,39.6,1,4,7,4,0.5217391304347826,0.23376623376623376,0,weak_binder
CHEMBL166325,15000.0,15000.0,15000.0,15000.0,2,CCCN(CCC)C1CC=C(C#Cc2ccccc2)CC1,CCCN(CCC)C1CC=C(C#Cc2ccccc2)CC1,281.4430000000001,4.639000000000005,3.24,0,1,5,2,0.5,0.47619047619047616,0,weak_binder
CHEMBL3986927,5384.66,5384.66,5370.32,5399.0,2,O=C1Cc2cc(C(=O)CCCN3CCc4ccccc4C3)ccc2N1,O=C1Cc2cc(C(=O)CCCN3CCc4ccccc4C3)ccc2N1,334.41900000000004,3.2024000000000017,49.41,1,3,5,4,0.3333333333333333,0.373134328358209,0,weak_binder
CHEMBL4527124,1224.0,1224.0,1224.0,1224.0,1,Cc1cc(OCc2nc(N)nc(N3CCN(C)CC3)n2)ccc1Cl,Cc1cc(OCc2nc(N)nc(N3CCN(C)CC3)n2)ccc1Cl,348.8380000000001,1.7464199999999996,80.39999999999999,1,7,4,3,0.4375,0.30666666666666664,0,weak_binder
CHEMBL36337,5000.0,5000.0,5000.0,5000.0,1,CN1C(=O)c2ccccc2C1CCN1CCN(c2ccc(Cl)cc2)CC1,CN1C(=O)c2ccccc2C1CCN1CCN(c2ccc(Cl)cc2)CC1,369.8960000000001,3.679000000000003,26.790000000000006,0,3,4,4,0.3809523809523809,0.3770491803278688,0,weak_binder
CHEMBL4531898,10000.0,10000.0,10000.0,10000.0,1,CCn1cncc1-c1c[nH]c2cc(F)c(Cl)cc12,CCn1cncc1-c1c[nH]c2cc(F)c(Cl)cc12,263.703,3.8438000000000017,33.61,1,1,2,3,0.1538461538461538,0.225,0,weak_binder
CHEMBL4778398,5880.0,5880.0,5880.0,5880.0,1,O=C(NCCCCN1CCO[C@H]2c3cc(O)ccc3OC[C@@H]21)c1cc2ccccc2[nH]1,O=C(NCCCCN1CCO[C@H]2c3cc(O)ccc3OC[C@@H]21)c1cc2ccccc2[nH]1,421.4970000000002,3.2180000000000017,86.82000000000002,3,5,6,5,0.375,0.3711340206185567,0,weak_binder
CHEMBL4572629,1230.0,1230.0,1230.0,1230.0,1,COc1ccc2c(c1)c(-c1nc3n(c1C)CCCN3)cn2S(=O)(=O)c1ccccc1.Cl,COc1ccc2c(c1)c(-c1nc3n(c1C)CCCN3)cn2S(=O)(=O)c1ccccc1,422.5100000000001,3.8744200000000024,78.15,1,5,4,5,0.2272727272727272,0.3424657534246575,0,weak_binder
CHEMBL318760,3780.0,3780.0,3780.0,3780.0,1,CSc1ccc2c(c1)CCN2C(=O)CN1CCN(Cc2ccc(Cl)cc2)CC1,CSc1ccc2c(c1)CCN2C(=O)CN1CCN(Cc2ccc(Cl)cc2)CC1,415.9900000000001,3.7688000000000033,26.790000000000006,0,4,5,4,0.4090909090909091,0.417910447761194,0,weak_binder
CHEMBL3642787,3564.0,3564.0,3564.0,3564.0,1,COCCC(=O)N[C@H]1CC[C@H](CCN2CCN(c3ncc(C)c4c3CCO4)CC2)CC1,COCCC(=O)N[C@H]1CC[C@H](CCN2CCN(c3ncc(C)c4c3CCO4)CC2)CC1,430.5930000000003,2.548520000000001,66.93,1,6,8,4,0.75,0.38823529411764707,0,weak_binder
CHEMBL93403,1900.0,1900.0,1900.0,1900.0,2,COc1cccc(C(=O)NCCN2CCN(c3ccc(Cl)cc3)CC2)c1,COc1cccc(C(=O)NCCN2CCN(c3ccc(Cl)cc3)CC2)c1,373.884,2.9006000000000007,44.81,1,4,6,3,0.35,0.4852941176470588,0,weak_binder
CHEMBL497064,1600.0,1600.0,1600.0,1600.0,1,O=C(Nc1ccccc1)c1[nH]c2cc(F)ccc2c1[C@@H]1CNCC[C@H]1F,O=C(Nc1ccccc1)c1[nH]c2cc(F)ccc2c1[C@@H]1CNCC[C@H]1F,355.3880000000001,3.974300000000002,56.92,3,2,3,4,0.25,0.3787878787878788,0,weak_binder
CHEMBL106917,3780.0,3780.0,3780.0,3780.0,1,CN(C)S(=O)(=O)c1ccc2c(c1)CCN2C(=O)CN1CCN(Cc2ccc(Cl)cc2)CC1,CN(C)S(=O)(=O)c1ccc2c(c1)CCN2C(=O)CN1CCN(Cc2ccc(Cl)cc2)CC1,477.0300000000003,2.297200000000001,64.17,0,5,6,4,0.4347826086956521,0.39436619718309857,0,weak_binder
CHEMBL490632,10000.0,10000.0,10000.0,10000.0,1,COc1c(OCCF)cccc1C(=O)C1CCN(CCc2ccc(C)cc2)CC1,COc1c(OCCF)cccc1C(=O)C1CCN(CCc2ccc(C)cc2)CC1,399.50600000000026,4.489320000000005,38.77,0,4,9,3,0.4583333333333333,0.3333333333333333,0,weak_binder
CHEMBL440506,5800.0,5800.0,5800.0,5800.0,2,COc1ccc2c3c(c(=O)oc2c1)CN(CCc1ccccc1)CC3,COc1ccc2c3c(c(=O)oc2c1)CN(CCc1ccccc1)CC3,335.403,3.402400000000002,42.68,0,4,4,4,0.2857142857142857,0.3424657534246575,0,weak_binder
CHEMBL2062860,7000.0,7000.0,7000.0,7000.0,1,OC[C@H]1[C@H]2CN(Cc3ccccc3)[C@H](c3ccccc3)[C@H]2[C@@H]1N1CCCCC1,OC[C@H]1[C@H]2CN(Cc3ccccc3)[C@H](c3ccccc3)[C@H]2[C@@H]1N1CCCCC1,376.54400000000027,3.9525000000000032,26.71,1,3,5,5,0.52,0.2647058823529412,0,weak_binder
CHEMBL149429,1100.0,1100.0,1100.0,1100.0,1,O=S(=O)(c1ccc(Cl)cc1)C1CCN(CCc2ccc(F)cc2F)CC1,O=S(=O)(c1ccc(Cl)cc1)C1CCN(CCc2ccc(F)cc2F)CC1,399.89000000000016,4.099000000000004,37.38,0,3,5,3,0.3684210526315789,0.38333333333333336,0,weak_binder
CHEMBL3765169,10116.5,10116.5,10000.0,10233.0,2,Cn1c(SCCCN2CCOC(c3ccc(C(F)(F)F)cc3)C2)nnc1-c1cnccn1,Cn1c(SCCCN2CCOC(c3ccc(C(F)(F)F)cc3)C2)nnc1-c1cnccn1,464.5170000000001,3.8466000000000022,68.96000000000001,0,7,7,4,0.4285714285714285,0.47674418604651164,0,weak_binder
CHEMBL1082210,10000.0,10000.0,10000.0,10000.0,1,C[C@H]1CN(C(=O)c2ccc(-c3cccc(F)c3)cc2)CCN1C(=O)c1ccc2cc[nH]c2c1,C[C@H]1CN(C(=O)c2ccc(-c3cccc(F)c3)cc2)CCN1C(=O)c1ccc2cc[nH]c2c1,441.5060000000002,4.9607000000000046,56.41,1,2,3,5,0.1851851851851851,0.2413793103448276,0,weak_binder
CHEMBL2111526,7425.0,7425.0,6600.0,8250.0,2,COc1ccc(Br)cc1-c1nc(CNC2CCN(Cc3ccccc3)C2)co1,COc1ccc(Br)cc1-c1nc(CNC2CCN(Cc3ccccc3)C2)co1,442.35700000000026,4.476800000000003,50.53,1,5,7,4,0.3181818181818182,0.37037037037037035,0,weak_binder
CHEMBL5077645,5085.0,5085.0,2790.0,7380.0,2,Oc1cccc([C@@]23CCC[C@@H]([C@H]2O)N(C/C=C/c2ccccc2)CC3)c1,Oc1cccc([C@@]23CCC[C@@H]([C@H]2O)N(C/C=C/c2ccccc2)CC3)c1,349.4740000000001,3.962500000000003,43.7,2,3,4,4,0.391304347826087,0.3,0,weak_binder
CHEMBL6032181,1015.0,1015.0,1015.0,1015.0,2,O=C(NCCCCN1CCN(c2ccnc3cc(Cl)ccc23)CC1)C1CCC(c2ccccc2)CC1,O=C(NCCCCN1CCN(c2ccnc3cc(Cl)ccc23)CC1)C1CCC(c2ccccc2)CC1,505.1060000000004,5.8806000000000065,48.470000000000006,1,4,8,5,0.4666666666666667,0.44155844155844154,0,weak_binder
CHEMBL498775,10000.0,10000.0,10000.0,10000.0,1,CN(CCc1cccc(OC(F)(F)F)c1)CCN1CCCC1,CN(CCc1cccc(OC(F)(F)F)c1)CCN1CCCC1,316.3670000000001,3.155300000000002,15.71,0,3,7,2,0.625,0.34328358208955223,0,weak_binder
CHEMBL207488,10950.0,10950.0,9900.0,12000.0,2,Fc1ccc(N2CCN(Cc3cn4nc(Cl)ccc4n3)CC2)cc1,Fc1ccc(N2CCN(Cc3cn4nc(Cl)ccc4n3)CC2)cc1,345.80900000000014,2.844000000000001,36.67,0,4,3,4,0.2941176470588235,0.35384615384615387,0,weak_binder
CHEMBL5837758,1600.0,1600.0,1600.0,1600.0,1,Cn1cc2c(C(=O)NC34CCC(CCN5CCc6nc(OCC(F)(F)F)sc6CC5)(CC3)CC4)cccc2n1,Cn1cc2c(C(=O)NC34CCC(CCN5CCc6nc(OCC(F)(F)F)sc6CC5)(CC3)CC4)cccc2n1,561.6740000000002,5.2846000000000055,72.28,1,6,7,7,0.6071428571428571,0.4329896907216495,0,weak_binder
CHEMBL5722940,10000.0,10000.0,10000.0,10000.0,1,O=c1cc(CNCCSc2cn[nH]n2)[nH]c2ccc(F)cc12,O=c1cc(CNCCSc2cn[nH]n2)[nH]c2ccc(F)cc12,319.36500000000007,1.6671999999999996,86.46000000000001,3,5,6,3,0.2142857142857142,0.2268041237113402,0,weak_binder
CHEMBL198303,20000.0,20000.0,20000.0,20000.0,2,CCCN(CCC)C1CCn2ncc(C(=O)OC)c2C1,CCCN(CCC)C1CCn2ncc(C(=O)OC)c2C1,279.384,2.1065,47.36,0,4,6,2,0.7333333333333333,0.3333333333333333,0,weak_binder
CHEMBL544451,2108.0,2108.0,2108.0,2108.0,1,Cc1ccccc1N1CCN(CCCCc2cc(-c3cccs3)no2)CC1.Cl,Cc1ccccc1N1CCN(CCCCc2cc(-c3cccs3)no2)CC1,381.5450000000001,4.856420000000005,32.510000000000005,0,5,7,4,0.4090909090909091,0.4675324675324675,0,weak_binder
CHEMBL4079495,10000.0,10000.0,10000.0,10000.0,1,COc1cccc(CCC2=NCCN2CCc2ccccc2)c1,COc1cccc(CCC2=NCCN2CCc2ccccc2)c1,308.42499999999995,3.5846000000000027,24.83,0,3,7,3,0.35,0.3088235294117647,0,weak_binder
CHEMBL5883189,10000.0,10000.0,10000.0,10000.0,1,Cn1nccc1-c1nnc(SCCCN2CCOC(c3ccc(C(F)(F)F)cc3)C2)n1C,Cn1nccc1-c1nnc(SCCCN2CCOC(c3ccc(C(F)(F)F)cc3)C2)n1C,466.5330000000002,3.7901000000000025,61.00000000000001,0,6,7,4,0.4761904761904761,0.47619047619047616,0,weak_binder
CHEMBL600987,6000.0,6000.0,6000.0,6000.0,1,CCNC(=O)Nc1ccc2c(c1)CC[C@H]1[C@H]2c2cc(O)c(Cl)cc2CCN1C,CCNC(=O)Nc1ccc2c(c1)CC[C@H]1[C@H]2c2cc(O)c(Cl)cc2CCN1C,399.9220000000001,4.1216000000000035,64.6,3,3,2,4,0.4090909090909091,0.46835443037974683,0,weak_binder
CHEMBL3764597,15151.465,15151.465,14454.0,15848.93,2,Cn1c(SCCCN2CCOC(c3ccc(C(F)(F)F)cc3F)C2)nnc1-c1ccc(C(N)=O)cc1,Cn1c(SCCCN2CCOC(c3ccc(C(F)(F)F)cc3F)C2)nnc1-c1ccc(C(N)=O)cc1,523.5560000000003,4.2946000000000035,86.27000000000001,1,6,8,4,0.375,0.38144329896907214,0,weak_binder
CHEMBL6047140,1700.0,1700.0,1700.0,1700.0,1,Cn1cc2c(CC(=O)N[C@H]3CC[C@H](CCN4CCc5ccc(OCC(F)F)nc5CC4)CC3)cccc2n1,Cn1cc2c(CC(=O)N[C@H]3CC[C@H](CCN4CCc5ccc(OCC(F)F)nc5CC4)CC3)cccc2n1,525.6440000000002,4.320600000000003,72.28,1,5,9,5,0.5517241379310345,0.41,0,weak_binder
CHEMBL5722960,10000.0,10000.0,10000.0,10000.0,1,Cc1ccsc1CN(C)Cc1cc(=O)n2ccccc2n1,Cc1ccsc1CN(C)Cc1cc(=O)n2ccccc2n1,299.39900000000006,2.6964200000000007,37.61,0,4,4,3,0.25,0.24,0,weak_binder
CHEMBL241103,1700.0,1700.0,1700.0,1700.0,1,CC(=O)OC1CCc2ccc(/N=C/N3CCc4ccccc4C3)cc21,CC(=O)OC1CCc2ccc(/N=C/N3CCc4ccccc4C3)cc21,334.4190000000001,3.9551000000000034,41.9,0,3,3,4,0.3333333333333333,0.3088235294117647,0,weak_binder
CHEMBL154482,1300.0,1300.0,1300.0,1300.0,1,C1=C(/C=C/c2ccccc2)CCN(CCc2cc3ccc[nH]c-3n2)C1,C1=C(/C=C/c2ccccc2)CCN(CCc2cc3ccc[nH]c-3n2)C1,329.447,4.4025000000000025,31.92,1,2,5,4,0.2272727272727272,0.35714285714285715,0,weak_binder
CHEMBL556133,2900.0,2900.0,2900.0,2900.0,1,CN1CCC2(CC1)OC(c1ccccc1)=CC2=O.Cl,CN1CCC2(CC1)OC(c1ccccc1)=CC2=O,243.306,2.0911999999999997,29.54,0,3,1,3,0.4,0.30158730158730157,0,weak_binder
CHEMBL149510,1100.0,1100.0,1100.0,1100.0,1,OC(CCc1ccccc1)CN1CCC2(CCc3cc(F)ccc3O2)CC1,OC(CCc1ccccc1)CN1CCC2(CCc3cc(F)ccc3O2)CC1,369.4800000000001,3.979000000000003,32.7,1,3,5,4,0.4782608695652174,0.410958904109589,0,weak_binder
CHEMBL5722963,10000.0,10000.0,10000.0,10000.0,1,Cc1ccc2[nH]c(CNCCc3c(C)n[nH]c3C)cc(=O)c2c1,Cc1ccc2[nH]c(CNCCc3c(C)n[nH]c3C)cc(=O)c2c1,310.40100000000007,2.5087600000000005,73.57,3,3,5,3,0.3333333333333333,0.20930232558139536,0,weak_binder
CHEMBL4166178,4918.0,4918.0,4918.0,4918.0,1,O=C(CO)NC[C@H]1CCN(Cc2csc(-c3ccccc3)n2)C1,O=C(CO)NC[C@H]1CCN(Cc2csc(-c3ccccc3)n2)C1,331.44100000000003,1.7405,65.46000000000001,2,5,6,3,0.4117647058823529,0.3076923076923077,0,weak_binder
CHEMBL37170,5882.0,5882.0,5882.0,5882.0,1,Cc1ccc(N2CCN(CC[C@@H]3NC(=O)c4ccccc43)CC2)cc1C,Cc1ccc(N2CCN(CC[C@@H]3NC(=O)c4ccccc43)CC2)cc1C,349.4780000000002,3.3002400000000023,35.58,1,3,4,4,0.4090909090909091,0.3194444444444444,0,weak_binder
CHEMBL2030628,10000.0,10000.0,10000.0,10000.0,1,Fc1cccc(CCN2C3CCC2CC3)c1,Fc1cccc(CCN2C3CCC2CC3)c1,219.30299999999997,2.995000000000002,3.24,0,1,3,3,0.5714285714285714,0.3076923076923077,0,weak_binder
CHEMBL6026010,2200.0,2200.0,2200.0,2200.0,1,Cc1nnc(CC(=O)N[C@H]2CC[C@](F)(CCN3CCc4nc(OCCC(F)(F)F)sc4CC3)CC2)s1,Cc1nnc(CC(=O)N[C@H]2CC[C@](F)(CCN3CCc4nc(OCCC(F)(F)F)sc4CC3)CC2)s1,549.6600000000002,4.434720000000003,80.24000000000001,1,8,9,4,0.7391304347826086,0.4375,0,weak_binder
CHEMBL154274,10000.0,10000.0,10000.0,10000.0,1,COc1ccc(S(=O)(=O)Nc2cc(Br)ccc2Br)cc1N1CCNCC1,COc1ccc(S(=O)(=O)Nc2cc(Br)ccc2Br)cc1N1CCNCC1,505.23200000000026,3.430600000000002,70.67,2,5,5,3,0.2941176470588235,0.3333333333333333,0,weak_binder
CHEMBL561132,3746.0,3824.3566666666666,3746.0,3981.07,3,CN([C@@H]1CCc2c(CC(=O)O)c3ccccc3n2C1)S(=O)(=O)c1ccc(F)cc1,CN([C@@H]1CCc2c(CC(=O)O)c3ccccc3n2C1)S(=O)(=O)c1ccc(F)cc1,416.47400000000016,3.043000000000002,79.61000000000001,1,3,5,4,0.2857142857142857,0.30864197530864196,0,weak_binder
CHEMBL606547,2000.0,2000.0,2000.0,2000.0,1,CN1CCC[C@@H]1Cc1c[nH]c2ccc(NS(=O)(=O)c3ccccc3Cl)cc12,CN1CCC[C@@H]1Cc1c[nH]c2ccc(NS(=O)(=O)c3ccccc3Cl)cc12,403.9350000000001,4.258800000000003,65.2,2,3,5,4,0.3,0.3333333333333333,0,weak_binder
CHEMBL4476164,2349.0,2349.0,2349.0,2349.0,1,O=c1c(-c2ccccc2)c2n(c(=O)n1CCCCN1CCCC(c3c[nH]c4ccccc34)C1)CCCC2,O=c1c(-c2ccccc2)c2n(c(=O)n1CCCCN1CCCC(c3c[nH]c4ccccc34)C1)CCCC2,496.6550000000003,5.154400000000004,63.03,1,3,7,6,0.4193548387096774,0.38372093023255816,0,weak_binder
CHEMBL2368733,1700.0,1700.0,1700.0,1700.0,1,F[C@H]1CCNC[C@@H]1c1c(-c2ccccc2)[nH]c2ccccc12,F[C@H]1CCNC[C@@H]1c1c(-c2ccccc2)[nH]c2ccccc12,294.37300000000005,4.249900000000003,27.82,2,1,2,4,0.2631578947368421,0.4423076923076923,0,weak_binder
CHEMBL4566363,1042.0,1042.0,1042.0,1042.0,1,O=S(=O)(c1ccccc1)N1CCc2c(C3CCN(C4CCC4)CC3)cccc21,O=S(=O)(c1ccccc1)N1CCc2c(C3CCN(C4CCC4)CC3)cccc21,396.55600000000015,4.169900000000004,40.620000000000005,0,3,4,5,0.4782608695652174,0.47368421052631576,0,weak_binder
CHEMBL102599,4130.0,4130.0,4130.0,4130.0,1,c1ccc(-c2nc(CN3CCN(c4ccncn4)CC3)c[nH]2)cc1,c1ccc(-c2nc(CN3CCN(c4ccncn4)CC3)c[nH]2)cc1,320.40000000000003,2.1889000000000003,60.940000000000005,1,5,4,4,0.2777777777777778,0.34285714285714286,0,weak_binder
CHEMBL5961963,1081.0,1081.0,1081.0,1081.0,2,Cc1noc2ccn(CCN3CCN(c4nsc5ccccc45)CC3)c(=O)c12,Cc1noc2ccn(CCN3CCN(c4nsc5ccccc45)CC3)c(=O)c12,395.48800000000017,2.729820000000001,67.4,0,7,4,5,0.35,0.4583333333333333,0,weak_binder
CHEMBL440120,8375.0,8375.0,4000.0,12750.0,2,N#CC(C#N)=Cc1[nH]ccc1CN1CCN(c2ccccc2)CC1,N#CC(C#N)=Cc1[nH]ccc1CN1CCN(c2ccccc2)CC1,317.3960000000001,2.7674600000000007,69.85,1,4,4,3,0.2631578947368421,0.4,0,weak_binder
CHEMBL104498,5847.0,5847.0,5847.0,5847.0,1,O=C(CCN1CCN(Cc2ccc(Cl)cc2)CC1)N1CCc2ccccc21,O=C(CCN1CCN(Cc2ccc(Cl)cc2)CC1)N1CCc2ccccc21,383.92300000000023,3.437000000000002,26.790000000000006,0,3,5,4,0.4090909090909091,0.42857142857142855,0,weak_binder
CHEMBL212370,15500.0,15500.0,15000.0,16000.0,2,Clc1ccc(N2CCN(Cc3cn4ccccc4n3)CC2)cc1,Clc1ccc(N2CCN(Cc3cn4ccccc4n3)CC2)cc1,326.83100000000013,3.3099000000000016,23.78,0,3,3,4,0.2777777777777778,0.4576271186440678,0,weak_binder
CHEMBL240665,2000.0,2000.0,2000.0,2000.0,1,O=S(=O)(c1ccc(/C=C/c2ccccc2F)nc1)c1ccccc1F,O=S(=O)(c1ccc(/C=C/c2ccccc2F)nc1)c1ccccc1F,357.38100000000003,4.363000000000002,47.03,0,3,4,3,0.0,0.18840579710144928,0,weak_binder
CHEMBL326864,9400.0,9400.0,7800.0,11000.0,2,N#CC(C#N)=Cc1cccn1C1CCN(Cc2ccccc2)CC1,N#CC(C#N)=Cc1cccn1C1CCN(Cc2ccccc2)CC1,316.408,3.755760000000002,55.75,0,3,4,3,0.3,0.42105263157894735,0,weak_binder
CHEMBL238732,2511.89,2511.89,2511.89,2511.89,1,Cc1ccc2c(OCCN3CCC(Cc4cc(F)c5c(c4)NC(=O)CO5)CC3)cc(Cl)cc2n1,Cc1ccc2c(OCCN3CCC(Cc4cc(F)c5c(c4)NC(=O)CO5)CC3)cc(Cl)cc2n1,483.97100000000023,5.0001200000000035,63.69,1,5,6,5,0.3846153846153846,0.4444444444444444,0,weak_binder
CHEMBL2062856,5000.0,5000.0,5000.0,5000.0,1,CCN(CC)[C@@H]1[C@@H](CO)[C@H]2CN(Cc3ccccc3)[C@H](c3ccc(Br)cc3)[C@H]21,CCN(CC)[C@@H]1[C@@H](CO)[C@H]2CN(Cc3ccccc3)[C@H](c3ccc(Br)cc3)[C@H]21,443.4290000000001,4.5709000000000035,26.71,1,3,7,4,0.5,0.22972972972972974,0,weak_binder
CHEMBL254298,10000.0,10000.0,10000.0,10000.0,1,CC1(c2ccccc2)C(=O)Nc2cc(Cl)cc(Cl)c2C1=O,CC1(c2ccccc2)C(=O)Nc2cc(Cl)cc(Cl)c2C1=O,320.17500000000007,4.086100000000002,46.17,1,2,1,3,0.125,0.20270270270270271,0,weak_binder
CHEMBL12624,1584.89,1584.89,1584.89,1584.89,1,Cc1cccc(S(=O)(=O)N2CCC[C@@H]2CCN2CCC(C)CC2)c1,Cc1cccc(S(=O)(=O)N2CCC[C@@H]2CCN2CCC(C)CC2)c1,350.52800000000013,3.270120000000002,40.620000000000005,0,3,5,3,0.6842105263157895,0.37037037037037035,0,weak_binder
CHEMBL229429,10000.0,10000.0,10000.0,10000.0,1,N#Cc1cc(F)cc(C#Cc2csc(CF)n2)c1,N#Cc1cc(F)cc(C#Cc2csc(CF)n2)c1,260.268,3.023180000000001,36.68,0,3,1,2,0.0769230769230769,0.16666666666666666,0,weak_binder
CHEMBL5915445,5248.0,5248.0,5248.0,5248.0,1,Cn1c(SCCCN2CCO[C@H](c3ccc(C(F)(F)F)cc3)C2)nnc1-c1ccc(-c2ncco2)cc1,Cn1c(SCCCN2CCO[C@H](c3ccc(C(F)(F)F)cc3)C2)nnc1-c1ccc(-c2ncco2)cc1,529.5880000000002,5.711600000000005,69.21000000000001,0,7,8,5,0.3461538461538461,0.4942528735632184,0,weak_binder
CHEMBL4870901,2299.935,2299.935,2290.87,2309.0,2,CN(C)C(=O)N[C@H]1CC[C@H](CCNCC2CC2c2cccc3c2OCCO3)CC1,CN(C)C(=O)N[C@H]1CC[C@H](CCNCC2CC2c2cccc3c2OCCO3)CC1,401.5510000000002,3.3710000000000013,62.83000000000001,2,4,7,4,0.6956521739130435,0.38271604938271603,0,weak_binder
CHEMBL3642805,1308.9,1308.9,1308.9,1308.9,1,O=C(Cc1noc2ccccc12)N[C@H]1CC[C@H](CCN2CCN(c3nccc4c3CCO4)CC2)CC1,O=C(Cc1noc2ccccc12)N[C@H]1CC[C@H](CCN2CCN(c3nccc4c3CCO4)CC2)CC1,489.62000000000046,3.587500000000002,83.73,1,7,7,6,0.5357142857142857,0.4470588235294118,0,weak_binder
CHEMBL97158,10000.0,10000.0,10000.0,10000.0,1,Cc1c(S(=O)(=O)Nc2ccc3nccc(N4CCNCC4)c3c2)sc2ccc(Cl)cc12,Cc1c(S(=O)(=O)Nc2ccc3nccc(N4CCNCC4)c3c2)sc2ccc(Cl)cc12,473.0230000000002,4.621720000000003,74.33,2,6,4,5,0.2272727272727272,0.32653061224489793,0,weak_binder
CHEMBL325104,6450.0,6450.0,6300.0,6600.0,2,C#Cc1cccn1C1CCN(Cc2ccccc2)CC1,C#Cc1cccn1C1CCN(Cc2ccccc2)CC1,264.372,3.3065000000000024,8.17,0,1,3,3,0.3333333333333333,0.47058823529411764,0,weak_binder
CHEMBL3976948,3460.0,3460.0,3460.0,3460.0,1,O=C(CCOCCN1CCN(c2cccnc2-c2ccc(F)cc2)CC1)NCc1ccc(C(F)(F)F)cc1,O=C(CCOCCN1CCN(c2cccnc2-c2ccc(F)cc2)CC1)NCc1ccc(C(F)(F)F)cc1,530.5660000000003,4.751600000000003,57.7,1,5,10,4,0.3571428571428571,0.375,0,weak_binder
CHEMBL440511,4130.0,4130.0,4130.0,4130.0,1,c1ccc(-c2nc(CN3CCN(c4cnccn4)CC3)c[nH]2)cc1,c1ccc(-c2nc(CN3CCN(c4cnccn4)CC3)c[nH]2)cc1,320.40000000000003,2.1889000000000003,60.940000000000005,1,5,4,4,0.2777777777777778,0.34285714285714286,0,weak_binder
CHEMBL64260,2850.0,2850.0,2850.0,2850.0,1,COc1cc2c(cc1OC)CN(CCNC(=O)c1cc(C)ccc1OC)CC2,COc1cc2c(cc1OC)CN(CCNC(=O)c1cc(C)ccc1OC)CC2,384.47600000000017,2.8089200000000014,60.03,1,5,7,3,0.4090909090909091,0.36363636363636365,0,weak_binder
CHEMBL335971,58882.0,58882.0,58882.0,58882.0,1,CCCN[C@@H]1CCc2ccc(OC)cc2C1,CCCN[C@@H]1CCc2ccc(OC)cc2C1,219.32799999999995,2.5521000000000003,21.26,1,2,4,2,0.5714285714285714,0.42105263157894735,0,weak_binder
CHEMBL334116,1040.0,1040.0,1040.0,1040.0,1,COc1c(OS(=O)(=O)C(F)(F)F)ccc2c1-c1cccc3c1[C@@H](C2)N(C)CC3,COc1c(OS(=O)(=O)C(F)(F)F)ccc2c1-c1cccc3c1[C@@H](C2)N(C)CC3,413.4170000000002,3.675700000000002,55.84,0,5,3,4,0.3684210526315789,0.4084507042253521,0,weak_binder
CHEMBL61090,1258.93,1258.93,1258.93,1258.93,1,COc1cc2ccccc2cc1CC(=O)CC1CCN(Cc2ccccc2)CC1,COc1cc2ccccc2cc1CC(=O)CC1CCN(Cc2ccccc2)CC1,387.5230000000001,5.262300000000005,29.54,0,3,7,4,0.3461538461538461,0.3835616438356164,0,weak_binder
CHEMBL550392,9800.0,9800.0,8600.0,11000.0,2,Cc1cc2nc(C)c(CN3CCN(c4ccccc4)CC3)n2c(C)n1,Cc1cc2nc(C)c(CN3CCN(c4ccccc4)CC3)n2c(C)n1,335.45500000000015,2.9767600000000014,36.67,0,4,3,4,0.4,0.47058823529411764,0,weak_binder
CHEMBL516944,10000.0,10000.0,10000.0,10000.0,1,O=C1CC(CN2CCN(C(=O)c3ccc(F)cc3)CC2)Cc2occc21,O=C1CC(CN2CCN(C(=O)c3ccc(F)cc3)CC2)Cc2occc21,356.3970000000002,2.6218000000000012,53.760000000000005,0,4,3,4,0.4,0.44776119402985076,0,weak_binder
CHEMBL4100699,104847.0,104847.0,104847.0,104847.0,1,COc1ccc(N2CCC3(CCN(CCCSc4nnc(-c5ccccc5)n4C)CC3)CC2)cc1,COc1ccc(N2CCC3(CCN(CCCSc4nnc(-c5ccccc5)n4C)CC3)CC2)cc1,491.70500000000027,5.3555000000000055,46.42,0,6,8,5,0.5,0.375,0,weak_binder
CHEMBL418758,1438.0,1438.0,1438.0,1438.0,1,OC(COc1cccc2ccccc12)CN1CCC(Cc2ccccc2)CC1,OC(COc1cccc2ccccc12)CN1CCC(Cc2ccccc2)CC1,375.5120000000001,4.534200000000004,32.7,1,3,7,4,0.36,0.36363636363636365,0,weak_binder
CHEMBL5790487,10000.0,10000.0,10000.0,10000.0,2,COc1ccc2c(C3CCN(CCN4CCc5cccnc5C4=O)CC3)noc2c1,COc1ccc2c(C3CCN(CCN4CCc5cccnc5C4=O)CC3)noc2c1,406.48600000000016,3.109300000000002,71.7,0,6,5,5,0.4347826086956521,0.4810126582278481,0,weak_binder
CHEMBL1082211,10000.0,10000.0,10000.0,10000.0,1,C[C@H]1CN(C(=O)c2ccc(-c3ccccc3)cc2)CCN1C(=O)c1ccc2cc[nH]c2c1,C[C@H]1CN(C(=O)c2ccc(-c3ccccc3)cc2)CCN1C(=O)c1ccc2cc[nH]c2c1,423.51600000000013,4.821600000000004,56.41,1,2,3,5,0.1851851851851851,0.24096385542168675,0,weak_binder
CHEMBL5413237,100000.0,100000.0,100000.0,100000.0,1,CCC1(CC)CC(OCCCNCc2cccc(C(F)(F)F)n2)(c2ccccn2)CCO1,CCC1(CC)CC(OCCCNCc2cccc(C(F)(F)F)n2)(c2ccccn2)CCO1,451.5330000000002,5.256400000000005,56.27,1,5,10,3,0.5833333333333334,0.3372093023255814,0,weak_binder
CHEMBL184724,10000.0,10000.0,10000.0,10000.0,1,CC1CN(CCOc2ccccc2Cc2ccccc2)CCO1,CC1CN(CCOc2ccccc2Cc2ccccc2)CCO1,311.4250000000001,3.3769000000000027,21.700000000000003,0,3,6,3,0.4,0.3230769230769231,0,weak_binder
CHEMBL4169755,3195.0,3195.0,3195.0,3195.0,1,C[C@@H]1CN(CCCNC(=O)CN2CCc3ccccc3C2)C[C@H](C)O1,C[C@@H]1CN(CCCNC(=O)CN2CCc3ccccc3C2)C[C@H](C)O1,345.48700000000014,1.6602000000000003,44.81,1,4,6,3,0.65,0.35384615384615387,0,weak_binder
CHEMBL71173,1400.0,1400.0,1400.0,1400.0,1,C1=C(c2nc3ccccc3[nH]2)CCN(Cc2ccccc2)C1,C1=C(c2nc3ccccc3[nH]2)CCN(Cc2ccccc2)C1,289.382,3.8522000000000016,31.92,1,2,3,4,0.2105263157894736,0.43636363636363634,0,weak_binder
CHEMBL5838572,1700.0,1700.0,1700.0,1700.0,2,O=C(N[C@H]1CC[C@H](CCN2CCc3sc(C4=CCOCC4)nc3C2)CC1)c1cccc2ncccc12,O=C(N[C@H]1CC[C@H](CCN2CCc3sc(C4=CCOCC4)nc3C2)CC1)c1cccc2ncccc12,502.6840000000004,5.2320000000000055,67.35000000000001,1,6,6,6,0.4827586206896552,0.37254901960784315,0,weak_binder
CHEMBL3763633,2300.0,2300.0,2300.0,2300.0,1,O=C(NCCN1CCN(c2ccc(Cl)cc2)CC1)c1ccncc1,O=C(NCCN1CCN(c2ccc(Cl)cc2)CC1)c1ccncc1,344.8460000000001,2.287,48.470000000000006,1,4,5,3,0.3333333333333333,0.42857142857142855,0,weak_binder
CHEMBL562384,13500.0,13500.0,10000.0,17000.0,2,Cc1cc2nc(C)c(CN3CCN(c4ccccn4)CC3)n2c(C)n1,Cc1cc2nc(C)c(CN3CCN(c4ccccn4)CC3)n2c(C)n1,336.44300000000015,2.37176,49.56,0,5,3,4,0.4210526315789473,0.37142857142857144,0,weak_binder
CHEMBL4465638,10000.0,10000.0,10000.0,10000.0,1,CCC(=O)Nc1nc(C)c(-c2cn(S(=O)(=O)c3cccc(F)c3)c3ccc(OC)cc23)[nH]1,CCC(=O)Nc1nc(C)c(-c2cn(S(=O)(=O)c3cccc(F)c3)c3ccc(OC)cc23)[nH]1,456.49900000000014,4.073020000000002,106.08,2,5,6,4,0.1818181818181818,0.2804878048780488,0,weak_binder
CHEMBL1712377,10000.0,10000.0,10000.0,10000.0,1,O=C(CCN1CCN(Cc2ccccc2)CC1)Nc1nccs1,O=C(CCN1CCN(Cc2ccccc2)CC1)Nc1nccs1,330.45700000000005,2.2895000000000003,48.470000000000006,1,5,6,3,0.4117647058823529,0.38596491228070173,0,weak_binder
CHEMBL6020343,2400.0,2400.0,2400.0,2400.0,1,Cc1cnc(CC(=O)N[C@H]2CC[C@H](CCN3CCc4ccc(OC5CCC5)nc4CC3)CC2)o1,Cc1cnc(CC(=O)N[C@H]2CC[C@H](CCN3CCc4ccc(OC5CCC5)nc4CC3)CC2)o1,466.6260000000004,4.017720000000003,80.49000000000001,1,6,8,5,0.6666666666666666,0.4020618556701031,0,weak_binder
CHEMBL275707,10000.0,10000.0,10000.0,10000.0,1,C[C@@H]1CN(CCCn2c3ccccc3c3ccccc32)C[C@H](C)N1,C[C@@H]1CN(CCCn2c3ccccc3c3ccccc32)C[C@H](C)N1,321.46800000000013,3.866800000000003,20.2,1,2,4,4,0.4285714285714285,0.2909090909090909,0,weak_binder
CHEMBL6041109,2200.0,2200.0,2200.0,2200.0,1,Cc1ncc(CC(=O)N[C@H]2CC[C@H](CCN3CCc4ccc(OC5CCC5)nc4CC3)CC2)o1,Cc1ncc(CC(=O)N[C@H]2CC[C@H](CCN3CCc4ccc(OC5CCC5)nc4CC3)CC2)o1,466.6260000000004,4.017720000000003,80.49000000000001,1,6,8,5,0.6666666666666666,0.4020618556701031,0,weak_binder
CHEMBL4442332,1318.0,1318.0,1318.0,1318.0,1,COc1ccc2c(c1)c(-c1[nH]c(N)nc1C)cn2S(=O)(=O)c1cccc2ccccc12.Cl,COc1ccc2c(c1)c(-c1[nH]c(N)nc1C)cn2S(=O)(=O)c1cccc2ccccc12,432.50500000000017,4.320820000000002,103.0,2,5,4,5,0.0869565217391304,0.35714285714285715,0,weak_binder
CHEMBL90797,1034.5,1034.5,217.0,1852.0,2,CCCN1CCC[C@@H](c2cccc(C(C)=O)c2)C1,CCCN1CCC[C@@H](c2cccc(C(C)=O)c2)C1,245.366,3.478600000000003,20.31,0,2,4,2,0.5625,0.4716981132075472,0,weak_binder
CHEMBL2115560,10000.0,10000.0,10000.0,10000.0,1,O=C1C[C@]2(CC[C@H](OCc3ccccc3)CC2)OC=C1c1ccccc1,O=C1C[C@]2(CC[C@H](OCc3ccccc3)CC2)OC=C1c1ccccc1,348.44200000000006,4.915100000000004,35.53,0,3,4,4,0.3478260869565217,0.2857142857142857,0,weak_binder
CHEMBL4868275,2590.0,2590.0,2590.0,2590.0,1,CCc1cc(Cl)c(OC)c(C(=O)NC[C@@H]2CCCN2Cc2ccccc2)c1OCc1ccccc1,CCc1cc(Cl)c(OC)c(C(=O)NC[C@@H]2CCCN2Cc2ccccc2)c1OCc1ccccc1,493.04700000000025,5.884400000000006,50.8,1,4,10,4,0.3448275862068966,0.47191011235955055,0,weak_binder
CHEMBL4463737,3802.0,3802.0,3802.0,3802.0,1,COc1ccc2c(c1)c(-c1c(C)nc(N)n1CC(F)F)cn2S(=O)(=O)c1ccccc1,COc1ccc2c(c1)c(-c1c(C)nc(N)n1CC(F)F)cn2S(=O)(=O)c1ccccc1,446.4790000000001,3.9061200000000023,92.14,1,5,6,4,0.1904761904761904,0.3611111111111111,0,weak_binder
CHEMBL3971039,10000.0,10000.0,10000.0,10000.0,1,CN[C@@H]1c2cc3c(ccn3S(=O)(=O)c3ccccc3)cc2[C@@H]1CCO,CN[C@@H]1c2cc3c(ccn3S(=O)(=O)c3ccccc3)cc2[C@@H]1CCO,356.4470000000001,2.6184000000000016,71.33,2,4,5,4,0.2631578947368421,0.2923076923076923,0,weak_binder
CHEMBL4159365,10000.0,10000.0,10000.0,10000.0,1,COC(=O)c1ccc(-c2nc(CN(C)C[C@@H]3Cc4ccccc4O3)c(C)o2)cc1,COC(=O)c1ccc(-c2nc(CN(C)C[C@@H]3Cc4ccccc4O3)c(C)o2)cc1,392.4550000000001,3.8721200000000033,64.8,0,6,6,4,0.3043478260869565,0.26506024096385544,0,weak_binder
CHEMBL4466071,10000.0,10000.0,10000.0,10000.0,1,CCC(=O)Nc1nc(CC)c(-c2cn(S(=O)(=O)c3ccccc3)c3ccc(OC)cc23)[nH]1,CCC(=O)Nc1nc(CC)c(-c2cn(S(=O)(=O)c3ccccc3)c3ccc(OC)cc23)[nH]1,452.5360000000002,4.187900000000003,106.08,2,5,7,4,0.217391304347826,0.3466666666666667,0,weak_binder
CHEMBL77151,10000.0,10000.0,10000.0,10000.0,1,Clc1cccc(N2CCN(Cc3nc4ccccc4[nH]3)CC2)c1,Clc1cccc(N2CCN(Cc3nc4ccccc4[nH]3)CC2)c1,326.8310000000001,3.5385000000000018,35.16,1,3,3,4,0.2777777777777778,0.3898305084745763,0,weak_binder
CHEMBL169889,43500.0,43500.0,43000.0,44000.0,2,COc1ccc(Br)cc1C1=NCC[C@H](CN2CCN(c3ccccc3)CC2)N1,COc1ccc(Br)cc1C1=NCC[C@H](CN2CCN(c3ccccc3)CC2)N1,443.38900000000024,3.3884000000000016,40.1,1,5,5,4,0.4090909090909091,0.323943661971831,0,weak_binder
CHEMBL3642807,1663.0,1663.0,1663.0,1663.0,1,CC(C)(C)c1ccc(C(=O)N[C@H]2CC[C@H](CCN3CCN(c4nccc5c4CCO5)CC3)CC2)cc1,CC(C)(C)c1ccc(C(=O)N[C@H]2CC[C@H](CCN3CCN(c4nccc5c4CCO5)CC3)CC2)cc1,490.6920000000004,4.814900000000005,57.7,1,5,6,5,0.6,0.4625,0,weak_binder
CHEMBL3335554,5500.0,5500.0,5500.0,5500.0,1,FC(F)(F)Oc1ccc(CN2CCO[C@H](CCc3ccccc3)C2)cc1,FC(F)(F)Oc1ccc(CN2CCO[C@H](CCc3ccccc3)C2)cc1,365.395,4.418800000000004,21.700000000000003,0,3,6,3,0.4,0.30985915492957744,0,weak_binder
CHEMBL379238,1500.0,1500.0,1500.0,1500.0,1,CC(C)(CCCN1CCCC(c2cnco2)C1)S(=O)(=O)c1ccccc1,CC(C)(CCCN1CCCC(c2cnco2)C1)S(=O)(=O)c1ccccc1,376.5220000000001,3.886700000000003,63.41,0,5,7,3,0.55,0.35135135135135137,0,weak_binder
CHEMBL64894,1059.0,1059.0,1059.0,1059.0,1,CN(C)c1ccc(C(=C2C=CC(=[N+](C)C)C=C2)c2ccc(N(C)C)cc2)cc1.[Cl-],CN(C)c1ccc(C(=C2C=CC(=[N+](C)C)C=C2)c2ccc(N(C)C)cc2)cc1,372.53600000000006,4.4596000000000044,9.49,0,2,4,3,0.24,0.1728395061728395,0,weak_binder
CHEMBL5758059,2089.0,2089.0,2089.0,2089.0,2,Cn1c(SCCCN2C[C@@H]3CCN(c4c(F)cc(F)cc4F)[C@@H]3C2)nnc1-c1ccc(C(N)=O)nc1,Cn1c(SCCCN2C[C@@H]3CCN(c4c(F)cc(F)cc4F)[C@@H]3C2)nnc1-c1ccc(C(N)=O)nc1,517.5810000000002,3.0862000000000007,93.17,1,7,8,5,0.4166666666666667,0.4574468085106383,0,weak_binder
CHEMBL3335537,100000.0,100000.0,100000.0,100000.0,2,c1ccc(CC[C@@H]2CN(Cc3nc4ccccc4[nH]3)CCO2)cc1,c1ccc(CC[C@@H]2CN(Cc3nc4ccccc4[nH]3)CCO2)cc1,321.42400000000015,3.3965000000000014,41.150000000000006,1,3,5,4,0.35,0.30303030303030304,0,weak_binder
CHEMBL296419,1507.0,1507.0,1507.0,1507.0,1,COc1ccc(CCN2CCC(Nc3nc4ccccc4n3Cc3ccc(F)cc3)CC2)cc1,COc1ccc(CCN2CCC(Nc3nc4ccccc4n3Cc3ccc(F)cc3)CC2)cc1,458.58100000000024,5.351300000000005,42.32,1,4,8,5,0.3214285714285714,0.3246753246753247,0,weak_binder
CHEMBL589390,1089.355,1089.355,630.96,1547.75,2,Cc1ccc2c(c1)c1c(n2CCc2ccc(C)nc2)CCN(C)C1,Cc1ccc2c(c1)c1c(n2CCc2ccc(C)nc2)CCN(C)C1,319.4520000000001,3.883740000000002,21.06,0,2,3,4,0.3809523809523809,0.47540983606557374,0,weak_binder
CHEMBL35114,5000.0,5000.0,5000.0,5000.0,1,COc1ccc(N2CCN(CCC3c4ccccc4C(=O)N3C)CC2)cc1,COc1ccc(N2CCN(CCC3c4ccccc4C(=O)N3C)CC2)cc1,365.47700000000015,3.034200000000002,36.02,0,4,5,4,0.4090909090909091,0.3787878787878788,0,weak_binder
CHEMBL20819,10000.0,10000.0,10000.0,10000.0,1,COc1ccc(N2CCN(CCCCNC(=O)C(C)(C)C)CC2)cc1,COc1ccc(N2CCN(CCCCNC(=O)C(C)(C)C)CC2)cc1,347.5030000000001,2.7597000000000005,44.81,1,4,7,2,0.65,0.484375,0,weak_binder
CHEMBL5935197,2200.0,2200.0,2200.0,2200.0,1,Cn1cc(CC(=O)N[C@H]2CC[C@H](CCN3CCc4ccc(OC5CCC5)nc4CC3)CC2)cn1,Cn1cc(CC(=O)N[C@H]2CC[C@H](CCN3CCc4ccc(OC5CCC5)nc4CC3)CC2)cn1,465.64200000000034,3.4548000000000005,72.28,1,5,8,5,0.6666666666666666,0.42857142857142855,0,weak_binder
CHEMBL543111,10000.0,10000.0,10000.0,10000.0,1,Cl.O=C1C=C(c2ccccc2)OC12CCNCC2,O=C1C=C(c2ccccc2)OC12CCNCC2,229.2789999999999,1.749,38.33,1,3,1,3,0.3571428571428571,0.23076923076923078,0,weak_binder
CHEMBL4079642,114945.0,114945.0,114945.0,114945.0,1,COc1ccccc1N1CCC12CN(CCCSc1nnc(-c3ccccc3)n1C)C2,COc1ccccc1N1CCC12CN(CCCSc1nnc(-c3ccccc3)n1C)C2,435.5970000000001,3.9376000000000033,46.42,0,6,8,5,0.4166666666666667,0.3977272727272727,0,weak_binder
CHEMBL553503,4155.0,4155.0,310.0,8000.0,2,Br.Oc1cc2c(c(Cl)c1O)CCNCC2c1ccccc1,Oc1cc2c(c(Cl)c1O)CCNCC2c1ccccc1,289.762,3.0288000000000013,52.49,3,3,1,3,0.25,0.375,0,weak_binder
CHEMBL1373,100000.0,100000.0,100000.0,100000.0,1,NC(=O)C[S+]([O-])C(c1ccccc1)c1ccccc1,NC(=O)C[S+]([O-])C(c1ccccc1)c1ccccc1,273.357,2.01,66.15,1,2,5,2,0.1333333333333333,0.3148148148148148,0,weak_binder
CHEMBL287513,3600.0,3600.0,3600.0,3600.0,1,Oc1cc2c(cc1O)[C@H]1c3cc4c(nc3CN[C@@H]1CC2)CCCC4,Oc1cc2c(cc1O)[C@H]1c3cc4c(nc3CN[C@@H]1CC2)CCCC4,322.4080000000002,2.921500000000001,65.38,3,4,0,5,0.45,0.2261904761904762,0,weak_binder
CHEMBL5940523,10541.0,10541.0,10541.0,10541.0,2,Cc1nc(N2CCN(CCCCNC(=O)N3CCn4c(C)nnc4C3)CC2)cc(C(C)(C)C)n1,Cc1nc(N2CCN(CCCCNC(=O)N3CCn4c(C)nnc4C3)CC2)cc(C(C)(C)C)n1,469.6380000000003,2.1100400000000006,95.31,1,7,6,4,0.7083333333333334,0.4430379746835443,0,weak_binder
CHEMBL5844516,10000.0,10000.0,10000.0,10000.0,2,O=c1c2cccnc2ccn1CCN1CCN(c2noc3ccccc23)CC1,O=c1c2cccnc2ccn1CCN1CCN(c2noc3ccccc23)CC1,375.4320000000002,2.359900000000001,67.4,0,6,4,5,0.2857142857142857,0.4520547945205479,0,weak_binder
CHEMBL198125,20000.0,20000.0,20000.0,20000.0,2,CCCN(CCC)C1CCn2ncc(CO)c2C1,CCCN(CCC)C1CCn2ncc(CO)c2C1,251.37399999999997,1.8122,41.290000000000006,1,3,6,2,0.7857142857142857,0.34615384615384615,0,weak_binder
CHEMBL148042,19117.0,19117.0,19117.0,19117.0,1,CN1CCCN(C2=Nc3cccnc3Nc3ccc(Cl)cc32)CC1,CN1CCCN(C2=Nc3cccnc3Nc3ccc(Cl)cc32)CC1,341.8460000000002,3.5078000000000022,43.76,1,5,0,4,0.3333333333333333,0.4084507042253521,0,weak_binder
CHEMBL5173624,5500.0,5500.0,5500.0,5500.0,1,COc1ccc(N2CCN(CCCN3CCN(C(=O)c4ccccc4)CC3)CC2)cc1,COc1ccc(N2CCN(CCCN3CCN(C(=O)c4ccccc4)CC3)CC2)cc1,422.5730000000002,2.6653,39.260000000000005,0,5,7,4,0.48,0.4426229508196721,0,weak_binder
CHEMBL3298757,1349.48,1349.48,1348.96,1350.0,2,CC(C)(C)OC(=O)NCCCN1CCC(O)(c2ccc(Cl)cc2)CC1,CC(C)(C)OC(=O)NCCCN1CCC(O)(c2ccc(Cl)cc2)CC1,368.9050000000001,3.5382000000000025,61.8,2,4,5,2,0.631578947368421,0.4838709677419355,0,weak_binder
CHEMBL99054,10000.0,10000.0,10000.0,10000.0,1,Cc1sc(C)c2c1CCCc1nccn1-2,Cc1sc(C)c2c1CCCc1nccn1-2,218.325,3.039340000000001,17.82,0,2,0,3,0.4166666666666667,0.22641509433962265,0,weak_binder
CHEMBL5723021,10000.0,10000.0,10000.0,10000.0,1,CCc1nccn1CCCNCc1cc(=O)c2cc(C)ccc2[nH]1,CCc1nccn1CCCNCc1cc(=O)c2cc(C)ccc2[nH]1,324.42800000000005,2.7753200000000007,62.71,2,3,7,3,0.3684210526315789,0.23404255319148937,0,weak_binder
CHEMBL92373,5800.0,5800.0,5800.0,5800.0,2,COc1ccc2c3c(c(=O)oc2c1)CN(Cc1ccc(Cl)cc1)CC3,COc1ccc2c3c(c(=O)oc2c1)CN(Cc1ccc(Cl)cc1)CC3,355.821,4.013300000000004,42.68,0,4,3,4,0.25,0.323943661971831,0,weak_binder
CHEMBL309015,10000.0,10000.0,10000.0,10000.0,1,C(=C/c1ccccc1)\COCC1CCN(Cc2cccc3ccccc23)CC1,C(=C\c1ccccc1)/COCC1CCN(Cc2cccc3ccccc23)CC1,371.52400000000006,5.781800000000006,12.47,0,2,7,4,0.3076923076923077,0.3013698630136986,0,weak_binder
CHEMBL5429207,7460.0,7460.0,7460.0,7460.0,1,FC(F)(F)c1cccc(N2CCN(CCC3(c4ccccn4)CCOCC3)CC2)n1,FC(F)(F)c1cccc(N2CCN(CCC3(c4ccccn4)CCOCC3)CC2)n1,420.4790000000002,3.755900000000002,41.49,0,5,5,4,0.5454545454545454,0.41333333333333333,0,weak_binder
CHEMBL4756446,9000.0,9000.0,9000.0,9000.0,1,CN(C)CCCN1C(=O)c2ccccc2/C=C\c2ccccc21,CN(C)CCCN1C(=O)c2ccccc2/C=C\c2ccccc21,306.40900000000005,3.768900000000003,23.55,0,2,4,3,0.25,0.39622641509433965,0,weak_binder
CHEMBL5647076,1305.0,1305.0,1305.0,1305.0,1,CCC(Oc1cccc(F)c1F)c1nc(N)nc(N2CCN(C)CC2)n1,CCC(Oc1cccc(F)c1F)c1nc(N)nc(N2CCN(C)CC2)n1,364.40000000000015,2.0139,80.39999999999999,1,7,5,3,0.4705882352941176,0.29577464788732394,0,weak_binder
CHEMBL4077251,21216.0,21216.0,21216.0,21216.0,1,COc1ccccc1N1CC2(CN(CCCSc3nnc(-c4ccccc4)n3C)C2)C1,COc1ccccc1N1CC2(CN(CCCSc3nnc(-c4ccccc4)n3C)C2)C1,435.59700000000015,3.7951000000000024,46.42,0,6,8,5,0.4166666666666667,0.3953488372093023,0,weak_binder
CHEMBL286177,2336.0,2336.0,2336.0,2336.0,1,OC(COc1cccc2ccccc12)CN1CCC(Oc2ccccc2)CC1,OC(COc1cccc2ccccc12)CN1CCC(Oc2ccccc2)CC1,377.4840000000001,4.122900000000004,41.93000000000001,1,4,7,4,0.3333333333333333,0.3023255813953488,0,weak_binder
CHEMBL2432047,10000.0,10000.0,10000.0,10000.0,1,c1cncc(CN[C@H]2C3C4CC5C6C4CC3C6C52)c1,c1cncc(CN[C@H]2C3C4CC5C6C4CC3C6C52)c1,252.361,2.3176000000000005,24.92,1,2,3,6,0.7058823529411765,0.2537313432835821,0,weak_binder
CHEMBL550920,11050.0,11050.0,9100.0,13000.0,2,COc1ccc(N2CCN(Cc3c(C)nc4cc(C)ncn34)CC2)cc1,COc1ccc(N2CCN(Cc3c(C)nc4cc(C)ncn34)CC2)cc1,351.45400000000006,2.676940000000001,45.900000000000006,0,5,4,4,0.4,0.4,0,weak_binder
CHEMBL108297,1200.0,1200.0,1200.0,1200.0,1,NS(=O)(=O)c1ccc(CSc2nc3ccccc3n2Cc2ccc(Cl)cc2)cc1,NS(=O)(=O)c1ccc(CSc2nc3ccccc3n2Cc2ccc(Cl)cc2)cc1,443.9810000000001,4.677700000000003,77.98000000000002,1,4,6,4,0.0952380952380952,0.38235294117647056,0,weak_binder
CHEMBL3642798,3042.0,3042.0,3042.0,3042.0,1,O=C(Cc1ccc2c(c1)OCO2)N[C@H]1CC[C@H](CCN2CCN(c3nccc4c3CCO4)CC2)CC1,O=C(Cc1ccc2c(c1)OCO2)N[C@H]1CC[C@H](CCN2CCN(c3nccc4c3CCO4)CC2)CC1,492.62000000000046,3.1750000000000007,76.16000000000001,1,7,7,6,0.5714285714285714,0.42857142857142855,0,weak_binder
CHEMBL5855629,13804.0,13804.0,13804.0,13804.0,1,Cn1c(SCCCN2CCO[C@H](c3ccc(C(F)(F)F)cc3)C2)nnc1-c1ccc(C(N)=O)cc1,Cn1c(SCCCN2CCO[C@H](c3ccc(C(F)(F)F)cc3)C2)nnc1-c1ccc(C(N)=O)cc1,505.5660000000002,4.155500000000003,86.27000000000001,1,6,8,4,0.375,0.449438202247191,0,weak_binder
CHEMBL46519,10000.0,10000.0,10000.0,10000.0,1,N#Cc1ccc(OCC2CCN(CCF)CC2)cc1,N#Cc1ccc(OCC2CCN(CCF)CC2)cc1,262.3279999999999,2.618580000000001,36.26,0,3,5,2,0.5333333333333333,0.34545454545454546,0,weak_binder
CHEMBL6017904,1100.0,1100.0,1100.0,1100.0,1,Cc1ncc(CC(=O)N[C@H]2CC[C@H](CCN3CCc4ccc(CCC(F)(F)F)nc4CC3)CC2)o1,Cc1ncc(CC(=O)N[C@H]2CC[C@H](CCN3CCc4ccc(CCC(F)(F)F)nc4CC3)CC2)o1,492.5860000000003,4.581320000000004,71.26,1,5,8,4,0.6538461538461539,0.43010752688172044,0,weak_binder
CHEMBL3642761,1304.6,1304.6,1304.6,1304.6,1,Cc1cc(CC(=O)N[C@H]2CC[C@H](CCN3CCN(c4nccc5c4CCO5)CC3)CC2)on1,Cc1cc(CC(=O)N[C@H]2CC[C@H](CCN3CCN(c4nccc5c4CCO5)CC3)CC2)on1,453.58700000000033,2.7427200000000003,83.73,1,7,7,5,0.64,0.44047619047619047,0,weak_binder
CHEMBL240864,2000.0,2000.0,2000.0,2000.0,1,O=S(=O)(c1ccc(/C=C/c2ccncc2)nc1)c1ccccc1F,O=S(=O)(c1ccc(/C=C/c2ccncc2)nc1)c1ccccc1F,340.3790000000001,3.6189000000000022,59.92,0,4,4,3,0.0,0.1896551724137931,0,weak_binder
CHEMBL298612,100000.0,100000.0,100000.0,100000.0,1,Cn1cc(C(=O)C(=O)N[C@@H]2CN3CCC2CC3)c2ccccc21,Cn1cc(C(=O)C(=O)N[C@@H]2CN3CCC2CC3)c2ccccc21,311.385,1.5713999999999997,54.34,1,3,3,5,0.4444444444444444,0.26666666666666666,0,weak_binder
CHEMBL3642712,1488.0,1488.0,1488.0,1488.0,1,COCCC(=O)N[C@H]1CC[C@H](CCN2CCN(c3nccc4c3CCO4)CC2)CC1,COCCC(=O)N[C@H]1CC[C@H](CCN2CCN(c3nccc4c3CCO4)CC2)CC1,416.56600000000026,2.2401,66.93,1,6,8,4,0.7391304347826086,0.4625,0,weak_binder
CHEMBL2111582,50000.0,50000.0,50000.0,50000.0,1,CCCN(C(C)C)[C@@H]1COc2cccc(C(=O)NC(C)C)c2C1,CCCN(C(C)C)[C@@H]1COc2cccc(C(=O)NC(C)C)c2C1,318.46100000000007,3.248700000000002,41.57,1,3,6,2,0.631578947368421,0.2857142857142857,0,weak_binder
CHEMBL46374,10000.0,10000.0,10000.0,10000.0,1,OCCN1CCC(COc2ccc(I)cc2)CC1,OCCN1CCC(COc2ccc(I)cc2)CC1,361.22300000000007,2.3743000000000007,32.7,1,3,5,2,0.5714285714285714,0.32727272727272727,0,weak_binder
CHEMBL3588992,1020.0,1020.0,1020.0,1020.0,1,COc1ccccc1-c1cn(CCC(O)CN2CCN(c3ccccc3OC)CC2)nn1,COc1ccccc1-c1cn(CCC(O)CN2CCN(c3ccccc3OC)CC2)nn1,437.5440000000002,2.5355000000000008,75.88000000000001,1,7,9,4,0.4166666666666667,0.4864864864864865,0,weak_binder
CHEMBL4090862,10000.0,10000.0,10000.0,10000.0,1,CC1=C(CO)Oc2cccc3c2c1cn3S(=O)(=O)c1cccc2ccccc12,CC1=C(CO)Oc2cccc3c2c1cn3S(=O)(=O)c1cccc2ccccc12,391.4480000000001,4.147200000000002,68.53,1,4,3,5,0.0909090909090909,0.2835820895522388,0,weak_binder
CHEMBL104201,15500.0,15500.0,13000.0,18000.0,2,N#CC(C#N)=Cc1ccn(C2CCN(Cc3ccccc3)CC2)c1,N#CC(C#N)=Cc1ccn(C2CCN(Cc3ccccc3)CC2)c1,316.408,3.755760000000003,55.75,0,3,4,3,0.3,0.38333333333333336,0,weak_binder
CHEMBL4559312,10000.0,10000.0,10000.0,10000.0,1,CCn1cncc1-c1c[nH]c2ccc(Br)cc12,CCn1cncc1-c1c[nH]c2ccc(Br)cc12,290.16400000000004,3.8138000000000014,33.61,1,1,2,3,0.1538461538461538,0.2608695652173913,0,weak_binder
CHEMBL5596350,2174.0,2174.0,2174.0,2174.0,1,O=S(=O)(c1cccc(N2CCNCC2)c1)n1cccc1-c1ccccc1,O=S(=O)(c1cccc(N2CCNCC2)c1)n1cccc1-c1ccccc1,367.474,2.8017000000000003,54.34,1,4,4,4,0.2,0.28125,0,weak_binder
CHEMBL2420777,1593.0,1593.0,1593.0,1593.0,1,Clc1ccc(N2CCN(Cc3cccs3)CC2)cc1Cl,Clc1ccc(N2CCN(Cc3cccs3)CC2)cc1Cl,327.2800000000001,4.377100000000003,6.48,0,3,3,3,0.3333333333333333,0.47058823529411764,0,weak_binder
CHEMBL1160787,8000.0,8000.0,8000.0,8000.0,1,Oc1cc2c(c(Cl)c1O)CCNC[C@@H]2c1ccccc1,Oc1cc2c(c(Cl)c1O)CCNC[C@@H]2c1ccccc1,289.762,3.0288000000000013,52.49,3,3,1,3,0.25,0.375,0,weak_binder
CHEMBL5279691,11650.0,11650.0,7300.0,16000.0,2,Cc1cc(C(F)(F)F)nc(Nc2ccccc2-c2nnn[nH]2)n1,Cc1cc(C(F)(F)F)nc(Nc2ccccc2-c2nnn[nH]2)n1,321.266,2.72752,92.27,2,6,3,3,0.1538461538461538,0.1891891891891892,0,weak_binder
CHEMBL3622092,7500.0,7500.0,7500.0,7500.0,1,COc1ccc(NCCN2CCN(Cc3cc4ccccc4[nH]3)CC2)cc1,COc1ccc(NCCN2CCN(Cc3cc4ccccc4[nH]3)CC2)cc1,364.49300000000005,3.406200000000002,43.53,2,4,7,4,0.3636363636363636,0.3333333333333333,0,weak_binder
CHEMBL407818,46550.0,46550.0,6100.0,87000.0,2,Oc1ccc(N2CCN(Cc3cnn4ccccc34)CC2)cc1,Oc1ccc(N2CCN(Cc3cnn4ccccc34)CC2)cc1,308.3850000000001,2.3621,44.010000000000005,1,4,3,4,0.2777777777777778,0.3888888888888889,0,weak_binder
CHEMBL4169236,3436.0,3436.0,3436.0,3436.0,1,CC(C)c1nc2c(N3CCNCC3)ccnc2n1Cc1cccc(F)c1,CC(C)c1nc2c(N3CCNCC3)ccnc2n1Cc1cccc(F)c1,353.4450000000001,3.1517000000000017,45.98,1,4,4,4,0.4,0.2777777777777778,0,weak_binder
CHEMBL5845863,1800.0,1800.0,1800.0,1800.0,2,Cc1cc(OCC(=O)N[C@H]2CC[C@H](CCN3CCc4ccc(OCC(F)(F)F)nc4CC3)CC2)no1,Cc1cc(OCC(=O)N[C@H]2CC[C@H](CCN3CCc4ccc(OCC(F)(F)F)nc4CC3)CC2)no1,510.5570000000003,3.863820000000003,89.72,1,7,9,4,0.64,0.45263157894736844,0,weak_binder
CHEMBL195927,10000.0,10000.0,10000.0,10000.0,1,COc1ccccc1N1CCC(C(=O)Nc2ccc(OC)c(N3CCN(C)CC3)c2)CC1,COc1ccccc1N1CCC(C(=O)Nc2ccc(OC)c(N3CCN(C)CC3)c2)CC1,438.57200000000034,3.3107000000000015,57.28,1,6,6,4,0.48,0.391304347826087,0,weak_binder
CHEMBL40284,1600.0,1600.0,1600.0,1600.0,1,c1ccc(-c2[nH]c3ccccc3c2C2CNCCO2)cc1,c1ccc(-c2[nH]c3ccccc3c2C2CNCCO2)cc1,278.35499999999996,3.495800000000002,37.05,2,2,2,4,0.2222222222222222,0.4230769230769231,0,weak_binder
CHEMBL3322997,1303.0,1303.0,1303.0,1303.0,1,CC(C)(C)c1cc(N2CCN(CCCCNC(=O)c3cn4ccccc4n3)CC2)cc(C(C)(C)C)c1,CC(C)(C)c1cc(N2CCN(CCCCNC(=O)c3cn4ccccc4n3)CC2)cc(C(C)(C)C)c1,489.70800000000025,5.261500000000005,52.879999999999995,1,4,7,4,0.5333333333333333,0.4520547945205479,0,weak_binder
CHEMBL5780626,2200.0,2200.0,2200.0,2200.0,1,Cc1cnc(CC(=O)N[C@H]2CC[C@](F)(CCN3CCc4nc(OCCC(F)(F)F)sc4CC3)CC2)o1,Cc1cnc(CC(=O)N[C@H]2CC[C@](F)(CCN3CCc4nc(OCCC(F)(F)F)sc4CC3)CC2)o1,532.6040000000003,4.571220000000005,80.49000000000001,1,7,9,4,0.7083333333333334,0.4536082474226804,0,weak_binder
CHEMBL4483304,3631.0,3631.0,3631.0,3631.0,1,CCC(=O)Nc1nc(C)c(-c2ccc3ccn(S(=O)(=O)c4ccccc4)c3c2)[nH]1,CCC(=O)Nc1nc(C)c(-c2ccc3ccn(S(=O)(=O)c4ccccc4)c3c2)[nH]1,408.4830000000001,3.925320000000002,96.85,2,4,5,4,0.1428571428571428,0.26666666666666666,0,weak_binder
CHEMBL456674,629000.0,629000.0,629000.0,629000.0,1,COc1cccc(CCc2ccccc2OCCN2CCN(c3ncccn3)CC2)c1,COc1cccc(CCc2ccccc2OCCN2CCN(c3ncccn3)CC2)c1,418.5410000000002,3.4714000000000027,50.720000000000006,0,6,9,4,0.36,0.4,0,weak_binder
CHEMBL160626,44000.0,44333.333333333336,44000.0,45000.0,3,N#Cc1cccc2c(CN3CCN(c4ccc(Cl)cc4)CC3)cnn12,N#Cc1cccc2c(CN3CCN(c4ccc(Cl)cc4)CC3)cnn12,351.84100000000007,3.181580000000001,47.57000000000001,0,4,3,4,0.2631578947368421,0.3333333333333333,0,weak_binder
CHEMBL372020,2645.0,2980.0,130.0,6500.0,4,CCCN(CCC)[C@H]1CCn2c(C#N)ccc2C1,CCCN(CCC)[C@H]1CCn2c(C#N)ccc2C1,245.37,2.7965800000000014,31.96,0,2,5,2,0.6666666666666666,0.40816326530612246,0,weak_binder
CHEMBL2432049,9906.0,9906.0,9906.0,9906.0,1,c1ccc(CCN[C@H]2C3C4CC5C6C4CC3C6C52)nc1,c1ccc(CCN[C@H]2C3C4CC5C6C4CC3C6C52)nc1,266.388,2.3601,24.92,1,2,4,6,0.7222222222222222,0.22727272727272727,0,weak_binder
CHEMBL5750884,2291.0,2291.0,2291.0,2291.0,2,Cn1c(SCCCN2CC3CCN(c4c(F)cccc4F)C3C2)nnc1-c1cc[nH]c(=O)c1,Cn1c(SCCCN2CC3CCN(c4c(F)cccc4F)C3C2)nnc1-c1cc[nH]c(=O)c1,472.5650000000001,3.1415000000000015,70.05,1,6,7,5,0.4347826086956521,0.4777777777777778,0,weak_binder
CHEMBL4451231,17670.0,17670.0,17670.0,17670.0,1,O=c1c(-c2ccccc2)c2ccccn2c(=O)n1CCCCN1CCCC(c2c[nH]c3ccccc23)C1,O=c1c(-c2ccccc2)c2ccccn2c(=O)n1CCCCN1CCCC(c2c[nH]c3ccccc23)C1,492.62300000000033,5.269300000000005,62.51,1,3,7,6,0.2903225806451613,0.38823529411764707,0,weak_binder
CHEMBL5852231,10000.0,10000.0,10000.0,10000.0,1,Cn1c(CCCCN2CC[C@@]3(C[C@@H]3c3ccc(C(F)(F)F)cc3)C2)nnc1C1CCOCC1,Cn1c(CCCCN2CC[C@@]3(C[C@@H]3c3ccc(C(F)(F)F)cc3)C2)nnc1C1CCOCC1,462.5600000000003,4.930200000000005,43.18000000000001,0,4,7,5,0.68,0.4588235294117647,0,weak_binder
CHEMBL5778251,1300.0,1300.0,1300.0,1300.0,1,Cn1cc(CC(=O)N[C@H]2CC[C@](F)(CCN3CCc4nc(OCC(F)F)sc4CC3)CC2)c(F)n1,Cn1cc(CC(=O)N[C@H]2CC[C@](F)(CCN3CCc4nc(OCC(F)F)sc4CC3)CC2)c(F)n1,517.5930000000002,3.4601000000000015,72.28,1,6,9,4,0.6956521739130435,0.4166666666666667,0,weak_binder
CHEMBL240876,2000.0,2000.0,2000.0,2000.0,1,O=S(=O)(c1ccc(/C=C/c2ccc(F)cc2O)nc1)c1ccccc1F,O=S(=O)(c1ccc(/C=C/c2ccc(F)cc2O)nc1)c1ccccc1F,373.38000000000005,4.068600000000002,67.26,1,4,4,3,0.0,0.2,0,weak_binder
CHEMBL4204595,10000.0,10000.0,10000.0,10000.0,1,CCn1cncc1-c1c[nH]c2ccc(OC)cc12,CCn1cncc1-c1c[nH]c2ccc(OC)cc12,241.294,3.0599000000000007,42.84,1,2,3,3,0.2142857142857142,0.3181818181818182,0,weak_binder
CHEMBL487760,854000.0,854000.0,854000.0,854000.0,1,COc1cccc(CCc2ccccc2OCCCCN2CCN(c3ncccn3)CC2)c1,COc1cccc(CCc2ccccc2OCCCCN2CCN(c3ncccn3)CC2)c1,446.59500000000025,4.251600000000003,50.720000000000006,0,6,11,4,0.4074074074074074,0.4084507042253521,0,weak_binder
CHEMBL516088,3828.0,3828.0,3828.0,3828.0,1,COc1c(OCCF)cccc1C(=O)C1CCN(CCc2ccc(F)cc2)CC1,COc1c(OCCF)cccc1C(=O)C1CCN(CCc2ccc(F)cc2)CC1,403.4690000000002,4.320000000000004,38.77,0,4,9,3,0.4347826086956521,0.3717948717948718,0,weak_binder
CHEMBL5986925,2200.0,2200.0,2200.0,2200.0,1,Cc1ncc(CC(=O)N[C@H]2CC[C@H](CCN3CCc4cc(F)c(OCC(F)F)nc4CC3)CC2)o1,Cc1ncc(CC(=O)N[C@H]2CC[C@H](CCN3CCc4cc(F)c(OCC(F)F)nc4CC3)CC2)o1,494.5580000000003,3.8694200000000025,80.49000000000001,1,6,9,4,0.64,0.37373737373737376,0,weak_binder
CHEMBL542709,1417.0,1417.0,1417.0,1417.0,1,COc1ccc(CN2CCC3(CCc4ccccc4C3=O)CC2)cc1.Cl,COc1ccc(CN2CCC3(CCc4ccccc4C3=O)CC2)cc1,335.4470000000001,4.106500000000004,29.54,0,3,3,4,0.4090909090909091,0.4166666666666667,0,weak_binder
CHEMBL2391541,10000.0,10000.0,10000.0,10000.0,2,C=CCN(CC=C)CCc1c[nH]c2ccc(OC)cc12,C=CCN(CC=C)CCc1c[nH]c2ccc(OC)cc12,270.37600000000003,3.3930000000000016,28.26,1,2,8,2,0.2941176470588235,0.3026315789473684,0,weak_binder
CHEMBL6008815,10000.0,10000.0,10000.0,10000.0,2,O=c1c2cnccc2ccn1CCN1CCN(c2noc3ccccc23)CC1,O=c1c2cnccc2ccn1CCN1CCN(c2noc3ccccc23)CC1,375.4320000000002,2.359900000000001,67.4,0,6,4,5,0.2857142857142857,0.44,0,weak_binder
CHEMBL336962,3206.0,3206.0,3206.0,3206.0,1,CCCN[C@H]1CCc2ccc(OC)cc2C1,CCCN[C@H]1CCc2ccc(OC)cc2C1,219.32799999999995,2.5521000000000003,21.26,1,2,4,2,0.5714285714285714,0.42105263157894735,0,weak_binder
CHEMBL74355,1300.0,1537.5,1300.0,2250.0,4,COc1cccc([C@H](O)C2CCN(CCc3ccc(F)cc3)CC2)c1OC,COc1cccc([C@H](O)C2CCN(CCc3ccc(F)cc3)CC2)c1OC,373.4680000000002,3.831000000000003,41.93000000000001,1,4,7,3,0.4545454545454545,0.32894736842105265,0,weak_binder
CHEMBL214739,5000.0,5000.0,5000.0,5000.0,1,COc1cccc(CCc2ccccc2OCc2ccccc2)c1,COc1cccc(CCc2ccccc2OCc2ccccc2)c1,318.416,5.059400000000005,18.46,0,2,7,3,0.1818181818181818,0.3076923076923077,0,weak_binder
CHEMBL69259,10000.0,10000.0,10000.0,10000.0,1,CN1CCC2(CC1)OC(C)(c1ccccc1)CC2=O.O=C(O)/C=C/C(=O)O,CN1CCC2(CC1)OC(C)(c1ccccc1)CC2=O,259.349,2.355600000000001,29.54,0,3,1,3,0.5625,0.2631578947368421,0,weak_binder
CHEMBL3323004,1452.0,1452.0,1452.0,1452.0,3,CC(C)(C)c1nc(N2CCN(CCCCNC(=O)c3cn4ccccc4n3)CC2)c2ccccc2n1,CC(C)(C)c1nc(N2CCN(CCCCNC(=O)c3cn4ccccc4n3)CC2)c2ccccc2n1,485.6360000000002,3.9072000000000022,78.66000000000001,1,6,7,5,0.4285714285714285,0.4230769230769231,0,weak_binder
CHEMBL3764884,7593.639999999999,7593.639999999999,7244.0,7943.28,2,Cn1c(SCCCN2CCOC(c3ccc(C(F)(F)F)cc3)C2)nnc1-c1nccs1,Cn1c(SCCCN2CCOC(c3ccc(C(F)(F)F)cc3)C2)nnc1-c1nccs1,469.5580000000001,4.513100000000004,56.07,0,7,7,4,0.45,0.4823529411764706,0,weak_binder
CHEMBL141035,1625.0,1625.0,950.0,2300.0,2,N#Cc1ccc2[nH]c(CN3CCN(c4ccccc4Cl)CC3)cc2c1,N#Cc1ccc2[nH]c(CN3CCN(c4ccccc4Cl)CC3)cc2c1,350.8530000000001,4.0151800000000035,46.06,1,3,3,4,0.25,0.40625,0,weak_binder
CHEMBL5975641,1700.0,1700.0,1700.0,1700.0,1,CC(C)Oc1ccc2c(n1)CCN(CC[C@H]1CC[C@H](NC(=O)c3cccc4c(=O)n(C)ccc34)CC1)CC2,CC(C)Oc1ccc2c(n1)CCN(CC[C@H]1CC[C@H](NC(=O)c3cccc4c(=O)n(C)ccc34)CC1)CC2,516.6860000000001,4.500200000000004,76.46000000000001,1,5,7,5,0.5161290322580645,0.38,0,weak_binder
CHEMBL350161,20000.0,20000.0,20000.0,20000.0,2,CCCN(CCC)C1CCC(=CC#N)CC1,CCCN(CCC)C1CCC(=CC#N)CC1,220.35999999999996,3.500980000000003,27.03,0,2,5,1,0.7857142857142857,0.4186046511627907,0,weak_binder
CHEMBL240887,2000.0,2000.0,2000.0,2000.0,3,[O-][S+](c1ccccc1)c1ccc(/C=C/c2ccc(F)cc2F)nc1,[O-][S+](c1ccccc1)c1ccc(/C=C/c2ccc(F)cc2F)nc1,341.382,4.696900000000003,35.95,0,2,4,3,0.0,0.19696969696969696,0,weak_binder
CHEMBL5415842,1240.0,1240.0,1240.0,1240.0,1,CCC1(CC)CC(OCCCN2CCN(c3cccc(C(F)(F)F)n3)CC2)(c2ccccn2)CCO1,CCC1(CC)CC(OCCCN2CCN(c3cccc(C(F)(F)F)n3)CC2)(c2ccccn2)CCO1,506.6130000000002,5.2888000000000055,50.72,0,6,9,4,0.6296296296296297,0.4875,0,weak_binder
CHEMBL540033,10000.0,10000.0,10000.0,10000.0,1,CN(C)CCC1(c2ccccc2)OC=CC1=O.Cl,CN(C)CCC1(c2ccccc2)OC=CC1=O,231.295,1.9466,29.54,0,3,4,2,0.3571428571428571,0.2545454545454545,0,weak_binder
CHEMBL1086789,1476.0,1476.0,1476.0,1476.0,1,c1ccc2c(c1)CCN1CCc3[nH]c4ccccc4c3C21,c1ccc2c(c1)CCN1CCc3[nH]c4ccccc4c3C21,274.367,3.6715000000000018,19.03,1,1,0,5,0.2631578947368421,0.4074074074074074,0,weak_binder
CHEMBL63329,5940.0,5940.0,5940.0,5940.0,1,Cc1ccc2c(c1)C(N1CCN(C)CC1)=Nc1cccnc1N2,Cc1ccc2c(c1)C(N1CCN(C)CC1)=Nc1cccnc1N2,307.40099999999995,2.7727200000000005,43.76,1,5,0,4,0.3333333333333333,0.39344262295081966,0,weak_binder
CHEMBL93703,1584.89,1584.89,1584.89,1584.89,1,CN(CCCCNC(=O)c1ccc(-c2ccccc2)cc1)C1CCc2nc(N)ncc2C1,CN(CCCCNC(=O)c1ccc(-c2ccccc2)cc1)C1CCc2nc(N)ncc2C1,429.56800000000027,3.725100000000002,84.14,2,5,8,4,0.3461538461538461,0.47435897435897434,0,weak_binder
CHEMBL392888,59000.0,59000.0,59000.0,59000.0,1,CN(/C=N/c1ccc2c(c1)C(O)CC2)Cc1ccccc1,CN(/C=N/c1ccc2c(c1)C(O)CC2)Cc1ccccc1,280.371,3.458000000000002,35.83,1,2,4,3,0.2777777777777778,0.2878787878787879,0,weak_binder
CHEMBL240023,42000.0,42000.0,42000.0,42000.0,1,CCCOC1CCCc2ccc(/N=C/N3CCc4cc(OC)c(OC)cc4C3)cc21,CCCOC1CCCc2ccc(/N=C/N3CCc4cc(OC)c(OC)cc4C3)cc21,408.5420000000002,5.2259000000000055,43.290000000000006,0,4,7,4,0.48,0.2714285714285714,0,weak_binder
CHEMBL5804691,10000.0,10000.0,10000.0,10000.0,1,COc1ncc2c(n1)CCN(CCN1CCN(c3noc4ccccc34)CC1)C2=O,COc1ncc2c(n1)CCN(CCN1CCN(c3noc4ccccc34)CC1)C2=O,408.46200000000016,1.4468999999999994,87.83000000000001,0,8,5,5,0.4285714285714285,0.4605263157894737,0,weak_binder
CHEMBL3642778,1950.0,1950.0,1950.0,1950.0,1,Cc1cc2c(c(N3CCN(CC[C@H]4CC[C@H](NC(=O)C5CCOCC5)CC4)CC3)n1)CCO2,Cc1cc2c(c(N3CCN(CC[C@H]4CC[C@H](NC(=O)C5CCOCC5)CC4)CC3)n1)CCO2,456.6310000000005,2.938620000000001,66.93,1,6,6,5,0.7692307692307693,0.4666666666666667,0,weak_binder
CHEMBL1256786,13000.0,13000.0,13000.0,13000.0,1,COc1ccc(CC(C)NCC(O)c2ccc(O)c(NC=O)c2)cc1,COc1ccc(CC(C)NCC(O)c2ccc(O)c(NC=O)c2)cc1,344.41100000000006,2.2233,90.82,4,5,9,2,0.3157894736842105,0.27631578947368424,0,weak_binder
CHEMBL3764739,6458.285,6458.285,6309.57,6607.0,2,Cn1cccc1-c1nnc(SCCCN2CCOC(c3ccc(C(F)(F)F)cc3)C2)n1C,Cn1cccc1-c1nnc(SCCCN2CCOC(c3ccc(C(F)(F)F)cc3)C2)n1C,465.5450000000002,4.395100000000004,48.11000000000001,0,5,7,4,0.4545454545454545,0.47058823529411764,0,weak_binder
CHEMBL358075,1500.0,1333.3333333333333,1000.0,1500.0,3,O=S(=O)(c1ccc(F)cc1)C1CCN(CCc2ccc(F)cc2F)CC1,O=S(=O)(c1ccc(F)cc1)C1CCN(CCc2ccc(F)cc2F)CC1,383.43500000000006,3.5847000000000024,37.38,0,3,5,3,0.3684210526315789,0.36507936507936506,0,weak_binder
CHEMBL3323006,3646.0,3646.0,3646.0,3646.0,1,Cc1cc(N2CCN(CCCCNC(=O)c3cn4ccccc4n3)CC2)nc(C(F)(F)F)n1,Cc1cc(N2CCN(CCCCNC(=O)c3cn4ccccc4n3)CC2)nc(C(F)(F)F)n1,461.49200000000013,2.7837200000000006,78.66,1,6,7,4,0.4545454545454545,0.45,0,weak_binder
CHEMBL5633074,1004.0,1004.0,1004.0,1004.0,1,CCC(Sc1cc(Cl)ccc1Cl)c1nc(N)nc(N2CCN(C)CC2)n1,CCC(Sc1cc(Cl)ccc1Cl)c1nc(N)nc(N2CCN(C)CC2)n1,413.3780000000002,3.7558000000000016,71.17,1,7,5,3,0.4705882352941176,0.29577464788732394,0,weak_binder
CHEMBL37604,1209.0,1209.0,1209.0,1209.0,1,Cc1ccc(C2CCN(CCC3NC(=O)c4ccccc43)CC2)cc1C,Cc1ccc(C2CCN(CCC3NC(=O)c4ccccc43)CC2)cc1C,348.4900000000002,4.3576400000000035,32.34,1,2,4,4,0.4347826086956521,0.3333333333333333,0,weak_binder
CHEMBL3754166,4365.16,4365.16,4365.16,4365.16,1,C=CCN(CC=C)CCc1c[nH]c2ccc(Br)cc12,C=CCN(CC=C)CCc1c[nH]c2ccc(Br)cc12,319.24600000000004,4.146900000000003,19.03,1,1,7,2,0.25,0.328125,0,weak_binder
CHEMBL2062854,66000.0,66000.0,66000.0,66000.0,1,C[C@@H]1[C@@H]2[C@H](CN1Cc1ccccc1)[C@H](CO)[C@H]2N1CCCC1,C[C@@H]1[C@@H]2[C@H](CN1Cc1ccccc1)[C@H](CO)[C@H]2N1CCCC1,300.4460000000002,2.2096,26.71,1,3,4,4,0.6842105263157895,0.26229508196721313,0,weak_binder
CHEMBL492034,10000.0,10000.0,10000.0,10000.0,1,Cc1ccc(N2CCN(C[C@H]3C[C@]3(C)c3ccccc3)CC2)c(C)c1,Cc1ccc(N2CCN(C[C@H]3C[C@]3(C)c3ccccc3)CC2)c(C)c1,334.5070000000002,4.403240000000004,6.48,0,2,4,4,0.4782608695652174,0.3333333333333333,0,weak_binder
CHEMBL4750660,12400.0,12400.0,12400.0,12400.0,1,[O-][S+](CCNC1CCN(Cc2ccc(F)cc2)CC1)C(c1ccc(F)cc1)c1ccc(F)cc1,[O-][S+](CCNC1CCN(Cc2ccc(F)cc2)CC1)C(c1ccc(F)cc1)c1ccc(F)cc1,486.6030000000002,5.196200000000005,38.33,1,3,9,4,0.3333333333333333,0.4262295081967213,0,weak_binder
CHEMBL4084262,10895.0,10895.0,10895.0,10895.0,1,COc1ccccc1N1CCC2(CCN(CCCSc3nnc(-c4ccccc4)n3C)CC2)CC1,COc1ccccc1N1CCC2(CCN(CCCSc3nnc(-c4ccccc4)n3C)CC2)CC1,491.7050000000002,5.3555000000000055,46.42,0,6,8,5,0.5,0.42028985507246375,0,weak_binder
CHEMBL5434856,17400.0,17400.0,17400.0,17400.0,1,COc1ccc(C2CCN(CCCc3nc4ccccc4s3)CC2)nc1,COc1ccc(C2CCN(CCCc3nc4ccccc4s3)CC2)nc1,367.5180000000001,4.512100000000004,38.25,0,5,6,4,0.4285714285714285,0.4603174603174603,0,weak_binder
CHEMBL5272162,2100.0,2100.0,2100.0,2100.0,1,OCc1[nH]c2ccccc2c1CN1CCN(c2ccccc2)CC1,OCc1[nH]c2ccccc2c1CN1CCN(c2ccccc2)CC1,321.42400000000004,2.982400000000001,42.5,2,3,4,4,0.3,0.3898305084745763,0,weak_binder
CHEMBL2420775,10000.0,10000.0,10000.0,10000.0,1,Fc1ccc(N2CCN(Cc3cccs3)CC2)cc1,Fc1ccc(N2CCN(Cc3cccs3)CC2)cc1,276.38,3.2094000000000023,6.48,0,3,3,3,0.3333333333333333,0.3382352941176471,0,weak_binder
CHEMBL4845947,10000.0,10000.0,10000.0,10000.0,2,O=C1CCc2cc(C(=O)CCCN3CCN(c4ccccn4)CC3)ccc2N1,O=C1CCc2cc(C(=O)CCCN3CCN(c4ccccn4)CC3)ccc2N1,378.47600000000006,2.7514000000000003,65.54,1,5,6,4,0.4090909090909091,0.44155844155844154,0,weak_binder
CHEMBL19344,3900.0,3900.0,3900.0,3900.0,1,Oc1ccc(CC2NCCc3cc(O)c(O)cc32)cc1,Oc1ccc(CC2NCCc3cc(O)c(O)cc32)cc1,271.316,2.2329,72.72,4,4,2,3,0.25,0.25,0,weak_binder
CHEMBL1259071,86500.0,86500.0,73000.0,100000.0,2,Cc1ccc(CNCC2(F)CCN(C(=O)c3cc(Br)cs3)CC2)nc1,Cc1ccc(CNCC2(F)CCN(C(=O)c3cc(Br)cs3)CC2)nc1,426.3550000000001,3.948120000000003,45.23,1,4,5,3,0.4444444444444444,0.30434782608695654,0,weak_binder
CHEMBL316942,10000.0,10000.0,10000.0,10000.0,1,Cc1sc(C)c2c1CCCc1cnn(-c3ccccc3)c1-2,Cc1sc(C)c2c1CCCc1cnn(-c3ccccc3)c1-2,294.423,4.7063400000000035,17.82,0,2,1,4,0.2777777777777778,0.38461538461538464,0,weak_binder
CHEMBL5400983,14000.0,14000.0,14000.0,14000.0,1,Clc1ccc2sc(CCCN3CCN(c4ccccn4)CC3)nc2c1,Clc1ccc2sc(CCCN3CCN(c4ccccn4)CC3)nc2c1,372.92500000000007,4.099500000000003,32.260000000000005,0,5,5,4,0.3684210526315789,0.4142857142857143,0,weak_binder
CHEMBL497877,1700.0,1700.0,1700.0,1700.0,1,F[C@@H]1CCNC[C@H]1c1c(-c2ccccc2)[nH]c2ccccc12,F[C@@H]1CCNC[C@H]1c1c(-c2ccccc2)[nH]c2ccccc12,294.37300000000005,4.249900000000003,27.82,2,1,2,4,0.2631578947368421,0.4423076923076923,0,weak_binder
CHEMBL5890745,3690.0,3690.0,3690.0,3690.0,2,CC(C)c1ncc2c(=O)n(CCN3CCN(c4nsc5ccccc45)CC3)ccc2n1,CC(C)c1ncc2c(=O)n(CCN3CCN(c4nsc5ccccc45)CC3)ccc2n1,434.5690000000002,3.3468000000000018,67.15,0,7,5,5,0.391304347826087,0.4805194805194805,0,weak_binder
CHEMBL3642785,4510.0,4510.0,4510.0,4510.0,1,Cc1cnc(N2CCN(CC[C@H]3CC[C@H](NC(=O)C4CCOCC4)CC3)CC2)c2c1OCC2,Cc1cnc(N2CCN(CC[C@H]3CC[C@H](NC(=O)C4CCOCC4)CC3)CC2)c2c1OCC2,456.6310000000005,2.938620000000001,66.93,1,6,6,5,0.7692307692307693,0.4342105263157895,0,weak_binder
CHEMBL5277859,10200.0,10200.0,10200.0,10200.0,1,CCOC(=O)N1CCN(Cc2cnn(-c3ccc(Cl)cc3)c2)CC1,CCOC(=O)N1CCN(Cc2cnn(-c3ccc(Cl)cc3)c2)CC1,348.8340000000001,2.799800000000001,50.6,0,4,4,3,0.4117647058823529,0.3787878787878788,0,weak_binder
CHEMBL4440402,10000.0,10000.0,10000.0,10000.0,1,CCC(=O)Nc1nc(C)c(-c2cn(S(=O)(=O)c3ccccc3)c3ccc(OC)cc23)[nH]1,CCC(=O)Nc1nc(C)c(-c2cn(S(=O)(=O)c3ccccc3)c3ccc(OC)cc23)[nH]1,438.5090000000001,3.9339200000000023,106.08,2,5,6,4,0.1818181818181818,0.35135135135135137,0,weak_binder
CHEMBL4453478,3494.0,3494.0,3494.0,3494.0,1,CCCN(CCCCNC(=O)c1cc2ccccc2[nH]1)CC1CC1c1cccc(Cl)c1.Cl,CCCN(CCCCNC(=O)c1cc2ccccc2[nH]1)CC1CC1c1cccc(Cl)c1,438.0150000000002,5.847000000000006,48.13,2,2,11,4,0.4230769230769231,0.47191011235955055,0,weak_binder
CHEMBL64668,3525.0,3525.0,3250.0,3800.0,2,COc1ccc(Br)cc1-c1nc(CN(C)C[C@@H]2CCN(Cc3ccccc3)C2)co1,COc1ccc(Br)cc1-c1nc(CN(C)C[C@@H]2CCN(Cc3ccccc3)C2)co1,470.4110000000003,5.066600000000005,41.74,0,5,8,4,0.375,0.29545454545454547,0,weak_binder
CHEMBL3763200,12169.125,12169.125,11749.0,12589.25,2,Cn1c(SCCCN2CCOC(c3ccc(C(F)(F)F)cc3)C2)nnc1-c1ccncc1,Cn1c(SCCCN2CCOC(c3ccc(C(F)(F)F)cc3)C2)nnc1-c1ccncc1,463.5290000000001,4.4516000000000036,56.07,0,6,7,4,0.4090909090909091,0.4878048780487805,0,weak_binder
CHEMBL5992622,10000.0,10000.0,10000.0,10000.0,2,O=C1c2ncccc2CCN1CCN1CCC(c2noc3cccc(F)c23)CC1,O=C1c2ncccc2CCN1CCN1CCC(c2noc3cccc(F)c23)CC1,394.4500000000001,3.2398000000000016,62.470000000000006,0,5,4,5,0.4090909090909091,0.44871794871794873,0,weak_binder
CHEMBL354845,100000.0,100000.0,100000.0,100000.0,1,CCCN1CCO[C@H]2c3cc4c(cc3OC[C@H]21)CCO4,CCCN1CCO[C@H]2c3cc4c(cc3OC[C@H]21)CCO4,275.348,2.1658,30.930000000000003,0,4,2,4,0.625,0.43333333333333335,0,weak_binder
CHEMBL597094,10000.0,10000.0,10000.0,10000.0,1,C[C@@H]1Cc2ccc3c(c2O1)-c1cccc2c1[C@@H](C3)N(C)CC2,C[C@@H]1Cc2ccc3c(c2O1)-c1cccc2c1[C@@H](C3)N(C)CC2,291.39400000000006,3.762100000000002,12.47,0,2,0,5,0.4,0.45,0,weak_binder
CHEMBL1258999,27500.0,27500.0,27000.0,28000.0,2,Cc1ccc(CNCC2(F)CCN(C(=O)c3coc4ccccc34)CC2)nc1,Cc1ccc(CNCC2(F)CCN(C(=O)c3coc4ccccc34)CC2)nc1,381.45100000000014,3.870320000000003,58.370000000000005,1,4,5,4,0.3636363636363636,0.3225806451612903,0,weak_binder
CHEMBL4460592,5495.41,5495.41,5495.41,5495.41,1,O=C(NCCCCN1CCc2ncsc2CC1)C12CC3CC(CC(C3)C1)C2,O=C(NCCCCN1CCc2ncsc2CC1)C12CC3CC(CC(C3)C1)C2,387.5930000000003,3.656500000000002,45.23,1,4,6,6,0.8181818181818182,0.40298507462686567,0,weak_binder
CHEMBL316584,3676.0,3676.0,3676.0,3676.0,1,Oc1ccc2c(c1)C1OCCN(CCc3ccccc3)C1CC2,Oc1ccc2c(c1)C1OCCN(CCc3ccccc3)C1CC2,309.40900000000005,3.323000000000002,32.7,1,3,3,4,0.4,0.4666666666666667,0,weak_binder
CHEMBL75678,10000.0,10000.0,10000.0,10000.0,1,C(#Cc1ccccc1)COCCC1CCN(CC2CC2)CC1,C(#Cc1ccccc1)COCCC1CCN(CC2CC2)CC1,297.44200000000006,3.5668000000000024,12.47,0,2,6,3,0.6,0.2698412698412698,0,weak_binder
CHEMBL594798,2724.0,2724.0,2724.0,2724.0,1,Cc1ccccc1CC1c2ccc(O)cc2CCN1C,Cc1ccccc1CC1c2ccc(O)cc2CCN1C,267.372,3.4723200000000025,23.47,1,2,2,3,0.3333333333333333,0.37735849056603776,0,weak_binder
CHEMBL3622102,4100.0,4100.0,4100.0,4100.0,1,CCCN(CCN1CCN(Cc2cc3ccccc3[nH]2)CC1)Cc1ccc(OC)cc1,CCCN(CCN1CCN(Cc2cc3ccccc3[nH]2)CC1)Cc1ccc(OC)cc1,420.6010000000002,4.206300000000003,34.739999999999995,1,4,10,4,0.4615384615384615,0.3424657534246575,0,weak_binder
CHEMBL4161308,2941.0,2941.0,2941.0,2941.0,1,CC(C)c1nc2c(N3CCNCC3)ccnc2n1Cc1cccc(Cl)c1,CC(C)c1nc2c(N3CCNCC3)ccnc2n1Cc1cccc(Cl)c1,369.9000000000001,3.666000000000002,45.98,1,4,4,4,0.4,0.29577464788732394,0,weak_binder
CHEMBL2031876,10000.0,10000.0,10000.0,10000.0,1,C[C@@H]1CCCN1C(=O)c1ccc(-c2ccc3c(c2)CCN(CCN2CCCC2)C3=O)cc1,C[C@@H]1CCCN1C(=O)c1ccc(-c2ccc3c(c2)CCN(CCN2CCCC2)C3=O)cc1,431.5800000000004,4.072200000000003,43.86000000000001,0,3,5,5,0.4814814814814814,0.32558139534883723,0,weak_binder
CHEMBL4452121,10000.0,10000.0,10000.0,10000.0,1,CCn1cncc1-c1c[nH]c2ccc(Cl)cc12,CCn1cncc1-c1c[nH]c2ccc(Cl)cc12,245.713,3.7047000000000017,33.61,1,1,2,3,0.1538461538461538,0.3150684931506849,0,weak_binder
CHEMBL5723030,10000.0,10000.0,10000.0,10000.0,1,O=c1cc(CNCCCc2nnc3ccccn23)[nH]c2ccc(F)cc12,O=c1cc(CNCCCc2nnc3ccccn23)[nH]c2ccc(F)cc12,351.3850000000001,2.4322999999999997,75.08000000000001,2,4,6,4,0.2105263157894736,0.25252525252525254,0,weak_binder
CHEMBL3754496,2454.71,2454.71,2454.71,2454.71,1,C=CCN(CC=C)CCc1c[nH]c2ccc(F)cc12,C=CCN(CC=C)CCc1c[nH]c2ccc(F)cc12,258.34000000000003,3.523500000000002,19.03,1,1,7,2,0.25,0.32,0,weak_binder
CHEMBL4558215,10000.0,10000.0,10000.0,10000.0,1,CCC(=O)Nc1nc(C)c(-c2cn(S(=O)(=O)c3ccc4ccccc4c3)c3ccc(OC)cc23)[nH]1,CCC(=O)Nc1nc(C)c(-c2cn(S(=O)(=O)c3ccc4ccccc4c3)c3ccc(OC)cc23)[nH]1,488.5690000000002,5.087120000000004,106.08,2,5,6,5,0.1538461538461538,0.2875,0,weak_binder
CHEMBL327245,2550.0,2550.0,2550.0,2550.0,1,COc1cccc(C(=O)CCCN2CCN(c3ccc(Cl)cc3)CC2)c1,COc1cccc(C(=O)CCCN2CCN(c3ccc(Cl)cc3)CC2)c1,372.8960000000001,4.133700000000003,32.78,0,4,7,3,0.3809523809523809,0.4117647058823529,0,weak_binder
CHEMBL5723012,10000.0,10000.0,10000.0,10000.0,1,CCCC[C@@H](NCc1cc(=O)c2cc(F)ccc2[nH]1)C(N)=O,CCCC[C@@H](NCc1cc(=O)c2cc(F)ccc2[nH]1)C(N)=O,305.353,1.8008999999999995,87.97999999999999,3,3,7,2,0.375,0.25555555555555554,0,weak_binder
CHEMBL216198,5000.0,5000.0,5000.0,5000.0,1,c1ccc(CCc2ccccc2OCc2ccccn2)cc1,c1ccc(CCc2ccccc2OCc2ccccn2)cc1,289.378,4.445800000000003,22.12,0,2,6,3,0.15,0.25862068965517243,0,weak_binder
CHEMBL352925,28500.0,28500.0,25000.0,32000.0,2,c1ccc(C2=NCC[C@H](CN3CCN(c4ccccc4)CC3)N2)cc1,c1ccc(C2=NCC[C@H](CN3CCN(c4ccccc4)CC3)N2)cc1,334.46700000000004,2.6173,30.869999999999997,1,4,4,4,0.3809523809523809,0.3793103448275862,0,weak_binder
CHEMBL3770110,2261.0,2261.0,2261.0,2261.0,1,Cc1ccc(N2CCN(CC(O)CN3C(=O)NC(C)(c4ccc(F)cc4)C3=O)CC2)cc1C,Cc1ccc(N2CCN(CC(O)CN3C(=O)NC(C)(c4ccc(F)cc4)C3=O)CC2)cc1C,454.5460000000003,2.39264,76.12,2,5,6,4,0.44,0.2727272727272727,0,weak_binder
CHEMBL240379,1180.0,1180.0,1180.0,1180.0,1,O=C1c2ccccc2C(=O)N1CCCCN1CCCN(C(c2ccccc2)c2ccccc2)CC1,O=C1c2ccccc2C(=O)N1CCCCN1CCCN(C(c2ccccc2)c2ccccc2)CC1,467.6130000000001,4.8601000000000045,43.86000000000001,0,4,8,5,0.3333333333333333,0.4,0,weak_binder
CHEMBL526849,10000.0,10000.0,10000.0,10000.0,1,CCN(CCc1ccc(OC(F)(F)F)cc1)CCN1CCCCC1,CCN(CCc1ccc(OC(F)(F)F)cc1)CCN1CCCCC1,344.4210000000002,3.935500000000003,15.71,0,3,8,2,0.6666666666666666,0.2923076923076923,0,weak_binder
CHEMBL3941102,2766.0,2766.0,2766.0,2766.0,1,O=C(CCOCCN1CCN(c2cccnc2-c2ccccc2)CC1)NCc1ccc(C(F)(F)F)cc1,O=C(CCOCCN1CCN(c2cccnc2-c2ccccc2)CC1)NCc1ccc(C(F)(F)F)cc1,512.5760000000002,4.612500000000003,57.7,1,5,10,4,0.3571428571428571,0.4,0,weak_binder
CHEMBL543109,10000.0,10000.0,10000.0,10000.0,1,Cl.O=C1C=C(c2ccccc2)OC12CN1CCC2CC1,O=C1C=C(c2ccccc2)OC12CN1CCC2CC1,255.31699999999992,2.0911999999999997,29.54,0,3,1,5,0.4375,0.2459016393442623,0,weak_binder
CHEMBL307956,5000.0,5000.0,5000.0,5000.0,1,c1ccc2c(c1)Cc1ccccc1C21CCNC1,c1ccc2c(c1)Cc1ccccc1C21CCNC1,235.32999999999996,2.8702000000000005,12.03,1,1,0,4,0.2941176470588235,0.22916666666666666,0,weak_binder
CHEMBL5399689,6890.0,6890.0,6890.0,6890.0,1,Cc1ccc2nc(CCCN3CCC(c4ccccn4)CC3)sc2c1,Cc1ccc2nc(CCCN3CCC(c4ccccn4)CC3)sc2c1,351.5190000000001,4.811920000000004,29.020000000000003,0,4,5,4,0.4285714285714285,0.4153846153846154,0,weak_binder
CHEMBL380287,7900.0,7900.0,7800.0,8000.0,2,CN1CCN(c2ccc3nc(CN4CCN(c5ccc(Cl)c(Cl)c5)CC4)cn3n2)CC1,CN1CCN(c2ccc3nc(CN4CCN(c5ccc(Cl)c(Cl)c5)CC4)cn3n2)CC1,460.41300000000024,3.110100000000002,43.150000000000006,0,6,4,5,0.4545454545454545,0.35384615384615387,0,weak_binder
CHEMBL4442148,10000.0,10000.0,10000.0,10000.0,1,COc1ccc2c(c1)c(-c1[nH]c3nccc[n+]3c1C)cn2S(=O)(=O)c1ccccc1.[Br-],COc1ccc2c(c1)c(-c1[nH]c3nccc[n+]3c1C)cn2S(=O)(=O)c1ccccc1,419.4860000000001,3.3241200000000015,81.07999999999998,1,4,4,5,0.0909090909090909,0.391304347826087,0,weak_binder
CHEMBL3642779,1486.0,1486.0,1486.0,1486.0,1,COCCC(=O)N[C@H]1CC[C@H](CCN2CCN(c3nc(C)cc4c3CCO4)CC2)CC1,COCCC(=O)N[C@H]1CC[C@H](CCN2CCN(c3nc(C)cc4c3CCO4)CC2)CC1,430.5930000000003,2.548520000000001,66.93,1,6,8,4,0.75,0.4166666666666667,0,weak_binder
CHEMBL299479,1995.26,1995.26,1995.26,1995.26,1,O=C(OCC1CCN(Cc2ccccc2)CC1)c1ccc(Cl)cc1,O=C(OCC1CCN(Cc2ccccc2)CC1)c1ccc(Cl)cc1,343.85400000000004,4.409000000000004,29.54,0,3,5,3,0.35,0.4339622641509434,0,weak_binder
CHEMBL5821609,5485.0,5485.0,5485.0,5485.0,2,Cc1ccc2[nH]c3c(c2c1)CN(C(=O)NCCCCN1CCN(c2cc(C(C)(C)C)nc(C)n2)CC1)CC3,Cc1ccc2[nH]c3c(c2c1)CN(C(=O)NCCCCN1CCN(c2cc(C(C)(C)C)nc(C)n2)CC1)CC3,517.7220000000003,4.542340000000004,80.39,2,5,6,5,0.5666666666666667,0.40229885057471265,0,weak_binder
CHEMBL545222,7180.0,7180.0,7180.0,7180.0,1,Cl.O=C1C=C(c2ccccc2)OC12CCN(CCc1ccccc1)CC2,O=C1C=C(c2ccccc2)OC12CCN(CCc1ccccc1)CC2,333.43100000000004,3.704100000000003,29.54,0,3,4,4,0.3181818181818182,0.35384615384615387,0,weak_binder
CHEMBL4161676,1996.0,1996.0,1996.0,1996.0,1,CCOc1ccc([C@H](O)CN2CCN(c3ccccc3F)CC2)cc1,CCOc1ccc([C@H](O)CN2CCN(c3ccccc3F)CC2)cc1,344.43000000000006,3.080000000000002,35.940000000000005,1,4,6,3,0.4,0.3333333333333333,0,weak_binder
CHEMBL37638,5000.0,5000.0,5000.0,5000.0,1,Cc1ccnc(N2CCN(CCC3NC(=O)c4ccccc43)CC2)c1,Cc1ccnc(N2CCN(CCC3NC(=O)c4ccccc43)CC2)c1,336.43900000000014,2.38682,48.470000000000006,1,4,4,4,0.4,0.3235294117647059,0,weak_binder
CHEMBL3764830,31622.89,31622.89,31622.78,31623.0,2,Cn1c(SCCCN2CCOC(c3ccc(C(F)(F)F)cc3)C2)nnc1-c1ccc(S(N)(=O)=O)cc1,Cn1c(SCCCN2CCOC(c3ccc(C(F)(F)F)cc3)C2)nnc1-c1ccc(S(N)(=O)=O)cc1,541.6210000000002,3.7040000000000015,103.34,1,7,8,4,0.391304347826087,0.449438202247191,0,weak_binder
CHEMBL4469792,10000.0,10000.0,10000.0,10000.0,1,COc1ccc2c(c1)c(-c1[nH]c(NC(C)=O)nc1C)cn2S(=O)(=O)c1cccc2ccccc12,COc1ccc2c(c1)c(-c1[nH]c(NC(C)=O)nc1C)cn2S(=O)(=O)c1cccc2ccccc12,474.54200000000014,4.697020000000003,106.07999999999998,2,5,5,5,0.12,0.27848101265822783,0,weak_binder
CHEMBL4171581,10000.0,10000.0,10000.0,10000.0,1,Cc1ccc(-c2nc(CN(C)C[C@@H]3Cc4ccccc4O3)c(C)o2)s1,Cc1ccc(-c2nc(CN(C)C[C@@H]3Cc4ccccc4O3)c(C)o2)s1,354.47500000000014,4.455440000000004,38.5,0,5,5,4,0.35,0.21428571428571427,0,weak_binder
CHEMBL282375,3650.0,3650.0,3650.0,3650.0,1,CC(=O)N[C@@H]1c2cccc3c2-c2c1ccc1c2[C@@H](C3)N(C)CC1,CC(=O)N[C@@H]1c2cccc3c2-c2c1ccc1c2[C@@H](C3)N(C)CC1,304.39300000000003,2.9776000000000016,32.34,1,2,1,5,0.35,0.4642857142857143,0,weak_binder
CHEMBL600986,3300.0,3300.0,3300.0,3300.0,1,CCS(=O)(=O)Nc1ccc2c(c1)CC[C@H]1[C@H]2c2cc(O)c(Cl)cc2CCN1C,CCS(=O)(=O)Nc1ccc2c(c1)CC[C@H]1[C@H]2c2cc(O)c(Cl)cc2CCN1C,420.96200000000016,3.7418000000000022,69.64,2,4,3,4,0.4285714285714285,0.4935064935064935,0,weak_binder
CHEMBL493384,10000.0,10000.0,10000.0,10000.0,1,COc1ccc(CCN(C)CCN2CCCCC2)cc1,COc1ccc(CCN(C)CCN2CCCCC2)cc1,276.4239999999999,2.655400000000001,15.71,0,3,7,2,0.6470588235294118,0.359375,0,weak_binder
CHEMBL423247,4900.0,4932.596666666667,4897.79,5000.0,3,Cc1cccc2c(CN3CCN(c4ccc(Cl)cc4)CC3)cnn12,Cc1cccc2c(CN3CCN(c4ccc(Cl)cc4)CC3)cnn12,340.8580000000001,3.6183200000000024,23.78,0,3,3,4,0.3157894736842105,0.4,0,weak_binder
CHEMBL552858,4100.0,4100.0,4100.0,4100.0,1,CN(C)CC1(C)CC(=O)C(c2ccccc2)=CO1.Cl,CN(C)CC1(C)CC(=O)C(c2ccccc2)=CO1,245.322,2.3372,29.540000000000003,0,3,3,2,0.4,0.296875,0,weak_binder
CHEMBL5881332,1200.0,1200.0,1200.0,1200.0,1,Cc1nc(CC(=O)N[C@H]2CC[C@H](CCN3CCc4ccc(CCC(F)(F)F)nc4CC3)CC2)no1,Cc1nc(CC(=O)N[C@H]2CC[C@H](CCN3CCc4ccc(CCC(F)(F)F)nc4CC3)CC2)no1,493.57400000000024,3.976320000000003,84.15,1,6,8,4,0.68,0.40425531914893614,0,weak_binder
CHEMBL108160,5550.0,5550.0,4900.0,6200.0,2,C[Si](C)(C)C#Cc1cccn1C1CCN(Cc2ccccc2)CC1,C[Si](C)(C)C#Cc1cccn1C1CCN(Cc2ccccc2)CC1,336.55500000000006,4.554100000000004,8.17,0,1,3,3,0.4285714285714285,0.45454545454545453,0,weak_binder
CHEMBL240680,2000.0,2000.0,2000.0,2000.0,1,Cc1cc(F)ccc1/C=C/c1ccc(S(=O)(=O)c2ccccc2F)cn1,Cc1cc(F)ccc1/C=C/c1ccc(S(=O)(=O)c2ccccc2F)cn1,371.4080000000001,4.671420000000004,47.03,0,3,4,3,0.05,0.2,0,weak_binder
CHEMBL5965675,2303.0,2303.0,2303.0,2303.0,2,O=C1c2cnccc2C2(CC2)CN1CCN1CCN(c2noc3ccccc23)CC1,O=C1c2cnccc2C2(CC2)CN1CCN1CCN(c2noc3ccccc23)CC1,403.4860000000001,2.532400000000001,65.71000000000001,0,6,4,6,0.4347826086956521,0.4177215189873418,0,weak_binder
CHEMBL3752576,10000.0,10000.0,10000.0,10000.0,1,C=CCN(CC=C)CCc1c[nH]c2ccccc12,C=CCN(CC=C)CCc1c[nH]c2ccccc12,240.35,3.384400000000002,19.03,1,1,7,2,0.25,0.3728813559322034,0,weak_binder
CHEMBL553288,10000.0,10000.0,10000.0,10000.0,1,Cl.O=C1C(c2ccccc2)=COC12CCCNC2,O=C1C(c2ccccc2)=COC12CCCNC2,229.2789999999999,1.749,38.33,1,3,1,3,0.3571428571428571,0.4,0,weak_binder
CHEMBL146856,9943.0,9943.0,9943.0,9943.0,1,Clc1ccc2c(c1)C(N1CCN(Cc3ccccc3)CC1)=Nc1cccnc1N2,Clc1ccc2c(c1)C(N1CCN(Cc3ccccc3)CC1)=Nc1cccnc1N2,403.9170000000001,4.688100000000004,43.76,1,5,2,5,0.217391304347826,0.4647887323943662,0,weak_binder
CHEMBL4079631,5162.0,5162.0,5162.0,5162.0,1,O=CC1=Cc2cn(S(=O)(=O)c3cccc4ccccc34)c3cccc(c23)O1,O=CC1=Cc2cn(S(=O)(=O)c3cccc4ccccc34)c3cccc(c23)O1,375.40500000000014,3.963700000000003,65.37,0,4,3,5,0.0,0.25757575757575757,0,weak_binder
CHEMBL3642780,1461.0,1461.0,1461.0,1461.0,1,CC(=O)N[C@H]1CC[C@H](CCN2CCN(c3ncc(C)c4occc34)CC2)CC1,CC(=O)N[C@H]1CC[C@H](CCN2CCN(c3ncc(C)c4occc34)CC2)CC1,384.5240000000002,3.3432200000000023,61.61000000000001,1,5,5,4,0.6363636363636364,0.44594594594594594,0,weak_binder
CHEMBL240589,1272.0,1272.0,1272.0,1272.0,1,O=C(/C=C/c1ccccc1)NCCCCN1CCc2ccccc2C1,O=C(/C=C/c1ccccc1)NCCCCN1CCc2ccccc2C1,334.463,3.654500000000003,32.34,1,2,7,3,0.3181818181818182,0.417910447761194,0,weak_binder
CHEMBL3895173,10000.0,10000.0,10000.0,10000.0,1,CN[C@H]1c2c(ccc3c2ccn3S(=O)(=O)c2ccccc2)[C@H]1CCO,CN[C@H]1c2c(ccc3c2ccn3S(=O)(=O)c2ccccc2)[C@H]1CCO,356.4470000000001,2.6184000000000016,71.33,2,4,5,4,0.2631578947368421,0.3333333333333333,0,weak_binder
CHEMBL3642726,1093.5,1093.5,1093.5,1093.5,1,CCS(=O)(=O)N[C@H]1CC[C@H](CCN2CCN(c3nccc4c3CCO4)CC2)CC1,CCS(=O)(=O)N[C@H]1CC[C@H](CCN2CCN(c3nccc4c3CCO4)CC2)CC1,422.5950000000003,2.0267,74.77000000000001,1,6,7,4,0.7619047619047619,0.4230769230769231,0,weak_binder
CHEMBL435505,10000.0,10000.0,10000.0,10000.0,1,c1ccc(Cc2ccccc2OCCN2CCCC2)cc1,c1ccc(Cc2ccccc2OCCN2CCCC2)cc1,281.3989999999999,3.7520000000000024,12.47,0,2,6,3,0.3684210526315789,0.38181818181818183,0,weak_binder
CHEMBL4645139,1507.8,1507.8,1507.8,1507.8,1,C=CCN1CCc2cc(OC)c(O)cc2C(c2c(Cl)cccc2Cl)C1,C=CCN1CCc2cc(OC)c(O)cc2C(c2c(Cl)cccc2Cl)C1,378.2990000000001,4.883600000000005,32.7,1,3,4,3,0.3,0.390625,0,weak_binder
CHEMBL1275630,1903.0,1903.0,1903.0,1903.0,1,CC(C)Cn1nc(S(=O)(=O)c2cccc3ccccc23)c2cc(N3CCNCC3)ccc21,CC(C)Cn1nc(S(=O)(=O)c2cccc3ccccc23)c2cc(N3CCNCC3)ccc21,448.5920000000002,4.087900000000003,67.23,1,5,5,5,0.32,0.29411764705882354,0,weak_binder
CHEMBL106998,1692.0,1692.0,1692.0,1692.0,1,Cc1ccc2c(c1)CCN2C(=O)CN1CCN(Cc2ccc(Cl)cc2)CC1,Cc1ccc2c(c1)CCN2C(=O)CN1CCN(Cc2ccc(Cl)cc2)CC1,383.9230000000001,3.3553200000000025,26.790000000000006,0,3,4,4,0.4090909090909091,0.4603174603174603,0,weak_binder
CHEMBL482562,2000.0,2000.0,2000.0,2000.0,1,O=C(Nc1ccc2cnn(S(=O)(=O)c3cccc4ccccc34)c2c1)C1CCNCC1,O=C(Nc1ccc2cnn(S(=O)(=O)c3cccc4ccccc34)c2c1)C1CCNCC1,434.52100000000024,3.364600000000002,93.09,2,5,4,5,0.217391304347826,0.2976190476190476,0,weak_binder
CHEMBL20114,1995.26,1995.26,1995.26,1995.26,1,CC(C)C(=O)NCCCCN1CCN(c2ccc(Cl)cc2)CC1,CC(C)C(=O)NCCCCN1CCN(c2ccc(Cl)cc2)CC1,337.8950000000001,3.014400000000002,35.580000000000005,1,3,7,2,0.6111111111111112,0.40625,0,weak_binder
CHEMBL140099,3100.0,1976.0,290.0,3100.0,5,N#Cc1ccc2[nH]c(CN3CCN(c4ccccc4)CC3)cc2c1,N#Cc1ccc2[nH]c(CN3CCN(c4ccccc4)CC3)cc2c1,316.4080000000001,3.361780000000002,46.06,1,3,3,4,0.25,0.3508771929824561,0,weak_binder
CHEMBL5722971,10000.0,10000.0,10000.0,10000.0,1,Cc1nc(CCNCc2cc(=O)c3cc(F)ccc3[nH]2)cc(=O)[nH]1,Cc1nc(CCNCc2cc(=O)c3cc(F)ccc3[nH]2)cc(=O)[nH]1,328.34700000000004,1.39122,90.64,3,4,5,3,0.2352941176470588,0.24210526315789474,0,weak_binder
CHEMBL544532,10000.0,10000.0,10000.0,10000.0,1,Cl.O=C1CC2(CN3CCC2CC3)OC=C1c1ccccc1,O=C1CC2(CN3CCC2CC3)OC=C1c1ccccc1,269.344,2.481300000000001,29.540000000000003,0,3,1,5,0.4705882352941176,0.3181818181818182,0,weak_binder
CHEMBL156599,3680.0,3680.0,3680.0,3680.0,1,COc1cccc(C(=O)NCCN2CCN(c3cccc(Cl)c3Cl)CC2)c1,COc1cccc(C(=O)NCCN2CCN(c3cccc(Cl)c3Cl)CC2)c1,408.32900000000006,3.554000000000002,44.81,1,4,6,3,0.35,0.4936708860759494,0,weak_binder
CHEMBL5764090,10000.0,10000.0,10000.0,10000.0,2,Cn1ncc2c1CCN(CCN1CCN(c3noc4ccccc34)CC1)C2=O,Cn1ncc2c1CCN(CCN1CCN(c3noc4ccccc34)CC1)C2=O,380.45200000000017,1.3817999999999993,70.64000000000001,0,6,4,5,0.45,0.4794520547945205,0,weak_binder
CHEMBL64043,23750.0,23750.0,19500.0,28000.0,2,c1ccc(CN2CCN(Cc3csc(-c4ccccc4)n3)CC2)cc1,c1ccc(CN2CCN(Cc3csc(-c4ccccc4)n3)CC2)cc1,349.5030000000001,4.127900000000003,19.37,0,4,5,4,0.2857142857142857,0.38461538461538464,0,weak_binder
CHEMBL5639514,2430.0,2430.0,2430.0,2430.0,1,COc1ccc(F)cc1OC(C)c1nc(N)nc(N2CCN(C)CC2)n1,COc1ccc(F)cc1OC(C)c1nc(N)nc(N2CCN(C)CC2)n1,362.40900000000016,1.4932999999999996,89.63,1,8,5,3,0.4705882352941176,0.2898550724637681,0,weak_binder
CHEMBL5931145,1100.0,1100.0,1100.0,1100.0,2,Cn1c(C#N)cc2c1CCN(CC[C@H]1CC[C@H](NC(=O)c3cccc4ncccc34)CC1)C2,Cn1c(C#N)cc2c1CCN(CC[C@H]1CC[C@H](NC(=O)c3cccc4ncccc34)CC1)C2,441.5790000000002,4.181980000000003,73.95,1,4,5,5,0.4444444444444444,0.46835443037974683,0,weak_binder
CHEMBL92232,1034.5,1034.5,217.0,1852.0,2,CCCN1CCC[C@@H](c2cccc(C(N)=O)c2)C1,CCCN1CCC[C@@H](c2cccc(C(N)=O)c2)C1,246.354,2.3749,46.33,1,2,4,2,0.5333333333333333,0.46296296296296297,0,weak_binder
CHEMBL4579981,10000.0,10000.0,10000.0,10000.0,3,Cc1ccc2[nH]c(CNCCCc3ccncc3)cc(=O)c2c1,Cc1ccc2[nH]c(CNCCCc3ccncc3)cc(=O)c2c1,307.39700000000005,2.953920000000001,57.78,2,3,6,3,0.2631578947368421,0.2875,0,weak_binder
CHEMBL569270,10000.0,10000.0,10000.0,10000.0,1,CNc1cc(-c2csc(N(C)C(=O)c3ccc(F)cc3)n2)ncn1,CNc1cc(-c2csc(N(C)C(=O)c3ccc(F)cc3)n2)ncn1,343.387,3.057500000000001,71.01,1,6,4,3,0.125,0.24675324675324675,0,weak_binder
CHEMBL6038690,2300.0,2300.0,2300.0,2300.0,1,Cc1cc(CC(=O)N[C@H]2CC[C@H](CCN3CCc4ccc(CCC(F)(F)F)nc4CC3)CC2)on1,Cc1cc(CC(=O)N[C@H]2CC[C@H](CCN3CCc4ccc(CCC(F)(F)F)nc4CC3)CC2)on1,492.58600000000024,4.581320000000004,71.26,1,5,8,4,0.6538461538461539,0.4146341463414634,0,weak_binder
CHEMBL3289648,1928.13,1928.13,1861.0,1995.26,4,Cc1ccc(N2CCN(CCCCc3ccc(F)cc3)CC2)nc1,Cc1ccc(N2CCN(CCCCc3ccc(F)cc3)CC2)nc1,327.44700000000006,3.6740200000000023,19.37,0,3,6,3,0.45,0.45161290322580644,0,weak_binder
CHEMBL3289644,1417.0,1417.0,1417.0,1417.0,1,Fc1ccc2c(c1)CC(CCN1CCN(c3ccc(Cl)cc3)CC1)C2,Fc1ccc2c(c1)CC(CCN1CCN(c3ccc(Cl)cc3)CC1)C2,358.8880000000001,4.406200000000004,6.48,0,2,4,4,0.4285714285714285,0.3582089552238806,0,weak_binder
CHEMBL96462,5000.0,5000.0,5000.0,5000.0,1,COc1cccc(CNCCN2CCN(c3ccc(Cl)cc3)CC2)c1,COc1cccc(CNCCN2CCN(c3ccc(Cl)cc3)CC2)c1,359.90100000000007,3.2604000000000015,27.74,1,4,7,3,0.4,0.3787878787878788,0,weak_binder
CHEMBL150220,1500.0,1500.0,1500.0,1500.0,1,N#Cc1ccc(S(=O)(=O)C2CCN(CCc3ccc(F)cc3F)CC2)cc1,N#Cc1ccc(S(=O)(=O)C2CCN(CCc3ccc(F)cc3F)CC2)cc1,390.455,3.317280000000002,61.17,0,4,5,3,0.35,0.32857142857142857,0,weak_binder
CHEMBL5877262,5402.0,5402.0,5402.0,5402.0,2,Cc1cc2ccn(CCN3CCN(c4noc5ccccc45)CC3)c(=O)c2cn1,Cc1cc2ccn(CCN3CCN(c4noc5ccccc45)CC3)c(=O)c2cn1,389.4590000000002,2.6683200000000005,67.4,0,6,4,5,0.3181818181818182,0.44155844155844154,0,weak_binder
CHEMBL3817911,10000.0,10000.0,10000.0,10000.0,1,O=C1c2ccccc2C(=O)N1CCCCN1CCC2CCCCC2C1,O=C1c2ccccc2C(=O)N1CCCCN1CCC2CCCCC2C1,340.4670000000001,3.574900000000002,40.620000000000005,0,3,5,4,0.6190476190476191,0.3728813559322034,0,weak_binder
CHEMBL156845,7460.0,7460.0,7460.0,7460.0,1,COc1cccc(C(=O)NCCN2CCN(c3ccc(C)cc3)CC2)c1,COc1cccc(C(=O)NCCN2CCN(c3ccc(C)cc3)CC2)c1,353.46600000000007,2.55562,44.81,1,4,6,3,0.3809523809523809,0.4925373134328358,0,weak_binder
CHEMBL5993265,1800.0,1800.0,1800.0,1800.0,1,Cc1nnc(CC(=O)N[C@H]2CC[C@H](CCN3CCc4nc(OC5CC(F)(F)C5)sc4CC3)CC2)o1,Cc1nnc(CC(=O)N[C@H]2CC[C@H](CCN3CCc4nc(OC5CC(F)(F)C5)sc4CC3)CC2)o1,509.62300000000033,3.719420000000002,93.38,1,8,8,5,0.75,0.45652173913043476,0,weak_binder
CHEMBL1940410,4753.0,4753.0,4753.0,4753.0,1,Fc1ccc(SCCCN2CCN(c3ccc(C(F)(F)F)cc3)CC2)cc1,Fc1ccc(SCCCN2CCN(c3ccc(C(F)(F)F)cc3)CC2)cc1,398.4690000000001,5.148900000000005,6.48,0,3,6,3,0.4,0.4027777777777778,0,weak_binder
CHEMBL392887,1700.0,1700.0,1700.0,1700.0,1,COc1cc2c(cc1OC)CN(/C=N/c1ccc3c(c1)C(O)CCCC3)CC2,COc1cc2c(cc1OC)CN(/C=N/c1ccc3c(c1)C(O)CCCC3)CC2,380.4880000000002,4.181700000000003,54.290000000000006,1,4,4,4,0.4347826086956521,0.2878787878787879,0,weak_binder
CHEMBL3289643,10000.0,10000.0,10000.0,10000.0,1,O=C1c2ccccc2CC1CCN1CCN(c2ccc(Cl)cc2)CC1,O=C1c2ccccc2CC1CCN1CCN(c2ccc(Cl)cc2)CC1,354.8810000000001,3.907300000000003,23.550000000000004,0,3,4,4,0.3809523809523809,0.36065573770491804,0,weak_binder
CHEMBL196370,10000.0,10000.0,10000.0,10000.0,1,COc1ccc(NC(=O)N2CCN(c3ccccc3OC)CC2)cc1N1CCN(C)CC1,COc1ccc(NC(=O)N2CCN(c3ccccc3OC)CC2)cc1N1CCN(C)CC1,439.56000000000034,2.809700000000001,60.52000000000001,1,6,5,4,0.4583333333333333,0.4307692307692308,0,weak_binder
CHEMBL4441888,2187.76,2187.76,2187.76,2187.76,1,COc1ccccc1N1CCN(C[C@H]2OCCOC2(c2ccccc2)c2ccccc2)CC1,COc1ccccc1N1CCN(C[C@H]2OCCOC2(c2ccccc2)c2ccccc2)CC1,444.5750000000001,4.176400000000004,34.17,0,5,6,5,0.3571428571428571,0.3939393939393939,0,weak_binder
CHEMBL485719,1000000.0,1000000.0,1000000.0,1000000.0,1,COc1cccc(CCc2ccccc2OCCCCCN2CCN(C)CC2)c1,COc1cccc(CCc2ccccc2OCCCCCN2CCN(C)CC2)c1,396.5750000000003,4.276900000000004,24.940000000000005,0,4,11,3,0.52,0.36619718309859156,0,weak_binder
CHEMBL841,5790.0,5790.0,5790.0,5790.0,1,CN(C)C(=O)C(CCN1CCC(O)(c2ccc(Cl)cc2)CC1)(c1ccccc1)c1ccccc1,CN(C)C(=O)C(CCN1CCC(O)(c2ccc(Cl)cc2)CC1)(c1ccccc1)c1ccccc1,477.0480000000002,5.088000000000005,43.78,1,3,7,4,0.3448275862068966,0.46875,0,weak_binder
CHEMBL6042591,1600.0,1600.0,1600.0,1600.0,1,Cc1cc(CC(=O)N[C@H]2CC[C@H](CCN3CCc4sc(N5CC(F)(F)C5)nc4C3)CC2)on1,Cc1cc(CC(=O)N[C@H]2CC[C@H](CCN3CCc4sc(N5CC(F)(F)C5)nc4C3)CC2)on1,479.5970000000002,3.5607200000000025,74.5,1,7,7,5,0.6956521739130435,0.37755102040816324,0,weak_binder
CHEMBL500627,10000.0,10000.0,10000.0,10000.0,1,CCCN1CCO[C@H]2c3cc(C(N)=O)ccc3CC[C@@H]21,CCCN1CCO[C@H]2c3cc(C(N)=O)ccc3CC[C@@H]21,274.364,1.8836,55.56,1,3,3,3,0.5625,0.45161290322580644,0,weak_binder
CHEMBL3642714,1471.4,1471.4,1471.4,1471.4,1,O=C(CC1COCCO1)N[C@H]1CC[C@H](CCN2CCN(c3nccc4c3CCO4)CC2)CC1,O=C(CC1COCCO1)N[C@H]1CC[C@H](CCN2CCN(c3nccc4c3CCO4)CC2)CC1,458.6030000000004,2.0091,76.16000000000001,1,7,7,5,0.76,0.4457831325301205,0,weak_binder
CHEMBL1822386,1350.0,1350.0,1350.0,1350.0,1,O=C(c1ccc(F)cc1)C1CCN([C@H]2CCN(Cc3ccc(F)cc3)C[C@@H]2O)CC1,O=C(c1ccc(F)cc1)C1CCN([C@H]2CCN(Cc3ccc(F)cc3)C[C@@H]2O)CC1,414.49600000000015,3.494900000000002,43.78,1,4,5,4,0.4583333333333333,0.40298507462686567,0,weak_binder
CHEMBL5824458,4958.0,4172.0,2600.0,4958.0,3,O=C1c2ncccc2CCN1CCN1CCN(c2noc3ccccc23)CC1,O=C1c2ncccc2CCN1CCN1CCN(c2noc3ccccc23)CC1,377.4480000000001,2.0433,65.71000000000001,0,6,4,5,0.3809523809523809,0.4246575342465753,0,weak_binder
CHEMBL240877,2000.0,2000.0,2000.0,2000.0,1,O=S(=O)(c1ccc(/C=C/c2ccccc2O)nc1)c1ccccc1F,O=S(=O)(c1ccc(/C=C/c2ccccc2O)nc1)c1ccccc1F,355.39000000000004,3.9295000000000018,67.26,1,4,4,3,0.0,0.1780821917808219,0,weak_binder
CHEMBL284644,4400.0,4400.0,4400.0,4400.0,1,Oc1cc2c(cc1O)[C@H]1c3ccncc3CN[C@@H]1CC2,Oc1cc2c(cc1O)[C@H]1c3ccncc3CN[C@@H]1CC2,268.31600000000003,2.042699999999999,65.38,3,4,0,4,0.3125,0.24691358024691357,0,weak_binder
CHEMBL4586990,10000.0,10000.0,10000.0,10000.0,1,COc1ccc2c(c1)c(-c1[nH]c(NC(=O)Cc3ccccc3)nc1C)cn2S(=O)(=O)c1ccccc1,COc1ccc2c(c1)c(-c1[nH]c(NC(=O)Cc3ccccc3)nc1C)cn2S(=O)(=O)c1ccccc1,500.58000000000015,4.766620000000003,106.07999999999998,2,5,7,5,0.1111111111111111,0.34210526315789475,0,weak_binder
CHEMBL5943645,2782.0,2782.0,2782.0,2782.0,2,CC1CN(CCN2CCN(c3noc4ccccc34)CC2)C(=O)c2ccn(C)c21,CC1CN(CCN2CCN(c3noc4ccccc34)CC2)C(=O)c2ccn(C)c21,393.4910000000002,2.5478000000000005,57.75,0,5,4,5,0.4545454545454545,0.43209876543209874,0,weak_binder
CHEMBL240021,54000.0,54000.0,54000.0,54000.0,1,COc1cc2c(cc1OC)CN(/C=N/c1ccc3c(c1)N(C(=O)OC(C)(C)C)CC3)CC2,COc1cc2c(cc1OC)CN(/C=N/c1ccc3c(c1)N(C(=O)OC(C)(C)C)CC3)CC2,437.5400000000003,4.7195000000000045,63.60000000000001,0,5,4,4,0.44,0.275,0,weak_binder
CHEMBL5272829,10000.0,10000.0,10000.0,10000.0,1,CCS[C@H]1CC[C@@H](N(C)CC(=O)Nc2ccc(C)c(C)c2)C1,CCS[C@H]1CC[C@@H](N(C)CC(=O)Nc2ccc(C)c(C)c2)C1,320.50200000000007,3.847940000000002,32.34,1,3,6,2,0.6111111111111112,0.22727272727272727,0,weak_binder
CHEMBL4164366,10000.0,10000.0,10000.0,10000.0,1,CC(C)(C)c1nc(CN2CCN(Cc3ccccn3)CC2)cs1,CC(C)(C)c1nc(CN2CCN(Cc3ccccn3)CC2)cs1,330.5010000000001,3.153400000000002,32.260000000000005,0,5,4,3,0.5555555555555556,0.29508196721311475,0,weak_binder
CHEMBL197159,53000.0,41000.0,20000.0,57000.0,5,CCCN(CCC)[C@@H]1CCn2nccc2C1,CCCN(CCC)[C@@H]1CCn2nccc2C1,221.348,2.3199000000000005,21.06,0,2,5,2,0.7692307692307693,0.40425531914893614,0,weak_binder
CHEMBL4529615,10000.0,10000.0,10000.0,10000.0,1,CCOc1ccc2[nH]cc(-c3cncn3CC)c2c1,CCOc1ccc2[nH]cc(-c3cncn3CC)c2c1,255.32099999999997,3.450000000000001,42.84,1,2,4,3,0.2666666666666666,0.28378378378378377,0,weak_binder
CHEMBL431298,1485.945,1485.945,460.0,2511.89,2,COc1ccc(NS(=O)(=O)c2sc3ccc(Cl)cc3c2C)cc1N1CCNCC1,COc1ccc(NS(=O)(=O)c2sc3ccc(Cl)cc3c2C)cc1N1CCNCC1,452.00100000000026,4.082120000000003,70.67,2,6,5,4,0.3,0.3229166666666667,0,weak_binder
CHEMBL103441,1080.0,1080.0,1080.0,1080.0,1,CCCN(CCc1ccsc1)CCc1cccs1,CCCN(CCc1ccsc1)CCc1cccs1,279.47399999999993,4.306800000000004,3.24,0,3,8,2,0.4666666666666667,0.375,0,weak_binder
CHEMBL458220,5128.61,5128.61,5128.61,5128.61,1,Cc1c(Cn2ncc(N3CCNCC3)c(Cl)c2=O)cccc1NC(=O)c1ccc(-c2ccccc2)cc1,Cc1c(Cn2ncc(N3CCNCC3)c(Cl)c2=O)cccc1NC(=O)c1ccc(-c2ccccc2)cc1,514.0290000000002,4.582320000000004,79.26,2,5,6,5,0.2068965517241379,0.2872340425531915,0,weak_binder
CHEMBL4520788,2333.64,2220.846666666667,1995.26,2333.64,3,CNCc1ccccc1-c1csc([C@H](C)Nc2nc(C)nc3cc(OC)c(OC)cc23)c1,CNCc1ccccc1-c1csc([C@H](C)Nc2nc(C)nc3cc(OC)c(OC)cc23)c1,448.5920000000002,5.576420000000005,68.30000000000001,2,7,8,4,0.28,0.19801980198019803,0,weak_binder
CHEMBL487960,178000.0,178000.0,178000.0,178000.0,1,COc1cccc(CCc2ccccc2OCCN2CCN(C)CC2)c1,COc1cccc(CCc2ccccc2OCCN2CCN(C)CC2)c1,354.4940000000002,3.106600000000002,24.940000000000005,0,4,8,3,0.4545454545454545,0.37662337662337664,0,weak_binder
CHEMBL346331,34900.0,34900.0,34900.0,34900.0,1,CCC(=O)C(CCN(C)C)(c1ccccc1)c1ccccc1,CCC(=O)C(CCN(C)C)(c1ccccc1)c1ccccc1,295.42600000000004,3.903500000000003,20.31,0,2,7,2,0.35,0.3076923076923077,0,weak_binder
CHEMBL4471055,1175.0,1175.0,1175.0,1175.0,1,Cc1nc(N)[nH]c1-c1cn(S(=O)(=O)c2cccc3ccccc23)c2ccccc12.Cl,Cc1nc(N)[nH]c1-c1cn(S(=O)(=O)c2cccc3ccccc23)c2ccccc12,402.4790000000001,4.312220000000003,93.76999999999998,2,4,3,5,0.0454545454545454,0.45,0,weak_binder
CHEMBL3765267,21169.81,21169.81,19952.62,22387.0,2,CC(=O)c1ccc(-c2nnc(SCCCN3CCOC(c4ccc(C(F)(F)F)cc4)C3)n2C)cc1,CC(=O)c1ccc(-c2nnc(SCCCN3CCOC(c4ccc(C(F)(F)F)cc4)C3)n2C)cc1,504.57800000000015,5.259200000000005,60.25000000000001,0,6,8,4,0.4,0.45454545454545453,0,weak_binder
CHEMBL5436551,8010.0,8010.0,8010.0,8010.0,1,CN(C)C(=O)C(CCN[C@@H]1C[C@H]1c1ccc(F)cc1)(c1ccccc1)c1ccccc1,CN(C)C(=O)C(CCN[C@@H]1C[C@H]1c1ccc(F)cc1)(c1ccccc1)c1ccccc1,416.5400000000001,4.735800000000004,32.34,1,2,8,4,0.2962962962962963,0.3684210526315789,0,weak_binder
CHEMBL314095,2780.0,2780.0,2780.0,2780.0,2,O=c1oc2cc(O)ccc2c2c1CN(Cc1ccc(Cl)cc1)CC2,O=c1oc2cc(O)ccc2c2c1CN(Cc1ccc(Cl)cc1)CC2,341.79400000000004,3.710300000000003,53.68,1,4,2,4,0.2105263157894736,0.2786885245901639,0,weak_binder
CHEMBL62703,24500.0,24500.0,21500.0,27500.0,2,c1ccc(CN2CCN(Cc3coc(-c4ccccc4)n3)CC2)cc1,c1ccc(CN2CCN(Cc3coc(-c4ccccc4)n3)CC2)cc1,333.4350000000001,3.6594000000000024,32.510000000000005,0,4,5,4,0.2857142857142857,0.37037037037037035,0,weak_binder
CHEMBL3753318,5128.61,5128.61,5128.61,5128.61,1,C=CCN(CC=C)CCc1c[nH]c2ccc(C)cc12,C=CCN(CC=C)CCc1c[nH]c2ccc(C)cc12,254.377,3.692820000000002,19.03,1,1,7,2,0.2941176470588235,0.26865671641791045,0,weak_binder
CHEMBL5437265,1580.0,1580.0,1580.0,1580.0,1,Cc1ccnc(N2CCN(CCCc3nc4ccccc4s3)CC2)c1,Cc1ccnc(N2CCN(CCCc3nc4ccccc4s3)CC2)c1,352.5070000000001,3.754520000000003,32.260000000000005,0,5,5,4,0.4,0.48333333333333334,0,weak_binder
CHEMBL4168743,1033.0,1033.0,1033.0,1033.0,1,COc1ccccc1N1CCN(CC(O)CN2C(=O)NC(C)(c3ccccc3)C2=O)CC1.Cl,COc1ccccc1N1CCN(CC(O)CN2C(=O)NC(C)(c3ccccc3)C2=O)CC1,438.5280000000002,1.6452999999999995,85.35,2,6,7,4,0.4166666666666667,0.4,0,weak_binder
CHEMBL5739837,1700.0,1700.0,1700.0,1700.0,2,CC1c2nc(OCC(F)F)sc2CCN1CC[C@H]1CC[C@H](NC(=O)c2cccc3ncccc23)CC1,CC1c2nc(OCC(F)F)sc2CCN1CC[C@H]1CC[C@H](NC(=O)c2cccc3ncccc23)CC1,514.6420000000002,5.633200000000005,67.35,1,6,8,5,0.5185185185185185,0.36538461538461536,0,weak_binder
CHEMBL425190,3162.28,3162.28,3162.28,3162.28,1,Cc1ccc2c(OCCN3CCN(Cc4cccc5cccnc45)CC3)cccc2n1,Cc1ccc2c(OCCN3CCN(Cc4cccc5cccnc45)CC3)cccc2n1,412.53700000000015,4.288020000000003,41.49,0,5,6,5,0.3076923076923077,0.4666666666666667,0,weak_binder
CHEMBL544123,1969.0,1969.0,1969.0,1969.0,1,Cl.O=C1c2ccccc2CCC12CCN(Cc1ccc([N+](=O)[O-])cc1)CC2,O=C1c2ccccc2CCC12CCN(Cc1ccc([N+](=O)[O-])cc1)CC2,350.41800000000006,4.0061000000000035,63.45,0,4,3,4,0.3809523809523809,0.3870967741935484,0,weak_binder
CHEMBL59702,11325.0,11325.0,8650.0,14000.0,2,c1ccc(CN2CCC(NCc3coc(-c4ccccc4)n3)CC2)cc1,c1ccc(CN2CCC(NCc3coc(-c4ccccc4)n3)CC2)cc1,347.4620000000001,4.095800000000003,41.3,1,4,6,4,0.3181818181818182,0.43636363636363634,0,weak_binder
CHEMBL3642789,1384.9,1384.9,1384.9,1384.9,1,COC(CC(=O)N[C@H]1CC[C@H](CCN2CCN(c3nccc4c3CCO4)CC2)CC1)OC,COC(CC(=O)N[C@H]1CC[C@H](CCN2CCN(c3nccc4c3CCO4)CC2)CC1)OC,446.5920000000003,2.2126,76.16000000000001,1,7,9,4,0.75,0.4567901234567901,0,weak_binder
CHEMBL4164541,6100.0,6100.0,6100.0,6100.0,1,CCc1nc2c(N3CCNCC3)ccnc2n1Cc1cccc(Cl)c1,CCc1nc2c(N3CCNCC3)ccnc2n1Cc1cccc(Cl)c1,355.87300000000005,3.1050000000000013,45.98,1,4,4,4,0.3684210526315789,0.3,0,weak_binder
CHEMBL4876611,1043.565,1043.565,1040.0,1047.13,2,COc1ccccc1C1CC1CNCC[C@H]1CC[C@H](NC(=O)c2ccccc2)CC1,COc1ccccc1C1CC1CNCC[C@H]1CC[C@H](NC(=O)c2ccccc2)CC1,406.5700000000001,4.767200000000003,50.36,2,3,9,4,0.5,0.38961038961038963,0,weak_binder
CHEMBL102414,3676.0,3676.0,3676.0,3676.0,1,Oc1ccc2c(c1)C1OCCN(CCc3cccs3)C1CC2,Oc1ccc2c(c1)C1OCCN(CCc3cccs3)C1CC2,315.43800000000005,3.384500000000002,32.7,1,4,3,4,0.4444444444444444,0.46774193548387094,0,weak_binder
CHEMBL2420774,10000.0,10000.0,10000.0,10000.0,1,Oc1ccccc1N1CCN(Cc2cccs2)CC1,Oc1ccccc1N1CCN(Cc2cccs2)CC1,274.38900000000007,2.775900000000001,26.71,1,4,3,3,0.3333333333333333,0.37037037037037035,0,weak_binder
CHEMBL150129,5880.0,5880.0,5880.0,5880.0,1,COc1ccc(N2CCN(Cc3ccc4c(c3)OCC(=O)N4)CC2)cc1,COc1ccc(N2CCN(Cc3ccc4c(c3)OCC(=O)N4)CC2)cc1,353.42200000000014,2.3483,54.040000000000006,1,5,4,4,0.35,0.46875,0,weak_binder
CHEMBL196598,10000.0,10000.0,10000.0,10000.0,1,COc1ccc(NC(=O)N2CCN(c3ccc(C(F)(F)F)cc3)CC2)cc1N1CCN(C)CC1,COc1ccc(NC(=O)N2CCN(c3ccc(C(F)(F)F)cc3)CC2)cc1N1CCN(C)CC1,477.5310000000003,3.8199000000000023,51.290000000000006,1,5,4,4,0.4583333333333333,0.35526315789473684,0,weak_binder
CHEMBL326159,2760.0,2760.0,2760.0,2760.0,1,CC(=O)c1ccc2c(c1O)-c1cccc3c1[C@@H](C2)N(C)CC3,CC(=O)c1ccc2c(c1O)-c1cccc3c1[C@@H](C2)N(C)CC3,293.3660000000001,3.3469000000000015,40.54,1,3,1,4,0.3157894736842105,0.4918032786885246,0,weak_binder
CHEMBL5415557,100000.0,100000.0,100000.0,100000.0,1,Fc1cncc(CNCC[C@@]2(c3ccccn3)CCOC3(CCCC3)C2)c1,Fc1cncc(CNCC[C@@]2(c3ccccn3)CCOC3(CCCC3)C2)c1,369.48400000000026,4.156600000000004,47.040000000000006,1,4,6,4,0.5454545454545454,0.2247191011235955,0,weak_binder
CHEMBL542324,4136.0,4136.0,4136.0,4136.0,1,Cl.c1ccc(N2CCN(CCCCc3cc(-c4cccs4)no3)CC2)cc1,c1ccc(N2CCN(CCCCc3cc(-c4cccs4)no3)CC2)cc1,367.5180000000001,4.548000000000004,32.510000000000005,0,5,7,4,0.3809523809523809,0.4155844155844156,0,weak_binder
CHEMBL493369,10000.0,10000.0,10000.0,10000.0,1,CN(CCc1ccc(OC(F)(F)F)cc1)CCN1CCCC1,CN(CCc1ccc(OC(F)(F)F)cc1)CCN1CCCC1,316.3670000000001,3.1553000000000013,15.71,0,3,7,2,0.625,0.3064516129032258,0,weak_binder
CHEMBL71724,1431.0,1431.0,1431.0,1431.0,1,COc1ccc(N2CCN(CCC3OCCc4ccccc43)CC2)cc1,COc1ccc(N2CCN(CCC3OCCc4ccccc43)CC2)cc1,352.47800000000007,3.5213000000000028,24.94,0,4,5,4,0.4545454545454545,0.373134328358209,0,weak_binder
CHEMBL1080155,10000.0,10000.0,10000.0,10000.0,1,C[C@H]1CN(C(=O)c2ccc(-c3cccc(OC(F)(F)F)c3)cc2)CCN1C(=O)c1ccc2cc[nH]c2c1,C[C@H]1CN(C(=O)c2ccc(-c3cccc(OC(F)(F)F)c3)cc2)CCN1C(=O)c1ccc2cc[nH]c2c1,507.51200000000017,5.7202000000000055,65.64,1,3,4,5,0.2142857142857142,0.2268041237113402,0,weak_binder
CHEMBL4560883,4369.0,4369.0,4369.0,4369.0,1,Cc1cc(Cl)ccc1OCc1nc(N)nc(N2CCN(C)CC2)n1,Cc1cc(Cl)ccc1OCc1nc(N)nc(N2CCN(C)CC2)n1,348.8380000000002,1.7464199999999996,80.39999999999999,1,7,4,3,0.4375,0.3472222222222222,0,weak_binder
CHEMBL4451939,2344.0,2344.0,2344.0,2344.0,1,COc1ccc2c(c1)c(-c1[nH]c(N)nc1C)cn2S(=O)(=O)c1ccc2ccccc2c1.Cl,COc1ccc2c(c1)c(-c1[nH]c(N)nc1C)cn2S(=O)(=O)c1ccc2ccccc2c1,432.50500000000017,4.320820000000002,103.0,2,5,4,5,0.0869565217391304,0.38235294117647056,0,weak_binder
CHEMBL593395,10000.0,10000.0,10000.0,10000.0,1,COc1ccc2c(c1)CCN1CCc3ccccc3C21,COc1ccc2c(c1)CCN1CCc3ccccc3C21,265.35599999999994,3.198800000000002,12.47,0,2,1,4,0.3333333333333333,0.46808510638297873,0,weak_binder
CHEMBL5820626,2200.0,2200.0,2200.0,2200.0,1,Cn1c(C(=O)N[C@H]2CC[C@](F)(CCN3CCc4nc(OCCC(F)(F)F)sc4CC3)CC2)cccc1=O,Cn1c(C(=O)N[C@H]2CC[C@](F)(CCN3CCc4nc(OCCC(F)(F)F)sc4CC3)CC2)cccc1=O,544.6150000000002,4.044600000000003,76.46000000000001,1,6,8,4,0.64,0.45263157894736844,0,weak_binder
CHEMBL24077,6500.0,6906.666666666667,4670.0,9550.0,3,Oc1cc2c(cc1O)[C@@H](c1ccccc1)CNCC2,Oc1cc2c(cc1O)[C@@H](c1ccccc1)CNCC2,255.317,2.3754,52.49,3,3,1,3,0.25,0.44,0,weak_binder
CHEMBL217281,5000.0,5000.0,5000.0,5000.0,1,COc1cccc(CCc2ccccc2OCc2cccnc2)c1,COc1cccc(CCc2ccccc2OCc2cccnc2)c1,319.404,4.454400000000003,31.35,0,3,7,3,0.1904761904761904,0.2698412698412698,0,weak_binder
CHEMBL4520580,1592.0,1592.0,1592.0,1592.0,1,O=S(=O)(c1ccccc1)N1Cc2cccc(N3CCN(C4CCC4)CC3)c2C1,O=S(=O)(c1ccccc1)N1Cc2cccc(N3CCN(C4CCC4)CC3)c2C1,397.5440000000003,3.0656000000000017,43.86000000000001,0,4,4,5,0.4545454545454545,0.4,0,weak_binder
CHEMBL3642720,1044.0,1044.0,1044.0,1044.0,1,O=C(N[C@H]1CC[C@H](CCN2CCN(c3nccc4c3CCO4)CC2)CC1)C1CCCO1,O=C(N[C@H]1CC[C@H](CCN2CCN(c3nccc4c3CCO4)CC2)CC1)C1CCCO1,428.57700000000045,2.382599999999999,66.93,1,6,6,5,0.75,0.47435897435897434,0,weak_binder
CHEMBL3966484,15848.93,15848.93,15848.93,15848.93,1,CN[C@H]1c2c(ccc3c2ccn3S(=O)(=O)c2ccccc2)[C@@H]1CCO,CN[C@H]1c2c(ccc3c2ccn3S(=O)(=O)c2ccccc2)[C@@H]1CCO,356.4470000000001,2.6184000000000016,71.33,2,4,5,4,0.2631578947368421,0.3333333333333333,0,weak_binder
CHEMBL123488,2192.0,2192.0,2192.0,2192.0,1,O=C(O)CC(O)C(=O)O.O=C1c2ccccc2CCC12CCN(Cc1ccc(C(F)(F)F)cc1)CC2,O=C1c2ccccc2CCC12CCN(Cc1ccc(C(F)(F)F)cc1)CC2,373.418,5.116700000000005,20.31,0,2,2,4,0.4090909090909091,0.39344262295081966,0,weak_binder
CHEMBL5723023,10000.0,10000.0,10000.0,10000.0,1,NC(=O)[C@H](Cc1ccccc1)NCc1cc(=O)c2cc(F)ccc2[nH]1,NC(=O)[C@H](Cc1ccccc1)NCc1cc(=O)c2cc(F)ccc2[nH]1,339.37,1.8533999999999995,87.97999999999999,3,3,6,3,0.1578947368421052,0.2413793103448276,0,weak_binder
CHEMBL5893297,1619.0,1619.0,1619.0,1619.0,1,CCc1cc(Cl)c(OC)c(N2CCN(CCC(O)CCNC(=O)c3cc4ccccc4o3)CC2)c1,CCc1cc(Cl)c(OC)c(N2CCN(CCC(O)CCNC(=O)c3cc4ccccc4o3)CC2)c1,500.0390000000002,4.350300000000003,78.17999999999999,2,6,10,4,0.4444444444444444,0.4634146341463415,0,weak_binder
CHEMBL355065,10000.0,10000.0,10000.0,10000.0,1,c1ccc(CN2CCO[C@@H]3c4cc5c(cc4CC[C@H]32)CCO5)cc1,c1ccc(CN2CCO[C@@H]3c4cc5c(cc4CC[C@H]32)CCO5)cc1,321.4200000000001,3.509800000000002,21.700000000000003,0,3,2,5,0.4285714285714285,0.29850746268656714,0,weak_binder
CHEMBL596802,10000.0,12014.2,7500.0,17550.0,5,CCCN1CCC(c2cccc(S(C)(=O)=O)c2)CC1,CCCN1CCC(c2cccc(S(C)(=O)=O)c2)CC1,281.42100000000005,2.679500000000001,37.38,0,3,4,2,0.6,0.4423076923076923,0,weak_binder
CHEMBL508112,1955.0,1955.0,1955.0,1955.0,1,c1ccc2sc(SSc3nc4ccccc4s3)nc2c1,c1ccc2sc(SSc3nc4ccccc4s3)nc2c1,332.50000000000006,5.705400000000002,25.78,0,6,3,4,0.0,0.3125,0,weak_binder
CHEMBL5744969,5558.0,5558.0,5558.0,5558.0,2,Cc1nc(N2CCN(CCCCNC(=O)N3CCc4[nH]c5ccc(Cl)cc5c4C3)CC2)cc(C(C)(C)C)n1,Cc1nc(N2CCN(CCCCNC(=O)N3CCc4[nH]c5ccc(Cl)cc5c4C3)CC2)cc(C(C)(C)C)n1,538.1400000000002,4.887320000000004,80.39,2,5,6,5,0.5517241379310345,0.3888888888888889,0,weak_binder
CHEMBL6003107,100000.0,100000.0,100000.0,100000.0,2,O=C(NCCCCN1CCN(c2cc(C(F)(F)F)nc3ccccc23)CC1)N1CCC(c2ccccc2)CC1,O=C(NCCCCN1CCN(c2cc(C(F)(F)F)nc3ccccc23)CC1)N1CCC(c2ccccc2)CC1,539.6460000000002,5.745000000000006,51.71000000000001,1,4,7,5,0.4666666666666667,0.4375,0,weak_binder
CHEMBL5816624,1800.0,1800.0,1800.0,1800.0,2,Cc1ncc(CC(=O)N[C@H]2CC[C@H](CCN3CCc4ccc(OC5CCOC5)nc4CC3)CC2)s1,Cc1ncc(CC(=O)N[C@H]2CC[C@H](CCN3CCc4ccc(OC5CCOC5)nc4CC3)CC2)s1,498.6930000000004,3.7226200000000023,76.58000000000001,1,7,8,5,0.6666666666666666,0.4421052631578947,0,weak_binder
CHEMBL169322,5011.87,5011.87,5011.87,5011.87,1,CC(C)CN1CCO[C@@H]2c3cc4c(cc3CC[C@H]21)CCO4,CC(C)CN1CCO[C@@H]2c3cc4c(cc3CC[C@H]21)CCO4,287.403,2.965600000000001,21.700000000000003,0,3,2,4,0.6666666666666666,0.29850746268656714,0,weak_binder
CHEMBL6044314,15488.0,15488.0,15488.0,15488.0,1,Cn1c(SCCCN2CCO[C@@H](c3ccc(C(F)(F)F)cc3)C2)nnc1-c1ccc(-c2ncco2)cc1,Cn1c(SCCCN2CCO[C@@H](c3ccc(C(F)(F)F)cc3)C2)nnc1-c1ccc(-c2ncco2)cc1,529.5880000000002,5.711600000000005,69.21000000000001,0,7,8,5,0.3461538461538461,0.4942528735632184,0,weak_binder
CHEMBL6065863,1260.0,1260.0,1260.0,1260.0,2,O=C(NCCCCN1CCN(c2ccc3ccccc3n2)CC1)c1cn2cccnc2n1,O=C(NCCCCN1CCN(c2ccc3ccccc3n2)CC1)c1cn2cccnc2n1,429.52800000000025,2.6097,78.66000000000001,1,6,7,5,0.3333333333333333,0.4657534246575342,0,weak_binder
CHEMBL5797348,7249.0,7249.0,7249.0,7249.0,2,O=C(NCCCCN1CCN(c2cc(C(F)(F)F)nc3ccccc23)CC1)N1CCN(c2ccccc2)CC1,O=C(NCCCCN1CCN(c2cc(C(F)(F)F)nc3ccccc23)CC1)N1CCN(c2ccccc2)CC1,540.6340000000002,4.687600000000004,54.95000000000001,1,5,7,5,0.4482758620689655,0.4722222222222222,0,weak_binder
CHEMBL5753002,10000.0,10000.0,10000.0,10000.0,2,O=C1c2ncccc2CCN1CCN1CCC(c2noc3c(F)cccc23)CC1,O=C1c2ncccc2CCN1CCN1CCC(c2noc3c(F)cccc23)CC1,394.4500000000001,3.2398000000000016,62.470000000000006,0,5,4,5,0.4090909090909091,0.44871794871794873,0,weak_binder
CHEMBL91362,41000.0,41000.0,37000.0,45000.0,2,CCOC(=O)c1cnn2cccc(CN3CCN(c4ccc(Cl)cc4)CC3)c12,CCOC(=O)c1cnn2cccc(CN3CCN(c4ccc(Cl)cc4)CC3)c12,398.8940000000002,3.486600000000003,50.08,0,5,5,4,0.3333333333333333,0.3333333333333333,0,weak_binder
CHEMBL89921,1170.0,1170.0,1170.0,1170.0,2,Cc1ccc2c3c(c(=O)oc2c1)CN(Cc1ccc(Cl)cc1)CC3,Cc1ccc2c3c(c(=O)oc2c1)CN(Cc1ccc(Cl)cc1)CC3,339.8220000000001,4.313120000000003,33.45,0,3,2,4,0.25,0.29850746268656714,0,weak_binder
CHEMBL5806186,1743.0,1743.0,1743.0,1743.0,2,O=c1c2ncccc2ccn1CCN1CCN(c2noc3ccccc23)CC1,O=c1c2ncccc2ccn1CCN1CCN(c2noc3ccccc23)CC1,375.4320000000002,2.359900000000001,67.4,0,6,4,5,0.2857142857142857,0.4594594594594595,0,weak_binder
CHEMBL4469847,10000.0,10000.0,10000.0,10000.0,2,CCn1cncc1-c1c[nH]c2ccc(C(N)=O)cc12,CCn1cncc1-c1c[nH]c2ccc(C(N)=O)cc12,254.293,2.1502,76.69999999999999,2,2,3,3,0.1428571428571428,0.2823529411764706,0,weak_binder
CHEMBL27101,2200.0,2200.0,2200.0,2200.0,1,Oc1cc2c(cc1O)[C@H]1c3ccc(F)nc3CN[C@@H]1CC2,Oc1cc2c(cc1O)[C@H]1c3ccc(F)nc3CN[C@@H]1CC2,286.30600000000004,2.1818,65.38,3,4,0,4,0.3125,0.2261904761904762,0,weak_binder
CHEMBL4473083,1234.0,1234.0,1234.0,1234.0,1,CN1CCN(c2nc(N)nc(COc3ccc(Cl)cc3Cl)n2)CC1,CN1CCN(c2nc(N)nc(COc3ccc(Cl)cc3Cl)n2)CC1,369.25600000000014,2.0913999999999997,80.4,1,7,4,3,0.4,0.3150684931506849,0,weak_binder
CHEMBL4555115,10000.0,10000.0,10000.0,10000.0,1,CCn1cncc1-c1c[nH]c2ccc(F)c(F)c12,CCn1cncc1-c1c[nH]c2ccc(F)c(F)c12,247.24799999999996,3.329500000000002,33.61,1,1,2,3,0.1538461538461538,0.2077922077922078,0,weak_binder
CHEMBL4517552,10000.0,10000.0,10000.0,10000.0,1,CCn1cncc1-c1c[nH]c2ccc(S(N)(=O)=O)cc12,CCn1cncc1-c1c[nH]c2ccc(S(N)(=O)=O)cc12,290.348,1.6987,93.76999999999998,2,3,3,3,0.1538461538461538,0.27848101265822783,0,weak_binder
CHEMBL4585956,10000.0,10000.0,10000.0,10000.0,1,Cn1cncc1-c1c[nH]c2ccc(Br)c(F)c12,Cn1cncc1-c1c[nH]c2ccc(Br)c(F)c12,294.127,3.4700000000000015,33.61,1,1,1,3,0.0833333333333333,0.22413793103448276,0,weak_binder
CHEMBL240022,11000.0,11000.0,11000.0,11000.0,1,COc1cc2c(cc1OC)CN(/C=N/c1ccc3c(c1)C(OC(C)=O)CCC3)CC2,COc1cc2c(cc1OC)CN(/C=N/c1ccc3c(c1)C(OC(C)=O)CCC3)CC2,408.4980000000003,4.362400000000004,60.36000000000001,0,5,5,4,0.4166666666666667,0.2714285714285714,0,weak_binder
CHEMBL4164695,6787.0,6787.0,6787.0,6787.0,1,COc1ccc(-c2nc(CN(C)C[C@@H]3Cc4ccccc4O3)c(C)o2)cc1C,COc1ccc(-c2nc(CN(C)C[C@@H]3Cc4ccccc4O3)c(C)o2)cc1C,378.47200000000015,4.402540000000004,47.73,0,5,6,4,0.3478260869565217,0.25882352941176473,0,weak_binder
CHEMBL5094044,100000.0,100000.0,100000.0,100000.0,1,CN(C)CCC(C(=O)N(C)C)(c1ccccc1)c1ccccc1,CN(C)CCC(C(=O)N(C)C)(c1ccccc1)c1ccccc1,310.44100000000003,3.0126000000000017,23.550000000000004,0,2,6,2,0.35,0.38095238095238093,0,weak_binder
CHEMBL3780438,10000.0,10000.0,10000.0,10000.0,1,COc1cc(CCN(C)Cc2cccc(O)c2OC)ccc1O,COc1cc(CCN(C)Cc2cccc(O)c2OC)ccc1O,317.38500000000005,2.7895000000000016,62.16000000000001,2,5,7,2,0.3333333333333333,0.34782608695652173,0,weak_binder
